InvoiceID,CustomerID,EmployeeID,GasStationID,IssueDate,TotalAmount,PaymentMethod
1,215,54,1,2024-03-15 00:00:00,189694.4,Cash
2,38,31,3,2024-03-15 00:00:00,769091.1,Cash
3,871,46,4,2024-03-15 00:00:00,128678.6,Cash
4,895,139,4,2024-03-15 00:00:00,59571.4,Credit Card
5,830,69,4,2024-03-15 00:00:00,91637.1,Credit Card
6,948,472,5,2024-03-15 00:00:00,90357.2,Cash
7,348,275,6,2024-03-15 00:00:00,652425.4,Cash
8,333,11,8,2024-03-15 00:00:00,124016.5,Credit Card
9,298,382,8,2024-03-15 00:00:00,113328.0,Credit Card
10,720,147,9,2024-03-15 00:00:00,171937.0,Credit Card
11,531,147,9,2024-03-15 00:00:00,907206.3,Credit Card
301,869,295,2,2024-03-15 01:00:00,196425.50000000003,Credit Card
302,242,448,2,2024-03-15 01:00:00,707444.4,Credit Card
303,328,31,3,2024-03-15 01:00:00,126693.0,Credit Card
304,453,216,3,2024-03-15 01:00:00,129089.69999999998,Credit Card
305,299,69,4,2024-03-15 01:00:00,990883.0,Cash
306,341,69,4,2024-03-15 01:00:00,82564.20000000001,Credit Card
307,243,221,5,2024-03-15 01:00:00,183440.7,Cash
308,872,190,5,2024-03-15 01:00:00,904542.4,Credit Card
309,220,161,6,2024-03-15 01:00:00,573029.3,Credit Card
310,678,147,9,2024-03-15 01:00:00,183428.8,Credit Card
311,592,194,10,2024-03-15 01:00:00,893547.5,Cash
312,811,26,10,2024-03-15 01:00:00,122549.0,Cash
313,919,26,10,2024-03-15 01:00:00,1007145.5,Credit Card
602,746,54,1,2024-03-15 02:00:00,193037.1,Cash
603,105,54,1,2024-03-15 02:00:00,541934.6,Credit Card
604,72,54,1,2024-03-15 02:00:00,170082.90000000002,Credit Card
605,397,448,2,2024-03-15 02:00:00,122317.2,Credit Card
606,160,31,3,2024-03-15 02:00:00,129961.0,Cash
607,989,69,4,2024-03-15 02:00:00,164362.8,Credit Card
608,524,69,4,2024-03-15 02:00:00,998451.2,Credit Card
609,100,472,5,2024-03-15 02:00:00,169531.80000000002,Cash
610,127,146,5,2024-03-15 02:00:00,145960.5,Cash
611,122,382,8,2024-03-15 02:00:00,162795.9,Cash
612,122,193,8,2024-03-15 02:00:00,175400.2,Cash
613,977,186,9,2024-03-15 02:00:00,686950.8999999999,Credit Card
614,363,186,9,2024-03-15 02:00:00,602288.8,Cash
615,24,194,10,2024-03-15 02:00:00,122479.9,Credit Card
871,185,295,2,2024-03-15 03:00:00,129962.1,Cash
872,227,295,2,2024-03-15 03:00:00,377725.9,Cash
873,441,345,2,2024-03-15 03:00:00,782321.2,Cash
874,129,376,3,2024-03-15 03:00:00,507063.9,Credit Card
875,910,258,3,2024-03-15 03:00:00,136649.3,Credit Card
876,545,258,3,2024-03-15 03:00:00,639675.7000000001,Credit Card
877,816,221,5,2024-03-15 03:00:00,145613.59999999998,Credit Card
878,443,146,5,2024-03-15 03:00:00,183046.9,Credit Card
879,456,275,6,2024-03-15 03:00:00,951311.3,Credit Card
880,635,58,6,2024-03-15 03:00:00,131444.19999999998,Credit Card
881,922,111,6,2024-03-15 03:00:00,850481.9,Credit Card
882,904,186,9,2024-03-15 03:00:00,497682.7,Cash
883,350,26,10,2024-03-15 03:00:00,433731.8,Cash
884,662,26,10,2024-03-15 03:00:00,573102.2000000001,Cash
885,825,194,10,2024-03-15 03:00:00,108082.5,Credit Card
1185,478,54,1,2024-03-15 04:00:00,96931.3,Cash
1186,862,257,2,2024-03-15 04:00:00,491336.0,Credit Card
1187,231,345,2,2024-03-15 04:00:00,170910.2,Credit Card
1188,664,480,4,2024-03-15 04:00:00,611878.8999999999,Credit Card
1189,815,139,4,2024-03-15 04:00:00,333518.9,Credit Card
1190,810,8,5,2024-03-15 04:00:00,831166.7,Credit Card
1191,51,146,5,2024-03-15 04:00:00,159612.5,Cash
1192,651,8,5,2024-03-15 04:00:00,623983.7,Credit Card
1193,864,205,6,2024-03-15 04:00:00,150307.8,Cash
1194,226,111,6,2024-03-15 04:00:00,156431.2,Cash
1195,838,58,6,2024-03-15 04:00:00,119567.1,Credit Card
1196,509,13,7,2024-03-15 04:00:00,1115621.7,Credit Card
1197,835,343,7,2024-03-15 04:00:00,114675.0,Cash
1198,905,251,7,2024-03-15 04:00:00,647894.7,Credit Card
1199,208,322,8,2024-03-15 04:00:00,1309713.4,Cash
1200,977,157,8,2024-03-15 04:00:00,994521.3,Cash
1201,619,147,9,2024-03-15 04:00:00,189965.0,Cash
1202,281,147,9,2024-03-15 04:00:00,683328.2,Cash
1203,525,26,10,2024-03-15 04:00:00,142278.3,Cash
1204,969,194,10,2024-03-15 04:00:00,786370.8999999999,Credit Card
1205,629,194,10,2024-03-15 04:00:00,221346.1,Credit Card
1486,684,305,1,2024-03-15 05:00:00,156465.0,Credit Card
1487,570,54,1,2024-03-15 05:00:00,948402.1,Credit Card
1488,275,54,1,2024-03-15 05:00:00,658873.3999999999,Credit Card
1489,82,345,2,2024-03-15 05:00:00,602146.3,Credit Card
1490,121,258,3,2024-03-15 05:00:00,196255.5,Cash
1491,600,216,3,2024-03-15 05:00:00,707652.3,Credit Card
1492,872,376,3,2024-03-15 05:00:00,434495.1000000001,Cash
1493,602,58,6,2024-03-15 05:00:00,613962.1000000001,Cash
1494,455,275,6,2024-03-15 05:00:00,351794.4,Cash
1495,629,378,7,2024-03-15 05:00:00,88092.0,Cash
1496,47,382,8,2024-03-15 05:00:00,157098.9,Cash
1497,501,112,8,2024-03-15 05:00:00,740550.7,Credit Card
1498,411,332,8,2024-03-15 05:00:00,147939.6,Cash
1499,746,186,9,2024-03-15 05:00:00,188078.8,Credit Card
1500,579,186,9,2024-03-15 05:00:00,198077.3,Cash
1501,168,26,10,2024-03-15 05:00:00,727412.7000000001,Credit Card
1502,511,194,10,2024-03-15 05:00:00,74573.30000000002,Credit Card
1781,659,305,1,2024-03-15 06:00:00,708532.8,Credit Card
1782,15,305,1,2024-03-15 06:00:00,135776.0,Cash
1783,508,305,1,2024-03-15 06:00:00,830557.3,Credit Card
1784,546,305,1,2024-03-15 06:00:00,886651.7,Credit Card
1785,944,305,1,2024-03-15 06:00:00,128428.4,Credit Card
1786,928,305,1,2024-03-15 06:00:00,190826.2,Cash
1787,870,305,1,2024-03-15 06:00:00,192075.6,Credit Card
1788,372,305,1,2024-03-15 06:00:00,171368.40000000002,Cash
1789,698,305,1,2024-03-15 06:00:00,731202.9000000001,Credit Card
1790,553,54,1,2024-03-15 06:00:00,722085.8999999999,Cash
1791,384,305,1,2024-03-15 06:00:00,158383.3,Cash
1792,640,54,1,2024-03-15 06:00:00,680218.2,Cash
1793,631,295,2,2024-03-15 06:00:00,781900.2999999999,Credit Card
1794,379,302,2,2024-03-15 06:00:00,112481.4,Cash
1795,603,302,2,2024-03-15 06:00:00,1055350.6,Cash
1796,673,257,2,2024-03-15 06:00:00,636708.5,Cash
1797,145,91,2,2024-03-15 06:00:00,173215.8,Cash
1798,276,31,3,2024-03-15 06:00:00,152516.9,Credit Card
1799,940,258,3,2024-03-15 06:00:00,109580.5,Credit Card
1800,200,299,3,2024-03-15 06:00:00,429102.8000000001,Cash
1801,756,31,3,2024-03-15 06:00:00,130861.9,Credit Card
1802,267,299,3,2024-03-15 06:00:00,911163.8,Cash
1803,433,31,3,2024-03-15 06:00:00,804235.0,Credit Card
1804,815,258,3,2024-03-15 06:00:00,566172.6,Cash
1805,941,139,4,2024-03-15 06:00:00,116746.1,Cash
1806,948,139,4,2024-03-15 06:00:00,161933.80000000002,Credit Card
1807,173,46,4,2024-03-15 06:00:00,198902.60000000003,Cash
1808,803,69,4,2024-03-15 06:00:00,861173.2,Credit Card
1809,376,480,4,2024-03-15 06:00:00,183631.2,Credit Card
1810,81,139,4,2024-03-15 06:00:00,666330.9,Credit Card
1811,73,319,5,2024-03-15 06:00:00,149672.1,Credit Card
1812,361,8,5,2024-03-15 06:00:00,140570.7,Cash
1813,573,8,5,2024-03-15 06:00:00,113885.6,Cash
1814,892,146,5,2024-03-15 06:00:00,204410.2,Credit Card
1815,169,221,5,2024-03-15 06:00:00,608986.8999999999,Credit Card
1816,540,190,5,2024-03-15 06:00:00,125414.0,Cash
1817,685,190,5,2024-03-15 06:00:00,773666.5,Cash
1818,745,472,5,2024-03-15 06:00:00,527430.2,Credit Card
1819,226,8,5,2024-03-15 06:00:00,908187.0,Credit Card
1820,312,275,6,2024-03-15 06:00:00,926969.2,Cash
1821,302,297,6,2024-03-15 06:00:00,126568.9,Cash
1822,218,275,6,2024-03-15 06:00:00,174425.7,Credit Card
1823,469,275,6,2024-03-15 06:00:00,874259.3,Cash
1824,903,58,6,2024-03-15 06:00:00,681355.9,Credit Card
1825,632,343,7,2024-03-15 06:00:00,719894.8,Credit Card
1826,540,331,7,2024-03-15 06:00:00,113260.7,Cash
1827,888,262,7,2024-03-15 06:00:00,120661.0,Credit Card
1828,786,490,7,2024-03-15 06:00:00,113168.7,Cash
1829,617,13,7,2024-03-15 06:00:00,671468.2,Credit Card
1830,435,251,7,2024-03-15 06:00:00,133461.0,Cash
1831,674,378,7,2024-03-15 06:00:00,220530.9,Cash
1832,492,13,7,2024-03-15 06:00:00,205729.60000000003,Cash
1833,473,378,7,2024-03-15 06:00:00,86755.1,Cash
1834,48,490,7,2024-03-15 06:00:00,94041.2,Credit Card
1835,111,331,7,2024-03-15 06:00:00,118816.1,Cash
1836,368,331,7,2024-03-15 06:00:00,470672.0,Cash
1837,665,343,7,2024-03-15 06:00:00,128373.2,Credit Card
1838,566,322,8,2024-03-15 06:00:00,505386.79999999993,Cash
1839,894,157,8,2024-03-15 06:00:00,201191.8,Cash
1840,14,71,8,2024-03-15 06:00:00,167273.1,Cash
1841,969,382,8,2024-03-15 06:00:00,832885.2000000001,Cash
1842,936,11,8,2024-03-15 06:00:00,105639.8,Credit Card
1843,426,157,8,2024-03-15 06:00:00,64793.8,Cash
1844,229,147,9,2024-03-15 06:00:00,701493.0,Credit Card
1845,896,186,9,2024-03-15 06:00:00,396038.4,Credit Card
1846,549,186,9,2024-03-15 06:00:00,190535.4,Cash
1847,324,186,9,2024-03-15 06:00:00,54795.3,Credit Card
1848,720,147,9,2024-03-15 06:00:00,120698.7,Credit Card
1849,969,186,9,2024-03-15 06:00:00,551003.8,Credit Card
1850,967,147,9,2024-03-15 06:00:00,100544.4,Credit Card
1851,823,186,9,2024-03-15 06:00:00,755817.7,Cash
1852,164,186,9,2024-03-15 06:00:00,180996.0,Cash
1853,350,147,9,2024-03-15 06:00:00,680233.5,Cash
1854,889,186,9,2024-03-15 06:00:00,87804.1,Cash
1855,291,147,9,2024-03-15 06:00:00,144588.4,Cash
1856,204,147,9,2024-03-15 06:00:00,199037.0,Credit Card
1857,789,147,9,2024-03-15 06:00:00,188432.2,Cash
1858,622,186,9,2024-03-15 06:00:00,100084.4,Credit Card
1859,848,194,10,2024-03-15 06:00:00,433172.0,Credit Card
1860,629,194,10,2024-03-15 06:00:00,135850.5,Credit Card
1861,815,26,10,2024-03-15 06:00:00,654719.4,Cash
1862,970,26,10,2024-03-15 06:00:00,544476.4,Cash
1863,960,26,10,2024-03-15 06:00:00,146166.5,Cash
3741,510,54,1,2024-03-15 07:00:00,126981.8,Credit Card
3742,546,54,1,2024-03-15 07:00:00,580051.7000000001,Cash
3743,89,54,1,2024-03-15 07:00:00,731577.9000000001,Credit Card
3744,378,54,1,2024-03-15 07:00:00,290622.1,Cash
3745,436,305,1,2024-03-15 07:00:00,100622.5,Credit Card
3746,856,54,1,2024-03-15 07:00:00,723058.3,Credit Card
3747,122,91,2,2024-03-15 07:00:00,165028.09999999998,Credit Card
3748,27,302,2,2024-03-15 07:00:00,813913.7,Cash
3749,896,91,2,2024-03-15 07:00:00,502840.1,Credit Card
3750,811,202,2,2024-03-15 07:00:00,218496.6,Credit Card
3751,851,295,2,2024-03-15 07:00:00,223051.0,Cash
3752,412,31,3,2024-03-15 07:00:00,110106.7,Credit Card
3753,925,216,3,2024-03-15 07:00:00,949532.1,Credit Card
3754,760,376,3,2024-03-15 07:00:00,1051967.5,Cash
3755,932,31,3,2024-03-15 07:00:00,152698.90000000002,Cash
3756,86,216,3,2024-03-15 07:00:00,909659.7,Cash
3757,914,376,3,2024-03-15 07:00:00,578678.2,Credit Card
3758,800,299,3,2024-03-15 07:00:00,148652.5,Cash
3759,487,258,3,2024-03-15 07:00:00,978603.8,Cash
3760,347,376,3,2024-03-15 07:00:00,1048093.9,Credit Card
3761,809,299,3,2024-03-15 07:00:00,137621.6,Cash
3762,725,216,3,2024-03-15 07:00:00,837700.8,Credit Card
3763,61,258,3,2024-03-15 07:00:00,140808.8,Credit Card
3764,522,299,3,2024-03-15 07:00:00,703785.7,Credit Card
3765,729,216,3,2024-03-15 07:00:00,656045.8,Credit Card
3766,753,139,4,2024-03-15 07:00:00,854866.9,Cash
3767,754,139,4,2024-03-15 07:00:00,80978.0,Credit Card
3768,73,46,4,2024-03-15 07:00:00,108357.6,Credit Card
3769,384,46,4,2024-03-15 07:00:00,124007.3,Cash
3770,542,139,4,2024-03-15 07:00:00,663724.7000000001,Cash
3771,608,69,4,2024-03-15 07:00:00,1019363.5,Cash
3772,274,480,4,2024-03-15 07:00:00,911526.4,Credit Card
3773,480,221,5,2024-03-15 07:00:00,107989.6,Credit Card
3774,133,8,5,2024-03-15 07:00:00,680929.8999999999,Cash
3775,274,190,5,2024-03-15 07:00:00,1127314.4,Cash
3776,852,221,5,2024-03-15 07:00:00,68990.3,Cash
3777,449,8,5,2024-03-15 07:00:00,135357.3,Credit Card
3778,833,221,5,2024-03-15 07:00:00,1180731.7999999998,Credit Card
3779,656,472,5,2024-03-15 07:00:00,102085.5,Credit Card
3780,863,146,5,2024-03-15 07:00:00,883017.5,Credit Card
3781,672,221,5,2024-03-15 07:00:00,127028.69999999998,Cash
3782,921,221,5,2024-03-15 07:00:00,121886.4,Cash
3783,419,297,6,2024-03-15 07:00:00,688626.6,Credit Card
3784,145,161,6,2024-03-15 07:00:00,137636.40000000002,Cash
3785,515,205,6,2024-03-15 07:00:00,117359.8,Credit Card
3786,40,58,6,2024-03-15 07:00:00,556545.2,Cash
3787,873,481,6,2024-03-15 07:00:00,163635.1,Cash
3788,755,58,6,2024-03-15 07:00:00,521483.2,Credit Card
3789,471,58,6,2024-03-15 07:00:00,55291.2,Credit Card
3790,321,111,6,2024-03-15 07:00:00,190747.9,Cash
3791,670,161,6,2024-03-15 07:00:00,107569.1,Cash
3792,205,312,6,2024-03-15 07:00:00,911370.9,Cash
3793,839,58,6,2024-03-15 07:00:00,629337.2,Cash
3794,769,297,6,2024-03-15 07:00:00,131027.5,Credit Card
3795,48,275,6,2024-03-15 07:00:00,179509.2,Cash
3796,951,205,6,2024-03-15 07:00:00,943837.1,Cash
3797,766,205,6,2024-03-15 07:00:00,119530.1,Cash
3798,116,251,7,2024-03-15 07:00:00,134302.9,Credit Card
3799,53,331,7,2024-03-15 07:00:00,393977.1,Credit Card
3800,679,262,7,2024-03-15 07:00:00,153068.0,Cash
3801,185,13,7,2024-03-15 07:00:00,69237.79999999999,Cash
3802,410,13,7,2024-03-15 07:00:00,1131268.5,Credit Card
3803,305,262,7,2024-03-15 07:00:00,75757.40000000001,Credit Card
3804,978,343,7,2024-03-15 07:00:00,133049.69999999998,Credit Card
3805,127,378,7,2024-03-15 07:00:00,111927.6,Cash
3806,674,378,7,2024-03-15 07:00:00,134105.2,Cash
3807,295,331,7,2024-03-15 07:00:00,133664.5,Cash
3808,822,490,7,2024-03-15 07:00:00,140728.9,Credit Card
3809,681,251,7,2024-03-15 07:00:00,166816.7,Cash
3810,392,378,7,2024-03-15 07:00:00,161384.5,Cash
3811,523,382,8,2024-03-15 07:00:00,152505.7,Credit Card
3812,813,112,8,2024-03-15 07:00:00,442131.2,Credit Card
3813,678,157,8,2024-03-15 07:00:00,136022.59999999998,Credit Card
3814,835,332,8,2024-03-15 07:00:00,128145.7,Credit Card
3815,76,322,8,2024-03-15 07:00:00,1062558.7999999998,Cash
3816,395,193,8,2024-03-15 07:00:00,754847.3,Cash
3817,921,382,8,2024-03-15 07:00:00,141635.2,Cash
3818,265,112,8,2024-03-15 07:00:00,362160.6000000001,Cash
3819,113,71,8,2024-03-15 07:00:00,332768.5,Cash
3820,699,147,9,2024-03-15 07:00:00,746009.3,Credit Card
3821,68,147,9,2024-03-15 07:00:00,68807.2,Credit Card
3822,931,186,9,2024-03-15 07:00:00,91264.4,Cash
3823,706,186,9,2024-03-15 07:00:00,76866.1,Cash
3824,249,147,9,2024-03-15 07:00:00,191266.0,Credit Card
3825,233,186,9,2024-03-15 07:00:00,378718.0,Credit Card
3826,286,147,9,2024-03-15 07:00:00,175947.5,Credit Card
3827,456,186,9,2024-03-15 07:00:00,338286.30000000005,Credit Card
3828,697,26,10,2024-03-15 07:00:00,215637.0,Cash
3829,166,26,10,2024-03-15 07:00:00,193423.5,Cash
3830,984,194,10,2024-03-15 07:00:00,649402.2999999999,Cash
3831,411,26,10,2024-03-15 07:00:00,114822.2,Cash
3832,779,194,10,2024-03-15 07:00:00,694015.2000000001,Cash
3833,48,26,10,2024-03-15 07:00:00,207928.6,Credit Card
3834,461,26,10,2024-03-15 07:00:00,149809.90000000002,Credit Card
3835,418,26,10,2024-03-15 07:00:00,773373.7,Credit Card
3836,561,194,10,2024-03-15 07:00:00,923062.0,Credit Card
3837,982,194,10,2024-03-15 07:00:00,701513.1000000001,Cash
3838,766,26,10,2024-03-15 07:00:00,75022.3,Cash
3839,455,194,10,2024-03-15 07:00:00,485083.0,Credit Card
3840,913,26,10,2024-03-15 07:00:00,885354.6,Credit Card
5760,84,305,1,2024-03-15 08:00:00,171526.6,Credit Card
5761,467,54,1,2024-03-15 08:00:00,804495.1,Cash
5762,698,54,1,2024-03-15 08:00:00,649540.7,Credit Card
5763,661,54,1,2024-03-15 08:00:00,875360.6000000001,Credit Card
5764,680,54,1,2024-03-15 08:00:00,1239951.6,Credit Card
5765,198,305,1,2024-03-15 08:00:00,786769.0,Credit Card
5766,178,54,1,2024-03-15 08:00:00,882594.6000000001,Cash
5767,200,305,1,2024-03-15 08:00:00,300063.1,Cash
5768,417,302,2,2024-03-15 08:00:00,92025.3,Cash
5769,945,257,2,2024-03-15 08:00:00,529485.7,Cash
5770,181,257,2,2024-03-15 08:00:00,380652.7,Credit Card
5771,244,295,2,2024-03-15 08:00:00,139889.7,Cash
5772,894,295,2,2024-03-15 08:00:00,149662.90000000002,Credit Card
5773,419,345,2,2024-03-15 08:00:00,474017.6,Cash
5774,978,345,2,2024-03-15 08:00:00,153924.7,Credit Card
5775,288,202,2,2024-03-15 08:00:00,83646.2,Credit Card
5776,904,91,2,2024-03-15 08:00:00,1007549.6,Credit Card
5777,160,448,2,2024-03-15 08:00:00,93204.9,Cash
5778,843,295,2,2024-03-15 08:00:00,429427.8,Cash
5779,171,216,3,2024-03-15 08:00:00,561087.3,Credit Card
5780,85,216,3,2024-03-15 08:00:00,907671.3,Credit Card
5781,221,376,3,2024-03-15 08:00:00,764941.5,Cash
5782,967,31,3,2024-03-15 08:00:00,189079.8,Cash
5783,306,376,3,2024-03-15 08:00:00,131222.5,Cash
5784,862,299,3,2024-03-15 08:00:00,772339.4,Cash
5785,911,258,3,2024-03-15 08:00:00,144514.09999999998,Credit Card
5786,721,258,3,2024-03-15 08:00:00,138656.90000000002,Credit Card
5787,628,376,3,2024-03-15 08:00:00,174715.59999999998,Credit Card
5788,81,216,3,2024-03-15 08:00:00,675708.4,Cash
5789,85,376,3,2024-03-15 08:00:00,673173.1,Cash
5790,994,299,3,2024-03-15 08:00:00,682917.8,Credit Card
5791,667,258,3,2024-03-15 08:00:00,128540.6,Cash
5792,627,69,4,2024-03-15 08:00:00,654079.2999999999,Credit Card
5793,355,480,4,2024-03-15 08:00:00,759465.8,Credit Card
5794,936,480,4,2024-03-15 08:00:00,182798.5,Credit Card
5795,116,139,4,2024-03-15 08:00:00,111728.8,Credit Card
5796,792,69,4,2024-03-15 08:00:00,620049.6,Cash
5797,717,46,4,2024-03-15 08:00:00,922721.2,Cash
5798,897,139,4,2024-03-15 08:00:00,547512.3,Credit Card
5799,670,139,4,2024-03-15 08:00:00,141951.59999999998,Credit Card
5800,342,69,4,2024-03-15 08:00:00,78641.9,Cash
5801,760,69,4,2024-03-15 08:00:00,729007.2999999999,Cash
5802,8,480,4,2024-03-15 08:00:00,780493.9000000001,Cash
5803,50,69,4,2024-03-15 08:00:00,143668.4,Credit Card
5804,940,139,4,2024-03-15 08:00:00,133654.4,Credit Card
5805,283,480,4,2024-03-15 08:00:00,695895.4,Cash
5806,184,221,5,2024-03-15 08:00:00,577166.1,Cash
5807,350,190,5,2024-03-15 08:00:00,566014.5,Cash
5808,197,146,5,2024-03-15 08:00:00,449907.5,Cash
5809,29,190,5,2024-03-15 08:00:00,595847.4,Credit Card
5810,730,472,5,2024-03-15 08:00:00,127881.80000000002,Credit Card
5811,169,146,5,2024-03-15 08:00:00,579638.5,Cash
5812,948,319,5,2024-03-15 08:00:00,196576.60000000003,Cash
5813,973,221,5,2024-03-15 08:00:00,125708.4,Cash
5814,679,221,5,2024-03-15 08:00:00,103102.2,Cash
5815,874,190,5,2024-03-15 08:00:00,213546.6,Credit Card
5816,264,190,5,2024-03-15 08:00:00,127350.0,Credit Card
5817,843,190,5,2024-03-15 08:00:00,860555.3,Credit Card
5818,230,297,6,2024-03-15 08:00:00,158210.3,Credit Card
5819,159,312,6,2024-03-15 08:00:00,159147.80000000002,Cash
5820,286,161,6,2024-03-15 08:00:00,155895.5,Cash
5821,126,111,6,2024-03-15 08:00:00,103471.1,Credit Card
5822,948,58,6,2024-03-15 08:00:00,222812.7,Cash
5823,199,275,6,2024-03-15 08:00:00,102966.9,Cash
5824,780,481,6,2024-03-15 08:00:00,142754.69999999998,Cash
5825,270,111,6,2024-03-15 08:00:00,131239.1,Cash
5826,255,481,6,2024-03-15 08:00:00,89623.0,Cash
5827,861,205,6,2024-03-15 08:00:00,76023.3,Credit Card
5828,534,297,6,2024-03-15 08:00:00,993227.1,Credit Card
5829,610,205,6,2024-03-15 08:00:00,215142.0,Credit Card
5830,333,205,6,2024-03-15 08:00:00,106038.1,Credit Card
5831,425,111,6,2024-03-15 08:00:00,142784.3,Credit Card
5832,114,343,7,2024-03-15 08:00:00,952043.2,Cash
5833,335,13,7,2024-03-15 08:00:00,166757.0,Credit Card
5834,280,378,7,2024-03-15 08:00:00,754264.5,Cash
5835,664,490,7,2024-03-15 08:00:00,549490.7999999999,Credit Card
5836,115,331,7,2024-03-15 08:00:00,978349.4,Cash
5837,257,251,7,2024-03-15 08:00:00,268346.30000000005,Cash
5838,279,343,7,2024-03-15 08:00:00,155382.1,Credit Card
5839,827,382,8,2024-03-15 08:00:00,117060.7,Credit Card
5840,586,332,8,2024-03-15 08:00:00,67204.4,Credit Card
5841,808,157,8,2024-03-15 08:00:00,899093.0999999999,Cash
5842,30,322,8,2024-03-15 08:00:00,178402.3,Credit Card
5843,502,71,8,2024-03-15 08:00:00,1099053.2,Cash
5844,210,157,8,2024-03-15 08:00:00,208285.6,Cash
5845,512,193,8,2024-03-15 08:00:00,60779.5,Cash
5846,748,193,8,2024-03-15 08:00:00,530362.8,Cash
5847,623,382,8,2024-03-15 08:00:00,223984.9,Credit Card
5848,31,193,8,2024-03-15 08:00:00,127134.6,Cash
5849,528,112,8,2024-03-15 08:00:00,529213.6,Cash
5850,970,157,8,2024-03-15 08:00:00,321192.6,Credit Card
5851,137,322,8,2024-03-15 08:00:00,149377.5,Credit Card
5852,150,157,8,2024-03-15 08:00:00,60725.2,Credit Card
5853,461,147,9,2024-03-15 08:00:00,93733.1,Credit Card
5854,637,186,9,2024-03-15 08:00:00,662268.1000000001,Credit Card
5855,800,186,9,2024-03-15 08:00:00,75946.1,Credit Card
5856,244,147,9,2024-03-15 08:00:00,116716.7,Credit Card
5857,117,147,9,2024-03-15 08:00:00,160129.69999999998,Credit Card
5858,408,186,9,2024-03-15 08:00:00,130152.59999999998,Cash
5859,50,147,9,2024-03-15 08:00:00,102350.5,Cash
5860,883,186,9,2024-03-15 08:00:00,150217.59999999998,Credit Card
5861,815,26,10,2024-03-15 08:00:00,314020.8,Cash
5862,416,194,10,2024-03-15 08:00:00,87787.5,Cash
5863,422,194,10,2024-03-15 08:00:00,52101.3,Cash
5864,419,194,10,2024-03-15 08:00:00,990812.0,Cash
5865,93,194,10,2024-03-15 08:00:00,50735.90000000001,Credit Card
5866,256,26,10,2024-03-15 08:00:00,109136.9,Credit Card
5867,275,194,10,2024-03-15 08:00:00,761403.4,Cash
5868,770,26,10,2024-03-15 08:00:00,144681.5,Cash
7746,776,305,1,2024-03-15 09:00:00,93519.5,Credit Card
7747,506,305,1,2024-03-15 09:00:00,634038.2999999999,Credit Card
7748,176,305,1,2024-03-15 09:00:00,92022.6,Credit Card
7749,896,305,1,2024-03-15 09:00:00,677346.3,Cash
7750,599,54,1,2024-03-15 09:00:00,87093.7,Credit Card
7751,188,54,1,2024-03-15 09:00:00,1029140.7,Cash
7752,639,91,2,2024-03-15 09:00:00,104204.4,Cash
7753,620,302,2,2024-03-15 09:00:00,197570.4,Cash
7754,153,91,2,2024-03-15 09:00:00,332541.4,Cash
7755,660,216,3,2024-03-15 09:00:00,569612.2,Cash
7756,569,216,3,2024-03-15 09:00:00,951629.5,Cash
7757,416,299,3,2024-03-15 09:00:00,190312.8,Cash
7758,127,31,3,2024-03-15 09:00:00,120997.8,Credit Card
7759,875,258,3,2024-03-15 09:00:00,967611.4,Cash
7760,394,299,3,2024-03-15 09:00:00,226203.2,Credit Card
7761,351,376,3,2024-03-15 09:00:00,177916.5,Cash
7762,234,31,3,2024-03-15 09:00:00,180739.3,Credit Card
7763,303,69,4,2024-03-15 09:00:00,80714.8,Credit Card
7764,253,139,4,2024-03-15 09:00:00,109808.7,Credit Card
7765,538,480,4,2024-03-15 09:00:00,840772.7000000001,Cash
7766,672,46,4,2024-03-15 09:00:00,112374.80000000002,Cash
7767,602,46,4,2024-03-15 09:00:00,526247.6000000001,Cash
7768,345,480,4,2024-03-15 09:00:00,763818.5,Credit Card
7769,891,46,4,2024-03-15 09:00:00,785012.8,Cash
7770,586,480,4,2024-03-15 09:00:00,120054.7,Credit Card
7771,517,69,4,2024-03-15 09:00:00,644642.3,Cash
7772,847,480,4,2024-03-15 09:00:00,299661.4,Cash
7773,232,221,5,2024-03-15 09:00:00,867628.8,Cash
7774,287,146,5,2024-03-15 09:00:00,605645.3,Cash
7775,642,319,5,2024-03-15 09:00:00,703176.9,Credit Card
7776,1,146,5,2024-03-15 09:00:00,969510.5,Cash
7777,786,58,6,2024-03-15 09:00:00,140217.3,Credit Card
7778,602,481,6,2024-03-15 09:00:00,526420.4,Credit Card
7779,91,275,6,2024-03-15 09:00:00,112469.5,Cash
7780,728,262,7,2024-03-15 09:00:00,211458.0,Cash
7781,158,251,7,2024-03-15 09:00:00,627416.6,Credit Card
7782,595,13,7,2024-03-15 09:00:00,105386.7,Credit Card
7783,463,251,7,2024-03-15 09:00:00,133249.4,Credit Card
7784,694,382,8,2024-03-15 09:00:00,115549.9,Credit Card
7785,504,157,8,2024-03-15 09:00:00,590152.1,Cash
7786,806,157,8,2024-03-15 09:00:00,197941.10000000003,Cash
7787,859,11,8,2024-03-15 09:00:00,129548.1,Credit Card
7788,302,193,8,2024-03-15 09:00:00,52321.2,Credit Card
7789,159,186,9,2024-03-15 09:00:00,107868.2,Credit Card
7790,503,186,9,2024-03-15 09:00:00,770860.3,Credit Card
7791,179,186,9,2024-03-15 09:00:00,93480.0,Cash
7792,29,186,9,2024-03-15 09:00:00,1027100.3,Cash
7793,526,147,9,2024-03-15 09:00:00,138895.0,Cash
7794,266,147,9,2024-03-15 09:00:00,906190.7,Cash
7795,920,147,9,2024-03-15 09:00:00,593506.2,Cash
7796,568,186,9,2024-03-15 09:00:00,560408.3,Cash
7797,476,26,10,2024-03-15 09:00:00,181032.8,Credit Card
7798,80,194,10,2024-03-15 09:00:00,124324.60000000002,Credit Card
7799,947,26,10,2024-03-15 09:00:00,678749.7999999999,Credit Card
7800,305,26,10,2024-03-15 09:00:00,75646.1,Credit Card
7801,193,26,10,2024-03-15 09:00:00,203448.7,Credit Card
7802,320,194,10,2024-03-15 09:00:00,191563.1,Credit Card
7803,562,194,10,2024-03-15 09:00:00,1119104.4,Cash
7804,42,194,10,2024-03-15 09:00:00,170978.2,Credit Card
9035,260,305,1,2024-03-15 10:00:00,775345.3999999999,Credit Card
9036,657,305,1,2024-03-15 10:00:00,77121.0,Cash
9037,125,305,1,2024-03-15 10:00:00,757168.9,Credit Card
9038,552,305,1,2024-03-15 10:00:00,608850.5,Credit Card
9039,539,54,1,2024-03-15 10:00:00,683447.5,Credit Card
9040,543,54,1,2024-03-15 10:00:00,754738.9,Cash
9041,328,305,1,2024-03-15 10:00:00,129078.7,Credit Card
9042,466,302,2,2024-03-15 10:00:00,834959.4,Credit Card
9043,872,295,2,2024-03-15 10:00:00,592650.2,Credit Card
9044,438,295,2,2024-03-15 10:00:00,134142.0,Credit Card
9045,205,257,2,2024-03-15 10:00:00,655554.9,Credit Card
9046,950,91,2,2024-03-15 10:00:00,218339.3,Cash
9047,934,345,2,2024-03-15 10:00:00,904517.4,Cash
9048,965,448,2,2024-03-15 10:00:00,141551.5,Cash
9049,448,376,3,2024-03-15 10:00:00,320368.5,Credit Card
9050,237,258,3,2024-03-15 10:00:00,143726.5,Cash
9051,593,216,3,2024-03-15 10:00:00,558223.5,Cash
9052,39,216,3,2024-03-15 10:00:00,959851.6,Credit Card
9053,268,139,4,2024-03-15 10:00:00,139168.3,Cash
9054,997,46,4,2024-03-15 10:00:00,1134725.9,Credit Card
9055,83,480,4,2024-03-15 10:00:00,672123.9,Cash
9056,657,69,4,2024-03-15 10:00:00,86165.4,Cash
9057,692,139,4,2024-03-15 10:00:00,210441.3,Credit Card
9058,323,480,4,2024-03-15 10:00:00,373911.6,Credit Card
9059,462,69,4,2024-03-15 10:00:00,655759.0,Cash
9060,558,480,4,2024-03-15 10:00:00,79936.40000000001,Cash
9061,818,139,4,2024-03-15 10:00:00,727981.1,Credit Card
9062,930,8,5,2024-03-15 10:00:00,908118.4,Credit Card
9063,117,319,5,2024-03-15 10:00:00,140571.4,Credit Card
9064,491,8,5,2024-03-15 10:00:00,72171.9,Credit Card
9065,852,190,5,2024-03-15 10:00:00,91593.8,Credit Card
9066,107,319,5,2024-03-15 10:00:00,97738.2,Cash
9067,829,275,6,2024-03-15 10:00:00,160875.8,Credit Card
9068,328,312,6,2024-03-15 10:00:00,126755.6,Credit Card
9069,71,58,6,2024-03-15 10:00:00,1117062.2,Cash
9070,140,111,6,2024-03-15 10:00:00,103420.6,Credit Card
9071,698,161,6,2024-03-15 10:00:00,598017.1,Credit Card
9072,986,275,6,2024-03-15 10:00:00,1091121.0,Credit Card
9073,257,481,6,2024-03-15 10:00:00,663682.7000000001,Cash
9074,71,111,6,2024-03-15 10:00:00,912390.8,Credit Card
9075,510,481,6,2024-03-15 10:00:00,148867.0,Credit Card
9076,699,343,7,2024-03-15 10:00:00,916167.2,Cash
9077,307,251,7,2024-03-15 10:00:00,91987.6,Credit Card
9078,767,251,7,2024-03-15 10:00:00,187161.5,Credit Card
9079,895,251,7,2024-03-15 10:00:00,153299.8,Cash
9080,700,343,7,2024-03-15 10:00:00,79274.9,Credit Card
9081,801,490,7,2024-03-15 10:00:00,777484.3,Cash
9082,130,251,7,2024-03-15 10:00:00,181489.2,Credit Card
9083,67,251,7,2024-03-15 10:00:00,154955.1,Cash
9084,450,378,7,2024-03-15 10:00:00,725024.7999999999,Cash
9085,980,193,8,2024-03-15 10:00:00,55024.4,Credit Card
9086,863,382,8,2024-03-15 10:00:00,330127.0,Cash
9087,492,193,8,2024-03-15 10:00:00,109094.7,Credit Card
9088,153,382,8,2024-03-15 10:00:00,757491.8999999999,Cash
9089,951,382,8,2024-03-15 10:00:00,871619.3,Credit Card
9090,132,71,8,2024-03-15 10:00:00,140784.1,Credit Card
9091,802,71,8,2024-03-15 10:00:00,155721.6,Cash
9092,960,186,9,2024-03-15 10:00:00,152797.4,Credit Card
9093,571,186,9,2024-03-15 10:00:00,1093637.3,Credit Card
9094,389,147,9,2024-03-15 10:00:00,100618.9,Cash
9095,304,186,9,2024-03-15 10:00:00,677646.1000000001,Credit Card
9096,306,186,9,2024-03-15 10:00:00,135022.5,Cash
9097,678,147,9,2024-03-15 10:00:00,62786.2,Credit Card
9098,944,147,9,2024-03-15 10:00:00,152459.0,Cash
9099,296,26,10,2024-03-15 10:00:00,159148.9,Credit Card
9100,149,26,10,2024-03-15 10:00:00,94989.9,Cash
9101,54,26,10,2024-03-15 10:00:00,80072.6,Cash
9102,733,26,10,2024-03-15 10:00:00,160269.5,Credit Card
9103,832,194,10,2024-03-15 10:00:00,134703.19999999998,Credit Card
9104,524,194,10,2024-03-15 10:00:00,633135.7000000001,Credit Card
9105,16,26,10,2024-03-15 10:00:00,159104.5,Credit Card
9106,960,26,10,2024-03-15 10:00:00,135143.9,Cash
9107,501,194,10,2024-03-15 10:00:00,464298.8000000001,Cash
10369,409,54,1,2024-03-15 11:00:00,96688.3,Credit Card
10370,207,305,1,2024-03-15 11:00:00,597720.5,Cash
10371,151,305,1,2024-03-15 11:00:00,78175.4,Cash
10372,506,305,1,2024-03-15 11:00:00,695809.2,Cash
10373,168,295,2,2024-03-15 11:00:00,495396.79999999993,Credit Card
10374,33,295,2,2024-03-15 11:00:00,128688.69999999998,Cash
10375,296,345,2,2024-03-15 11:00:00,162621.1,Cash
10376,670,257,2,2024-03-15 11:00:00,139318.4,Cash
10377,641,345,2,2024-03-15 11:00:00,706866.5,Cash
10378,791,257,2,2024-03-15 11:00:00,569544.7,Credit Card
10379,800,257,2,2024-03-15 11:00:00,143177.2,Cash
10380,377,345,2,2024-03-15 11:00:00,874603.1000000001,Credit Card
10381,129,257,2,2024-03-15 11:00:00,933481.2,Cash
10382,480,302,2,2024-03-15 11:00:00,145095.5,Credit Card
10383,399,299,3,2024-03-15 11:00:00,183679.9,Cash
10384,106,31,3,2024-03-15 11:00:00,146910.8,Cash
10385,225,376,3,2024-03-15 11:00:00,807057.8,Credit Card
10386,757,258,3,2024-03-15 11:00:00,108652.0,Credit Card
10387,688,376,3,2024-03-15 11:00:00,146869.5,Credit Card
10388,640,480,4,2024-03-15 11:00:00,581486.8,Credit Card
10389,801,46,4,2024-03-15 11:00:00,798290.2,Credit Card
10390,87,139,4,2024-03-15 11:00:00,98812.8,Credit Card
10391,854,480,4,2024-03-15 11:00:00,152330.9,Credit Card
10392,553,69,4,2024-03-15 11:00:00,328140.5,Cash
10393,805,480,4,2024-03-15 11:00:00,137213.2,Cash
10394,43,480,4,2024-03-15 11:00:00,927797.8,Credit Card
10395,539,139,4,2024-03-15 11:00:00,808575.7000000001,Cash
10396,961,221,5,2024-03-15 11:00:00,202293.1,Credit Card
10397,926,221,5,2024-03-15 11:00:00,125276.0,Cash
10398,713,319,5,2024-03-15 11:00:00,129501.2,Cash
10399,822,472,5,2024-03-15 11:00:00,191434.3,Cash
10400,880,221,5,2024-03-15 11:00:00,504684.6,Credit Card
10401,241,472,5,2024-03-15 11:00:00,183786.7,Cash
10402,884,221,5,2024-03-15 11:00:00,783383.3999999999,Cash
10403,1,221,5,2024-03-15 11:00:00,444831.5,Credit Card
10404,108,190,5,2024-03-15 11:00:00,176097.6,Cash
10405,700,190,5,2024-03-15 11:00:00,59066.3,Cash
10406,534,205,6,2024-03-15 11:00:00,483222.9,Credit Card
10407,498,481,6,2024-03-15 11:00:00,754722.8,Cash
10408,156,297,6,2024-03-15 11:00:00,595236.1,Credit Card
10409,432,481,6,2024-03-15 11:00:00,833024.1000000001,Credit Card
10410,580,312,6,2024-03-15 11:00:00,168526.30000000002,Cash
10411,843,275,6,2024-03-15 11:00:00,691643.2,Cash
10412,268,275,6,2024-03-15 11:00:00,139370.69999999998,Cash
10413,449,13,7,2024-03-15 11:00:00,149227.6,Cash
10414,557,331,7,2024-03-15 11:00:00,132515.4,Cash
10415,898,343,7,2024-03-15 11:00:00,671467.1,Credit Card
10416,91,490,7,2024-03-15 11:00:00,145658.69999999998,Credit Card
10417,857,322,8,2024-03-15 11:00:00,694939.8999999999,Cash
10418,450,112,8,2024-03-15 11:00:00,898573.5,Credit Card
10419,616,322,8,2024-03-15 11:00:00,138839.80000000002,Credit Card
10420,327,147,9,2024-03-15 11:00:00,533211.2,Credit Card
10421,849,147,9,2024-03-15 11:00:00,161970.6,Credit Card
10422,967,147,9,2024-03-15 11:00:00,155983.7,Cash
10423,574,194,10,2024-03-15 11:00:00,147991.9,Credit Card
10424,721,194,10,2024-03-15 11:00:00,153992.7,Credit Card
10425,249,26,10,2024-03-15 11:00:00,130574.9,Cash
10426,927,194,10,2024-03-15 11:00:00,157095.1,Cash
10427,843,26,10,2024-03-15 11:00:00,769178.5999999999,Cash
10428,420,26,10,2024-03-15 11:00:00,349743.1,Cash
10429,112,194,10,2024-03-15 11:00:00,155129.90000000002,Cash
10430,320,26,10,2024-03-15 11:00:00,173461.5,Cash
10431,916,194,10,2024-03-15 11:00:00,123107.5,Credit Card
10432,769,194,10,2024-03-15 11:00:00,151478.0,Cash
11601,154,54,1,2024-03-15 12:00:00,207013.1,Credit Card
11602,343,305,1,2024-03-15 12:00:00,700401.8,Credit Card
11603,533,305,1,2024-03-15 12:00:00,1028231.5,Credit Card
11604,548,305,1,2024-03-15 12:00:00,568825.4,Credit Card
11605,898,54,1,2024-03-15 12:00:00,449569.4,Credit Card
11606,198,345,2,2024-03-15 12:00:00,464137.0,Credit Card
11607,352,295,2,2024-03-15 12:00:00,964360.6,Credit Card
11608,666,302,2,2024-03-15 12:00:00,741379.8,Credit Card
11609,303,216,3,2024-03-15 12:00:00,67836.5,Cash
11610,404,258,3,2024-03-15 12:00:00,468413.7,Cash
11611,657,258,3,2024-03-15 12:00:00,124268.5,Credit Card
11612,415,31,3,2024-03-15 12:00:00,120416.2,Cash
11613,424,46,4,2024-03-15 12:00:00,140809.7,Cash
11614,250,139,4,2024-03-15 12:00:00,166176.3,Credit Card
11615,193,480,4,2024-03-15 12:00:00,162339.69999999998,Credit Card
11616,778,46,4,2024-03-15 12:00:00,133558.6,Cash
11617,795,8,5,2024-03-15 12:00:00,132171.2,Cash
11618,910,319,5,2024-03-15 12:00:00,78670.4,Credit Card
11619,476,8,5,2024-03-15 12:00:00,196080.7,Cash
11620,155,221,5,2024-03-15 12:00:00,1199802.8,Cash
11621,318,146,5,2024-03-15 12:00:00,920035.0,Credit Card
11622,822,319,5,2024-03-15 12:00:00,178720.7,Credit Card
11623,973,205,6,2024-03-15 12:00:00,128174.4,Cash
11624,35,275,6,2024-03-15 12:00:00,133663.4,Credit Card
11625,528,275,6,2024-03-15 12:00:00,715299.5,Cash
11626,129,161,6,2024-03-15 12:00:00,462218.6,Credit Card
11627,916,312,6,2024-03-15 12:00:00,107107.30000000002,Credit Card
11628,690,275,6,2024-03-15 12:00:00,185688.4,Cash
11629,461,343,7,2024-03-15 12:00:00,198203.4,Cash
11630,318,343,7,2024-03-15 12:00:00,1187546.3,Credit Card
11631,142,331,7,2024-03-15 12:00:00,905041.6,Cash
11632,888,13,7,2024-03-15 12:00:00,155206.2,Credit Card
11633,603,13,7,2024-03-15 12:00:00,661790.2,Cash
11634,15,343,7,2024-03-15 12:00:00,146468.30000000002,Credit Card
11635,631,343,7,2024-03-15 12:00:00,682721.0,Credit Card
11636,131,331,7,2024-03-15 12:00:00,174386.2,Credit Card
11637,771,11,8,2024-03-15 12:00:00,95736.0,Cash
11638,837,71,8,2024-03-15 12:00:00,155811.59999999998,Cash
11639,965,112,8,2024-03-15 12:00:00,135826.7,Credit Card
11640,97,11,8,2024-03-15 12:00:00,93362.2,Cash
11641,368,157,8,2024-03-15 12:00:00,907542.0,Cash
11642,395,322,8,2024-03-15 12:00:00,515505.2,Cash
11643,288,332,8,2024-03-15 12:00:00,194867.2,Cash
11644,530,193,8,2024-03-15 12:00:00,129722.0,Credit Card
11645,360,332,8,2024-03-15 12:00:00,868455.8,Cash
11646,259,186,9,2024-03-15 12:00:00,111287.2,Cash
11647,397,186,9,2024-03-15 12:00:00,162247.7,Cash
11648,47,147,9,2024-03-15 12:00:00,168685.40000000002,Credit Card
11649,157,147,9,2024-03-15 12:00:00,587822.1,Credit Card
11650,626,186,9,2024-03-15 12:00:00,730996.2000000001,Credit Card
11651,657,186,9,2024-03-15 12:00:00,133955.3,Credit Card
11652,645,147,9,2024-03-15 12:00:00,560364.5,Cash
11653,599,147,9,2024-03-15 12:00:00,94415.7,Cash
11654,623,147,9,2024-03-15 12:00:00,146774.6,Cash
11655,203,26,10,2024-03-15 12:00:00,632861.7,Credit Card
11656,507,194,10,2024-03-15 12:00:00,146339.3,Credit Card
11657,241,26,10,2024-03-15 12:00:00,174853.59999999998,Credit Card
11658,622,26,10,2024-03-15 12:00:00,170128.9,Cash
11659,391,194,10,2024-03-15 12:00:00,396101.3000000001,Cash
11660,81,26,10,2024-03-15 12:00:00,323004.4,Credit Card
11661,142,194,10,2024-03-15 12:00:00,833400.7,Credit Card
12858,154,54,1,2024-03-15 13:00:00,172871.8,Cash
12859,762,305,1,2024-03-15 13:00:00,141425.19999999998,Cash
12860,887,54,1,2024-03-15 13:00:00,124007.3,Credit Card
12861,260,302,2,2024-03-15 13:00:00,694205.1000000001,Credit Card
12862,764,91,2,2024-03-15 13:00:00,647677.6000000001,Cash
12863,242,302,2,2024-03-15 13:00:00,473366.2,Cash
12864,12,257,2,2024-03-15 13:00:00,166114.6,Cash
12865,985,448,2,2024-03-15 13:00:00,133389.4,Cash
12866,472,302,2,2024-03-15 13:00:00,545016.2000000001,Cash
12867,400,302,2,2024-03-15 13:00:00,294293.0,Credit Card
12868,793,302,2,2024-03-15 13:00:00,186221.10000000003,Credit Card
12869,213,257,2,2024-03-15 13:00:00,57435.9,Credit Card
12870,912,258,3,2024-03-15 13:00:00,113860.7,Cash
12871,408,31,3,2024-03-15 13:00:00,116180.2,Credit Card
12872,538,216,3,2024-03-15 13:00:00,512942.4,Credit Card
12873,363,216,3,2024-03-15 13:00:00,941363.9,Credit Card
12874,789,376,3,2024-03-15 13:00:00,211018.2,Credit Card
12875,379,216,3,2024-03-15 13:00:00,100433.1,Credit Card
12876,759,216,3,2024-03-15 13:00:00,851567.3,Cash
12877,904,258,3,2024-03-15 13:00:00,530034.3,Cash
12878,145,299,3,2024-03-15 13:00:00,144202.2,Credit Card
12879,650,46,4,2024-03-15 13:00:00,202926.1,Credit Card
12880,917,139,4,2024-03-15 13:00:00,136733.7,Credit Card
12881,650,46,4,2024-03-15 13:00:00,98355.5,Cash
12882,633,139,4,2024-03-15 13:00:00,925358.4,Cash
12883,501,8,5,2024-03-15 13:00:00,418188.6,Cash
12884,99,190,5,2024-03-15 13:00:00,145595.0,Credit Card
12885,184,146,5,2024-03-15 13:00:00,588077.0,Credit Card
12886,660,190,5,2024-03-15 13:00:00,504184.1,Cash
12887,430,472,5,2024-03-15 13:00:00,99628.9,Credit Card
12888,431,319,5,2024-03-15 13:00:00,1038659.1,Cash
12889,780,472,5,2024-03-15 13:00:00,142942.5,Credit Card
12890,277,161,6,2024-03-15 13:00:00,514972.9,Cash
12891,462,205,6,2024-03-15 13:00:00,589053.1,Cash
12892,303,161,6,2024-03-15 13:00:00,228393.9,Credit Card
12893,76,161,6,2024-03-15 13:00:00,732238.4000000001,Credit Card
12894,412,481,6,2024-03-15 13:00:00,136474.3,Credit Card
12895,926,205,6,2024-03-15 13:00:00,87421.29999999999,Cash
12896,233,111,6,2024-03-15 13:00:00,954607.3,Credit Card
12897,472,312,6,2024-03-15 13:00:00,268206.5,Cash
12898,578,378,7,2024-03-15 13:00:00,146730.4,Cash
12899,808,490,7,2024-03-15 13:00:00,560378.4,Cash
12900,326,490,7,2024-03-15 13:00:00,244827.7,Cash
12901,320,490,7,2024-03-15 13:00:00,191009.3,Credit Card
12902,227,382,8,2024-03-15 13:00:00,920314.6,Cash
12903,628,11,8,2024-03-15 13:00:00,139571.5,Cash
12904,802,157,8,2024-03-15 13:00:00,59240.2,Cash
12905,178,322,8,2024-03-15 13:00:00,943870.3,Cash
12906,193,382,8,2024-03-15 13:00:00,96601.9,Credit Card
12907,658,322,8,2024-03-15 13:00:00,144982.4,Cash
12908,980,157,8,2024-03-15 13:00:00,71033.79999999999,Credit Card
12909,912,186,9,2024-03-15 13:00:00,89785.0,Credit Card
12910,132,147,9,2024-03-15 13:00:00,105014.2,Cash
12911,822,186,9,2024-03-15 13:00:00,134558.7,Cash
12912,222,186,9,2024-03-15 13:00:00,674618.0,Credit Card
12913,413,147,9,2024-03-15 13:00:00,1222575.1,Credit Card
12914,534,147,9,2024-03-15 13:00:00,804932.0000000001,Credit Card
12915,123,147,9,2024-03-15 13:00:00,161870.3,Cash
12916,338,186,9,2024-03-15 13:00:00,680936.0,Credit Card
12917,73,186,9,2024-03-15 13:00:00,166723.8,Credit Card
12918,544,147,9,2024-03-15 13:00:00,488517.2,Cash
12919,765,194,10,2024-03-15 13:00:00,200855.0,Credit Card
12920,164,26,10,2024-03-15 13:00:00,126371.9,Credit Card
12921,903,194,10,2024-03-15 13:00:00,604866.0,Cash
12922,481,26,10,2024-03-15 13:00:00,439665.5,Credit Card
12923,869,194,10,2024-03-15 13:00:00,1027318.5,Credit Card
14144,589,54,1,2024-03-15 14:00:00,812886.7,Credit Card
14145,706,305,1,2024-03-15 14:00:00,182071.7,Cash
14146,173,305,1,2024-03-15 14:00:00,72428.6,Credit Card
14147,711,305,1,2024-03-15 14:00:00,763646.6000000001,Cash
14148,997,305,1,2024-03-15 14:00:00,889496.2000000001,Credit Card
14149,729,54,1,2024-03-15 14:00:00,792976.0,Credit Card
14150,459,54,1,2024-03-15 14:00:00,943650.9,Cash
14151,407,54,1,2024-03-15 14:00:00,117219.8,Credit Card
14152,306,345,2,2024-03-15 14:00:00,177050.8,Credit Card
14153,451,448,2,2024-03-15 14:00:00,744349.8,Credit Card
14154,789,257,2,2024-03-15 14:00:00,82152.0,Cash
14155,875,345,2,2024-03-15 14:00:00,578651.7,Credit Card
14156,440,295,2,2024-03-15 14:00:00,1058282.9,Cash
14157,785,345,2,2024-03-15 14:00:00,731666.3,Cash
14158,32,91,2,2024-03-15 14:00:00,191204.3,Credit Card
14159,726,345,2,2024-03-15 14:00:00,138135.9,Cash
14160,558,258,3,2024-03-15 14:00:00,160849.09999999998,Credit Card
14161,40,299,3,2024-03-15 14:00:00,867141.1000000001,Cash
14162,26,299,3,2024-03-15 14:00:00,179864.4,Credit Card
14163,3,31,3,2024-03-15 14:00:00,91903.9,Credit Card
14164,569,31,3,2024-03-15 14:00:00,932941.6,Cash
14165,114,258,3,2024-03-15 14:00:00,933310.4,Credit Card
14166,918,299,3,2024-03-15 14:00:00,653699.2,Credit Card
14167,17,299,3,2024-03-15 14:00:00,205235.5,Credit Card
14168,932,31,3,2024-03-15 14:00:00,150295.0,Cash
14169,246,69,4,2024-03-15 14:00:00,156922.1,Cash
14170,56,139,4,2024-03-15 14:00:00,145655.80000000002,Credit Card
14171,214,46,4,2024-03-15 14:00:00,994442.9,Cash
14172,193,480,4,2024-03-15 14:00:00,108304.4,Credit Card
14173,839,46,4,2024-03-15 14:00:00,864034.3999999999,Credit Card
14174,918,480,4,2024-03-15 14:00:00,610002.7000000001,Cash
14175,971,480,4,2024-03-15 14:00:00,322926.3,Credit Card
14176,423,46,4,2024-03-15 14:00:00,123921.6,Credit Card
14177,12,46,4,2024-03-15 14:00:00,176631.2,Credit Card
14178,560,8,5,2024-03-15 14:00:00,90859.6,Credit Card
14179,907,472,5,2024-03-15 14:00:00,182587.8,Credit Card
14180,970,319,5,2024-03-15 14:00:00,961856.5,Credit Card
14181,217,472,5,2024-03-15 14:00:00,65141.6,Cash
14182,476,161,6,2024-03-15 14:00:00,118959.7,Credit Card
14183,632,58,6,2024-03-15 14:00:00,766066.5,Cash
14184,729,275,6,2024-03-15 14:00:00,600462.6,Credit Card
14185,304,111,6,2024-03-15 14:00:00,680589.5000000001,Cash
14186,994,161,6,2024-03-15 14:00:00,1099933.6,Cash
14187,831,205,6,2024-03-15 14:00:00,641908.2,Credit Card
14188,490,161,6,2024-03-15 14:00:00,533259.6,Cash
14189,900,297,6,2024-03-15 14:00:00,859388.7000000001,Cash
14190,282,262,7,2024-03-15 14:00:00,107414.5,Cash
14191,527,490,7,2024-03-15 14:00:00,164457.7,Credit Card
14192,921,262,7,2024-03-15 14:00:00,171512.90000000002,Credit Card
14193,336,378,7,2024-03-15 14:00:00,787622.0,Cash
14194,632,262,7,2024-03-15 14:00:00,571638.2,Cash
14195,762,343,7,2024-03-15 14:00:00,108336.5,Credit Card
14196,146,262,7,2024-03-15 14:00:00,134687.5,Cash
14197,138,13,7,2024-03-15 14:00:00,124386.30000000002,Credit Card
14198,424,251,7,2024-03-15 14:00:00,118531.8,Cash
14199,762,343,7,2024-03-15 14:00:00,211055.0,Cash
14200,853,382,8,2024-03-15 14:00:00,328228.30000000005,Cash
14201,167,332,8,2024-03-15 14:00:00,837767.3,Credit Card
14202,425,11,8,2024-03-15 14:00:00,115808.4,Cash
14203,100,147,9,2024-03-15 14:00:00,156329.7,Cash
14204,533,147,9,2024-03-15 14:00:00,1019307.0,Credit Card
14205,286,186,9,2024-03-15 14:00:00,169046.0,Cash
14206,579,147,9,2024-03-15 14:00:00,139249.3,Credit Card
14207,534,186,9,2024-03-15 14:00:00,683682.0,Cash
14208,734,186,9,2024-03-15 14:00:00,797665.2,Credit Card
14209,143,186,9,2024-03-15 14:00:00,217816.7,Credit Card
14210,81,147,9,2024-03-15 14:00:00,884375.5,Credit Card
14211,612,186,9,2024-03-15 14:00:00,121380.4,Credit Card
14212,194,194,10,2024-03-15 14:00:00,152768.9,Credit Card
14213,777,194,10,2024-03-15 14:00:00,224241.6,Credit Card
14214,949,26,10,2024-03-15 14:00:00,124626.4,Credit Card
14215,340,26,10,2024-03-15 14:00:00,415097.3,Credit Card
14216,589,26,10,2024-03-15 14:00:00,492912.3000000001,Credit Card
14217,602,194,10,2024-03-15 14:00:00,929722.6,Cash
14218,312,26,10,2024-03-15 14:00:00,828586.2999999999,Credit Card
14219,788,194,10,2024-03-15 14:00:00,327429.2,Credit Card
15381,670,305,1,2024-03-15 15:00:00,206344.2,Cash
15382,789,54,1,2024-03-15 15:00:00,147675.5,Credit Card
15383,72,54,1,2024-03-15 15:00:00,159804.80000000002,Cash
15384,165,305,1,2024-03-15 15:00:00,551741.2000000001,Cash
15385,860,305,1,2024-03-15 15:00:00,689948.0,Credit Card
15386,885,305,1,2024-03-15 15:00:00,91567.1,Credit Card
15387,179,305,1,2024-03-15 15:00:00,148334.3,Cash
15388,591,54,1,2024-03-15 15:00:00,226130.5,Credit Card
15389,152,305,1,2024-03-15 15:00:00,461250.1,Credit Card
15390,44,295,2,2024-03-15 15:00:00,695640.5,Credit Card
15391,875,345,2,2024-03-15 15:00:00,662336.2,Credit Card
15392,385,448,2,2024-03-15 15:00:00,763337.5,Credit Card
15393,144,448,2,2024-03-15 15:00:00,579378.6,Cash
15394,945,202,2,2024-03-15 15:00:00,657378.5,Cash
15395,809,448,2,2024-03-15 15:00:00,155762.90000000002,Credit Card
15396,35,257,2,2024-03-15 15:00:00,133936.0,Credit Card
15397,253,299,3,2024-03-15 15:00:00,148783.1,Credit Card
15398,625,258,3,2024-03-15 15:00:00,731427.6,Cash
15399,508,376,3,2024-03-15 15:00:00,677095.5,Cash
15400,885,31,3,2024-03-15 15:00:00,136801.0,Credit Card
15401,791,376,3,2024-03-15 15:00:00,498878.4,Credit Card
15402,544,376,3,2024-03-15 15:00:00,793136.8999999999,Credit Card
15403,681,376,3,2024-03-15 15:00:00,173265.6,Credit Card
15404,374,299,3,2024-03-15 15:00:00,462173.4,Cash
15405,47,46,4,2024-03-15 15:00:00,165813.9,Credit Card
15406,640,139,4,2024-03-15 15:00:00,943449.1,Credit Card
15407,516,480,4,2024-03-15 15:00:00,158763.2,Cash
15408,593,190,5,2024-03-15 15:00:00,818318.6000000001,Credit Card
15409,697,146,5,2024-03-15 15:00:00,158765.19999999998,Cash
15410,961,472,5,2024-03-15 15:00:00,143027.1,Cash
15411,481,190,5,2024-03-15 15:00:00,596999.7,Cash
15412,174,319,5,2024-03-15 15:00:00,820590.3999999999,Credit Card
15413,781,190,5,2024-03-15 15:00:00,129631.6,Cash
15414,835,190,5,2024-03-15 15:00:00,154672.6,Credit Card
15415,117,205,6,2024-03-15 15:00:00,193552.3,Cash
15416,619,205,6,2024-03-15 15:00:00,96966.1,Credit Card
15417,267,161,6,2024-03-15 15:00:00,996405.0,Credit Card
15418,799,312,6,2024-03-15 15:00:00,150596.59999999998,Credit Card
15419,812,161,6,2024-03-15 15:00:00,97468.5,Credit Card
15420,962,275,6,2024-03-15 15:00:00,145550.8,Cash
15421,411,275,6,2024-03-15 15:00:00,110306.4,Cash
15422,249,297,6,2024-03-15 15:00:00,82810.80000000002,Credit Card
15423,420,490,7,2024-03-15 15:00:00,561493.1,Credit Card
15424,854,490,7,2024-03-15 15:00:00,172610.4,Cash
15425,478,343,7,2024-03-15 15:00:00,139841.9,Credit Card
15426,943,13,7,2024-03-15 15:00:00,158859.90000000002,Cash
15427,873,490,7,2024-03-15 15:00:00,218010.8,Cash
15428,591,262,7,2024-03-15 15:00:00,179380.4,Credit Card
15429,585,331,7,2024-03-15 15:00:00,200688.5,Cash
15430,571,490,7,2024-03-15 15:00:00,673508.8,Cash
15431,641,382,8,2024-03-15 15:00:00,506204.3,Credit Card
15432,589,11,8,2024-03-15 15:00:00,669646.8,Cash
15433,954,382,8,2024-03-15 15:00:00,831605.4,Credit Card
15434,968,382,8,2024-03-15 15:00:00,157707.0,Cash
15435,297,193,8,2024-03-15 15:00:00,359461.2,Cash
15436,657,147,9,2024-03-15 15:00:00,135989.4,Credit Card
15437,849,186,9,2024-03-15 15:00:00,118268.8,Credit Card
15438,920,186,9,2024-03-15 15:00:00,663694.1000000001,Cash
15439,112,147,9,2024-03-15 15:00:00,116186.7,Cash
15440,904,186,9,2024-03-15 15:00:00,661338.9,Credit Card
15441,856,147,9,2024-03-15 15:00:00,400558.6,Credit Card
15442,524,186,9,2024-03-15 15:00:00,827144.2,Cash
15443,747,186,9,2024-03-15 15:00:00,126757.4,Credit Card
15444,959,147,9,2024-03-15 15:00:00,207213.7,Cash
15445,679,194,10,2024-03-15 15:00:00,101658.5,Cash
15446,886,26,10,2024-03-15 15:00:00,67615.7,Cash
15447,918,194,10,2024-03-15 15:00:00,912209.0,Cash
15448,469,26,10,2024-03-15 15:00:00,370212.5,Credit Card
15449,224,26,10,2024-03-15 15:00:00,137854.5,Cash
15450,371,26,10,2024-03-15 15:00:00,112226.7,Cash
15451,398,26,10,2024-03-15 15:00:00,731367.1000000001,Cash
15452,49,26,10,2024-03-15 15:00:00,847999.0000000001,Cash
16749,578,305,1,2024-03-15 16:00:00,119265.1,Credit Card
16750,305,54,1,2024-03-15 16:00:00,82704.90000000001,Credit Card
16751,60,54,1,2024-03-15 16:00:00,139136.0,Cash
16752,10,305,1,2024-03-15 16:00:00,739726.3,Cash
16753,817,305,1,2024-03-15 16:00:00,909349.2,Cash
16754,143,305,1,2024-03-15 16:00:00,185494.3,Credit Card
16755,580,54,1,2024-03-15 16:00:00,156492.6,Cash
16756,572,54,1,2024-03-15 16:00:00,170693.9,Cash
16757,150,54,1,2024-03-15 16:00:00,187713.5,Cash
16758,83,54,1,2024-03-15 16:00:00,975045.6,Cash
16759,436,54,1,2024-03-15 16:00:00,129663.9,Cash
16760,144,305,1,2024-03-15 16:00:00,914664.9,Cash
16761,320,54,1,2024-03-15 16:00:00,121271.8,Cash
16762,610,305,1,2024-03-15 16:00:00,115296.1,Credit Card
16763,599,345,2,2024-03-15 16:00:00,133845.59999999998,Credit Card
16764,654,202,2,2024-03-15 16:00:00,162274.4,Cash
16765,824,91,2,2024-03-15 16:00:00,996076.0,Cash
16766,154,295,2,2024-03-15 16:00:00,86924.5,Credit Card
16767,544,345,2,2024-03-15 16:00:00,640107.0,Credit Card
16768,777,202,2,2024-03-15 16:00:00,109069.8,Cash
16769,599,345,2,2024-03-15 16:00:00,139858.3,Credit Card
16770,793,448,2,2024-03-15 16:00:00,198606.4,Credit Card
16771,213,91,2,2024-03-15 16:00:00,212061.6,Cash
16772,532,257,2,2024-03-15 16:00:00,1133905.5,Cash
16773,646,31,3,2024-03-15 16:00:00,137710.9,Credit Card
16774,772,258,3,2024-03-15 16:00:00,136346.6,Credit Card
16775,373,216,3,2024-03-15 16:00:00,1143559.6,Credit Card
16776,593,216,3,2024-03-15 16:00:00,819588.3999999999,Cash
16777,134,31,3,2024-03-15 16:00:00,1247959.8,Credit Card
16778,245,258,3,2024-03-15 16:00:00,727996.8999999999,Credit Card
16779,507,299,3,2024-03-15 16:00:00,145779.2,Cash
16780,605,69,4,2024-03-15 16:00:00,113536.7,Cash
16781,77,139,4,2024-03-15 16:00:00,161544.7,Cash
16782,619,69,4,2024-03-15 16:00:00,132068.0,Credit Card
16783,897,69,4,2024-03-15 16:00:00,489418.0,Cash
16784,731,139,4,2024-03-15 16:00:00,68313.09999999999,Credit Card
16785,439,139,4,2024-03-15 16:00:00,639398.3,Cash
16786,241,46,4,2024-03-15 16:00:00,167453.5,Cash
16787,894,139,4,2024-03-15 16:00:00,172253.40000000002,Cash
16788,562,139,4,2024-03-15 16:00:00,746279.3,Cash
16789,30,69,4,2024-03-15 16:00:00,135528.5,Cash
16790,940,69,4,2024-03-15 16:00:00,133669.0,Credit Card
16791,867,46,4,2024-03-15 16:00:00,110126.0,Credit Card
16792,245,46,4,2024-03-15 16:00:00,465719.5,Cash
16793,574,69,4,2024-03-15 16:00:00,156675.69999999998,Credit Card
16794,194,46,4,2024-03-15 16:00:00,134093.3,Cash
16795,849,319,5,2024-03-15 16:00:00,171373.80000000002,Credit Card
16796,21,190,5,2024-03-15 16:00:00,470161.0,Credit Card
16797,228,190,5,2024-03-15 16:00:00,149966.5,Credit Card
16798,410,472,5,2024-03-15 16:00:00,662027.4,Credit Card
16799,377,319,5,2024-03-15 16:00:00,634046.4,Credit Card
16800,424,275,6,2024-03-15 16:00:00,136276.40000000002,Cash
16801,843,312,6,2024-03-15 16:00:00,610589.0999999999,Cash
16802,350,205,6,2024-03-15 16:00:00,434453.3000000001,Credit Card
16803,499,275,6,2024-03-15 16:00:00,148225.7,Cash
16804,522,161,6,2024-03-15 16:00:00,682329.8999999999,Credit Card
16805,825,312,6,2024-03-15 16:00:00,180144.9,Credit Card
16806,927,58,6,2024-03-15 16:00:00,91782.5,Cash
16807,277,161,6,2024-03-15 16:00:00,722019.0,Cash
16808,829,58,6,2024-03-15 16:00:00,129725.59999999998,Credit Card
16809,97,251,7,2024-03-15 16:00:00,174513.19999999998,Credit Card
16810,150,13,7,2024-03-15 16:00:00,66426.0,Credit Card
16811,8,343,7,2024-03-15 16:00:00,1020551.6,Cash
16812,78,13,7,2024-03-15 16:00:00,86699.9,Credit Card
16813,11,343,7,2024-03-15 16:00:00,123540.8,Cash
16814,456,251,7,2024-03-15 16:00:00,603861.0,Cash
16815,326,331,7,2024-03-15 16:00:00,807321.0,Credit Card
16816,651,13,7,2024-03-15 16:00:00,710928.3,Credit Card
16817,952,343,7,2024-03-15 16:00:00,106227.7,Cash
16818,200,343,7,2024-03-15 16:00:00,945777.6,Cash
16819,134,331,7,2024-03-15 16:00:00,413615.3,Cash
16820,263,11,8,2024-03-15 16:00:00,198629.3,Credit Card
16821,126,193,8,2024-03-15 16:00:00,191991.0,Cash
16822,713,11,8,2024-03-15 16:00:00,95863.0,Credit Card
16823,960,112,8,2024-03-15 16:00:00,66545.6,Cash
16824,979,382,8,2024-03-15 16:00:00,142798.2,Cash
16825,730,332,8,2024-03-15 16:00:00,85955.6,Cash
16826,739,11,8,2024-03-15 16:00:00,1162471.9,Cash
16827,136,147,9,2024-03-15 16:00:00,151632.6,Credit Card
16828,274,186,9,2024-03-15 16:00:00,839823.2,Cash
16829,407,147,9,2024-03-15 16:00:00,180911.4,Cash
16830,303,147,9,2024-03-15 16:00:00,98868.0,Cash
16831,570,147,9,2024-03-15 16:00:00,677911.7999999999,Cash
16832,742,186,9,2024-03-15 16:00:00,101249.2,Credit Card
16833,661,186,9,2024-03-15 16:00:00,491655.2,Credit Card
16834,646,194,10,2024-03-15 16:00:00,112445.5,Credit Card
16835,780,194,10,2024-03-15 16:00:00,86927.20000000001,Credit Card
16836,213,26,10,2024-03-15 16:00:00,90571.7,Credit Card
16837,302,194,10,2024-03-15 16:00:00,156476.90000000002,Credit Card
16838,601,194,10,2024-03-15 16:00:00,183871.3,Credit Card
16839,33,26,10,2024-03-15 16:00:00,138832.4,Credit Card
16840,154,194,10,2024-03-15 16:00:00,164273.7,Credit Card
16841,602,26,10,2024-03-15 16:00:00,348320.5,Cash
16842,872,26,10,2024-03-15 16:00:00,896662.7,Credit Card
16843,536,26,10,2024-03-15 16:00:00,145478.1,Credit Card
16844,59,194,10,2024-03-15 16:00:00,121208.3,Credit Card
16845,695,26,10,2024-03-15 16:00:00,167539.0,Cash
16846,212,26,10,2024-03-15 16:00:00,636101.5,Cash
16847,426,194,10,2024-03-15 16:00:00,190033.0,Credit Card
16848,151,194,10,2024-03-15 16:00:00,187472.5,Cash
18750,373,305,1,2024-03-15 17:00:00,633460.6,Cash
18751,387,54,1,2024-03-15 17:00:00,137889.5,Cash
18752,209,305,1,2024-03-15 17:00:00,915813.4,Cash
18753,821,54,1,2024-03-15 17:00:00,173504.8,Credit Card
18754,575,54,1,2024-03-15 17:00:00,488611.0,Cash
18755,667,305,1,2024-03-15 17:00:00,147325.7,Credit Card
18756,101,54,1,2024-03-15 17:00:00,208486.2,Credit Card
18757,498,54,1,2024-03-15 17:00:00,617301.6,Cash
18758,34,54,1,2024-03-15 17:00:00,586823.6,Credit Card
18759,64,54,1,2024-03-15 17:00:00,193119.9,Cash
18760,696,54,1,2024-03-15 17:00:00,909618.2,Credit Card
18761,164,54,1,2024-03-15 17:00:00,99475.2,Cash
18762,305,54,1,2024-03-15 17:00:00,54347.2,Credit Card
18763,317,295,2,2024-03-15 17:00:00,134314.1,Credit Card
18764,450,345,2,2024-03-15 17:00:00,705196.2,Credit Card
18765,166,91,2,2024-03-15 17:00:00,183764.5,Cash
18766,450,302,2,2024-03-15 17:00:00,943064.3,Cash
18767,991,302,2,2024-03-15 17:00:00,88291.70000000001,Cash
18768,67,202,2,2024-03-15 17:00:00,180587.6,Cash
18769,280,257,2,2024-03-15 17:00:00,695859.9,Credit Card
18770,293,448,2,2024-03-15 17:00:00,547383.8999999999,Cash
18771,7,448,2,2024-03-15 17:00:00,100377.9,Credit Card
18772,955,345,2,2024-03-15 17:00:00,853592.5,Credit Card
18773,261,202,2,2024-03-15 17:00:00,127266.3,Cash
18774,47,448,2,2024-03-15 17:00:00,102808.7,Credit Card
18775,230,258,3,2024-03-15 17:00:00,139417.6,Credit Card
18776,837,376,3,2024-03-15 17:00:00,147687.4,Cash
18777,700,258,3,2024-03-15 17:00:00,205675.3,Credit Card
18778,219,31,3,2024-03-15 17:00:00,640575.6,Credit Card
18779,813,258,3,2024-03-15 17:00:00,801084.0,Cash
18780,64,376,3,2024-03-15 17:00:00,127146.5,Credit Card
18781,957,31,3,2024-03-15 17:00:00,81857.6,Credit Card
18782,599,46,4,2024-03-15 17:00:00,118843.7,Cash
18783,779,46,4,2024-03-15 17:00:00,837845.9000000001,Credit Card
18784,189,46,4,2024-03-15 17:00:00,559917.9,Cash
18785,133,139,4,2024-03-15 17:00:00,862735.1000000001,Credit Card
18786,211,139,4,2024-03-15 17:00:00,147434.3,Credit Card
18787,359,46,4,2024-03-15 17:00:00,69788.9,Cash
18788,643,46,4,2024-03-15 17:00:00,978817.2,Credit Card
18789,598,480,4,2024-03-15 17:00:00,956419.6,Credit Card
18790,481,69,4,2024-03-15 17:00:00,605483.2,Credit Card
18791,232,46,4,2024-03-15 17:00:00,741615.4,Cash
18792,148,69,4,2024-03-15 17:00:00,78211.3,Credit Card
18793,580,69,4,2024-03-15 17:00:00,180738.4,Credit Card
18794,642,319,5,2024-03-15 17:00:00,504566.3,Credit Card
18795,174,8,5,2024-03-15 17:00:00,836595.1,Cash
18796,821,8,5,2024-03-15 17:00:00,150710.80000000002,Cash
18797,206,221,5,2024-03-15 17:00:00,168332.9,Credit Card
18798,963,319,5,2024-03-15 17:00:00,511281.0,Cash
18799,814,472,5,2024-03-15 17:00:00,528462.5,Cash
18800,634,319,5,2024-03-15 17:00:00,154281.5,Cash
18801,426,8,5,2024-03-15 17:00:00,109414.0,Cash
18802,177,146,5,2024-03-15 17:00:00,102633.0,Credit Card
18803,297,221,5,2024-03-15 17:00:00,217997.2,Credit Card
18804,712,190,5,2024-03-15 17:00:00,156471.3,Cash
18805,145,221,5,2024-03-15 17:00:00,186448.4,Credit Card
18806,541,190,5,2024-03-15 17:00:00,209577.4,Credit Card
18807,339,8,5,2024-03-15 17:00:00,197243.7,Credit Card
18808,284,221,5,2024-03-15 17:00:00,743482.4,Credit Card
18809,5,205,6,2024-03-15 17:00:00,112645.2,Credit Card
18810,504,275,6,2024-03-15 17:00:00,903489.8,Cash
18811,376,481,6,2024-03-15 17:00:00,142798.0,Credit Card
18812,634,297,6,2024-03-15 17:00:00,163719.7,Credit Card
18813,944,275,6,2024-03-15 17:00:00,167846.2,Cash
18814,353,297,6,2024-03-15 17:00:00,166286.7,Cash
18815,514,111,6,2024-03-15 17:00:00,111500.6,Cash
18816,811,58,6,2024-03-15 17:00:00,115161.69999999998,Credit Card
18817,537,161,6,2024-03-15 17:00:00,154404.9,Credit Card
18818,736,111,6,2024-03-15 17:00:00,131462.59999999998,Cash
18819,497,58,6,2024-03-15 17:00:00,69845.0,Cash
18820,682,312,6,2024-03-15 17:00:00,555312.5,Cash
18821,436,297,6,2024-03-15 17:00:00,189224.3,Cash
18822,911,297,6,2024-03-15 17:00:00,171921.3,Cash
18823,813,58,6,2024-03-15 17:00:00,849531.7,Cash
18824,192,490,7,2024-03-15 17:00:00,189171.8,Credit Card
18825,600,378,7,2024-03-15 17:00:00,614340.9,Credit Card
18826,523,490,7,2024-03-15 17:00:00,106084.1,Credit Card
18827,94,251,7,2024-03-15 17:00:00,113991.3,Credit Card
18828,768,262,7,2024-03-15 17:00:00,91159.6,Cash
18829,58,490,7,2024-03-15 17:00:00,128097.0,Credit Card
18830,687,322,8,2024-03-15 17:00:00,161782.09999999998,Cash
18831,925,322,8,2024-03-15 17:00:00,809133.2,Credit Card
18832,358,71,8,2024-03-15 17:00:00,123654.1,Cash
18833,934,322,8,2024-03-15 17:00:00,603870.9,Cash
18834,387,382,8,2024-03-15 17:00:00,143279.3,Cash
18835,200,322,8,2024-03-15 17:00:00,943944.7,Credit Card
18836,864,382,8,2024-03-15 17:00:00,136206.6,Cash
18837,753,71,8,2024-03-15 17:00:00,561060.9,Cash
18838,390,322,8,2024-03-15 17:00:00,392801.7,Cash
18839,722,382,8,2024-03-15 17:00:00,489007.4,Cash
18840,478,332,8,2024-03-15 17:00:00,157088.6,Cash
18841,736,332,8,2024-03-15 17:00:00,87021.0,Cash
18842,14,71,8,2024-03-15 17:00:00,120209.1,Cash
18843,323,382,8,2024-03-15 17:00:00,841869.2,Cash
18844,721,147,9,2024-03-15 17:00:00,174363.3,Credit Card
18845,66,186,9,2024-03-15 17:00:00,76074.9,Cash
18846,262,186,9,2024-03-15 17:00:00,447621.1,Cash
18847,60,186,9,2024-03-15 17:00:00,137493.90000000002,Credit Card
18848,429,147,9,2024-03-15 17:00:00,132038.59999999998,Credit Card
18849,427,186,9,2024-03-15 17:00:00,740689.9,Cash
18850,664,147,9,2024-03-15 17:00:00,661937.7,Cash
18851,608,186,9,2024-03-15 17:00:00,408532.5,Cash
18852,174,186,9,2024-03-15 17:00:00,634302.4000000001,Cash
18853,605,147,9,2024-03-15 17:00:00,189325.5,Credit Card
18854,238,147,9,2024-03-15 17:00:00,679944.0,Cash
18855,865,186,9,2024-03-15 17:00:00,113394.2,Cash
18856,459,186,9,2024-03-15 17:00:00,434212.7,Cash
18857,996,186,9,2024-03-15 17:00:00,158445.0,Credit Card
18858,797,194,10,2024-03-15 17:00:00,573483.5,Credit Card
18859,98,194,10,2024-03-15 17:00:00,541242.5,Cash
18860,950,26,10,2024-03-15 17:00:00,141225.5,Cash
18861,462,194,10,2024-03-15 17:00:00,1000170.2,Credit Card
18862,154,26,10,2024-03-15 17:00:00,134077.6,Credit Card
18863,210,26,10,2024-03-15 17:00:00,136096.2,Credit Card
18864,666,26,10,2024-03-15 17:00:00,678892.4,Credit Card
18865,747,26,10,2024-03-15 17:00:00,187035.4,Credit Card
20822,328,54,1,2024-03-15 18:00:00,178295.7,Cash
20823,60,54,1,2024-03-15 18:00:00,196186.6,Credit Card
20824,649,305,1,2024-03-15 18:00:00,104732.6,Cash
20825,385,305,1,2024-03-15 18:00:00,812256.0,Cash
20826,276,54,1,2024-03-15 18:00:00,178302.9,Cash
20827,157,54,1,2024-03-15 18:00:00,905761.0,Cash
20828,661,54,1,2024-03-15 18:00:00,875872.7999999999,Cash
20829,41,305,1,2024-03-15 18:00:00,172904.80000000002,Cash
20830,924,54,1,2024-03-15 18:00:00,623104.4,Cash
20831,977,54,1,2024-03-15 18:00:00,900015.0,Cash
20832,5,305,1,2024-03-15 18:00:00,198125.1,Credit Card
20833,123,295,2,2024-03-15 18:00:00,141540.3,Credit Card
20834,889,448,2,2024-03-15 18:00:00,180140.40000000002,Cash
20835,35,202,2,2024-03-15 18:00:00,201989.5,Credit Card
20836,796,302,2,2024-03-15 18:00:00,677264.6,Credit Card
20837,371,302,2,2024-03-15 18:00:00,165040.0,Credit Card
20838,463,202,2,2024-03-15 18:00:00,129558.0,Credit Card
20839,612,202,2,2024-03-15 18:00:00,210523.2,Credit Card
20840,281,91,2,2024-03-15 18:00:00,808832.2,Credit Card
20841,377,345,2,2024-03-15 18:00:00,910267.9,Cash
20842,742,91,2,2024-03-15 18:00:00,153395.4,Cash
20843,387,91,2,2024-03-15 18:00:00,143412.8,Credit Card
20844,972,448,2,2024-03-15 18:00:00,179873.6,Cash
20845,827,257,2,2024-03-15 18:00:00,118515.4,Credit Card
20846,740,257,2,2024-03-15 18:00:00,868752.3,Credit Card
20847,543,216,3,2024-03-15 18:00:00,588023.0,Cash
20848,381,376,3,2024-03-15 18:00:00,123711.1,Cash
20849,906,216,3,2024-03-15 18:00:00,891483.0,Credit Card
20850,807,216,3,2024-03-15 18:00:00,130558.3,Credit Card
20851,562,299,3,2024-03-15 18:00:00,866257.3,Credit Card
20852,73,46,4,2024-03-15 18:00:00,96478.5,Credit Card
20853,175,46,4,2024-03-15 18:00:00,140930.19999999998,Cash
20854,730,480,4,2024-03-15 18:00:00,75545.8,Credit Card
20855,392,139,4,2024-03-15 18:00:00,213638.6,Cash
20856,110,46,4,2024-03-15 18:00:00,93654.8,Cash
20857,669,46,4,2024-03-15 18:00:00,885684.4,Cash
20858,584,139,4,2024-03-15 18:00:00,661063.7000000001,Credit Card
20859,554,480,4,2024-03-15 18:00:00,617449.6,Credit Card
20860,693,69,4,2024-03-15 18:00:00,570888.8,Cash
20861,227,69,4,2024-03-15 18:00:00,598531.9,Cash
20862,103,480,4,2024-03-15 18:00:00,957323.0,Cash
20863,73,480,4,2024-03-15 18:00:00,223700.6,Cash
20864,721,8,5,2024-03-15 18:00:00,130946.5,Cash
20865,558,319,5,2024-03-15 18:00:00,169067.3,Credit Card
20866,544,472,5,2024-03-15 18:00:00,638362.3999999999,Cash
20867,665,8,5,2024-03-15 18:00:00,99939.9,Credit Card
20868,262,221,5,2024-03-15 18:00:00,514480.70000000007,Cash
20869,35,472,5,2024-03-15 18:00:00,87146.20000000001,Credit Card
20870,801,275,6,2024-03-15 18:00:00,989537.3,Cash
20871,73,312,6,2024-03-15 18:00:00,117940.3,Credit Card
20872,930,58,6,2024-03-15 18:00:00,796201.9,Cash
20873,397,111,6,2024-03-15 18:00:00,145780.1,Cash
20874,442,275,6,2024-03-15 18:00:00,554086.6,Credit Card
20875,875,312,6,2024-03-15 18:00:00,673850.0,Credit Card
20876,204,205,6,2024-03-15 18:00:00,134980.3,Credit Card
20877,326,111,6,2024-03-15 18:00:00,761437.0,Cash
20878,410,275,6,2024-03-15 18:00:00,845464.2,Cash
20879,863,161,6,2024-03-15 18:00:00,378474.9,Credit Card
20880,287,312,6,2024-03-15 18:00:00,760037.3999999999,Cash
20881,818,331,7,2024-03-15 18:00:00,642709.9,Cash
20882,272,331,7,2024-03-15 18:00:00,135050.1,Credit Card
20883,446,331,7,2024-03-15 18:00:00,961121.5,Cash
20884,215,251,7,2024-03-15 18:00:00,136389.69999999998,Cash
20885,58,13,7,2024-03-15 18:00:00,138619.9,Cash
20886,442,378,7,2024-03-15 18:00:00,1034230.6,Cash
20887,817,331,7,2024-03-15 18:00:00,1127273.9,Cash
20888,239,331,7,2024-03-15 18:00:00,933553.9,Cash
20889,487,157,8,2024-03-15 18:00:00,668297.0,Credit Card
20890,200,112,8,2024-03-15 18:00:00,1022696.3,Credit Card
20891,516,382,8,2024-03-15 18:00:00,96534.6,Cash
20892,498,332,8,2024-03-15 18:00:00,298130.5,Cash
20893,893,157,8,2024-03-15 18:00:00,754121.3,Cash
20894,815,71,8,2024-03-15 18:00:00,1090030.2,Cash
20895,275,322,8,2024-03-15 18:00:00,701560.5,Credit Card
20896,800,193,8,2024-03-15 18:00:00,121770.6,Credit Card
20897,766,322,8,2024-03-15 18:00:00,80916.3,Credit Card
20898,679,157,8,2024-03-15 18:00:00,162368.19999999998,Cash
20899,245,332,8,2024-03-15 18:00:00,869551.6000000001,Cash
20900,411,193,8,2024-03-15 18:00:00,94849.0,Credit Card
20901,881,157,8,2024-03-15 18:00:00,186837.7,Cash
20902,684,186,9,2024-03-15 18:00:00,137959.3,Cash
20903,989,186,9,2024-03-15 18:00:00,166323.5,Credit Card
20904,96,147,9,2024-03-15 18:00:00,857745.2,Credit Card
20905,57,186,9,2024-03-15 18:00:00,186407.1,Credit Card
20906,102,147,9,2024-03-15 18:00:00,155521.0,Credit Card
20907,970,147,9,2024-03-15 18:00:00,645153.2,Cash
20908,914,186,9,2024-03-15 18:00:00,630597.2,Cash
20909,206,147,9,2024-03-15 18:00:00,144031.0,Credit Card
20910,959,147,9,2024-03-15 18:00:00,122122.9,Cash
20911,936,186,9,2024-03-15 18:00:00,133773.1,Credit Card
20912,185,186,9,2024-03-15 18:00:00,136369.5,Cash
20913,285,147,9,2024-03-15 18:00:00,173434.80000000002,Credit Card
20914,231,186,9,2024-03-15 18:00:00,110779.4,Cash
20915,868,147,9,2024-03-15 18:00:00,91058.4,Cash
20916,673,147,9,2024-03-15 18:00:00,593674.4,Cash
20917,521,26,10,2024-03-15 18:00:00,149110.7,Credit Card
20918,998,26,10,2024-03-15 18:00:00,849238.3,Cash
20919,544,26,10,2024-03-15 18:00:00,725104.0,Cash
20920,824,26,10,2024-03-15 18:00:00,700767.4,Credit Card
20921,999,194,10,2024-03-15 18:00:00,633631.7,Credit Card
20922,523,26,10,2024-03-15 18:00:00,159602.4,Cash
22827,561,305,1,2024-03-15 19:00:00,836920.7,Cash
22828,187,54,1,2024-03-15 19:00:00,56986.0,Cash
22829,296,305,1,2024-03-15 19:00:00,203869.2,Cash
22830,987,305,1,2024-03-15 19:00:00,118473.0,Credit Card
22831,585,54,1,2024-03-15 19:00:00,198222.7,Credit Card
22832,220,54,1,2024-03-15 19:00:00,775599.7,Credit Card
22833,746,448,2,2024-03-15 19:00:00,93020.9,Credit Card
22834,759,91,2,2024-03-15 19:00:00,396547.3,Credit Card
22835,480,202,2,2024-03-15 19:00:00,88533.6,Cash
22836,356,345,2,2024-03-15 19:00:00,180800.1,Cash
22837,160,302,2,2024-03-15 19:00:00,169178.6,Cash
22838,780,345,2,2024-03-15 19:00:00,210979.6,Cash
22839,847,448,2,2024-03-15 19:00:00,948929.0,Credit Card
22840,714,216,3,2024-03-15 19:00:00,325066.4,Cash
22841,910,216,3,2024-03-15 19:00:00,132581.4,Credit Card
22842,323,258,3,2024-03-15 19:00:00,908952.6,Credit Card
22843,236,258,3,2024-03-15 19:00:00,170813.5,Credit Card
22844,774,258,3,2024-03-15 19:00:00,98482.5,Credit Card
22845,649,376,3,2024-03-15 19:00:00,117543.8,Credit Card
22846,564,258,3,2024-03-15 19:00:00,731754.8,Credit Card
22847,127,299,3,2024-03-15 19:00:00,194098.9,Credit Card
22848,174,46,4,2024-03-15 19:00:00,596527.2,Cash
22849,518,139,4,2024-03-15 19:00:00,1002628.7,Cash
22850,423,46,4,2024-03-15 19:00:00,93033.69999999998,Cash
22851,68,139,4,2024-03-15 19:00:00,145437.7,Credit Card
22852,255,69,4,2024-03-15 19:00:00,182286.9,Cash
22853,64,139,4,2024-03-15 19:00:00,110351.5,Credit Card
22854,937,319,5,2024-03-15 19:00:00,954928.1,Credit Card
22855,598,8,5,2024-03-15 19:00:00,695464.1000000001,Credit Card
22856,410,319,5,2024-03-15 19:00:00,673987.0,Cash
22857,347,146,5,2024-03-15 19:00:00,888058.4,Cash
22858,44,8,5,2024-03-15 19:00:00,558495.9,Credit Card
22859,581,111,6,2024-03-15 19:00:00,774267.8999999999,Credit Card
22860,351,161,6,2024-03-15 19:00:00,171999.6,Credit Card
22861,313,161,6,2024-03-15 19:00:00,757728.2,Credit Card
22862,523,312,6,2024-03-15 19:00:00,155982.8,Credit Card
22863,483,312,6,2024-03-15 19:00:00,986355.6,Cash
22864,952,58,6,2024-03-15 19:00:00,141302.90000000002,Credit Card
22865,6,275,6,2024-03-15 19:00:00,776967.3,Cash
22866,587,275,6,2024-03-15 19:00:00,94801.2,Credit Card
22867,48,343,7,2024-03-15 19:00:00,83661.9,Cash
22868,914,251,7,2024-03-15 19:00:00,959567.4,Cash
22869,66,343,7,2024-03-15 19:00:00,201685.9,Cash
22870,119,490,7,2024-03-15 19:00:00,875477.5,Credit Card
22871,401,331,7,2024-03-15 19:00:00,121798.2,Credit Card
22872,396,382,8,2024-03-15 19:00:00,143761.5,Cash
22873,594,11,8,2024-03-15 19:00:00,800039.6,Credit Card
22874,966,332,8,2024-03-15 19:00:00,166130.3,Credit Card
22875,911,147,9,2024-03-15 19:00:00,147437.0,Cash
22876,294,186,9,2024-03-15 19:00:00,158059.5,Credit Card
22877,923,147,9,2024-03-15 19:00:00,836758.7000000001,Credit Card
22878,476,147,9,2024-03-15 19:00:00,88551.1,Credit Card
22879,957,26,10,2024-03-15 19:00:00,114095.4,Cash
22880,720,26,10,2024-03-15 19:00:00,198215.3,Credit Card
22881,134,194,10,2024-03-15 19:00:00,954793.4,Credit Card
22882,927,26,10,2024-03-15 19:00:00,187337.2,Credit Card
22883,628,26,10,2024-03-15 19:00:00,138411.2,Credit Card
22884,251,26,10,2024-03-15 19:00:00,99088.80000000002,Credit Card
22885,851,26,10,2024-03-15 19:00:00,186230.3,Cash
23786,445,54,1,2024-03-15 20:00:00,1002317.0,Cash
23787,156,54,1,2024-03-15 20:00:00,257809.5,Credit Card
23788,802,54,1,2024-03-15 20:00:00,125451.7,Cash
23789,564,54,1,2024-03-15 20:00:00,419786.5,Credit Card
23790,600,305,1,2024-03-15 20:00:00,469026.8000000001,Credit Card
23791,561,295,2,2024-03-15 20:00:00,459165.9,Cash
23792,49,345,2,2024-03-15 20:00:00,436296.4,Cash
23793,641,295,2,2024-03-15 20:00:00,1061600.1,Cash
23794,768,302,2,2024-03-15 20:00:00,170884.4,Credit Card
23795,403,345,2,2024-03-15 20:00:00,92544.3,Cash
23796,793,448,2,2024-03-15 20:00:00,146432.4,Cash
23797,563,299,3,2024-03-15 20:00:00,535877.1,Cash
23798,370,31,3,2024-03-15 20:00:00,589306.2000000001,Cash
23799,324,31,3,2024-03-15 20:00:00,143122.0,Cash
23800,242,376,3,2024-03-15 20:00:00,498994.0,Credit Card
23801,900,31,3,2024-03-15 20:00:00,632669.4,Cash
23802,897,216,3,2024-03-15 20:00:00,594453.2,Cash
23803,805,69,4,2024-03-15 20:00:00,137942.9,Cash
23804,38,480,4,2024-03-15 20:00:00,558314.9,Credit Card
23805,559,139,4,2024-03-15 20:00:00,199738.0,Credit Card
23806,935,69,4,2024-03-15 20:00:00,698140.5,Cash
23807,921,190,5,2024-03-15 20:00:00,207297.4,Credit Card
23808,705,190,5,2024-03-15 20:00:00,157155.9,Cash
23809,317,472,5,2024-03-15 20:00:00,165408.9,Credit Card
23810,488,190,5,2024-03-15 20:00:00,212557.5,Cash
23811,998,111,6,2024-03-15 20:00:00,618440.0,Cash
23812,709,297,6,2024-03-15 20:00:00,583831.5000000001,Cash
23813,804,58,6,2024-03-15 20:00:00,123184.7,Cash
23814,481,262,7,2024-03-15 20:00:00,456282.5,Cash
23815,597,331,7,2024-03-15 20:00:00,94057.8,Cash
23816,413,490,7,2024-03-15 20:00:00,1029215.2,Cash
23817,485,71,8,2024-03-15 20:00:00,96421.5,Credit Card
23818,40,157,8,2024-03-15 20:00:00,711335.3,Credit Card
23819,787,71,8,2024-03-15 20:00:00,998333.3,Credit Card
23820,979,332,8,2024-03-15 20:00:00,204253.8,Credit Card
23821,610,71,8,2024-03-15 20:00:00,174983.3,Cash
23822,752,112,8,2024-03-15 20:00:00,78706.29999999999,Cash
23823,381,71,8,2024-03-15 20:00:00,184860.4,Cash
23824,947,147,9,2024-03-15 20:00:00,476450.5,Cash
23825,802,147,9,2024-03-15 20:00:00,90860.5,Cash
23826,240,186,9,2024-03-15 20:00:00,85755.9,Credit Card
23827,340,186,9,2024-03-15 20:00:00,404787.0,Cash
23828,902,26,10,2024-03-15 20:00:00,935035.1,Cash
23829,176,194,10,2024-03-15 20:00:00,166809.3,Credit Card
23830,913,194,10,2024-03-15 20:00:00,568549.2000000001,Credit Card
24678,720,54,1,2024-03-15 21:00:00,80310.9,Credit Card
24679,112,305,1,2024-03-15 21:00:00,140964.30000000002,Credit Card
24680,819,54,1,2024-03-15 21:00:00,69037.2,Credit Card
24681,850,54,1,2024-03-15 21:00:00,100701.7,Credit Card
24682,155,305,1,2024-03-15 21:00:00,888824.6000000001,Cash
24683,979,54,1,2024-03-15 21:00:00,185501.7,Credit Card
24684,721,54,1,2024-03-15 21:00:00,154447.09999999998,Cash
24685,759,305,1,2024-03-15 21:00:00,751999.6000000001,Cash
24686,907,257,2,2024-03-15 21:00:00,73034.9,Cash
24687,371,91,2,2024-03-15 21:00:00,128327.0,Cash
24688,485,295,2,2024-03-15 21:00:00,172353.69999999998,Cash
24689,929,258,3,2024-03-15 21:00:00,550389.7,Cash
24690,636,216,3,2024-03-15 21:00:00,665418.5,Cash
24691,63,376,3,2024-03-15 21:00:00,592924.3999999999,Cash
24692,50,258,3,2024-03-15 21:00:00,115402.7,Credit Card
24693,756,299,3,2024-03-15 21:00:00,168281.5,Cash
24694,871,299,3,2024-03-15 21:00:00,141332.3,Credit Card
24695,474,139,4,2024-03-15 21:00:00,634608.2,Cash
24696,308,480,4,2024-03-15 21:00:00,183331.2,Cash
24697,25,139,4,2024-03-15 21:00:00,95220.8,Cash
24698,679,480,4,2024-03-15 21:00:00,183029.4,Cash
24699,695,139,4,2024-03-15 21:00:00,168448.0,Credit Card
24700,481,190,5,2024-03-15 21:00:00,671939.0,Credit Card
24701,379,190,5,2024-03-15 21:00:00,108341.2,Cash
24702,486,146,5,2024-03-15 21:00:00,175802.30000000002,Credit Card
24703,628,472,5,2024-03-15 21:00:00,169106.80000000002,Credit Card
24704,247,146,5,2024-03-15 21:00:00,1216544.9,Credit Card
24705,514,190,5,2024-03-15 21:00:00,186141.2,Credit Card
24706,114,319,5,2024-03-15 21:00:00,939105.5,Credit Card
24707,955,190,5,2024-03-15 21:00:00,719247.5,Credit Card
24708,247,161,6,2024-03-15 21:00:00,376846.1,Credit Card
24709,775,58,6,2024-03-15 21:00:00,177203.4,Cash
24710,252,205,6,2024-03-15 21:00:00,102796.8,Credit Card
24711,355,58,6,2024-03-15 21:00:00,793153.0,Cash
24712,355,58,6,2024-03-15 21:00:00,449496.1,Credit Card
24713,742,58,6,2024-03-15 21:00:00,102718.5,Credit Card
24714,42,161,6,2024-03-15 21:00:00,82041.6,Cash
24715,129,111,6,2024-03-15 21:00:00,768168.5,Cash
24716,782,13,7,2024-03-15 21:00:00,157929.6,Credit Card
24717,127,378,7,2024-03-15 21:00:00,107873.8,Cash
24718,863,378,7,2024-03-15 21:00:00,703619.2000000001,Credit Card
24719,141,262,7,2024-03-15 21:00:00,751738.0,Cash
24720,136,262,7,2024-03-15 21:00:00,120355.6,Credit Card
24721,242,331,7,2024-03-15 21:00:00,611652.7,Credit Card
24722,167,71,8,2024-03-15 21:00:00,818654.6000000001,Cash
24723,889,193,8,2024-03-15 21:00:00,135954.4,Credit Card
24724,308,71,8,2024-03-15 21:00:00,136554.4,Credit Card
24725,541,11,8,2024-03-15 21:00:00,113315.0,Credit Card
24726,267,186,9,2024-03-15 21:00:00,721765.0,Cash
24727,358,186,9,2024-03-15 21:00:00,141488.9,Credit Card
24728,502,147,9,2024-03-15 21:00:00,457982.8000000001,Cash
24729,490,194,10,2024-03-15 21:00:00,660354.4,Credit Card
24730,213,26,10,2024-03-15 21:00:00,140397.7,Cash
24731,160,194,10,2024-03-15 21:00:00,214187.0,Cash
24732,467,26,10,2024-03-15 21:00:00,667034.6,Cash
24733,29,26,10,2024-03-15 21:00:00,838180.1,Credit Card
24734,530,194,10,2024-03-15 21:00:00,124130.7,Cash
24735,875,194,10,2024-03-15 21:00:00,757773.5,Credit Card
24736,343,26,10,2024-03-15 21:00:00,687280.4,Cash
25560,647,54,1,2024-03-15 22:00:00,182323.7,Cash
25561,730,54,1,2024-03-15 22:00:00,86285.9,Cash
25562,187,54,1,2024-03-15 22:00:00,80312.7,Credit Card
25563,926,54,1,2024-03-15 22:00:00,145649.5,Cash
25564,506,54,1,2024-03-15 22:00:00,790981.3,Cash
25565,457,305,1,2024-03-15 22:00:00,134467.6,Cash
25566,841,305,1,2024-03-15 22:00:00,100895.8,Credit Card
25567,165,91,2,2024-03-15 22:00:00,996763.1,Credit Card
25568,950,202,2,2024-03-15 22:00:00,117092.8,Credit Card
25569,97,302,2,2024-03-15 22:00:00,193209.2,Credit Card
25570,424,295,2,2024-03-15 22:00:00,169816.1,Credit Card
25571,562,295,2,2024-03-15 22:00:00,487031.3000000001,Credit Card
25572,346,216,3,2024-03-15 22:00:00,773492.8,Credit Card
25573,797,258,3,2024-03-15 22:00:00,734347.6000000001,Cash
25574,98,31,3,2024-03-15 22:00:00,1137283.8,Credit Card
25575,763,216,3,2024-03-15 22:00:00,54787.0,Cash
25576,183,376,3,2024-03-15 22:00:00,441469.0,Cash
25577,564,31,3,2024-03-15 22:00:00,758532.2999999999,Cash
25578,960,216,3,2024-03-15 22:00:00,156338.0,Credit Card
25579,384,46,4,2024-03-15 22:00:00,169821.7,Cash
25580,727,139,4,2024-03-15 22:00:00,90311.2,Credit Card
25581,183,69,4,2024-03-15 22:00:00,652461.3,Cash
25582,864,139,4,2024-03-15 22:00:00,119838.4,Cash
25583,40,46,4,2024-03-15 22:00:00,663667.8,Cash
25584,510,46,4,2024-03-15 22:00:00,129488.2,Credit Card
25585,529,319,5,2024-03-15 22:00:00,653299.4,Cash
25586,528,190,5,2024-03-15 22:00:00,586377.1,Cash
25587,804,221,5,2024-03-15 22:00:00,111850.2,Credit Card
25588,215,472,5,2024-03-15 22:00:00,164642.6,Cash
25589,225,146,5,2024-03-15 22:00:00,566762.0,Credit Card
25590,459,319,5,2024-03-15 22:00:00,1126071.5,Cash
25591,63,161,6,2024-03-15 22:00:00,1220139.9,Cash
25592,402,205,6,2024-03-15 22:00:00,198068.1,Credit Card
25593,671,481,6,2024-03-15 22:00:00,601270.0,Credit Card
25594,430,111,6,2024-03-15 22:00:00,138492.0,Cash
25595,859,13,7,2024-03-15 22:00:00,155503.5,Credit Card
25596,516,343,7,2024-03-15 22:00:00,197335.7,Cash
25597,774,331,7,2024-03-15 22:00:00,141985.5,Credit Card
25598,992,343,7,2024-03-15 22:00:00,854663.5,Credit Card
25599,628,343,7,2024-03-15 22:00:00,115949.30000000002,Cash
25600,758,378,7,2024-03-15 22:00:00,149306.6,Cash
25601,305,331,7,2024-03-15 22:00:00,95523.5,Cash
25602,903,71,8,2024-03-15 22:00:00,526565.3999999999,Cash
25603,23,112,8,2024-03-15 22:00:00,949807.2,Cash
25604,284,332,8,2024-03-15 22:00:00,1007453.1,Credit Card
25605,833,186,9,2024-03-15 22:00:00,687311.3,Credit Card
25606,156,147,9,2024-03-15 22:00:00,630661.2999999999,Credit Card
25607,873,147,9,2024-03-15 22:00:00,95807.8,Cash
25608,774,147,9,2024-03-15 22:00:00,153943.8,Credit Card
25609,160,147,9,2024-03-15 22:00:00,133215.5,Cash
25610,421,26,10,2024-03-15 22:00:00,906934.0,Cash
25611,119,194,10,2024-03-15 22:00:00,398530.3,Cash
25612,254,194,10,2024-03-15 22:00:00,189830.6,Cash
25613,222,26,10,2024-03-15 22:00:00,741631.6000000001,Credit Card
25614,168,26,10,2024-03-15 22:00:00,872024.5,Credit Card
25615,530,26,10,2024-03-15 22:00:00,142147.7,Cash
25616,116,194,10,2024-03-15 22:00:00,138599.7,Cash
26530,422,376,3,2024-03-15 23:00:00,186578.1,Cash
26531,896,13,7,2024-03-15 23:00:00,514485.7,Credit Card
26532,503,490,7,2024-03-15 23:00:00,668014.7,Credit Card
26533,247,13,7,2024-03-15 23:00:00,609812.5,Cash
26534,711,147,9,2024-03-15 23:00:00,737937.1000000001,Cash
26799,521,305,1,2024-03-16 00:00:00,161104.9,Cash
26800,522,54,1,2024-03-16 00:00:00,657389.3999999999,Credit Card
26801,118,305,1,2024-03-16 00:00:00,164650.90000000002,Credit Card
26802,646,295,2,2024-03-16 00:00:00,172837.7,Cash
26803,81,345,2,2024-03-16 00:00:00,996805.9,Cash
26804,164,480,4,2024-03-16 00:00:00,156762.1,Credit Card
26805,335,139,4,2024-03-16 00:00:00,154448.9,Credit Card
26806,827,480,4,2024-03-16 00:00:00,145677.1,Credit Card
26807,44,221,5,2024-03-16 00:00:00,723812.8,Credit Card
26808,121,221,5,2024-03-16 00:00:00,150048.4,Credit Card
26809,523,262,7,2024-03-16 00:00:00,111507.1,Cash
26810,402,331,7,2024-03-16 00:00:00,143221.40000000002,Cash
26811,288,262,7,2024-03-16 00:00:00,75746.4,Cash
26812,274,112,8,2024-03-16 00:00:00,739736.4,Cash
26813,650,112,8,2024-03-16 00:00:00,165725.5,Cash
26814,473,147,9,2024-03-16 00:00:00,178250.6,Cash
26815,51,147,9,2024-03-16 00:00:00,125354.3,Credit Card
26816,584,26,10,2024-03-16 00:00:00,592650.8999999999,Cash
27115,723,257,2,2024-03-16 01:00:00,841739.2,Credit Card
27116,859,257,2,2024-03-16 01:00:00,115572.1,Cash
27117,300,345,2,2024-03-16 01:00:00,998540.3,Credit Card
27118,942,376,3,2024-03-16 01:00:00,152776.3,Credit Card
27119,119,258,3,2024-03-16 01:00:00,538257.1,Cash
27120,850,139,4,2024-03-16 01:00:00,127275.3,Cash
27121,135,480,4,2024-03-16 01:00:00,65581.4,Credit Card
27122,301,46,4,2024-03-16 01:00:00,150937.2,Credit Card
27123,917,146,5,2024-03-16 01:00:00,71850.79999999999,Credit Card
27124,847,8,5,2024-03-16 01:00:00,635542.6,Credit Card
27125,78,319,5,2024-03-16 01:00:00,157615.0,Credit Card
27126,7,111,6,2024-03-16 01:00:00,158789.0,Cash
27127,892,312,6,2024-03-16 01:00:00,112065.6,Cash
27128,386,275,6,2024-03-16 01:00:00,136145.1,Cash
27129,60,378,7,2024-03-16 01:00:00,160098.3,Credit Card
27130,834,112,8,2024-03-16 01:00:00,109448.8,Credit Card
27131,836,112,8,2024-03-16 01:00:00,135890.9,Cash
27132,896,71,8,2024-03-16 01:00:00,818595.2,Credit Card
27133,992,147,9,2024-03-16 01:00:00,999564.6,Cash
27134,677,186,9,2024-03-16 01:00:00,82059.1,Credit Card
27135,356,147,9,2024-03-16 01:00:00,122122.0,Credit Card
27136,385,26,10,2024-03-16 01:00:00,883926.8999999999,Credit Card
27137,464,194,10,2024-03-16 01:00:00,130307.0,Credit Card
27138,961,194,10,2024-03-16 01:00:00,149029.7,Cash
27422,990,305,1,2024-03-16 02:00:00,217168.0,Credit Card
27423,778,54,1,2024-03-16 02:00:00,76138.40000000001,Credit Card
27424,140,202,2,2024-03-16 02:00:00,124202.3,Credit Card
27425,723,91,2,2024-03-16 02:00:00,825701.2999999999,Credit Card
27426,174,376,3,2024-03-16 02:00:00,1156160.8,Cash
27427,844,216,3,2024-03-16 02:00:00,157865.2,Cash
27428,411,69,4,2024-03-16 02:00:00,137664.0,Credit Card
27429,141,139,4,2024-03-16 02:00:00,625098.6,Credit Card
27430,516,139,4,2024-03-16 02:00:00,213096.7,Cash
27431,693,161,6,2024-03-16 02:00:00,670306.8,Cash
27432,698,312,6,2024-03-16 02:00:00,607082.4000000001,Cash
27433,119,275,6,2024-03-16 02:00:00,710719.2999999999,Credit Card
27434,654,331,7,2024-03-16 02:00:00,109624.7,Cash
27435,391,382,8,2024-03-16 02:00:00,1081388.3,Credit Card
27436,601,322,8,2024-03-16 02:00:00,90234.0,Credit Card
27437,215,332,8,2024-03-16 02:00:00,135755.8,Cash
27438,573,186,9,2024-03-16 02:00:00,107559.0,Credit Card
27725,204,54,1,2024-03-16 03:00:00,155347.09999999998,Cash
27726,363,305,1,2024-03-16 03:00:00,526634.2999999999,Cash
27727,172,258,3,2024-03-16 03:00:00,110358.0,Cash
27728,71,46,4,2024-03-16 03:00:00,612570.1,Cash
27729,717,46,4,2024-03-16 03:00:00,746429.6,Cash
27730,856,190,5,2024-03-16 03:00:00,1023435.5,Credit Card
27731,2,481,6,2024-03-16 03:00:00,848832.8999999999,Cash
27732,812,481,6,2024-03-16 03:00:00,155494.1,Cash
27733,389,111,6,2024-03-16 03:00:00,67918.4,Cash
27734,155,331,7,2024-03-16 03:00:00,846996.7000000001,Credit Card
27735,846,157,8,2024-03-16 03:00:00,152135.9,Cash
27736,712,11,8,2024-03-16 03:00:00,116811.4,Cash
27737,781,11,8,2024-03-16 03:00:00,64125.8,Cash
27738,435,26,10,2024-03-16 03:00:00,65665.1,Cash
28030,409,345,2,2024-03-16 04:00:00,137336.4,Credit Card
28031,320,91,2,2024-03-16 04:00:00,168978.9,Cash
28032,762,376,3,2024-03-16 04:00:00,140750.90000000002,Cash
28033,711,69,4,2024-03-16 04:00:00,811976.5,Cash
28034,564,472,5,2024-03-16 04:00:00,686918.7000000001,Credit Card
28035,409,481,6,2024-03-16 04:00:00,154689.2,Cash
28036,209,297,6,2024-03-16 04:00:00,904464.5,Cash
28037,2,343,7,2024-03-16 04:00:00,518877.1,Credit Card
28038,199,186,9,2024-03-16 04:00:00,103234.6,Cash
28039,744,147,9,2024-03-16 04:00:00,895211.5,Cash
28040,248,26,10,2024-03-16 04:00:00,383992.0,Credit Card
28328,125,202,2,2024-03-16 05:00:00,309668.6,Credit Card
28329,190,257,2,2024-03-16 05:00:00,243393.6,Credit Card
28330,702,258,3,2024-03-16 05:00:00,67469.40000000001,Cash
28331,186,376,3,2024-03-16 05:00:00,65730.4,Credit Card
28332,650,139,4,2024-03-16 05:00:00,153185.8,Credit Card
28333,702,139,4,2024-03-16 05:00:00,130350.3,Cash
28334,830,139,4,2024-03-16 05:00:00,142934.2,Credit Card
28335,390,190,5,2024-03-16 05:00:00,622623.2,Cash
28336,479,8,5,2024-03-16 05:00:00,647394.7000000001,Credit Card
28337,978,146,5,2024-03-16 05:00:00,214920.3,Credit Card
28338,374,490,7,2024-03-16 05:00:00,830979.5,Credit Card
28339,705,490,7,2024-03-16 05:00:00,133921.0,Credit Card
28340,503,71,8,2024-03-16 05:00:00,880820.5,Credit Card
28341,838,11,8,2024-03-16 05:00:00,141518.3,Credit Card
28342,716,194,10,2024-03-16 05:00:00,210568.3,Cash
28611,273,305,1,2024-03-16 06:00:00,613438.6,Credit Card
28612,592,305,1,2024-03-16 06:00:00,770535.3,Cash
28613,118,54,1,2024-03-16 06:00:00,91745.7,Cash
28614,719,54,1,2024-03-16 06:00:00,73099.3,Cash
28615,926,54,1,2024-03-16 06:00:00,133524.5,Cash
28616,970,54,1,2024-03-16 06:00:00,612471.6,Cash
28617,723,295,2,2024-03-16 06:00:00,499831.2,Cash
28618,942,257,2,2024-03-16 06:00:00,174435.8,Cash
28619,763,295,2,2024-03-16 06:00:00,127993.1,Cash
28620,831,448,2,2024-03-16 06:00:00,939876.4,Credit Card
28621,653,345,2,2024-03-16 06:00:00,187932.5,Cash
28622,808,345,2,2024-03-16 06:00:00,1041908.7,Cash
28623,232,345,2,2024-03-16 06:00:00,908201.8,Credit Card
28624,281,345,2,2024-03-16 06:00:00,944827.6,Credit Card
28625,48,202,2,2024-03-16 06:00:00,161076.4,Cash
28626,475,302,2,2024-03-16 06:00:00,669754.2000000001,Credit Card
28627,952,216,3,2024-03-16 06:00:00,204673.4,Credit Card
28628,945,258,3,2024-03-16 06:00:00,1047528.1,Cash
28629,12,31,3,2024-03-16 06:00:00,206710.4,Cash
28630,162,216,3,2024-03-16 06:00:00,131149.8,Credit Card
28631,34,216,3,2024-03-16 06:00:00,738088.6000000001,Cash
28632,204,258,3,2024-03-16 06:00:00,210229.7,Credit Card
28633,561,299,3,2024-03-16 06:00:00,716781.5,Cash
28634,679,216,3,2024-03-16 06:00:00,138400.0,Credit Card
28635,898,31,3,2024-03-16 06:00:00,663426.6,Cash
28636,792,299,3,2024-03-16 06:00:00,263658.8,Credit Card
28637,262,258,3,2024-03-16 06:00:00,870383.2999999999,Cash
28638,638,31,3,2024-03-16 06:00:00,663645.1000000001,Credit Card
28639,829,299,3,2024-03-16 06:00:00,151466.1,Cash
28640,865,299,3,2024-03-16 06:00:00,89244.0,Cash
28641,704,46,4,2024-03-16 06:00:00,67707.7,Cash
28642,109,46,4,2024-03-16 06:00:00,163039.8,Credit Card
28643,807,480,4,2024-03-16 06:00:00,126060.9,Cash
28644,683,139,4,2024-03-16 06:00:00,580468.9,Credit Card
28645,22,139,4,2024-03-16 06:00:00,101455.2,Cash
28646,941,69,4,2024-03-16 06:00:00,169351.6,Cash
28647,574,46,4,2024-03-16 06:00:00,206379.2,Credit Card
28648,599,139,4,2024-03-16 06:00:00,190799.5,Credit Card
28649,901,472,5,2024-03-16 06:00:00,195374.1,Credit Card
28650,38,146,5,2024-03-16 06:00:00,566825.5,Credit Card
28651,110,146,5,2024-03-16 06:00:00,95906.3,Cash
28652,988,472,5,2024-03-16 06:00:00,134421.59999999998,Credit Card
28653,394,8,5,2024-03-16 06:00:00,74343.3,Cash
28654,341,472,5,2024-03-16 06:00:00,195045.6,Credit Card
28655,677,472,5,2024-03-16 06:00:00,119384.0,Credit Card
28656,888,472,5,2024-03-16 06:00:00,168735.0,Credit Card
28657,874,319,5,2024-03-16 06:00:00,180913.2,Credit Card
28658,469,190,5,2024-03-16 06:00:00,597664.2,Credit Card
28659,707,111,6,2024-03-16 06:00:00,486795.70000000007,Cash
28660,53,161,6,2024-03-16 06:00:00,550458.2,Credit Card
28661,6,275,6,2024-03-16 06:00:00,1044868.5,Credit Card
28662,465,275,6,2024-03-16 06:00:00,87612.7,Credit Card
28663,152,205,6,2024-03-16 06:00:00,1249355.6,Cash
28664,953,161,6,2024-03-16 06:00:00,157944.4,Cash
28665,686,161,6,2024-03-16 06:00:00,73004.6,Credit Card
28666,736,111,6,2024-03-16 06:00:00,145365.2,Credit Card
28667,588,205,6,2024-03-16 06:00:00,654398.8,Credit Card
28668,117,297,6,2024-03-16 06:00:00,120118.19999999998,Cash
28669,704,161,6,2024-03-16 06:00:00,170798.0,Credit Card
28670,531,205,6,2024-03-16 06:00:00,1176055.1,Credit Card
28671,371,275,6,2024-03-16 06:00:00,150928.90000000002,Cash
28672,864,378,7,2024-03-16 06:00:00,142956.4,Cash
28673,328,331,7,2024-03-16 06:00:00,144305.0,Credit Card
28674,674,331,7,2024-03-16 06:00:00,161010.9,Cash
28675,162,13,7,2024-03-16 06:00:00,137905.2,Cash
28676,225,13,7,2024-03-16 06:00:00,692841.5,Cash
28677,934,262,7,2024-03-16 06:00:00,918363.6,Credit Card
28678,215,378,7,2024-03-16 06:00:00,109386.4,Credit Card
28679,275,343,7,2024-03-16 06:00:00,784557.6,Cash
28680,339,262,7,2024-03-16 06:00:00,132111.3,Cash
28681,444,13,7,2024-03-16 06:00:00,174128.6,Cash
28682,506,490,7,2024-03-16 06:00:00,467760.0,Credit Card
28683,911,262,7,2024-03-16 06:00:00,135247.8,Cash
28684,276,490,7,2024-03-16 06:00:00,189725.8,Cash
28685,342,11,8,2024-03-16 06:00:00,149646.30000000002,Cash
28686,790,71,8,2024-03-16 06:00:00,134422.7,Credit Card
28687,819,332,8,2024-03-16 06:00:00,89657.1,Credit Card
28688,952,332,8,2024-03-16 06:00:00,183614.6,Credit Card
28689,824,11,8,2024-03-16 06:00:00,840663.1,Cash
28690,953,112,8,2024-03-16 06:00:00,195383.3,Credit Card
28691,59,332,8,2024-03-16 06:00:00,73609.1,Credit Card
28692,184,322,8,2024-03-16 06:00:00,737306.3,Credit Card
28693,735,193,8,2024-03-16 06:00:00,946740.8,Credit Card
28694,798,332,8,2024-03-16 06:00:00,163159.4,Cash
28695,460,332,8,2024-03-16 06:00:00,857958.8999999999,Cash
28696,606,11,8,2024-03-16 06:00:00,613821.2,Cash
28697,479,147,9,2024-03-16 06:00:00,770253.0,Credit Card
28698,576,186,9,2024-03-16 06:00:00,695826.1,Cash
28699,958,147,9,2024-03-16 06:00:00,923873.9,Credit Card
28700,112,147,9,2024-03-16 06:00:00,100041.1,Credit Card
28701,850,186,9,2024-03-16 06:00:00,119058.2,Credit Card
28702,753,147,9,2024-03-16 06:00:00,481324.5,Credit Card
28703,860,186,9,2024-03-16 06:00:00,801462.8999999999,Credit Card
28704,474,186,9,2024-03-16 06:00:00,883154.2,Credit Card
28705,149,186,9,2024-03-16 06:00:00,93343.8,Credit Card
28706,958,186,9,2024-03-16 06:00:00,562368.1,Cash
28707,474,147,9,2024-03-16 06:00:00,793748.7999999999,Credit Card
28708,152,26,10,2024-03-16 06:00:00,432112.7,Credit Card
28709,43,26,10,2024-03-16 06:00:00,612514.4,Cash
28710,891,194,10,2024-03-16 06:00:00,735956.3999999999,Cash
28711,375,26,10,2024-03-16 06:00:00,736058.8999999999,Credit Card
28712,526,194,10,2024-03-16 06:00:00,134085.90000000002,Cash
28713,280,194,10,2024-03-16 06:00:00,632480.8,Cash
28714,24,194,10,2024-03-16 06:00:00,96945.9,Cash
28715,346,194,10,2024-03-16 06:00:00,417984.0,Cash
28716,954,194,10,2024-03-16 06:00:00,329833.3,Cash
28717,154,26,10,2024-03-16 06:00:00,81767.4,Credit Card
28718,903,194,10,2024-03-16 06:00:00,504036.8,Credit Card
28719,957,194,10,2024-03-16 06:00:00,140335.09999999998,Credit Card
30593,742,305,1,2024-03-16 07:00:00,110877.7,Cash
30594,614,54,1,2024-03-16 07:00:00,134028.7,Cash
30595,105,305,1,2024-03-16 07:00:00,719940.1,Credit Card
30596,594,54,1,2024-03-16 07:00:00,976015.4,Cash
30597,960,54,1,2024-03-16 07:00:00,148638.8,Cash
30598,177,305,1,2024-03-16 07:00:00,103144.6,Credit Card
30599,91,54,1,2024-03-16 07:00:00,115748.69999999998,Credit Card
30600,443,305,1,2024-03-16 07:00:00,149908.4,Cash
30601,557,305,1,2024-03-16 07:00:00,146582.3,Cash
30602,241,54,1,2024-03-16 07:00:00,126983.8,Cash
30603,542,54,1,2024-03-16 07:00:00,966050.4,Cash
30604,270,448,2,2024-03-16 07:00:00,202340.0,Credit Card
30605,803,448,2,2024-03-16 07:00:00,1008751.7,Cash
30606,707,295,2,2024-03-16 07:00:00,389701.8000000001,Credit Card
30607,869,91,2,2024-03-16 07:00:00,752302.8,Credit Card
30608,589,448,2,2024-03-16 07:00:00,656201.2,Credit Card
30609,273,295,2,2024-03-16 07:00:00,577298.9,Cash
30610,443,295,2,2024-03-16 07:00:00,113244.3,Cash
30611,356,302,2,2024-03-16 07:00:00,60330.5,Cash
30612,524,257,2,2024-03-16 07:00:00,984473.4,Credit Card
30613,314,202,2,2024-03-16 07:00:00,189892.3,Credit Card
30614,353,295,2,2024-03-16 07:00:00,98683.1,Credit Card
30615,816,295,2,2024-03-16 07:00:00,154586.2,Cash
30616,795,448,2,2024-03-16 07:00:00,190974.3,Credit Card
30617,449,295,2,2024-03-16 07:00:00,119434.5,Cash
30618,975,258,3,2024-03-16 07:00:00,118217.2,Credit Card
30619,744,216,3,2024-03-16 07:00:00,844316.2,Credit Card
30620,655,216,3,2024-03-16 07:00:00,166779.9,Credit Card
30621,652,216,3,2024-03-16 07:00:00,457222.8,Cash
30622,512,258,3,2024-03-16 07:00:00,112841.3,Cash
30623,208,299,3,2024-03-16 07:00:00,764944.1,Cash
30624,271,69,4,2024-03-16 07:00:00,1209574.2,Credit Card
30625,226,480,4,2024-03-16 07:00:00,969272.6,Credit Card
30626,451,139,4,2024-03-16 07:00:00,1115171.1,Cash
30627,248,69,4,2024-03-16 07:00:00,950941.4,Credit Card
30628,15,139,4,2024-03-16 07:00:00,179093.4,Credit Card
30629,522,46,4,2024-03-16 07:00:00,807978.9,Credit Card
30630,75,69,4,2024-03-16 07:00:00,218221.5,Credit Card
30631,268,480,4,2024-03-16 07:00:00,178491.59999999998,Credit Card
30632,863,69,4,2024-03-16 07:00:00,1026171.8,Credit Card
30633,595,480,4,2024-03-16 07:00:00,141013.2,Credit Card
30634,446,139,4,2024-03-16 07:00:00,600608.7,Cash
30635,437,46,4,2024-03-16 07:00:00,1010593.4,Cash
30636,914,69,4,2024-03-16 07:00:00,508462.7,Cash
30637,41,190,5,2024-03-16 07:00:00,133602.8,Credit Card
30638,172,146,5,2024-03-16 07:00:00,148144.7,Credit Card
30639,969,472,5,2024-03-16 07:00:00,1068316.7,Credit Card
30640,373,146,5,2024-03-16 07:00:00,608148.8,Credit Card
30641,806,146,5,2024-03-16 07:00:00,179298.5,Cash
30642,4,8,5,2024-03-16 07:00:00,179938.0,Cash
30643,643,319,5,2024-03-16 07:00:00,553572.2,Credit Card
30644,845,275,6,2024-03-16 07:00:00,206480.4,Credit Card
30645,730,481,6,2024-03-16 07:00:00,84571.8,Cash
30646,597,111,6,2024-03-16 07:00:00,83720.7,Cash
30647,57,312,6,2024-03-16 07:00:00,165766.8,Credit Card
30648,82,312,6,2024-03-16 07:00:00,637183.4,Credit Card
30649,622,205,6,2024-03-16 07:00:00,110009.3,Cash
30650,393,58,6,2024-03-16 07:00:00,991576.8,Cash
30651,548,111,6,2024-03-16 07:00:00,1045563.5,Credit Card
30652,521,205,6,2024-03-16 07:00:00,100739.4,Credit Card
30653,874,205,6,2024-03-16 07:00:00,89056.2,Cash
30654,779,275,6,2024-03-16 07:00:00,610982.5,Credit Card
30655,450,205,6,2024-03-16 07:00:00,510952.5,Cash
30656,128,378,7,2024-03-16 07:00:00,156528.5,Credit Card
30657,494,331,7,2024-03-16 07:00:00,140344.3,Cash
30658,455,343,7,2024-03-16 07:00:00,477929.2,Cash
30659,892,343,7,2024-03-16 07:00:00,184016.7,Cash
30660,417,262,7,2024-03-16 07:00:00,92985.0,Cash
30661,230,490,7,2024-03-16 07:00:00,120029.8,Cash
30662,427,378,7,2024-03-16 07:00:00,1036319.7,Cash
30663,181,322,8,2024-03-16 07:00:00,845282.8,Credit Card
30664,604,382,8,2024-03-16 07:00:00,147127.1,Credit Card
30665,841,332,8,2024-03-16 07:00:00,118238.5,Credit Card
30666,916,322,8,2024-03-16 07:00:00,83582.70000000001,Cash
30667,516,332,8,2024-03-16 07:00:00,122128.5,Credit Card
30668,632,112,8,2024-03-16 07:00:00,970256.1,Credit Card
30669,765,332,8,2024-03-16 07:00:00,120804.6,Cash
30670,973,112,8,2024-03-16 07:00:00,138988.1,Credit Card
30671,467,186,9,2024-03-16 07:00:00,416787.8,Credit Card
30672,636,147,9,2024-03-16 07:00:00,614884.8,Credit Card
30673,658,147,9,2024-03-16 07:00:00,106176.1,Cash
30674,855,186,9,2024-03-16 07:00:00,167718.5,Cash
30675,722,147,9,2024-03-16 07:00:00,808332.0,Cash
30676,618,186,9,2024-03-16 07:00:00,182608.0,Credit Card
30677,326,186,9,2024-03-16 07:00:00,1031062.0,Cash
30678,744,147,9,2024-03-16 07:00:00,940182.2,Cash
30679,753,186,9,2024-03-16 07:00:00,344639.9,Credit Card
30680,661,147,9,2024-03-16 07:00:00,543209.4,Credit Card
30681,841,147,9,2024-03-16 07:00:00,199965.3,Cash
30682,288,194,10,2024-03-16 07:00:00,146738.9,Cash
30683,648,194,10,2024-03-16 07:00:00,217698.9,Cash
30684,558,26,10,2024-03-16 07:00:00,131608.9,Cash
30685,242,26,10,2024-03-16 07:00:00,869452.0,Credit Card
30686,495,194,10,2024-03-16 07:00:00,97148.3,Cash
30687,794,26,10,2024-03-16 07:00:00,482266.8,Cash
30688,506,194,10,2024-03-16 07:00:00,851073.2,Credit Card
30689,196,194,10,2024-03-16 07:00:00,169983.7,Credit Card
30690,723,26,10,2024-03-16 07:00:00,796909.8,Cash
30691,154,194,10,2024-03-16 07:00:00,129878.4,Cash
30692,430,194,10,2024-03-16 07:00:00,183891.5,Credit Card
30693,498,194,10,2024-03-16 07:00:00,788493.1000000001,Cash
30694,118,194,10,2024-03-16 07:00:00,167769.9,Cash
30695,925,26,10,2024-03-16 07:00:00,421184.2,Credit Card
32656,55,305,1,2024-03-16 08:00:00,254369.4,Credit Card
32657,19,305,1,2024-03-16 08:00:00,124973.5,Credit Card
32658,2,54,1,2024-03-16 08:00:00,389912.7,Cash
32659,242,54,1,2024-03-16 08:00:00,979077.2,Credit Card
32660,986,305,1,2024-03-16 08:00:00,670086.3,Credit Card
32661,404,54,1,2024-03-16 08:00:00,848241.0000000001,Credit Card
32662,545,54,1,2024-03-16 08:00:00,419013.5,Credit Card
32663,689,305,1,2024-03-16 08:00:00,156359.1,Credit Card
32664,309,54,1,2024-03-16 08:00:00,158239.7,Cash
32665,353,305,1,2024-03-16 08:00:00,119503.4,Credit Card
32666,103,202,2,2024-03-16 08:00:00,967433.0,Credit Card
32667,124,202,2,2024-03-16 08:00:00,886839.6000000001,Credit Card
32668,889,345,2,2024-03-16 08:00:00,161531.7,Cash
32669,591,295,2,2024-03-16 08:00:00,184317.6,Credit Card
32670,449,202,2,2024-03-16 08:00:00,124047.7,Cash
32671,422,202,2,2024-03-16 08:00:00,162657.90000000002,Credit Card
32672,99,257,2,2024-03-16 08:00:00,94671.5,Credit Card
32673,327,302,2,2024-03-16 08:00:00,777026.5,Credit Card
32674,246,302,2,2024-03-16 08:00:00,113413.5,Cash
32675,84,257,2,2024-03-16 08:00:00,95507.8,Cash
32676,880,202,2,2024-03-16 08:00:00,705830.2000000001,Credit Card
32677,173,345,2,2024-03-16 08:00:00,121865.3,Credit Card
32678,684,302,2,2024-03-16 08:00:00,203787.3,Cash
32679,402,216,3,2024-03-16 08:00:00,96434.3,Credit Card
32680,261,299,3,2024-03-16 08:00:00,106962.8,Credit Card
32681,853,216,3,2024-03-16 08:00:00,601527.8,Credit Card
32682,296,299,3,2024-03-16 08:00:00,107885.7,Cash
32683,147,216,3,2024-03-16 08:00:00,372778.2,Cash
32684,546,216,3,2024-03-16 08:00:00,725803.5,Cash
32685,939,216,3,2024-03-16 08:00:00,876219.8,Credit Card
32686,374,216,3,2024-03-16 08:00:00,635026.1000000001,Credit Card
32687,650,258,3,2024-03-16 08:00:00,122153.40000000002,Cash
32688,406,299,3,2024-03-16 08:00:00,1003493.8,Cash
32689,608,46,4,2024-03-16 08:00:00,927589.5,Credit Card
32690,763,69,4,2024-03-16 08:00:00,121922.5,Cash
32691,393,480,4,2024-03-16 08:00:00,1014086.6,Credit Card
32692,607,46,4,2024-03-16 08:00:00,813302.9000000001,Cash
32693,12,139,4,2024-03-16 08:00:00,136627.1,Cash
32694,565,69,4,2024-03-16 08:00:00,103436.1,Cash
32695,461,139,4,2024-03-16 08:00:00,183001.8,Credit Card
32696,252,69,4,2024-03-16 08:00:00,93890.4,Credit Card
32697,748,46,4,2024-03-16 08:00:00,1169577.1,Credit Card
32698,962,480,4,2024-03-16 08:00:00,135239.69999999998,Credit Card
32699,14,480,4,2024-03-16 08:00:00,103680.9,Credit Card
32700,560,8,5,2024-03-16 08:00:00,133352.6,Credit Card
32701,846,8,5,2024-03-16 08:00:00,192386.6,Credit Card
32702,680,221,5,2024-03-16 08:00:00,663571.4,Credit Card
32703,423,319,5,2024-03-16 08:00:00,107117.4,Cash
32704,674,221,5,2024-03-16 08:00:00,137009.0,Cash
32705,985,472,5,2024-03-16 08:00:00,56628.1,Credit Card
32706,659,221,5,2024-03-16 08:00:00,230941.60000000003,Cash
32707,352,8,5,2024-03-16 08:00:00,923794.3,Cash
32708,794,146,5,2024-03-16 08:00:00,734748.6,Credit Card
32709,722,221,5,2024-03-16 08:00:00,737350.2000000001,Credit Card
32710,882,146,5,2024-03-16 08:00:00,487732.8000000001,Cash
32711,58,221,5,2024-03-16 08:00:00,77581.0,Cash
32712,283,221,5,2024-03-16 08:00:00,872312.6,Cash
32713,499,190,5,2024-03-16 08:00:00,137450.6,Credit Card
32714,590,161,6,2024-03-16 08:00:00,163646.1,Cash
32715,780,275,6,2024-03-16 08:00:00,150580.2,Credit Card
32716,327,275,6,2024-03-16 08:00:00,610514.7,Credit Card
32717,212,111,6,2024-03-16 08:00:00,985997.2,Credit Card
32718,119,481,6,2024-03-16 08:00:00,990880.3,Credit Card
32719,936,481,6,2024-03-16 08:00:00,133193.5,Credit Card
32720,805,275,6,2024-03-16 08:00:00,56243.5,Credit Card
32721,192,205,6,2024-03-16 08:00:00,173623.5,Cash
32722,511,275,6,2024-03-16 08:00:00,91457.6,Credit Card
32723,44,111,6,2024-03-16 08:00:00,876636.1000000001,Cash
32724,320,205,6,2024-03-16 08:00:00,88173.9,Credit Card
32725,823,378,7,2024-03-16 08:00:00,836051.4,Cash
32726,563,251,7,2024-03-16 08:00:00,767403.9,Cash
32727,437,490,7,2024-03-16 08:00:00,599720.7,Cash
32728,699,343,7,2024-03-16 08:00:00,1151280.4,Credit Card
32729,523,262,7,2024-03-16 08:00:00,159061.4,Cash
32730,707,490,7,2024-03-16 08:00:00,934593.8,Credit Card
32731,605,11,8,2024-03-16 08:00:00,110667.9,Cash
32732,729,11,8,2024-03-16 08:00:00,336431.4,Cash
32733,186,112,8,2024-03-16 08:00:00,189455.2,Cash
32734,478,332,8,2024-03-16 08:00:00,152986.1,Credit Card
32735,127,71,8,2024-03-16 08:00:00,196186.6,Cash
32736,552,112,8,2024-03-16 08:00:00,771328.4,Credit Card
32737,841,157,8,2024-03-16 08:00:00,137213.2,Cash
32738,683,322,8,2024-03-16 08:00:00,702313.1,Cash
32739,410,382,8,2024-03-16 08:00:00,530559.6,Cash
32740,73,11,8,2024-03-16 08:00:00,66553.0,Credit Card
32741,974,193,8,2024-03-16 08:00:00,717404.6000000001,Credit Card
32742,64,382,8,2024-03-16 08:00:00,155819.0,Cash
32743,587,157,8,2024-03-16 08:00:00,199095.8,Cash
32744,895,112,8,2024-03-16 08:00:00,136549.9,Credit Card
32745,270,147,9,2024-03-16 08:00:00,166214.0,Cash
32746,744,186,9,2024-03-16 08:00:00,706876.7999999999,Credit Card
32747,764,147,9,2024-03-16 08:00:00,511033.9,Credit Card
32748,300,147,9,2024-03-16 08:00:00,664209.8,Credit Card
32749,361,186,9,2024-03-16 08:00:00,163649.0,Credit Card
32750,625,147,9,2024-03-16 08:00:00,402121.4,Cash
32751,338,186,9,2024-03-16 08:00:00,779938.4,Cash
32752,383,186,9,2024-03-16 08:00:00,706805.5,Credit Card
32753,186,26,10,2024-03-16 08:00:00,206574.2,Credit Card
32754,172,26,10,2024-03-16 08:00:00,157574.4,Cash
32755,913,26,10,2024-03-16 08:00:00,1218690.5,Credit Card
32756,803,26,10,2024-03-16 08:00:00,938754.5,Credit Card
32757,988,26,10,2024-03-16 08:00:00,122591.19999999998,Cash
32758,340,26,10,2024-03-16 08:00:00,873545.0999999999,Cash
32759,978,26,10,2024-03-16 08:00:00,84719.0,Credit Card
34568,574,54,1,2024-03-16 09:00:00,81749.9,Credit Card
34569,658,54,1,2024-03-16 09:00:00,100654.8,Credit Card
34570,982,305,1,2024-03-16 09:00:00,691326.0,Credit Card
34571,729,54,1,2024-03-16 09:00:00,313120.6,Cash
34572,561,305,1,2024-03-16 09:00:00,678790.2,Credit Card
34573,232,305,1,2024-03-16 09:00:00,647782.2,Cash
34574,650,305,1,2024-03-16 09:00:00,136538.9,Cash
34575,781,305,1,2024-03-16 09:00:00,111288.1,Credit Card
34576,245,305,1,2024-03-16 09:00:00,406107.5,Credit Card
34577,689,54,1,2024-03-16 09:00:00,108697.1,Cash
34578,810,202,2,2024-03-16 09:00:00,854837.1000000001,Credit Card
34579,926,345,2,2024-03-16 09:00:00,117040.5,Cash
34580,993,257,2,2024-03-16 09:00:00,595371.3,Cash
34581,797,345,2,2024-03-16 09:00:00,315730.80000000005,Cash
34582,951,345,2,2024-03-16 09:00:00,861337.8,Cash
34583,239,202,2,2024-03-16 09:00:00,683011.7999999999,Cash
34584,676,299,3,2024-03-16 09:00:00,178292.8,Cash
34585,34,376,3,2024-03-16 09:00:00,419547.9,Credit Card
34586,745,216,3,2024-03-16 09:00:00,665322.5,Credit Card
34587,826,31,3,2024-03-16 09:00:00,100732.9,Credit Card
34588,769,376,3,2024-03-16 09:00:00,120262.5,Credit Card
34589,389,31,3,2024-03-16 09:00:00,131194.9,Credit Card
34590,14,376,3,2024-03-16 09:00:00,161867.6,Cash
34591,844,258,3,2024-03-16 09:00:00,154012.0,Cash
34592,771,31,3,2024-03-16 09:00:00,191864.9,Credit Card
34593,234,31,3,2024-03-16 09:00:00,125337.69999999998,Cash
34594,246,69,4,2024-03-16 09:00:00,110940.3,Cash
34595,116,46,4,2024-03-16 09:00:00,166082.5,Credit Card
34596,789,69,4,2024-03-16 09:00:00,68395.0,Credit Card
34597,22,46,4,2024-03-16 09:00:00,172226.7,Credit Card
34598,530,46,4,2024-03-16 09:00:00,96030.4,Credit Card
34599,903,69,4,2024-03-16 09:00:00,873292.1000000001,Cash
34600,374,69,4,2024-03-16 09:00:00,702932.9,Cash
34601,630,46,4,2024-03-16 09:00:00,721635.0,Credit Card
34602,851,69,4,2024-03-16 09:00:00,52999.3,Credit Card
34603,990,69,4,2024-03-16 09:00:00,210026.4,Credit Card
34604,552,8,5,2024-03-16 09:00:00,737238.7000000001,Credit Card
34605,652,221,5,2024-03-16 09:00:00,557601.2,Cash
34606,41,472,5,2024-03-16 09:00:00,137695.40000000002,Cash
34607,333,297,6,2024-03-16 09:00:00,155749.0,Credit Card
34608,527,297,6,2024-03-16 09:00:00,171626.90000000002,Cash
34609,781,205,6,2024-03-16 09:00:00,139206.0,Credit Card
34610,657,297,6,2024-03-16 09:00:00,153397.4,Cash
34611,250,312,6,2024-03-16 09:00:00,163921.2,Credit Card
34612,792,111,6,2024-03-16 09:00:00,1002874.1,Credit Card
34613,645,262,7,2024-03-16 09:00:00,894142.2,Cash
34614,951,13,7,2024-03-16 09:00:00,281767.8,Credit Card
34615,292,251,7,2024-03-16 09:00:00,165082.4,Cash
34616,857,251,7,2024-03-16 09:00:00,967542.5,Credit Card
34617,259,13,7,2024-03-16 09:00:00,204720.3,Cash
34618,959,331,7,2024-03-16 09:00:00,86147.9,Cash
34619,536,490,7,2024-03-16 09:00:00,163831.9,Cash
34620,386,490,7,2024-03-16 09:00:00,81815.2,Credit Card
34621,657,343,7,2024-03-16 09:00:00,170082.0,Cash
34622,134,378,7,2024-03-16 09:00:00,506822.2,Cash
34623,989,193,8,2024-03-16 09:00:00,165662.9,Credit Card
34624,952,157,8,2024-03-16 09:00:00,169480.4,Credit Card
34625,329,332,8,2024-03-16 09:00:00,202972.1,Credit Card
34626,916,157,8,2024-03-16 09:00:00,64556.4,Credit Card
34627,749,157,8,2024-03-16 09:00:00,967202.8,Credit Card
34628,298,157,8,2024-03-16 09:00:00,67469.40000000001,Credit Card
34629,741,322,8,2024-03-16 09:00:00,81741.6,Cash
34630,252,382,8,2024-03-16 09:00:00,194942.6,Cash
34631,718,186,9,2024-03-16 09:00:00,975781.1,Cash
34632,546,147,9,2024-03-16 09:00:00,814353.6,Credit Card
34633,422,147,9,2024-03-16 09:00:00,157177.9,Credit Card
34634,334,186,9,2024-03-16 09:00:00,432696.3,Credit Card
34635,547,186,9,2024-03-16 09:00:00,68304.8,Cash
34636,677,186,9,2024-03-16 09:00:00,169508.9,Cash
34637,111,147,9,2024-03-16 09:00:00,187901.3,Cash
34638,146,186,9,2024-03-16 09:00:00,95068.9,Cash
34639,266,26,10,2024-03-16 09:00:00,596403.7,Cash
34640,610,26,10,2024-03-16 09:00:00,135254.30000000002,Cash
34641,627,26,10,2024-03-16 09:00:00,392793.4,Credit Card
34642,428,26,10,2024-03-16 09:00:00,103831.9,Credit Card
34643,49,194,10,2024-03-16 09:00:00,529807.8,Credit Card
34644,665,194,10,2024-03-16 09:00:00,126628.6,Credit Card
34645,818,194,10,2024-03-16 09:00:00,815739.0,Credit Card
35851,476,54,1,2024-03-16 10:00:00,155100.30000000002,Credit Card
35852,786,54,1,2024-03-16 10:00:00,77934.4,Cash
35853,683,305,1,2024-03-16 10:00:00,443626.9,Credit Card
35854,678,54,1,2024-03-16 10:00:00,60047.100000000006,Cash
35855,705,54,1,2024-03-16 10:00:00,151497.5,Credit Card
35856,410,305,1,2024-03-16 10:00:00,895298.4,Cash
35857,770,54,1,2024-03-16 10:00:00,138627.5,Cash
35858,458,305,1,2024-03-16 10:00:00,190266.8,Credit Card
35859,560,295,2,2024-03-16 10:00:00,99069.5,Credit Card
35860,168,448,2,2024-03-16 10:00:00,655104.5,Credit Card
35861,438,295,2,2024-03-16 10:00:00,99182.6,Credit Card
35862,734,91,2,2024-03-16 10:00:00,668564.7,Cash
35863,221,31,3,2024-03-16 10:00:00,807615.2999999999,Credit Card
35864,651,299,3,2024-03-16 10:00:00,619961.5,Cash
35865,834,31,3,2024-03-16 10:00:00,148854.0,Credit Card
35866,478,299,3,2024-03-16 10:00:00,192708.6,Cash
35867,337,46,4,2024-03-16 10:00:00,80656.0,Credit Card
35868,986,46,4,2024-03-16 10:00:00,522590.0,Cash
35869,98,69,4,2024-03-16 10:00:00,461616.5,Cash
35870,240,480,4,2024-03-16 10:00:00,132943.1,Credit Card
35871,341,139,4,2024-03-16 10:00:00,161688.1,Cash
35872,921,46,4,2024-03-16 10:00:00,178146.5,Cash
35873,754,69,4,2024-03-16 10:00:00,202603.2,Cash
35874,115,69,4,2024-03-16 10:00:00,924604.7999999998,Cash
35875,55,69,4,2024-03-16 10:00:00,829502.8,Credit Card
35876,297,319,5,2024-03-16 10:00:00,1046399.3,Credit Card
35877,828,8,5,2024-03-16 10:00:00,662107.7,Cash
35878,111,8,5,2024-03-16 10:00:00,194225.9,Credit Card
35879,657,8,5,2024-03-16 10:00:00,160724.80000000002,Cash
35880,194,190,5,2024-03-16 10:00:00,92277.5,Cash
35881,836,312,6,2024-03-16 10:00:00,83676.5,Credit Card
35882,928,481,6,2024-03-16 10:00:00,165333.5,Cash
35883,26,275,6,2024-03-16 10:00:00,84725.5,Credit Card
35884,87,205,6,2024-03-16 10:00:00,97500.8,Cash
35885,281,205,6,2024-03-16 10:00:00,790413.4,Cash
35886,753,161,6,2024-03-16 10:00:00,376217.7,Credit Card
35887,639,58,6,2024-03-16 10:00:00,170360.0,Credit Card
35888,403,275,6,2024-03-16 10:00:00,90758.4,Credit Card
35889,642,13,7,2024-03-16 10:00:00,591498.8,Credit Card
35890,921,251,7,2024-03-16 10:00:00,113854.2,Cash
35891,265,378,7,2024-03-16 10:00:00,1062529.0,Cash
35892,929,331,7,2024-03-16 10:00:00,664431.1,Cash
35893,293,490,7,2024-03-16 10:00:00,783925.2,Credit Card
35894,405,331,7,2024-03-16 10:00:00,150357.4,Credit Card
35895,288,490,7,2024-03-16 10:00:00,161599.0,Cash
35896,674,490,7,2024-03-16 10:00:00,102453.5,Cash
35897,125,378,7,2024-03-16 10:00:00,711905.3,Credit Card
35898,653,331,7,2024-03-16 10:00:00,129719.1,Credit Card
35899,482,193,8,2024-03-16 10:00:00,600857.5,Credit Card
35900,2,193,8,2024-03-16 10:00:00,265825.4,Credit Card
35901,560,322,8,2024-03-16 10:00:00,147869.4,Cash
35902,921,322,8,2024-03-16 10:00:00,79368.7,Credit Card
35903,807,112,8,2024-03-16 10:00:00,163069.2,Cash
35904,121,11,8,2024-03-16 10:00:00,141453.69999999998,Credit Card
35905,699,193,8,2024-03-16 10:00:00,786004.3,Cash
35906,917,157,8,2024-03-16 10:00:00,106392.4,Cash
35907,878,332,8,2024-03-16 10:00:00,146150.8,Credit Card
35908,29,147,9,2024-03-16 10:00:00,252380.6,Credit Card
35909,382,147,9,2024-03-16 10:00:00,190518.8,Credit Card
35910,239,147,9,2024-03-16 10:00:00,550283.2999999999,Credit Card
35911,584,186,9,2024-03-16 10:00:00,637741.4,Credit Card
35912,323,147,9,2024-03-16 10:00:00,660267.9,Cash
35913,227,26,10,2024-03-16 10:00:00,742855.0,Credit Card
35914,206,26,10,2024-03-16 10:00:00,170588.2,Cash
35915,303,194,10,2024-03-16 10:00:00,192988.4,Credit Card
35916,877,194,10,2024-03-16 10:00:00,111543.0,Credit Card
35917,1,26,10,2024-03-16 10:00:00,800519.5,Credit Card
35918,269,26,10,2024-03-16 10:00:00,156327.90000000002,Cash
37141,14,54,1,2024-03-16 11:00:00,188918.0,Credit Card
37142,704,305,1,2024-03-16 11:00:00,122114.8,Cash
37143,853,54,1,2024-03-16 11:00:00,767218.1,Cash
37144,389,305,1,2024-03-16 11:00:00,140485.0,Credit Card
37145,724,295,2,2024-03-16 11:00:00,563151.1,Credit Card
37146,920,257,2,2024-03-16 11:00:00,640007.0,Credit Card
37147,691,345,2,2024-03-16 11:00:00,164464.0,Credit Card
37148,579,345,2,2024-03-16 11:00:00,64566.5,Cash
37149,738,295,2,2024-03-16 11:00:00,666044.8999999999,Credit Card
37150,614,345,2,2024-03-16 11:00:00,133626.6,Cash
37151,449,258,3,2024-03-16 11:00:00,157190.0,Credit Card
37152,167,31,3,2024-03-16 11:00:00,969074.7,Credit Card
37153,134,31,3,2024-03-16 11:00:00,404855.20000000007,Cash
37154,702,216,3,2024-03-16 11:00:00,112775.8,Cash
37155,452,31,3,2024-03-16 11:00:00,1079426.7999999998,Cash
37156,760,216,3,2024-03-16 11:00:00,404261.8000000001,Credit Card
37157,631,480,4,2024-03-16 11:00:00,864840.5,Credit Card
37158,969,69,4,2024-03-16 11:00:00,906847.3,Credit Card
37159,420,139,4,2024-03-16 11:00:00,645346.0,Cash
37160,863,46,4,2024-03-16 11:00:00,966634.0,Credit Card
37161,705,8,5,2024-03-16 11:00:00,133553.9,Credit Card
37162,967,472,5,2024-03-16 11:00:00,156122.6,Credit Card
37163,739,190,5,2024-03-16 11:00:00,824887.8,Cash
37164,581,319,5,2024-03-16 11:00:00,595961.3999999999,Credit Card
37165,911,472,5,2024-03-16 11:00:00,147906.19999999998,Cash
37166,454,8,5,2024-03-16 11:00:00,938155.7,Credit Card
37167,828,319,5,2024-03-16 11:00:00,720473.8,Credit Card
37168,566,221,5,2024-03-16 11:00:00,425613.3,Cash
37169,445,221,5,2024-03-16 11:00:00,582120.4,Cash
37170,332,8,5,2024-03-16 11:00:00,414572.1,Credit Card
37171,250,111,6,2024-03-16 11:00:00,113096.9,Cash
37172,20,161,6,2024-03-16 11:00:00,574859.5,Cash
37173,145,111,6,2024-03-16 11:00:00,124552.1,Credit Card
37174,849,312,6,2024-03-16 11:00:00,156775.1,Cash
37175,392,275,6,2024-03-16 11:00:00,141377.4,Credit Card
37176,536,111,6,2024-03-16 11:00:00,181469.0,Credit Card
37177,74,481,6,2024-03-16 11:00:00,202209.4,Cash
37178,327,378,7,2024-03-16 11:00:00,510846.5,Credit Card
37179,828,251,7,2024-03-16 11:00:00,793924.0,Cash
37180,903,262,7,2024-03-16 11:00:00,630523.0,Cash
37181,752,13,7,2024-03-16 11:00:00,176791.2,Credit Card
37182,27,378,7,2024-03-16 11:00:00,851423.8,Cash
37183,942,331,7,2024-03-16 11:00:00,119550.5,Cash
37184,717,490,7,2024-03-16 11:00:00,997034.1,Credit Card
37185,91,332,8,2024-03-16 11:00:00,127081.4,Cash
37186,456,382,8,2024-03-16 11:00:00,624849.2,Credit Card
37187,6,157,8,2024-03-16 11:00:00,643357.2000000001,Credit Card
37188,301,71,8,2024-03-16 11:00:00,118101.4,Credit Card
37189,781,147,9,2024-03-16 11:00:00,198984.5,Credit Card
37190,976,186,9,2024-03-16 11:00:00,786071.7999999999,Cash
37191,73,186,9,2024-03-16 11:00:00,199819.9,Cash
37192,102,186,9,2024-03-16 11:00:00,119292.9,Credit Card
37193,980,147,9,2024-03-16 11:00:00,81739.79999999999,Cash
37194,982,186,9,2024-03-16 11:00:00,454928.5,Cash
37195,182,147,9,2024-03-16 11:00:00,711734.8,Cash
37196,543,147,9,2024-03-16 11:00:00,489030.1,Cash
37197,318,26,10,2024-03-16 11:00:00,663504.6,Cash
37198,952,194,10,2024-03-16 11:00:00,167815.90000000002,Credit Card
37199,759,26,10,2024-03-16 11:00:00,851540.4,Credit Card
37200,147,26,10,2024-03-16 11:00:00,975277.5,Credit Card
37201,7,194,10,2024-03-16 11:00:00,132894.4,Credit Card
38399,857,54,1,2024-03-16 12:00:00,981269.1,Cash
38400,681,305,1,2024-03-16 12:00:00,197133.3,Credit Card
38401,517,54,1,2024-03-16 12:00:00,641837.0000000001,Credit Card
38402,963,345,2,2024-03-16 12:00:00,979141.2,Cash
38403,30,302,2,2024-03-16 12:00:00,142305.0,Cash
38404,344,202,2,2024-03-16 12:00:00,735236.3999999999,Cash
38405,405,216,3,2024-03-16 12:00:00,69770.5,Cash
38406,700,216,3,2024-03-16 12:00:00,157431.0,Credit Card
38407,160,258,3,2024-03-16 12:00:00,128484.5,Credit Card
38408,902,258,3,2024-03-16 12:00:00,803866.9,Cash
38409,800,376,3,2024-03-16 12:00:00,140071.9,Credit Card
38410,618,258,3,2024-03-16 12:00:00,134148.5,Cash
38411,378,31,3,2024-03-16 12:00:00,706687.0,Credit Card
38412,459,216,3,2024-03-16 12:00:00,419056.6,Cash
38413,605,299,3,2024-03-16 12:00:00,196117.5,Cash
38414,60,46,4,2024-03-16 12:00:00,111212.7,Credit Card
38415,593,69,4,2024-03-16 12:00:00,696959.3,Cash
38416,177,480,4,2024-03-16 12:00:00,220419.6,Cash
38417,480,46,4,2024-03-16 12:00:00,76004.9,Cash
38418,347,46,4,2024-03-16 12:00:00,596444.9,Credit Card
38419,121,472,5,2024-03-16 12:00:00,99328.0,Credit Card
38420,42,221,5,2024-03-16 12:00:00,99998.7,Credit Card
38421,778,190,5,2024-03-16 12:00:00,52642.3,Credit Card
38422,695,472,5,2024-03-16 12:00:00,133418.80000000002,Cash
38423,978,8,5,2024-03-16 12:00:00,143827.5,Cash
38424,465,205,6,2024-03-16 12:00:00,121684.9,Cash
38425,581,111,6,2024-03-16 12:00:00,806258.8,Cash
38426,654,111,6,2024-03-16 12:00:00,161466.4,Credit Card
38427,418,205,6,2024-03-16 12:00:00,640277.5,Cash
38428,510,312,6,2024-03-16 12:00:00,133817.09999999998,Cash
38429,556,297,6,2024-03-16 12:00:00,752023.3,Cash
38430,576,58,6,2024-03-16 12:00:00,1069778.0,Credit Card
38431,767,161,6,2024-03-16 12:00:00,114814.8,Cash
38432,569,111,6,2024-03-16 12:00:00,791999.8999999999,Cash
38433,113,13,7,2024-03-16 12:00:00,642263.5,Cash
38434,668,251,7,2024-03-16 12:00:00,333884.60000000003,Cash
38435,101,490,7,2024-03-16 12:00:00,111005.6,Cash
38436,900,490,7,2024-03-16 12:00:00,830454.8,Cash
38437,460,262,7,2024-03-16 12:00:00,896926.1,Credit Card
38438,239,262,7,2024-03-16 12:00:00,622158.7,Credit Card
38439,493,378,7,2024-03-16 12:00:00,631423.8,Credit Card
38440,381,71,8,2024-03-16 12:00:00,162633.0,Credit Card
38441,815,11,8,2024-03-16 12:00:00,1027222.0,Credit Card
38442,720,11,8,2024-03-16 12:00:00,141927.6,Cash
38443,513,157,8,2024-03-16 12:00:00,198399.3,Cash
38444,412,147,9,2024-03-16 12:00:00,168921.89999999997,Cash
38445,636,147,9,2024-03-16 12:00:00,948405.8,Credit Card
38446,148,186,9,2024-03-16 12:00:00,145329.30000000002,Cash
38447,250,147,9,2024-03-16 12:00:00,110104.0,Cash
38448,96,147,9,2024-03-16 12:00:00,729131.5,Credit Card
38449,421,147,9,2024-03-16 12:00:00,863054.5,Cash
38450,710,147,9,2024-03-16 12:00:00,63922.5,Cash
38451,586,147,9,2024-03-16 12:00:00,166929.8,Credit Card
38452,124,147,9,2024-03-16 12:00:00,810518.0,Credit Card
38453,987,194,10,2024-03-16 12:00:00,123036.6,Credit Card
38454,258,194,10,2024-03-16 12:00:00,145707.2,Cash
38455,159,194,10,2024-03-16 12:00:00,68735.4,Cash
38456,805,194,10,2024-03-16 12:00:00,92729.2,Cash
38457,710,194,10,2024-03-16 12:00:00,152619.0,Cash
38458,597,194,10,2024-03-16 12:00:00,140852.09999999998,Cash
38459,498,26,10,2024-03-16 12:00:00,685237.4,Cash
38460,453,26,10,2024-03-16 12:00:00,149481.6,Credit Card
38461,704,26,10,2024-03-16 12:00:00,109598.0,Cash
38462,562,194,10,2024-03-16 12:00:00,335477.4,Cash
39688,839,54,1,2024-03-16 13:00:00,589052.6,Credit Card
39689,479,305,1,2024-03-16 13:00:00,532062.7,Cash
39690,625,54,1,2024-03-16 13:00:00,474829.0,Cash
39691,514,91,2,2024-03-16 13:00:00,156189.0,Cash
39692,835,257,2,2024-03-16 13:00:00,145157.2,Cash
39693,110,257,2,2024-03-16 13:00:00,148671.80000000002,Cash
39694,637,345,2,2024-03-16 13:00:00,633596.3,Credit Card
39695,152,91,2,2024-03-16 13:00:00,562315.6000000001,Credit Card
39696,180,216,3,2024-03-16 13:00:00,322230.2,Cash
39697,495,31,3,2024-03-16 13:00:00,172713.4,Cash
39698,157,216,3,2024-03-16 13:00:00,1104192.8,Cash
39699,831,31,3,2024-03-16 13:00:00,760262.9,Cash
39700,391,299,3,2024-03-16 13:00:00,1018648.2,Credit Card
39701,752,31,3,2024-03-16 13:00:00,168664.3,Credit Card
39702,645,46,4,2024-03-16 13:00:00,880091.2000000001,Cash
39703,385,480,4,2024-03-16 13:00:00,775760.0,Cash
39704,504,46,4,2024-03-16 13:00:00,673596.6,Credit Card
39705,409,139,4,2024-03-16 13:00:00,155876.9,Credit Card
39706,288,139,4,2024-03-16 13:00:00,133094.8,Credit Card
39707,565,46,4,2024-03-16 13:00:00,156024.1,Credit Card
39708,663,69,4,2024-03-16 13:00:00,668570.4,Credit Card
39709,611,8,5,2024-03-16 13:00:00,136811.09999999998,Cash
39710,386,146,5,2024-03-16 13:00:00,123030.3,Cash
39711,294,472,5,2024-03-16 13:00:00,153448.1,Credit Card
39712,181,319,5,2024-03-16 13:00:00,725000.1,Credit Card
39713,36,190,5,2024-03-16 13:00:00,714655.5,Cash
39714,217,190,5,2024-03-16 13:00:00,220539.2,Credit Card
39715,635,312,6,2024-03-16 13:00:00,87025.7,Credit Card
39716,922,312,6,2024-03-16 13:00:00,716201.4,Credit Card
39717,208,205,6,2024-03-16 13:00:00,945569.8,Cash
39718,167,58,6,2024-03-16 13:00:00,307248.10000000003,Cash
39719,159,481,6,2024-03-16 13:00:00,109280.5,Credit Card
39720,328,297,6,2024-03-16 13:00:00,166951.09999999998,Credit Card
39721,131,490,7,2024-03-16 13:00:00,103585.3,Cash
39722,378,251,7,2024-03-16 13:00:00,682346.8,Cash
39723,946,331,7,2024-03-16 13:00:00,135942.7,Credit Card
39724,393,378,7,2024-03-16 13:00:00,684313.8,Cash
39725,950,343,7,2024-03-16 13:00:00,178737.3,Credit Card
39726,391,262,7,2024-03-16 13:00:00,632088.3999999999,Cash
39727,952,193,8,2024-03-16 13:00:00,116105.7,Cash
39728,410,11,8,2024-03-16 13:00:00,690181.7999999999,Cash
39729,620,332,8,2024-03-16 13:00:00,148627.80000000002,Credit Card
39730,671,112,8,2024-03-16 13:00:00,791364.3,Cash
39731,318,112,8,2024-03-16 13:00:00,621187.3999999999,Credit Card
39732,600,147,9,2024-03-16 13:00:00,607358.3,Credit Card
39733,224,186,9,2024-03-16 13:00:00,103903.5,Cash
39734,340,147,9,2024-03-16 13:00:00,560681.6,Cash
39735,82,186,9,2024-03-16 13:00:00,875733.6000000001,Credit Card
39736,226,147,9,2024-03-16 13:00:00,796635.3,Credit Card
39737,771,147,9,2024-03-16 13:00:00,212786.6,Credit Card
39738,421,26,10,2024-03-16 13:00:00,538751.5,Cash
39739,103,26,10,2024-03-16 13:00:00,860066.2,Cash
39740,5,26,10,2024-03-16 13:00:00,70495.5,Cash
39741,291,194,10,2024-03-16 13:00:00,169381.9,Cash
39742,108,194,10,2024-03-16 13:00:00,147820.9,Credit Card
40988,708,305,1,2024-03-16 14:00:00,136205.7,Credit Card
40989,243,305,1,2024-03-16 14:00:00,156781.4,Cash
40990,926,54,1,2024-03-16 14:00:00,119023.2,Credit Card
40991,541,54,1,2024-03-16 14:00:00,128265.5,Credit Card
40992,363,345,2,2024-03-16 14:00:00,765356.7000000001,Credit Card
40993,432,345,2,2024-03-16 14:00:00,370264.0,Credit Card
40994,385,448,2,2024-03-16 14:00:00,314495.5,Credit Card
40995,754,257,2,2024-03-16 14:00:00,126780.5,Credit Card
40996,324,345,2,2024-03-16 14:00:00,162004.7,Credit Card
40997,91,345,2,2024-03-16 14:00:00,130327.2,Credit Card
40998,979,91,2,2024-03-16 14:00:00,142580.8,Credit Card
40999,856,216,3,2024-03-16 14:00:00,840094.1000000001,Credit Card
41000,162,376,3,2024-03-16 14:00:00,101411.0,Cash
41001,453,31,3,2024-03-16 14:00:00,158178.0,Cash
41002,243,216,3,2024-03-16 14:00:00,136075.1,Credit Card
41003,67,258,3,2024-03-16 14:00:00,170815.3,Credit Card
41004,57,299,3,2024-03-16 14:00:00,62989.5,Credit Card
41005,791,139,4,2024-03-16 14:00:00,499535.8,Credit Card
41006,662,480,4,2024-03-16 14:00:00,804665.8,Credit Card
41007,923,69,4,2024-03-16 14:00:00,716185.9,Cash
41008,214,69,4,2024-03-16 14:00:00,744509.9,Cash
41009,803,46,4,2024-03-16 14:00:00,787916.9,Credit Card
41010,524,480,4,2024-03-16 14:00:00,787427.7000000001,Credit Card
41011,457,46,4,2024-03-16 14:00:00,145989.7,Credit Card
41012,531,221,5,2024-03-16 14:00:00,684351.2999999999,Credit Card
41013,701,221,5,2024-03-16 14:00:00,555580.0,Credit Card
41014,976,319,5,2024-03-16 14:00:00,756919.2999999999,Cash
41015,57,190,5,2024-03-16 14:00:00,129578.4,Credit Card
41016,241,472,5,2024-03-16 14:00:00,105973.69999999998,Cash
41017,664,146,5,2024-03-16 14:00:00,1132496.1,Cash
41018,951,472,5,2024-03-16 14:00:00,596548.7999999999,Credit Card
41019,340,221,5,2024-03-16 14:00:00,794018.7,Cash
41020,724,312,6,2024-03-16 14:00:00,471981.0,Credit Card
41021,81,481,6,2024-03-16 14:00:00,715996.6000000001,Credit Card
41022,820,58,6,2024-03-16 14:00:00,136375.1,Credit Card
41023,810,205,6,2024-03-16 14:00:00,751030.2999999999,Credit Card
41024,273,161,6,2024-03-16 14:00:00,838883.7,Credit Card
41025,139,331,7,2024-03-16 14:00:00,122501.0,Cash
41026,618,251,7,2024-03-16 14:00:00,153956.8,Credit Card
41027,437,343,7,2024-03-16 14:00:00,572467.8,Credit Card
41028,480,490,7,2024-03-16 14:00:00,58324.7,Cash
41029,412,378,7,2024-03-16 14:00:00,190806.0,Credit Card
41030,230,343,7,2024-03-16 14:00:00,161468.2,Cash
41031,991,251,7,2024-03-16 14:00:00,197552.0,Credit Card
41032,926,378,7,2024-03-16 14:00:00,180417.3,Cash
41033,127,490,7,2024-03-16 14:00:00,77735.6,Cash
41034,590,382,8,2024-03-16 14:00:00,187161.5,Cash
41035,122,382,8,2024-03-16 14:00:00,126357.1,Cash
41036,603,382,8,2024-03-16 14:00:00,433476.3,Cash
41037,699,112,8,2024-03-16 14:00:00,296177.9,Credit Card
41038,351,71,8,2024-03-16 14:00:00,146285.2,Cash
41039,466,382,8,2024-03-16 14:00:00,668530.3999999999,Credit Card
41040,348,147,9,2024-03-16 14:00:00,635033.7,Cash
41041,469,186,9,2024-03-16 14:00:00,822400.8,Cash
41042,803,186,9,2024-03-16 14:00:00,448147.6,Credit Card
41043,257,186,9,2024-03-16 14:00:00,511161.2,Credit Card
41044,930,147,9,2024-03-16 14:00:00,578543.1000000001,Cash
41045,952,26,10,2024-03-16 14:00:00,189395.5,Credit Card
41046,842,194,10,2024-03-16 14:00:00,162278.9,Credit Card
41047,316,26,10,2024-03-16 14:00:00,122581.1,Credit Card
41048,545,194,10,2024-03-16 14:00:00,777261.4,Credit Card
41049,926,26,10,2024-03-16 14:00:00,106656.5,Cash
41050,215,26,10,2024-03-16 14:00:00,127823.9,Credit Card
41051,715,26,10,2024-03-16 14:00:00,135341.59999999998,Credit Card
41052,143,194,10,2024-03-16 14:00:00,71676.0,Cash
41053,302,26,10,2024-03-16 14:00:00,166336.5,Credit Card
42287,387,305,1,2024-03-16 15:00:00,209643.6,Credit Card
42288,690,305,1,2024-03-16 15:00:00,96592.7,Cash
42289,960,305,1,2024-03-16 15:00:00,116868.4,Cash
42290,5,305,1,2024-03-16 15:00:00,147115.9,Credit Card
42291,749,54,1,2024-03-16 15:00:00,1159586.1,Credit Card
42292,278,305,1,2024-03-16 15:00:00,971752.0,Credit Card
42293,940,302,2,2024-03-16 15:00:00,122631.8,Cash
42294,528,345,2,2024-03-16 15:00:00,650313.6,Credit Card
42295,828,302,2,2024-03-16 15:00:00,748856.5,Cash
42296,974,216,3,2024-03-16 15:00:00,952907.3,Credit Card
42297,481,376,3,2024-03-16 15:00:00,667422.8999999999,Credit Card
42298,403,31,3,2024-03-16 15:00:00,135443.9,Cash
42299,25,258,3,2024-03-16 15:00:00,219255.7,Credit Card
42300,10,31,3,2024-03-16 15:00:00,552435.5,Cash
42301,248,31,3,2024-03-16 15:00:00,557079.1,Cash
42302,802,31,3,2024-03-16 15:00:00,152481.0,Credit Card
42303,282,216,3,2024-03-16 15:00:00,109901.6,Cash
42304,687,376,3,2024-03-16 15:00:00,190477.5,Credit Card
42305,739,31,3,2024-03-16 15:00:00,823329.5,Credit Card
42306,367,139,4,2024-03-16 15:00:00,78817.6,Cash
42307,692,46,4,2024-03-16 15:00:00,187071.3,Credit Card
42308,175,46,4,2024-03-16 15:00:00,129116.4,Credit Card
42309,74,146,5,2024-03-16 15:00:00,103095.7,Credit Card
42310,745,319,5,2024-03-16 15:00:00,950489.4,Cash
42311,266,319,5,2024-03-16 15:00:00,1082765.2000000002,Cash
42312,432,190,5,2024-03-16 15:00:00,826166.1,Credit Card
42313,317,472,5,2024-03-16 15:00:00,145321.69999999998,Credit Card
42314,590,146,5,2024-03-16 15:00:00,119806.3,Cash
42315,551,190,5,2024-03-16 15:00:00,146611.0,Credit Card
42316,288,190,5,2024-03-16 15:00:00,131380.9,Credit Card
42317,876,275,6,2024-03-16 15:00:00,147804.3,Credit Card
42318,795,481,6,2024-03-16 15:00:00,101596.1,Cash
42319,796,275,6,2024-03-16 15:00:00,670062.0,Cash
42320,481,312,6,2024-03-16 15:00:00,966343.0,Credit Card
42321,329,262,7,2024-03-16 15:00:00,189389.0,Credit Card
42322,469,343,7,2024-03-16 15:00:00,481498.1,Cash
42323,649,378,7,2024-03-16 15:00:00,182317.2,Cash
42324,969,343,7,2024-03-16 15:00:00,792001.1000000001,Cash
42325,162,332,8,2024-03-16 15:00:00,98366.5,Credit Card
42326,873,71,8,2024-03-16 15:00:00,106377.6,Cash
42327,965,332,8,2024-03-16 15:00:00,143435.7,Cash
42328,232,193,8,2024-03-16 15:00:00,517852.8999999999,Cash
42329,33,193,8,2024-03-16 15:00:00,203917.0,Credit Card
42330,173,322,8,2024-03-16 15:00:00,150657.4,Cash
42331,438,147,9,2024-03-16 15:00:00,164214.7,Credit Card
42332,220,147,9,2024-03-16 15:00:00,955178.2,Credit Card
42333,647,147,9,2024-03-16 15:00:00,197590.6,Credit Card
42334,11,194,10,2024-03-16 15:00:00,189389.9,Cash
42335,75,194,10,2024-03-16 15:00:00,155144.7,Cash
42336,518,194,10,2024-03-16 15:00:00,214745.8,Credit Card
42337,295,194,10,2024-03-16 15:00:00,208515.6,Credit Card
42338,405,26,10,2024-03-16 15:00:00,130309.9,Credit Card
42339,552,194,10,2024-03-16 15:00:00,564854.9,Credit Card
42340,955,194,10,2024-03-16 15:00:00,531561.9,Credit Card
42341,707,194,10,2024-03-16 15:00:00,583637.7,Credit Card
42342,305,26,10,2024-03-16 15:00:00,114178.0,Credit Card
42343,241,194,10,2024-03-16 15:00:00,70156.9,Credit Card
43567,153,54,1,2024-03-16 16:00:00,666668.3,Credit Card
43568,767,54,1,2024-03-16 16:00:00,161824.3,Cash
43569,791,305,1,2024-03-16 16:00:00,499752.6,Credit Card
43570,998,54,1,2024-03-16 16:00:00,766802.8999999999,Cash
43571,907,305,1,2024-03-16 16:00:00,150490.7,Cash
43572,596,305,1,2024-03-16 16:00:00,1051815.2,Cash
43573,34,305,1,2024-03-16 16:00:00,975680.0,Cash
43574,621,305,1,2024-03-16 16:00:00,393457.0,Credit Card
43575,151,54,1,2024-03-16 16:00:00,173674.0,Credit Card
43576,957,54,1,2024-03-16 16:00:00,160478.19999999998,Cash
43577,761,54,1,2024-03-16 16:00:00,180070.40000000002,Cash
43578,646,54,1,2024-03-16 16:00:00,157317.90000000002,Cash
43579,628,305,1,2024-03-16 16:00:00,167454.40000000002,Credit Card
43580,186,305,1,2024-03-16 16:00:00,174290.6,Credit Card
43581,273,54,1,2024-03-16 16:00:00,1052190.1,Cash
43582,341,295,2,2024-03-16 16:00:00,75748.2,Cash
43583,337,448,2,2024-03-16 16:00:00,111896.4,Credit Card
43584,234,295,2,2024-03-16 16:00:00,136521.2,Credit Card
43585,319,202,2,2024-03-16 16:00:00,739995.5,Credit Card
43586,184,295,2,2024-03-16 16:00:00,517719.9,Cash
43587,581,258,3,2024-03-16 16:00:00,644481.6000000001,Credit Card
43588,364,258,3,2024-03-16 16:00:00,181666.7,Cash
43589,193,31,3,2024-03-16 16:00:00,224535.1,Cash
43590,443,216,3,2024-03-16 16:00:00,120514.7,Credit Card
43591,192,299,3,2024-03-16 16:00:00,102644.9,Credit Card
43592,358,258,3,2024-03-16 16:00:00,170336.0,Credit Card
43593,64,299,3,2024-03-16 16:00:00,148573.5,Cash
43594,344,216,3,2024-03-16 16:00:00,701985.2,Cash
43595,275,216,3,2024-03-16 16:00:00,417200.7,Cash
43596,966,258,3,2024-03-16 16:00:00,170020.5,Cash
43597,293,299,3,2024-03-16 16:00:00,296390.9,Cash
43598,202,216,3,2024-03-16 16:00:00,132157.3,Cash
43599,902,69,4,2024-03-16 16:00:00,859499.4999999999,Credit Card
43600,547,46,4,2024-03-16 16:00:00,152779.19999999998,Credit Card
43601,282,139,4,2024-03-16 16:00:00,101472.7,Cash
43602,27,139,4,2024-03-16 16:00:00,1016878.9,Credit Card
43603,464,480,4,2024-03-16 16:00:00,116112.0,Credit Card
43604,985,46,4,2024-03-16 16:00:00,145139.7,Cash
43605,899,480,4,2024-03-16 16:00:00,180520.3,Cash
43606,160,480,4,2024-03-16 16:00:00,116166.3,Credit Card
43607,349,69,4,2024-03-16 16:00:00,134368.4,Credit Card
43608,14,139,4,2024-03-16 16:00:00,75479.6,Credit Card
43609,200,480,4,2024-03-16 16:00:00,612551.8,Credit Card
43610,579,69,4,2024-03-16 16:00:00,132105.7,Cash
43611,160,190,5,2024-03-16 16:00:00,121491.0,Cash
43612,48,472,5,2024-03-16 16:00:00,120150.3,Credit Card
43613,912,472,5,2024-03-16 16:00:00,97299.3,Credit Card
43614,213,146,5,2024-03-16 16:00:00,193744.6,Cash
43615,645,8,5,2024-03-16 16:00:00,794532.5,Cash
43616,577,319,5,2024-03-16 16:00:00,147138.09999999998,Cash
43617,660,111,6,2024-03-16 16:00:00,506661.9,Credit Card
43618,53,205,6,2024-03-16 16:00:00,951393.4,Cash
43619,107,111,6,2024-03-16 16:00:00,96872.3,Cash
43620,377,481,6,2024-03-16 16:00:00,694112.8999999999,Credit Card
43621,305,161,6,2024-03-16 16:00:00,57976.0,Credit Card
43622,201,58,6,2024-03-16 16:00:00,683000.2,Credit Card
43623,456,205,6,2024-03-16 16:00:00,566552.7999999999,Credit Card
43624,329,312,6,2024-03-16 16:00:00,115170.9,Cash
43625,576,111,6,2024-03-16 16:00:00,520746.4,Credit Card
43626,862,481,6,2024-03-16 16:00:00,947922.2,Cash
43627,894,343,7,2024-03-16 16:00:00,208708.8,Credit Card
43628,319,13,7,2024-03-16 16:00:00,942654.3,Cash
43629,261,378,7,2024-03-16 16:00:00,108998.0,Credit Card
43630,421,251,7,2024-03-16 16:00:00,953824.8,Credit Card
43631,120,262,7,2024-03-16 16:00:00,655215.0,Cash
43632,113,378,7,2024-03-16 16:00:00,767452.6,Cash
43633,583,378,7,2024-03-16 16:00:00,160877.59999999998,Credit Card
43634,445,251,7,2024-03-16 16:00:00,826377.6,Cash
43635,216,262,7,2024-03-16 16:00:00,68972.8,Cash
43636,746,251,7,2024-03-16 16:00:00,88126.09999999999,Cash
43637,669,331,7,2024-03-16 16:00:00,588398.8,Cash
43638,546,71,8,2024-03-16 16:00:00,762850.2000000001,Cash
43639,737,11,8,2024-03-16 16:00:00,92428.3,Cash
43640,903,112,8,2024-03-16 16:00:00,563436.9,Cash
43641,436,322,8,2024-03-16 16:00:00,87340.29999999999,Credit Card
43642,467,193,8,2024-03-16 16:00:00,715738.6,Cash
43643,172,112,8,2024-03-16 16:00:00,113732.8,Cash
43644,648,322,8,2024-03-16 16:00:00,81215.4,Credit Card
43645,887,11,8,2024-03-16 16:00:00,150548.8,Cash
43646,563,332,8,2024-03-16 16:00:00,325170.4,Credit Card
43647,287,332,8,2024-03-16 16:00:00,324724.3,Cash
43648,298,322,8,2024-03-16 16:00:00,173415.5,Cash
43649,401,157,8,2024-03-16 16:00:00,93962.19999999998,Cash
43650,512,382,8,2024-03-16 16:00:00,124700.0,Credit Card
43651,615,147,9,2024-03-16 16:00:00,155937.7,Credit Card
43652,629,147,9,2024-03-16 16:00:00,175374.40000000002,Credit Card
43653,53,186,9,2024-03-16 16:00:00,909788.3,Credit Card
43654,770,186,9,2024-03-16 16:00:00,156278.1,Cash
43655,334,186,9,2024-03-16 16:00:00,512593.1,Credit Card
43656,864,186,9,2024-03-16 16:00:00,132635.0,Cash
43657,323,186,9,2024-03-16 16:00:00,660668.7,Cash
43658,37,186,9,2024-03-16 16:00:00,481459.9,Credit Card
43659,761,147,9,2024-03-16 16:00:00,158415.4,Credit Card
43660,420,147,9,2024-03-16 16:00:00,702576.1,Credit Card
43661,518,186,9,2024-03-16 16:00:00,877347.0,Credit Card
43662,556,186,9,2024-03-16 16:00:00,784452.0,Credit Card
43663,238,186,9,2024-03-16 16:00:00,148968.3,Cash
43664,73,186,9,2024-03-16 16:00:00,211877.6,Cash
43665,952,194,10,2024-03-16 16:00:00,187682.3,Credit Card
43666,418,194,10,2024-03-16 16:00:00,947249.6,Cash
43667,63,26,10,2024-03-16 16:00:00,525991.5,Cash
43668,927,194,10,2024-03-16 16:00:00,159499.40000000002,Credit Card
43669,50,194,10,2024-03-16 16:00:00,206345.10000000003,Cash
43670,240,26,10,2024-03-16 16:00:00,196452.5,Cash
43671,432,26,10,2024-03-16 16:00:00,1033647.7,Cash
43672,995,194,10,2024-03-16 16:00:00,81749.0,Cash
43673,489,194,10,2024-03-16 16:00:00,173240.7,Credit Card
43674,450,26,10,2024-03-16 16:00:00,946010.5,Credit Card
43675,45,194,10,2024-03-16 16:00:00,563298.3,Cash
43676,629,194,10,2024-03-16 16:00:00,130078.80000000002,Cash
43677,867,26,10,2024-03-16 16:00:00,130984.2,Credit Card
43678,443,26,10,2024-03-16 16:00:00,191385.6,Cash
45568,265,305,1,2024-03-16 17:00:00,782182.8,Cash
45569,728,305,1,2024-03-16 17:00:00,206480.4,Credit Card
45570,736,54,1,2024-03-16 17:00:00,86887.70000000001,Credit Card
45571,950,305,1,2024-03-16 17:00:00,151998.8,Credit Card
45572,732,54,1,2024-03-16 17:00:00,460884.9,Credit Card
45573,713,54,1,2024-03-16 17:00:00,135049.19999999998,Credit Card
45574,937,305,1,2024-03-16 17:00:00,562664.4,Cash
45575,433,54,1,2024-03-16 17:00:00,521669.3000000001,Credit Card
45576,567,305,1,2024-03-16 17:00:00,127131.9,Credit Card
45577,251,305,1,2024-03-16 17:00:00,104040.6,Credit Card
45578,216,91,2,2024-03-16 17:00:00,137134.0,Credit Card
45579,640,202,2,2024-03-16 17:00:00,682189.6000000001,Credit Card
45580,833,295,2,2024-03-16 17:00:00,865056.7,Credit Card
45581,247,257,2,2024-03-16 17:00:00,478721.8,Credit Card
45582,986,302,2,2024-03-16 17:00:00,738672.2,Cash
45583,730,302,2,2024-03-16 17:00:00,186226.7,Credit Card
45584,62,345,2,2024-03-16 17:00:00,102155.5,Cash
45585,409,202,2,2024-03-16 17:00:00,135550.5,Credit Card
45586,118,91,2,2024-03-16 17:00:00,146839.9,Cash
45587,989,448,2,2024-03-16 17:00:00,105772.2,Cash
45588,770,257,2,2024-03-16 17:00:00,197244.6,Cash
45589,429,345,2,2024-03-16 17:00:00,200366.5,Cash
45590,79,299,3,2024-03-16 17:00:00,162599.09999999998,Cash
45591,383,376,3,2024-03-16 17:00:00,474921.8,Credit Card
45592,518,376,3,2024-03-16 17:00:00,795647.5,Cash
45593,181,31,3,2024-03-16 17:00:00,556218.0,Credit Card
45594,962,258,3,2024-03-16 17:00:00,85872.8,Cash
45595,692,376,3,2024-03-16 17:00:00,121032.8,Cash
45596,853,299,3,2024-03-16 17:00:00,1116093.8,Credit Card
45597,386,258,3,2024-03-16 17:00:00,167937.30000000002,Cash
45598,702,299,3,2024-03-16 17:00:00,151270.2,Cash
45599,278,31,3,2024-03-16 17:00:00,916433.2,Credit Card
45600,165,216,3,2024-03-16 17:00:00,684601.1000000001,Cash
45601,420,376,3,2024-03-16 17:00:00,732200.9,Credit Card
45602,910,216,3,2024-03-16 17:00:00,140387.4,Credit Card
45603,824,376,3,2024-03-16 17:00:00,673159.5000000001,Cash
45604,232,46,4,2024-03-16 17:00:00,481351.5,Credit Card
45605,966,46,4,2024-03-16 17:00:00,114300.5,Cash
45606,3,480,4,2024-03-16 17:00:00,113770.5,Credit Card
45607,830,69,4,2024-03-16 17:00:00,81545.7,Cash
45608,808,69,4,2024-03-16 17:00:00,518998.7,Credit Card
45609,78,480,4,2024-03-16 17:00:00,152652.19999999998,Credit Card
45610,620,480,4,2024-03-16 17:00:00,164682.09999999998,Cash
45611,846,46,4,2024-03-16 17:00:00,170023.2,Cash
45612,550,139,4,2024-03-16 17:00:00,514185.1,Credit Card
45613,163,46,4,2024-03-16 17:00:00,161156.3,Cash
45614,269,69,4,2024-03-16 17:00:00,140085.6,Cash
45615,356,46,4,2024-03-16 17:00:00,139486.7,Cash
45616,752,139,4,2024-03-16 17:00:00,110460.1,Credit Card
45617,262,190,5,2024-03-16 17:00:00,1033340.8,Credit Card
45618,795,221,5,2024-03-16 17:00:00,89276.1,Credit Card
45619,178,221,5,2024-03-16 17:00:00,553760.4,Cash
45620,252,146,5,2024-03-16 17:00:00,104686.6,Cash
45621,576,319,5,2024-03-16 17:00:00,623958.3,Credit Card
45622,538,221,5,2024-03-16 17:00:00,933647.4,Credit Card
45623,293,319,5,2024-03-16 17:00:00,614546.3,Cash
45624,435,146,5,2024-03-16 17:00:00,64455.2,Cash
45625,496,190,5,2024-03-16 17:00:00,101876.6,Credit Card
45626,221,472,5,2024-03-16 17:00:00,808582.8,Credit Card
45627,54,146,5,2024-03-16 17:00:00,109376.1,Credit Card
45628,140,472,5,2024-03-16 17:00:00,180656.5,Credit Card
45629,894,58,6,2024-03-16 17:00:00,115538.9,Cash
45630,181,312,6,2024-03-16 17:00:00,982028.6,Cash
45631,900,205,6,2024-03-16 17:00:00,412431.5,Cash
45632,520,161,6,2024-03-16 17:00:00,169823.5,Credit Card
45633,487,161,6,2024-03-16 17:00:00,1084685.0,Cash
45634,476,205,6,2024-03-16 17:00:00,174707.3,Cash
45635,818,312,6,2024-03-16 17:00:00,496488.1,Cash
45636,497,312,6,2024-03-16 17:00:00,172717.2,Cash
45637,361,58,6,2024-03-16 17:00:00,134982.80000000002,Credit Card
45638,884,481,6,2024-03-16 17:00:00,1026578.5,Cash
45639,445,58,6,2024-03-16 17:00:00,1146973.3,Cash
45640,547,205,6,2024-03-16 17:00:00,177963.4,Credit Card
45641,800,205,6,2024-03-16 17:00:00,100886.6,Cash
45642,824,481,6,2024-03-16 17:00:00,686501.1000000001,Cash
45643,760,111,6,2024-03-16 17:00:00,704886.3,Cash
45644,631,251,7,2024-03-16 17:00:00,1079083.7,Cash
45645,449,13,7,2024-03-16 17:00:00,155335.90000000002,Cash
45646,687,490,7,2024-03-16 17:00:00,181142.3,Credit Card
45647,46,343,7,2024-03-16 17:00:00,534449.8999999999,Credit Card
45648,50,251,7,2024-03-16 17:00:00,203273.9,Cash
45649,116,378,7,2024-03-16 17:00:00,82592.70000000001,Credit Card
45650,613,251,7,2024-03-16 17:00:00,169771.0,Cash
45651,484,331,7,2024-03-16 17:00:00,360093.4,Cash
45652,17,490,7,2024-03-16 17:00:00,135045.4,Credit Card
45653,155,322,8,2024-03-16 17:00:00,821859.9,Cash
45654,214,382,8,2024-03-16 17:00:00,489234.3000000001,Cash
45655,552,71,8,2024-03-16 17:00:00,461222.2,Cash
45656,176,322,8,2024-03-16 17:00:00,142832.09999999998,Credit Card
45657,881,112,8,2024-03-16 17:00:00,165134.0,Credit Card
45658,729,382,8,2024-03-16 17:00:00,852770.7999999999,Credit Card
45659,195,112,8,2024-03-16 17:00:00,701423.2,Cash
45660,821,382,8,2024-03-16 17:00:00,213252.2,Credit Card
45661,173,193,8,2024-03-16 17:00:00,181339.3,Credit Card
45662,13,186,9,2024-03-16 17:00:00,1057440.2999999998,Cash
45663,390,147,9,2024-03-16 17:00:00,1088055.6,Credit Card
45664,234,186,9,2024-03-16 17:00:00,206024.0,Credit Card
45665,409,186,9,2024-03-16 17:00:00,178962.59999999998,Credit Card
45666,428,186,9,2024-03-16 17:00:00,172370.3,Credit Card
45667,680,26,10,2024-03-16 17:00:00,760027.5,Cash
45668,626,194,10,2024-03-16 17:00:00,617117.3,Credit Card
45669,269,26,10,2024-03-16 17:00:00,83151.20000000001,Cash
45670,551,194,10,2024-03-16 17:00:00,179090.5,Credit Card
45671,101,26,10,2024-03-16 17:00:00,140602.6,Credit Card
45672,894,194,10,2024-03-16 17:00:00,85641.9,Cash
45673,222,26,10,2024-03-16 17:00:00,988893.0,Credit Card
45674,617,26,10,2024-03-16 17:00:00,395036.1,Credit Card
45675,592,26,10,2024-03-16 17:00:00,417334.0,Cash
47654,965,305,1,2024-03-16 18:00:00,86358.6,Credit Card
47655,799,305,1,2024-03-16 18:00:00,162831.8,Cash
47656,816,54,1,2024-03-16 18:00:00,116116.7,Cash
47657,742,305,1,2024-03-16 18:00:00,120542.3,Credit Card
47658,46,305,1,2024-03-16 18:00:00,413126.9,Credit Card
47659,658,54,1,2024-03-16 18:00:00,159697.1,Cash
47660,857,305,1,2024-03-16 18:00:00,444851.3,Cash
47661,80,305,1,2024-03-16 18:00:00,197489.4,Cash
47662,694,54,1,2024-03-16 18:00:00,116591.5,Credit Card
47663,652,305,1,2024-03-16 18:00:00,750420.2,Cash
47664,4,305,1,2024-03-16 18:00:00,155728.8,Cash
47665,547,54,1,2024-03-16 18:00:00,137813.0,Credit Card
47666,177,305,1,2024-03-16 18:00:00,162357.2,Credit Card
47667,971,345,2,2024-03-16 18:00:00,880215.0,Cash
47668,879,448,2,2024-03-16 18:00:00,112912.0,Cash
47669,13,302,2,2024-03-16 18:00:00,1030192.8,Credit Card
47670,810,448,2,2024-03-16 18:00:00,559543.3,Credit Card
47671,242,345,2,2024-03-16 18:00:00,319501.1,Credit Card
47672,126,202,2,2024-03-16 18:00:00,156191.7,Cash
47673,421,345,2,2024-03-16 18:00:00,610346.5,Cash
47674,95,302,2,2024-03-16 18:00:00,185099.6,Cash
47675,792,302,2,2024-03-16 18:00:00,702140.0,Cash
47676,365,202,2,2024-03-16 18:00:00,64593.2,Credit Card
47677,881,91,2,2024-03-16 18:00:00,190149.0,Cash
47678,431,258,3,2024-03-16 18:00:00,1111061.6,Cash
47679,278,258,3,2024-03-16 18:00:00,1219818.7999999998,Cash
47680,11,258,3,2024-03-16 18:00:00,204649.4,Credit Card
47681,81,31,3,2024-03-16 18:00:00,1062574.2,Cash
47682,656,376,3,2024-03-16 18:00:00,80310.9,Cash
47683,400,139,4,2024-03-16 18:00:00,873571.2,Cash
47684,534,480,4,2024-03-16 18:00:00,1087995.4,Credit Card
47685,108,46,4,2024-03-16 18:00:00,160550.0,Cash
47686,676,46,4,2024-03-16 18:00:00,71584.0,Credit Card
47687,323,480,4,2024-03-16 18:00:00,426525.3000000001,Cash
47688,333,480,4,2024-03-16 18:00:00,112308.4,Credit Card
47689,398,46,4,2024-03-16 18:00:00,789538.9,Cash
47690,900,190,5,2024-03-16 18:00:00,835500.2,Cash
47691,838,472,5,2024-03-16 18:00:00,214884.4,Cash
47692,114,146,5,2024-03-16 18:00:00,1269505.4,Credit Card
47693,762,190,5,2024-03-16 18:00:00,190385.5,Credit Card
47694,373,319,5,2024-03-16 18:00:00,336527.9,Cash
47695,436,146,5,2024-03-16 18:00:00,200851.4,Cash
47696,970,190,5,2024-03-16 18:00:00,812362.4999999999,Credit Card
47697,273,221,5,2024-03-16 18:00:00,654469.9000000001,Cash
47698,393,205,6,2024-03-16 18:00:00,1071740.0,Cash
47699,656,161,6,2024-03-16 18:00:00,143271.90000000002,Cash
47700,901,312,6,2024-03-16 18:00:00,169876.90000000002,Cash
47701,102,275,6,2024-03-16 18:00:00,180026.2,Cash
47702,623,111,6,2024-03-16 18:00:00,217900.4,Credit Card
47703,823,111,6,2024-03-16 18:00:00,445901.6,Credit Card
47704,463,161,6,2024-03-16 18:00:00,83729.0,Credit Card
47705,165,481,6,2024-03-16 18:00:00,835871.7,Credit Card
47706,211,58,6,2024-03-16 18:00:00,165620.7,Cash
47707,577,312,6,2024-03-16 18:00:00,206406.8,Credit Card
47708,770,490,7,2024-03-16 18:00:00,146232.7,Credit Card
47709,431,262,7,2024-03-16 18:00:00,627164.1000000001,Credit Card
47710,344,343,7,2024-03-16 18:00:00,598759.2000000001,Cash
47711,816,378,7,2024-03-16 18:00:00,159636.5,Cash
47712,943,378,7,2024-03-16 18:00:00,161069.90000000002,Cash
47713,206,13,7,2024-03-16 18:00:00,165527.6,Credit Card
47714,992,331,7,2024-03-16 18:00:00,1095016.8,Credit Card
47715,670,490,7,2024-03-16 18:00:00,146611.9,Cash
47716,689,343,7,2024-03-16 18:00:00,108625.5,Cash
47717,360,251,7,2024-03-16 18:00:00,815061.0,Credit Card
47718,190,378,7,2024-03-16 18:00:00,958471.1,Credit Card
47719,917,378,7,2024-03-16 18:00:00,103003.7,Cash
47720,16,13,7,2024-03-16 18:00:00,133700.19999999998,Cash
47721,978,343,7,2024-03-16 18:00:00,217826.8,Cash
47722,72,382,8,2024-03-16 18:00:00,141517.4,Credit Card
47723,448,112,8,2024-03-16 18:00:00,1029719.2,Cash
47724,103,11,8,2024-03-16 18:00:00,561210.9000000001,Credit Card
47725,568,11,8,2024-03-16 18:00:00,521771.3000000001,Credit Card
47726,151,11,8,2024-03-16 18:00:00,171257.1,Credit Card
47727,669,332,8,2024-03-16 18:00:00,918990.3,Cash
47728,655,322,8,2024-03-16 18:00:00,152701.8,Credit Card
47729,404,157,8,2024-03-16 18:00:00,398137.5,Credit Card
47730,877,71,8,2024-03-16 18:00:00,149230.30000000002,Cash
47731,909,147,9,2024-03-16 18:00:00,102877.6,Credit Card
47732,157,186,9,2024-03-16 18:00:00,848376.0000000001,Cash
47733,101,186,9,2024-03-16 18:00:00,142267.09999999998,Cash
47734,948,147,9,2024-03-16 18:00:00,145341.2,Cash
47735,168,186,9,2024-03-16 18:00:00,878258.1000000001,Credit Card
47736,246,147,9,2024-03-16 18:00:00,126344.3,Cash
47737,156,147,9,2024-03-16 18:00:00,800302.8,Credit Card
47738,380,186,9,2024-03-16 18:00:00,149234.09999999998,Cash
47739,305,147,9,2024-03-16 18:00:00,191154.7,Cash
47740,589,186,9,2024-03-16 18:00:00,961454.2,Cash
47741,871,186,9,2024-03-16 18:00:00,131233.5,Cash
47742,900,147,9,2024-03-16 18:00:00,640463.8,Cash
47743,432,186,9,2024-03-16 18:00:00,670403.3,Cash
47744,880,26,10,2024-03-16 18:00:00,1190479.1,Cash
47745,900,194,10,2024-03-16 18:00:00,780997.9000000001,Credit Card
47746,220,26,10,2024-03-16 18:00:00,495521.7,Cash
47747,661,194,10,2024-03-16 18:00:00,424929.1,Cash
47748,906,194,10,2024-03-16 18:00:00,521803.7,Credit Card
49625,739,54,1,2024-03-16 19:00:00,648207.1,Credit Card
49626,398,54,1,2024-03-16 19:00:00,1015449.8,Credit Card
49627,185,54,1,2024-03-16 19:00:00,87450.7,Credit Card
49628,138,54,1,2024-03-16 19:00:00,174623.59999999998,Cash
49629,987,54,1,2024-03-16 19:00:00,59460.99999999999,Credit Card
49630,959,54,1,2024-03-16 19:00:00,118053.4,Credit Card
49631,491,54,1,2024-03-16 19:00:00,185810.9,Cash
49632,898,54,1,2024-03-16 19:00:00,637550.2999999999,Cash
49633,802,302,2,2024-03-16 19:00:00,213719.6,Cash
49634,181,202,2,2024-03-16 19:00:00,751460.5,Credit Card
49635,396,202,2,2024-03-16 19:00:00,190233.6,Cash
49636,672,376,3,2024-03-16 19:00:00,74582.5,Credit Card
49637,616,258,3,2024-03-16 19:00:00,181142.3,Credit Card
49638,375,258,3,2024-03-16 19:00:00,1047628.3,Credit Card
49639,649,216,3,2024-03-16 19:00:00,107732.0,Credit Card
49640,419,31,3,2024-03-16 19:00:00,606914.9,Cash
49641,727,258,3,2024-03-16 19:00:00,153964.2,Cash
49642,499,216,3,2024-03-16 19:00:00,182934.7,Credit Card
49643,405,31,3,2024-03-16 19:00:00,149617.6,Credit Card
49644,20,46,4,2024-03-16 19:00:00,387029.5,Credit Card
49645,695,46,4,2024-03-16 19:00:00,198525.4,Credit Card
49646,573,139,4,2024-03-16 19:00:00,78065.9,Cash
49647,364,139,4,2024-03-16 19:00:00,171514.7,Cash
49648,803,46,4,2024-03-16 19:00:00,917423.0,Cash
49649,113,46,4,2024-03-16 19:00:00,726039.2,Cash
49650,231,8,5,2024-03-16 19:00:00,51432.40000000001,Cash
49651,150,319,5,2024-03-16 19:00:00,142432.9,Credit Card
49652,984,190,5,2024-03-16 19:00:00,496872.8000000001,Credit Card
49653,892,221,5,2024-03-16 19:00:00,181547.1,Cash
49654,133,319,5,2024-03-16 19:00:00,672801.1000000001,Cash
49655,454,8,5,2024-03-16 19:00:00,554906.0,Cash
49656,132,472,5,2024-03-16 19:00:00,155602.7,Cash
49657,732,58,6,2024-03-16 19:00:00,1104330.6,Cash
49658,754,275,6,2024-03-16 19:00:00,146714.0,Cash
49659,548,111,6,2024-03-16 19:00:00,740428.5,Cash
49660,570,481,6,2024-03-16 19:00:00,444564.8,Credit Card
49661,952,13,7,2024-03-16 19:00:00,138575.9,Credit Card
49662,47,343,7,2024-03-16 19:00:00,126271.6,Cash
49663,435,343,7,2024-03-16 19:00:00,104443.6,Cash
49664,20,331,7,2024-03-16 19:00:00,693005.3,Credit Card
49665,598,490,7,2024-03-16 19:00:00,797886.3,Credit Card
49666,23,331,7,2024-03-16 19:00:00,519442.3,Credit Card
49667,781,112,8,2024-03-16 19:00:00,131034.0,Cash
49668,645,382,8,2024-03-16 19:00:00,757224.1,Credit Card
49669,915,112,8,2024-03-16 19:00:00,302524.3,Cash
49670,997,112,8,2024-03-16 19:00:00,739433.5,Credit Card
49671,553,11,8,2024-03-16 19:00:00,804395.6000000001,Cash
49672,571,157,8,2024-03-16 19:00:00,861838.5,Cash
49673,460,157,8,2024-03-16 19:00:00,619911.7,Cash
49674,101,147,9,2024-03-16 19:00:00,156938.7,Credit Card
49675,676,186,9,2024-03-16 19:00:00,165072.3,Credit Card
49676,784,147,9,2024-03-16 19:00:00,380286.8,Cash
49677,310,26,10,2024-03-16 19:00:00,449023.9,Cash
49678,919,26,10,2024-03-16 19:00:00,585556.5,Cash
49679,10,26,10,2024-03-16 19:00:00,773876.0,Cash
49680,960,194,10,2024-03-16 19:00:00,158664.0,Cash
49681,212,26,10,2024-03-16 19:00:00,760636.0999999999,Credit Card
49682,617,26,10,2024-03-16 19:00:00,463533.5,Cash
49683,431,26,10,2024-03-16 19:00:00,919333.1,Cash
50600,396,305,1,2024-03-16 20:00:00,167872.9,Credit Card
50601,835,54,1,2024-03-16 20:00:00,224553.5,Cash
50602,738,305,1,2024-03-16 20:00:00,745440.9,Credit Card
50603,65,305,1,2024-03-16 20:00:00,903863.9,Cash
50604,786,305,1,2024-03-16 20:00:00,159412.8,Cash
50605,964,54,1,2024-03-16 20:00:00,130499.5,Credit Card
50606,183,305,1,2024-03-16 20:00:00,638437.1,Credit Card
50607,311,257,2,2024-03-16 20:00:00,133666.3,Cash
50608,885,257,2,2024-03-16 20:00:00,151668.5,Cash
50609,25,448,2,2024-03-16 20:00:00,94757.0,Cash
50610,729,295,2,2024-03-16 20:00:00,815557.1000000001,Cash
50611,663,345,2,2024-03-16 20:00:00,537652.0,Credit Card
50612,182,202,2,2024-03-16 20:00:00,748381.7,Cash
50613,428,376,3,2024-03-16 20:00:00,171017.69999999998,Cash
50614,750,258,3,2024-03-16 20:00:00,1018279.1,Cash
50615,39,31,3,2024-03-16 20:00:00,434764.6,Cash
50616,582,258,3,2024-03-16 20:00:00,165791.7,Credit Card
50617,704,258,3,2024-03-16 20:00:00,79603.4,Cash
50618,307,216,3,2024-03-16 20:00:00,120706.1,Credit Card
50619,964,31,3,2024-03-16 20:00:00,168570.3,Credit Card
50620,486,139,4,2024-03-16 20:00:00,128518.4,Cash
50621,410,139,4,2024-03-16 20:00:00,796677.6000000001,Cash
50622,452,480,4,2024-03-16 20:00:00,1064540.2999999998,Cash
50623,829,46,4,2024-03-16 20:00:00,94928.2,Cash
50624,357,46,4,2024-03-16 20:00:00,93045.80000000002,Credit Card
50625,306,8,5,2024-03-16 20:00:00,91044.5,Cash
50626,164,319,5,2024-03-16 20:00:00,156031.5,Cash
50627,182,190,5,2024-03-16 20:00:00,683970.9,Credit Card
50628,727,146,5,2024-03-16 20:00:00,116326.5,Cash
50629,373,146,5,2024-03-16 20:00:00,907575.3,Credit Card
50630,510,319,5,2024-03-16 20:00:00,162275.09999999998,Cash
50631,246,8,5,2024-03-16 20:00:00,188217.7,Credit Card
50632,152,275,6,2024-03-16 20:00:00,812176.7999999999,Credit Card
50633,98,58,6,2024-03-16 20:00:00,899837.5000000001,Credit Card
50634,84,275,6,2024-03-16 20:00:00,178017.7,Cash
50635,914,205,6,2024-03-16 20:00:00,301539.3,Cash
50636,510,205,6,2024-03-16 20:00:00,131931.1,Credit Card
50637,131,312,6,2024-03-16 20:00:00,181467.2,Cash
50638,781,331,7,2024-03-16 20:00:00,191878.8,Cash
50639,589,378,7,2024-03-16 20:00:00,498682.6,Cash
50640,793,331,7,2024-03-16 20:00:00,150607.6,Credit Card
50641,858,13,7,2024-03-16 20:00:00,788844.6000000001,Cash
50642,15,112,8,2024-03-16 20:00:00,113430.1,Credit Card
50643,600,322,8,2024-03-16 20:00:00,667755.1,Cash
50644,621,112,8,2024-03-16 20:00:00,1030406.0,Cash
50645,731,186,9,2024-03-16 20:00:00,137960.2,Credit Card
50646,581,186,9,2024-03-16 20:00:00,583226.9,Credit Card
50647,709,186,9,2024-03-16 20:00:00,1021790.3,Cash
50648,977,147,9,2024-03-16 20:00:00,908518.5,Credit Card
50649,579,26,10,2024-03-16 20:00:00,171576.2,Cash
50650,708,194,10,2024-03-16 20:00:00,133899.0,Cash
50651,233,194,10,2024-03-16 20:00:00,379776.2,Credit Card
50652,704,26,10,2024-03-16 20:00:00,113674.0,Credit Card
50653,164,26,10,2024-03-16 20:00:00,127733.7,Credit Card
50654,306,26,10,2024-03-16 20:00:00,195169.0,Cash
51517,886,54,1,2024-03-16 21:00:00,119469.5,Credit Card
51518,691,54,1,2024-03-16 21:00:00,181922.5,Credit Card
51519,875,54,1,2024-03-16 21:00:00,767646.8,Cash
51520,345,305,1,2024-03-16 21:00:00,711908.3,Credit Card
51521,47,448,2,2024-03-16 21:00:00,142111.80000000002,Credit Card
51522,441,345,2,2024-03-16 21:00:00,586996.8,Cash
51523,192,345,2,2024-03-16 21:00:00,95662.4,Cash
51524,710,202,2,2024-03-16 21:00:00,218788.3,Credit Card
51525,485,257,2,2024-03-16 21:00:00,155283.4,Credit Card
51526,598,302,2,2024-03-16 21:00:00,899298.9,Cash
51527,453,257,2,2024-03-16 21:00:00,106569.9,Cash
51528,360,299,3,2024-03-16 21:00:00,975576.9,Credit Card
51529,464,299,3,2024-03-16 21:00:00,154369.9,Cash
51530,73,216,3,2024-03-16 21:00:00,133811.7,Cash
51531,561,376,3,2024-03-16 21:00:00,437237.6,Credit Card
51532,592,31,3,2024-03-16 21:00:00,1247652.2,Cash
51533,577,31,3,2024-03-16 21:00:00,128146.6,Credit Card
51534,939,376,3,2024-03-16 21:00:00,200045.0,Cash
51535,926,69,4,2024-03-16 21:00:00,151230.5,Cash
51536,568,46,4,2024-03-16 21:00:00,842154.4,Cash
51537,894,139,4,2024-03-16 21:00:00,167579.4,Cash
51538,748,139,4,2024-03-16 21:00:00,620961.7,Cash
51539,476,139,4,2024-03-16 21:00:00,139650.5,Credit Card
51540,246,472,5,2024-03-16 21:00:00,137436.9,Credit Card
51541,779,8,5,2024-03-16 21:00:00,290128.69999999995,Credit Card
51542,807,319,5,2024-03-16 21:00:00,177281.7,Cash
51543,31,8,5,2024-03-16 21:00:00,173915.2,Credit Card
51544,462,472,5,2024-03-16 21:00:00,516866.1,Credit Card
51545,713,472,5,2024-03-16 21:00:00,56371.4,Credit Card
51546,328,319,5,2024-03-16 21:00:00,56491.0,Cash
51547,960,111,6,2024-03-16 21:00:00,118243.9,Credit Card
51548,179,161,6,2024-03-16 21:00:00,126865.1,Cash
51549,616,111,6,2024-03-16 21:00:00,197048.7,Cash
51550,893,111,6,2024-03-16 21:00:00,870126.7,Credit Card
51551,352,161,6,2024-03-16 21:00:00,712982.9,Cash
51552,259,481,6,2024-03-16 21:00:00,139909.0,Credit Card
51553,806,111,6,2024-03-16 21:00:00,219989.9,Cash
51554,294,13,7,2024-03-16 21:00:00,167191.2,Cash
51555,758,490,7,2024-03-16 21:00:00,213667.1,Cash
51556,689,343,7,2024-03-16 21:00:00,107251.8,Cash
51557,289,378,7,2024-03-16 21:00:00,764196.9999999999,Credit Card
51558,571,112,8,2024-03-16 21:00:00,633896.6,Credit Card
51559,881,11,8,2024-03-16 21:00:00,217028.2,Cash
51560,887,322,8,2024-03-16 21:00:00,165238.8,Credit Card
51561,836,112,8,2024-03-16 21:00:00,200662.7,Cash
51562,828,186,9,2024-03-16 21:00:00,676704.5,Cash
51563,748,186,9,2024-03-16 21:00:00,446668.5,Cash
51564,969,186,9,2024-03-16 21:00:00,528133.6000000001,Credit Card
51565,744,147,9,2024-03-16 21:00:00,767101.9,Cash
51566,479,186,9,2024-03-16 21:00:00,666104.6,Credit Card
51567,146,147,9,2024-03-16 21:00:00,91305.9,Cash
51568,488,26,10,2024-03-16 21:00:00,108545.4,Cash
51569,208,194,10,2024-03-16 21:00:00,620376.3,Credit Card
51570,994,194,10,2024-03-16 21:00:00,821826.2,Credit Card
52450,936,305,1,2024-03-16 22:00:00,111818.1,Credit Card
52451,209,305,1,2024-03-16 22:00:00,554781.0,Cash
52452,431,305,1,2024-03-16 22:00:00,420314.8000000001,Cash
52453,222,295,2,2024-03-16 22:00:00,1000501.4,Cash
52454,290,257,2,2024-03-16 22:00:00,204702.8,Credit Card
52455,545,345,2,2024-03-16 22:00:00,544138.4,Cash
52456,476,91,2,2024-03-16 22:00:00,176430.59999999998,Cash
52457,961,302,2,2024-03-16 22:00:00,185212.7,Cash
52458,909,302,2,2024-03-16 22:00:00,122976.9,Credit Card
52459,580,302,2,2024-03-16 22:00:00,143590.09999999998,Credit Card
52460,600,299,3,2024-03-16 22:00:00,768594.0,Credit Card
52461,823,299,3,2024-03-16 22:00:00,678417.8,Cash
52462,965,216,3,2024-03-16 22:00:00,175896.1,Cash
52463,281,299,3,2024-03-16 22:00:00,956668.9,Credit Card
52464,310,258,3,2024-03-16 22:00:00,863821.0,Credit Card
52465,733,480,4,2024-03-16 22:00:00,125167.4,Credit Card
52466,987,69,4,2024-03-16 22:00:00,111964.4,Credit Card
52467,400,69,4,2024-03-16 22:00:00,877804.6000000001,Credit Card
52468,202,480,4,2024-03-16 22:00:00,148574.40000000002,Credit Card
52469,539,8,5,2024-03-16 22:00:00,629054.7000000001,Credit Card
52470,237,221,5,2024-03-16 22:00:00,175973.3,Cash
52471,853,472,5,2024-03-16 22:00:00,809270.9,Cash
52472,844,146,5,2024-03-16 22:00:00,128826.7,Cash
52473,677,190,5,2024-03-16 22:00:00,152984.30000000002,Cash
52474,544,221,5,2024-03-16 22:00:00,631077.2999999999,Credit Card
52475,792,319,5,2024-03-16 22:00:00,599435.8999999999,Credit Card
52476,547,58,6,2024-03-16 22:00:00,169338.59999999998,Credit Card
52477,847,312,6,2024-03-16 22:00:00,869502.8,Credit Card
52478,176,297,6,2024-03-16 22:00:00,90402.3,Credit Card
52479,304,275,6,2024-03-16 22:00:00,919298.0,Cash
52480,590,481,6,2024-03-16 22:00:00,88521.70000000001,Credit Card
52481,704,262,7,2024-03-16 22:00:00,209357.5,Cash
52482,308,343,7,2024-03-16 22:00:00,75086.70000000001,Credit Card
52483,922,343,7,2024-03-16 22:00:00,666918.8,Cash
52484,201,262,7,2024-03-16 22:00:00,1129614.3,Cash
52485,843,251,7,2024-03-16 22:00:00,845783.9,Cash
52486,189,343,7,2024-03-16 22:00:00,575611.6,Credit Card
52487,643,193,8,2024-03-16 22:00:00,617496.6000000001,Credit Card
52488,769,332,8,2024-03-16 22:00:00,104197.0,Cash
52489,698,157,8,2024-03-16 22:00:00,959885.6,Credit Card
52490,508,382,8,2024-03-16 22:00:00,960331.5,Credit Card
52491,467,147,9,2024-03-16 22:00:00,606088.2999999999,Cash
52492,20,147,9,2024-03-16 22:00:00,731712.2999999999,Credit Card
52493,219,186,9,2024-03-16 22:00:00,372656.8000000001,Credit Card
52494,367,26,10,2024-03-16 22:00:00,87878.6,Credit Card
52495,875,26,10,2024-03-16 22:00:00,1162240.7999999998,Credit Card
52496,520,26,10,2024-03-16 22:00:00,166234.4,Credit Card
52497,767,194,10,2024-03-16 22:00:00,152461.69999999998,Cash
52498,582,26,10,2024-03-16 22:00:00,99793.6,Credit Card
52499,15,194,10,2024-03-16 22:00:00,189781.0,Credit Card
52500,725,194,10,2024-03-16 22:00:00,626853.6,Cash
53413,831,54,1,2024-03-16 23:00:00,760448.8,Cash
53414,785,202,2,2024-03-16 23:00:00,562249.3,Credit Card
53415,407,448,2,2024-03-16 23:00:00,124146.2,Cash
53416,573,480,4,2024-03-16 23:00:00,133481.4,Credit Card
53417,815,480,4,2024-03-16 23:00:00,878622.5,Credit Card
53418,308,221,5,2024-03-16 23:00:00,105065.6,Credit Card
53419,558,190,5,2024-03-16 23:00:00,160387.1,Credit Card
53420,641,205,6,2024-03-16 23:00:00,839608.2999999999,Credit Card
53421,619,332,8,2024-03-16 23:00:00,199220.1,Credit Card
53422,629,71,8,2024-03-16 23:00:00,187843.2,Cash
53423,555,382,8,2024-03-16 23:00:00,698266.1,Cash
53424,105,147,9,2024-03-16 23:00:00,774513.8,Cash
53425,426,147,9,2024-03-16 23:00:00,214161.2,Credit Card
53426,259,26,10,2024-03-16 23:00:00,131528.8,Cash
53719,754,305,1,2024-03-17 00:00:00,106925.1,Credit Card
53720,478,295,2,2024-03-17 00:00:00,137852.5,Cash
53721,156,258,3,2024-03-17 00:00:00,716679.1,Cash
53722,408,221,5,2024-03-17 00:00:00,144752.2,Cash
53723,808,58,6,2024-03-17 00:00:00,651570.8999999999,Cash
53724,27,312,6,2024-03-17 00:00:00,653253.0,Cash
53725,938,275,6,2024-03-17 00:00:00,783031.0,Cash
53726,639,378,7,2024-03-17 00:00:00,128593.8,Credit Card
53727,284,331,7,2024-03-17 00:00:00,537942.3,Cash
53728,100,332,8,2024-03-17 00:00:00,149456.7,Credit Card
53729,299,147,9,2024-03-17 00:00:00,674652.1,Cash
53730,283,26,10,2024-03-17 00:00:00,760605.3999999999,Cash
53731,796,194,10,2024-03-17 00:00:00,825472.2000000001,Cash
53998,297,305,1,2024-03-17 01:00:00,922275.8,Cash
53999,830,54,1,2024-03-17 01:00:00,165657.3,Cash
54000,451,54,1,2024-03-17 01:00:00,918653.9,Cash
54001,590,376,3,2024-03-17 01:00:00,115632.69999999998,Cash
54002,624,376,3,2024-03-17 01:00:00,204262.1,Cash
54003,925,46,4,2024-03-17 01:00:00,622894.0,Credit Card
54004,648,69,4,2024-03-17 01:00:00,190662.4,Cash
54005,513,146,5,2024-03-17 01:00:00,179231.4,Cash
54006,273,58,6,2024-03-17 01:00:00,1186240.4,Cash
54007,239,58,6,2024-03-17 01:00:00,809083.2999999999,Cash
54008,491,13,7,2024-03-17 01:00:00,164263.6,Cash
54009,564,251,7,2024-03-17 01:00:00,820941.3999999999,Cash
54010,991,13,7,2024-03-17 01:00:00,186807.2,Credit Card
54011,658,147,9,2024-03-17 01:00:00,112910.2,Credit Card
54012,677,147,9,2024-03-17 01:00:00,171868.80000000002,Cash
54013,964,26,10,2024-03-17 01:00:00,187713.5,Credit Card
54014,800,194,10,2024-03-17 01:00:00,112247.8,Cash
54305,745,295,2,2024-03-17 02:00:00,980770.6,Cash
54306,363,216,3,2024-03-17 02:00:00,497342.0,Cash
54307,781,221,5,2024-03-17 02:00:00,157316.80000000002,Credit Card
54308,922,58,6,2024-03-17 02:00:00,748302.8999999999,Credit Card
54309,345,13,7,2024-03-17 02:00:00,873695.1,Cash
54310,93,251,7,2024-03-17 02:00:00,113636.1,Cash
54311,575,332,8,2024-03-17 02:00:00,918851.7,Cash
54621,566,91,2,2024-03-17 03:00:00,501090.8000000001,Cash
54622,900,345,2,2024-03-17 03:00:00,131620.4,Credit Card
54623,29,46,4,2024-03-17 03:00:00,808186.2,Credit Card
54624,947,46,4,2024-03-17 03:00:00,761266.4,Cash
54625,75,8,5,2024-03-17 03:00:00,85810.2,Cash
54626,734,275,6,2024-03-17 03:00:00,735655.0,Cash
54627,824,58,6,2024-03-17 03:00:00,557531.4,Credit Card
54628,555,251,7,2024-03-17 03:00:00,688797.3999999999,Cash
54629,1000,331,7,2024-03-17 03:00:00,125024.9,Cash
54630,724,13,7,2024-03-17 03:00:00,478623.4,Cash
54631,96,193,8,2024-03-17 03:00:00,832429.1000000001,Credit Card
54632,353,11,8,2024-03-17 03:00:00,147070.8,Cash
54633,763,147,9,2024-03-17 03:00:00,175918.1,Cash
54634,480,194,10,2024-03-17 03:00:00,197736.9,Credit Card
54912,27,305,1,2024-03-17 04:00:00,886001.7999999999,Cash
54913,320,91,2,2024-03-17 04:00:00,146632.80000000002,Cash
54914,133,345,2,2024-03-17 04:00:00,775555.6,Credit Card
54915,388,299,3,2024-03-17 04:00:00,151944.5,Cash
54916,748,216,3,2024-03-17 04:00:00,879900.0,Cash
54917,164,480,4,2024-03-17 04:00:00,187797.2,Credit Card
54918,388,69,4,2024-03-17 04:00:00,88730.6,Credit Card
54919,737,111,6,2024-03-17 04:00:00,88237.4,Credit Card
54920,797,382,8,2024-03-17 04:00:00,745058.5,Cash
54921,431,11,8,2024-03-17 04:00:00,867210.5,Cash
54922,90,186,9,2024-03-17 04:00:00,167123.19999999998,Cash
54923,568,147,9,2024-03-17 04:00:00,400210.7,Credit Card
55243,32,54,1,2024-03-17 05:00:00,90037.0,Cash
55244,802,305,1,2024-03-17 05:00:00,132760.9,Credit Card
55245,839,305,1,2024-03-17 05:00:00,654778.1000000001,Credit Card
55246,334,257,2,2024-03-17 05:00:00,599265.3,Credit Card
55247,399,202,2,2024-03-17 05:00:00,160907.0,Credit Card
55248,992,257,2,2024-03-17 05:00:00,420201.7,Cash
55249,15,299,3,2024-03-17 05:00:00,99302.2,Credit Card
55250,645,299,3,2024-03-17 05:00:00,797181.8,Credit Card
55251,255,258,3,2024-03-17 05:00:00,157474.30000000002,Credit Card
55252,417,69,4,2024-03-17 05:00:00,80895.2,Credit Card
55253,674,46,4,2024-03-17 05:00:00,87402.0,Cash
55254,999,472,5,2024-03-17 05:00:00,381305.6,Cash
55255,748,319,5,2024-03-17 05:00:00,610572.7,Cash
55256,270,221,5,2024-03-17 05:00:00,150779.7,Credit Card
55257,387,481,6,2024-03-17 05:00:00,166445.1,Credit Card
55258,412,71,8,2024-03-17 05:00:00,175570.3,Credit Card
55259,552,11,8,2024-03-17 05:00:00,684810.0,Cash
55260,139,193,8,2024-03-17 05:00:00,172802.7,Credit Card
55261,755,147,9,2024-03-17 05:00:00,939275.7,Credit Card
55262,639,26,10,2024-03-17 05:00:00,155409.5,Cash
55263,735,26,10,2024-03-17 05:00:00,698325.9,Credit Card
55264,324,26,10,2024-03-17 05:00:00,170014.89999999997,Cash
55529,28,54,1,2024-03-17 06:00:00,225139.6,Cash
55530,870,305,1,2024-03-17 06:00:00,146173.9,Cash
55531,655,54,1,2024-03-17 06:00:00,143788.0,Cash
55532,252,54,1,2024-03-17 06:00:00,81747.2,Cash
55533,644,305,1,2024-03-17 06:00:00,517205.4,Credit Card
55534,529,305,1,2024-03-17 06:00:00,655016.6,Cash
55535,223,305,1,2024-03-17 06:00:00,140308.2,Credit Card
55536,666,305,1,2024-03-17 06:00:00,1131593.4,Cash
55537,665,54,1,2024-03-17 06:00:00,148920.40000000002,Cash
55538,21,54,1,2024-03-17 06:00:00,673835.6000000001,Credit Card
55539,794,305,1,2024-03-17 06:00:00,269683.8,Credit Card
55540,778,54,1,2024-03-17 06:00:00,134085.0,Credit Card
55541,851,305,1,2024-03-17 06:00:00,155862.3,Credit Card
55542,956,305,1,2024-03-17 06:00:00,167459.8,Credit Card
55543,113,54,1,2024-03-17 06:00:00,534170.3,Cash
55544,696,302,2,2024-03-17 06:00:00,935573.3,Credit Card
55545,82,295,2,2024-03-17 06:00:00,716784.9,Credit Card
55546,208,295,2,2024-03-17 06:00:00,833853.4,Credit Card
55547,193,448,2,2024-03-17 06:00:00,184262.4,Credit Card
55548,899,91,2,2024-03-17 06:00:00,93636.4,Cash
55549,749,345,2,2024-03-17 06:00:00,888580.8999999999,Credit Card
55550,115,299,3,2024-03-17 06:00:00,864908.6000000001,Cash
55551,309,299,3,2024-03-17 06:00:00,131595.2,Credit Card
55552,574,376,3,2024-03-17 06:00:00,148581.8,Cash
55553,62,299,3,2024-03-17 06:00:00,109550.2,Credit Card
55554,147,31,3,2024-03-17 06:00:00,784472.8999999999,Cash
55555,739,376,3,2024-03-17 06:00:00,1004089.1,Credit Card
55556,787,376,3,2024-03-17 06:00:00,741199.3,Credit Card
55557,141,216,3,2024-03-17 06:00:00,614927.1000000001,Credit Card
55558,118,31,3,2024-03-17 06:00:00,122630.0,Cash
55559,886,31,3,2024-03-17 06:00:00,169512.5,Credit Card
55560,549,258,3,2024-03-17 06:00:00,65590.6,Credit Card
55561,278,69,4,2024-03-17 06:00:00,654422.8999999999,Cash
55562,795,139,4,2024-03-17 06:00:00,146654.1,Cash
55563,280,69,4,2024-03-17 06:00:00,835387.9,Credit Card
55564,100,480,4,2024-03-17 06:00:00,95039.5,Cash
55565,686,139,4,2024-03-17 06:00:00,79550.0,Credit Card
55566,490,69,4,2024-03-17 06:00:00,754741.3999999999,Cash
55567,603,472,5,2024-03-17 06:00:00,698265.3999999999,Credit Card
55568,88,146,5,2024-03-17 06:00:00,99997.8,Credit Card
55569,933,319,5,2024-03-17 06:00:00,122050.39999999998,Credit Card
55570,232,221,5,2024-03-17 06:00:00,863960.2,Credit Card
55571,793,472,5,2024-03-17 06:00:00,97419.8,Credit Card
55572,369,472,5,2024-03-17 06:00:00,87748.9,Cash
55573,678,111,6,2024-03-17 06:00:00,128804.5,Cash
55574,831,275,6,2024-03-17 06:00:00,373555.9,Credit Card
55575,408,312,6,2024-03-17 06:00:00,155917.5,Cash
55576,50,297,6,2024-03-17 06:00:00,155932.1,Cash
55577,755,312,6,2024-03-17 06:00:00,667543.2,Credit Card
55578,947,297,6,2024-03-17 06:00:00,694863.7,Credit Card
55579,867,161,6,2024-03-17 06:00:00,201019.7,Cash
55580,500,111,6,2024-03-17 06:00:00,191462.8,Cash
55581,80,58,6,2024-03-17 06:00:00,207625.9,Credit Card
55582,708,312,6,2024-03-17 06:00:00,171627.8,Credit Card
55583,992,297,6,2024-03-17 06:00:00,868946.2,Cash
55584,168,58,6,2024-03-17 06:00:00,658635.0,Credit Card
55585,811,297,6,2024-03-17 06:00:00,130995.2,Cash
55586,947,161,6,2024-03-17 06:00:00,438188.00000000006,Credit Card
55587,149,111,6,2024-03-17 06:00:00,177982.7,Credit Card
55588,98,262,7,2024-03-17 06:00:00,854789.5,Credit Card
55589,654,343,7,2024-03-17 06:00:00,204931.9,Credit Card
55590,319,251,7,2024-03-17 06:00:00,641121.5,Credit Card
55591,899,378,7,2024-03-17 06:00:00,133590.69999999998,Cash
55592,229,262,7,2024-03-17 06:00:00,747777.7,Cash
55593,474,13,7,2024-03-17 06:00:00,486197.6,Cash
55594,344,331,7,2024-03-17 06:00:00,524727.5,Cash
55595,102,331,7,2024-03-17 06:00:00,219458.1,Credit Card
55596,328,343,7,2024-03-17 06:00:00,164991.3,Cash
55597,639,13,7,2024-03-17 06:00:00,122704.5,Credit Card
55598,312,13,7,2024-03-17 06:00:00,351770.10000000003,Cash
55599,502,262,7,2024-03-17 06:00:00,767236.2,Credit Card
55600,917,331,7,2024-03-17 06:00:00,111225.5,Cash
55601,255,193,8,2024-03-17 06:00:00,62915.0,Credit Card
55602,93,382,8,2024-03-17 06:00:00,172230.5,Credit Card
55603,430,11,8,2024-03-17 06:00:00,201584.7,Credit Card
55604,324,193,8,2024-03-17 06:00:00,105502.7,Credit Card
55605,268,193,8,2024-03-17 06:00:00,180893.9,Cash
55606,551,71,8,2024-03-17 06:00:00,124926.4,Credit Card
55607,3,382,8,2024-03-17 06:00:00,113969.3,Cash
55608,845,186,9,2024-03-17 06:00:00,59166.600000000006,Credit Card
55609,95,186,9,2024-03-17 06:00:00,139616.4,Credit Card
55610,346,186,9,2024-03-17 06:00:00,783905.9,Credit Card
55611,336,147,9,2024-03-17 06:00:00,308959.7,Credit Card
55612,848,186,9,2024-03-17 06:00:00,619917.7999999999,Credit Card
55613,971,194,10,2024-03-17 06:00:00,851320.3,Credit Card
55614,676,26,10,2024-03-17 06:00:00,164654.5,Cash
55615,138,194,10,2024-03-17 06:00:00,131745.1,Cash
55616,944,194,10,2024-03-17 06:00:00,128678.6,Credit Card
55617,183,194,10,2024-03-17 06:00:00,646079.0,Credit Card
55618,739,194,10,2024-03-17 06:00:00,223624.7,Credit Card
57641,181,54,1,2024-03-17 07:00:00,652870.1000000001,Credit Card
57642,388,305,1,2024-03-17 07:00:00,82849.4,Credit Card
57643,101,54,1,2024-03-17 07:00:00,129661.2,Cash
57644,860,54,1,2024-03-17 07:00:00,484789.5,Credit Card
57645,21,305,1,2024-03-17 07:00:00,677449.7,Cash
57646,598,54,1,2024-03-17 07:00:00,568737.4,Cash
57647,810,54,1,2024-03-17 07:00:00,947201.9,Credit Card
57648,225,305,1,2024-03-17 07:00:00,873453.2000000001,Cash
57649,147,305,1,2024-03-17 07:00:00,691414.6,Credit Card
57650,514,305,1,2024-03-17 07:00:00,142433.8,Cash
57651,812,54,1,2024-03-17 07:00:00,110001.9,Credit Card
57652,912,91,2,2024-03-17 07:00:00,154079.1,Credit Card
57653,723,202,2,2024-03-17 07:00:00,879857.8,Credit Card
57654,612,302,2,2024-03-17 07:00:00,79550.9,Credit Card
57655,158,257,2,2024-03-17 07:00:00,793639.9000000001,Cash
57656,355,345,2,2024-03-17 07:00:00,673797.3,Credit Card
57657,260,345,2,2024-03-17 07:00:00,538894.0,Credit Card
57658,941,91,2,2024-03-17 07:00:00,112314.0,Credit Card
57659,923,448,2,2024-03-17 07:00:00,876284.7,Credit Card
57660,708,345,2,2024-03-17 07:00:00,115436.8,Credit Card
57661,660,448,2,2024-03-17 07:00:00,1050426.4,Cash
57662,450,299,3,2024-03-17 07:00:00,991317.9,Credit Card
57663,910,31,3,2024-03-17 07:00:00,138045.0,Cash
57664,537,299,3,2024-03-17 07:00:00,109128.80000000002,Cash
57665,687,376,3,2024-03-17 07:00:00,184374.6,Cash
57666,788,299,3,2024-03-17 07:00:00,512204.4,Credit Card
57667,948,376,3,2024-03-17 07:00:00,158489.9,Cash
57668,826,31,3,2024-03-17 07:00:00,213795.0,Credit Card
57669,449,69,4,2024-03-17 07:00:00,88519.90000000001,Cash
57670,399,480,4,2024-03-17 07:00:00,73437.0,Credit Card
57671,432,69,4,2024-03-17 07:00:00,627682.1,Credit Card
57672,173,46,4,2024-03-17 07:00:00,165015.1,Credit Card
57673,504,139,4,2024-03-17 07:00:00,563877.7,Cash
57674,49,480,4,2024-03-17 07:00:00,383644.8000000001,Credit Card
57675,30,69,4,2024-03-17 07:00:00,139811.4,Credit Card
57676,716,46,4,2024-03-17 07:00:00,170654.40000000002,Cash
57677,542,139,4,2024-03-17 07:00:00,771339.3,Cash
57678,966,69,4,2024-03-17 07:00:00,124160.1,Cash
57679,605,480,4,2024-03-17 07:00:00,97246.8,Credit Card
57680,956,139,4,2024-03-17 07:00:00,69075.8,Credit Card
57681,341,69,4,2024-03-17 07:00:00,159447.8,Cash
57682,733,69,4,2024-03-17 07:00:00,159024.6,Credit Card
57683,24,146,5,2024-03-17 07:00:00,106276.4,Credit Card
57684,174,319,5,2024-03-17 07:00:00,257959.8,Credit Card
57685,149,190,5,2024-03-17 07:00:00,194409.9,Cash
57686,686,472,5,2024-03-17 07:00:00,156985.8,Credit Card
57687,785,221,5,2024-03-17 07:00:00,808921.3,Credit Card
57688,796,8,5,2024-03-17 07:00:00,583428.1000000001,Credit Card
57689,972,146,5,2024-03-17 07:00:00,124698.4,Credit Card
57690,32,146,5,2024-03-17 07:00:00,150448.5,Cash
57691,845,319,5,2024-03-17 07:00:00,138984.3,Cash
57692,893,205,6,2024-03-17 07:00:00,681742.5,Credit Card
57693,691,205,6,2024-03-17 07:00:00,178591.0,Credit Card
57694,83,111,6,2024-03-17 07:00:00,879808.7000000001,Cash
57695,264,275,6,2024-03-17 07:00:00,183745.2,Cash
57696,609,297,6,2024-03-17 07:00:00,163756.5,Cash
57697,884,297,6,2024-03-17 07:00:00,606824.6,Cash
57698,395,205,6,2024-03-17 07:00:00,920400.6,Cash
57699,996,275,6,2024-03-17 07:00:00,210037.4,Cash
57700,999,312,6,2024-03-17 07:00:00,665949.9,Cash
57701,15,58,6,2024-03-17 07:00:00,215873.5,Cash
57702,117,111,6,2024-03-17 07:00:00,123383.5,Cash
57703,831,161,6,2024-03-17 07:00:00,739564.8999999999,Cash
57704,577,275,6,2024-03-17 07:00:00,162135.3,Credit Card
57705,572,161,6,2024-03-17 07:00:00,132960.6,Credit Card
57706,974,378,7,2024-03-17 07:00:00,672941.4,Cash
57707,613,13,7,2024-03-17 07:00:00,153688.2,Credit Card
57708,244,490,7,2024-03-17 07:00:00,126486.8,Cash
57709,201,378,7,2024-03-17 07:00:00,411223.5,Cash
57710,770,490,7,2024-03-17 07:00:00,197252.9,Cash
57711,391,251,7,2024-03-17 07:00:00,764077.3,Cash
57712,591,343,7,2024-03-17 07:00:00,163903.7,Cash
57713,46,331,7,2024-03-17 07:00:00,773890.0,Credit Card
57714,812,490,7,2024-03-17 07:00:00,80292.5,Cash
57715,166,490,7,2024-03-17 07:00:00,197655.0,Cash
57716,972,378,7,2024-03-17 07:00:00,107240.8,Cash
57717,571,157,8,2024-03-17 07:00:00,462843.7,Cash
57718,278,322,8,2024-03-17 07:00:00,628302.7,Credit Card
57719,349,332,8,2024-03-17 07:00:00,91510.1,Credit Card
57720,962,71,8,2024-03-17 07:00:00,99958.3,Credit Card
57721,881,322,8,2024-03-17 07:00:00,139610.80000000002,Credit Card
57722,254,193,8,2024-03-17 07:00:00,156807.2,Credit Card
57723,143,112,8,2024-03-17 07:00:00,95385.5,Cash
57724,823,112,8,2024-03-17 07:00:00,430965.0,Cash
57725,106,112,8,2024-03-17 07:00:00,176173.0,Cash
57726,395,11,8,2024-03-17 07:00:00,869046.5,Cash
57727,382,71,8,2024-03-17 07:00:00,136340.1,Credit Card
57728,515,112,8,2024-03-17 07:00:00,119013.1,Credit Card
57729,940,186,9,2024-03-17 07:00:00,155735.30000000002,Credit Card
57730,239,186,9,2024-03-17 07:00:00,555363.0,Credit Card
57731,875,186,9,2024-03-17 07:00:00,987753.5,Cash
57732,938,186,9,2024-03-17 07:00:00,640890.3,Credit Card
57733,450,147,9,2024-03-17 07:00:00,456996.2,Credit Card
57734,518,186,9,2024-03-17 07:00:00,649053.5,Cash
57735,890,147,9,2024-03-17 07:00:00,166478.1,Credit Card
57736,430,186,9,2024-03-17 07:00:00,148635.0,Cash
57737,422,194,10,2024-03-17 07:00:00,82737.2,Credit Card
57738,343,26,10,2024-03-17 07:00:00,392300.1,Credit Card
57739,380,26,10,2024-03-17 07:00:00,163876.09999999998,Credit Card
57740,338,26,10,2024-03-17 07:00:00,951384.2,Cash
57741,689,194,10,2024-03-17 07:00:00,123333.69999999998,Credit Card
57742,881,26,10,2024-03-17 07:00:00,199568.8,Cash
57743,109,26,10,2024-03-17 07:00:00,193748.4,Cash
57744,223,26,10,2024-03-17 07:00:00,110881.5,Credit Card
57745,824,26,10,2024-03-17 07:00:00,956694.8,Credit Card
57746,105,26,10,2024-03-17 07:00:00,1219151.3,Cash
57747,892,194,10,2024-03-17 07:00:00,159139.7,Cash
57748,845,26,10,2024-03-17 07:00:00,71987.0,Cash
59676,758,54,1,2024-03-17 08:00:00,73792.20000000001,Cash
59677,106,305,1,2024-03-17 08:00:00,222876.2,Cash
59678,187,54,1,2024-03-17 08:00:00,144868.19999999998,Credit Card
59679,414,54,1,2024-03-17 08:00:00,701727.0,Cash
59680,451,305,1,2024-03-17 08:00:00,1103690.0,Credit Card
59681,117,305,1,2024-03-17 08:00:00,152577.69999999998,Cash
59682,105,305,1,2024-03-17 08:00:00,659501.7,Cash
59683,147,54,1,2024-03-17 08:00:00,656426.3,Cash
59684,551,54,1,2024-03-17 08:00:00,135420.8,Cash
59685,294,54,1,2024-03-17 08:00:00,144695.19999999998,Cash
59686,168,54,1,2024-03-17 08:00:00,428086.1,Credit Card
59687,931,54,1,2024-03-17 08:00:00,113621.5,Cash
59688,141,305,1,2024-03-17 08:00:00,852583.1000000001,Cash
59689,704,91,2,2024-03-17 08:00:00,190452.6,Credit Card
59690,402,448,2,2024-03-17 08:00:00,114698.8,Credit Card
59691,853,91,2,2024-03-17 08:00:00,754319.7,Credit Card
59692,798,448,2,2024-03-17 08:00:00,174746.8,Cash
59693,803,202,2,2024-03-17 08:00:00,442427.8000000001,Cash
59694,633,295,2,2024-03-17 08:00:00,977421.4,Credit Card
59695,691,448,2,2024-03-17 08:00:00,89491.5,Cash
59696,691,448,2,2024-03-17 08:00:00,148161.3,Credit Card
59697,973,295,2,2024-03-17 08:00:00,109411.1,Cash
59698,82,202,2,2024-03-17 08:00:00,539354.7,Cash
59699,497,302,2,2024-03-17 08:00:00,108898.6,Cash
59700,337,91,2,2024-03-17 08:00:00,176589.7,Credit Card
59701,175,257,2,2024-03-17 08:00:00,201606.7,Cash
59702,347,302,2,2024-03-17 08:00:00,898205.5,Credit Card
59703,173,345,2,2024-03-17 08:00:00,154147.3,Credit Card
59704,857,216,3,2024-03-17 08:00:00,676501.6,Credit Card
59705,351,31,3,2024-03-17 08:00:00,192085.7,Cash
59706,378,258,3,2024-03-17 08:00:00,583862.1,Credit Card
59707,325,376,3,2024-03-17 08:00:00,870365.2,Cash
59708,906,258,3,2024-03-17 08:00:00,901699.6,Cash
59709,564,31,3,2024-03-17 08:00:00,894589.7,Credit Card
59710,302,216,3,2024-03-17 08:00:00,121371.2,Credit Card
59711,755,376,3,2024-03-17 08:00:00,860395.9,Credit Card
59712,806,31,3,2024-03-17 08:00:00,142665.6,Credit Card
59713,757,31,3,2024-03-17 08:00:00,136158.8,Credit Card
59714,460,376,3,2024-03-17 08:00:00,428734.6,Cash
59715,146,216,3,2024-03-17 08:00:00,167710.2,Cash
59716,236,216,3,2024-03-17 08:00:00,226762.6,Cash
59717,114,480,4,2024-03-17 08:00:00,723399.1000000001,Credit Card
59718,328,139,4,2024-03-17 08:00:00,105766.8,Credit Card
59719,117,69,4,2024-03-17 08:00:00,111280.69999999998,Cash
59720,794,480,4,2024-03-17 08:00:00,474586.0,Cash
59721,754,69,4,2024-03-17 08:00:00,180199.2,Credit Card
59722,520,46,4,2024-03-17 08:00:00,121917.8,Credit Card
59723,933,69,4,2024-03-17 08:00:00,159313.40000000002,Cash
59724,14,46,4,2024-03-17 08:00:00,101693.5,Cash
59725,764,46,4,2024-03-17 08:00:00,1155340.7,Credit Card
59726,636,46,4,2024-03-17 08:00:00,819250.3999999999,Credit Card
59727,149,8,5,2024-03-17 08:00:00,123229.8,Cash
59728,829,190,5,2024-03-17 08:00:00,93242.6,Credit Card
59729,259,8,5,2024-03-17 08:00:00,206608.3,Cash
59730,519,146,5,2024-03-17 08:00:00,199296.4,Credit Card
59731,979,221,5,2024-03-17 08:00:00,130548.2,Credit Card
59732,342,146,5,2024-03-17 08:00:00,136954.7,Credit Card
59733,718,472,5,2024-03-17 08:00:00,671392.7,Cash
59734,288,8,5,2024-03-17 08:00:00,149158.5,Credit Card
59735,810,146,5,2024-03-17 08:00:00,769788.7,Credit Card
59736,835,8,5,2024-03-17 08:00:00,127613.0,Credit Card
59737,130,190,5,2024-03-17 08:00:00,112739.2,Cash
59738,866,146,5,2024-03-17 08:00:00,680582.7,Credit Card
59739,884,221,5,2024-03-17 08:00:00,875470.4,Cash
59740,919,472,5,2024-03-17 08:00:00,836751.5,Cash
59741,551,146,5,2024-03-17 08:00:00,148087.5,Cash
59742,879,312,6,2024-03-17 08:00:00,224700.7,Cash
59743,417,481,6,2024-03-17 08:00:00,134094.2,Credit Card
59744,114,312,6,2024-03-17 08:00:00,597177.1,Credit Card
59745,518,111,6,2024-03-17 08:00:00,923399.9,Cash
59746,873,58,6,2024-03-17 08:00:00,130097.4,Credit Card
59747,272,111,6,2024-03-17 08:00:00,121431.1,Credit Card
59748,507,58,6,2024-03-17 08:00:00,213035.0,Credit Card
59749,318,205,6,2024-03-17 08:00:00,743726.8999999999,Cash
59750,132,275,6,2024-03-17 08:00:00,147971.7,Cash
59751,481,481,6,2024-03-17 08:00:00,274563.0,Credit Card
59752,160,161,6,2024-03-17 08:00:00,141142.9,Cash
59753,277,275,6,2024-03-17 08:00:00,462148.7,Credit Card
59754,668,161,6,2024-03-17 08:00:00,725019.5,Credit Card
59755,125,490,7,2024-03-17 08:00:00,627407.1,Credit Card
59756,326,262,7,2024-03-17 08:00:00,677894.4000000001,Cash
59757,495,331,7,2024-03-17 08:00:00,86232.5,Cash
59758,983,262,7,2024-03-17 08:00:00,156227.4,Cash
59759,314,251,7,2024-03-17 08:00:00,154324.8,Credit Card
59760,842,343,7,2024-03-17 08:00:00,199571.5,Credit Card
59761,200,378,7,2024-03-17 08:00:00,989148.7,Credit Card
59762,478,262,7,2024-03-17 08:00:00,187271.9,Credit Card
59763,799,378,7,2024-03-17 08:00:00,139004.5,Credit Card
59764,745,378,7,2024-03-17 08:00:00,769968.4000000001,Credit Card
59765,310,322,8,2024-03-17 08:00:00,770694.1,Credit Card
59766,391,382,8,2024-03-17 08:00:00,907655.6,Cash
59767,70,112,8,2024-03-17 08:00:00,1010510.0,Cash
59768,47,332,8,2024-03-17 08:00:00,92259.1,Cash
59769,655,11,8,2024-03-17 08:00:00,129152.5,Cash
59770,300,332,8,2024-03-17 08:00:00,647293.0,Credit Card
59771,468,147,9,2024-03-17 08:00:00,127494.3,Credit Card
59772,37,186,9,2024-03-17 08:00:00,888176.1000000001,Credit Card
59773,275,186,9,2024-03-17 08:00:00,375678.2,Cash
59774,34,186,9,2024-03-17 08:00:00,541185.8,Cash
59775,100,186,9,2024-03-17 08:00:00,162231.1,Cash
59776,794,186,9,2024-03-17 08:00:00,1278235.4,Credit Card
59777,976,147,9,2024-03-17 08:00:00,443233.7,Cash
59778,727,26,10,2024-03-17 08:00:00,77616.9,Cash
59779,115,26,10,2024-03-17 08:00:00,718774.3,Cash
59780,529,194,10,2024-03-17 08:00:00,860448.8,Cash
59781,245,26,10,2024-03-17 08:00:00,638639.5,Credit Card
59782,864,194,10,2024-03-17 08:00:00,106294.8,Credit Card
61626,111,305,1,2024-03-17 09:00:00,199817.2,Credit Card
61627,104,54,1,2024-03-17 09:00:00,148392.0,Credit Card
61628,731,305,1,2024-03-17 09:00:00,121355.7,Cash
61629,758,305,1,2024-03-17 09:00:00,154008.4,Credit Card
61630,260,54,1,2024-03-17 09:00:00,740559.8999999999,Cash
61631,225,54,1,2024-03-17 09:00:00,387922.2,Credit Card
61632,977,305,1,2024-03-17 09:00:00,917437.1,Credit Card
61633,226,54,1,2024-03-17 09:00:00,984278.7,Cash
61634,941,54,1,2024-03-17 09:00:00,135048.09999999998,Cash
61635,860,54,1,2024-03-17 09:00:00,817655.7,Cash
61636,88,91,2,2024-03-17 09:00:00,105355.5,Cash
61637,603,257,2,2024-03-17 09:00:00,692440.0,Credit Card
61638,218,202,2,2024-03-17 09:00:00,140967.19999999998,Credit Card
61639,651,202,2,2024-03-17 09:00:00,751610.9,Cash
61640,911,295,2,2024-03-17 09:00:00,98815.5,Cash
61641,593,299,3,2024-03-17 09:00:00,306062.9,Cash
61642,512,376,3,2024-03-17 09:00:00,98938.9,Credit Card
61643,936,31,3,2024-03-17 09:00:00,100478.2,Credit Card
61644,30,258,3,2024-03-17 09:00:00,121949.0,Credit Card
61645,617,216,3,2024-03-17 09:00:00,728882.5,Credit Card
61646,45,69,4,2024-03-17 09:00:00,770536.5,Credit Card
61647,393,139,4,2024-03-17 09:00:00,821370.7,Cash
61648,755,69,4,2024-03-17 09:00:00,936891.8,Cash
61649,338,69,4,2024-03-17 09:00:00,729690.1000000001,Cash
61650,864,46,4,2024-03-17 09:00:00,181031.0,Cash
61651,665,190,5,2024-03-17 09:00:00,190654.1,Cash
61652,121,319,5,2024-03-17 09:00:00,105719.9,Credit Card
61653,206,190,5,2024-03-17 09:00:00,180415.5,Cash
61654,658,312,6,2024-03-17 09:00:00,220906.3,Credit Card
61655,132,205,6,2024-03-17 09:00:00,133684.7,Credit Card
61656,562,481,6,2024-03-17 09:00:00,950642.0,Credit Card
61657,426,205,6,2024-03-17 09:00:00,118871.3,Credit Card
61658,895,262,7,2024-03-17 09:00:00,165537.9,Credit Card
61659,279,331,7,2024-03-17 09:00:00,53741.8,Cash
61660,877,378,7,2024-03-17 09:00:00,139069.09999999998,Cash
61661,832,13,7,2024-03-17 09:00:00,101123.1,Cash
61662,693,331,7,2024-03-17 09:00:00,1150940.6,Credit Card
61663,349,251,7,2024-03-17 09:00:00,101502.1,Cash
61664,934,382,8,2024-03-17 09:00:00,659559.2,Cash
61665,843,157,8,2024-03-17 09:00:00,1032042.4,Credit Card
61666,469,71,8,2024-03-17 09:00:00,818587.7000000001,Credit Card
61667,633,112,8,2024-03-17 09:00:00,677883.2999999999,Credit Card
61668,356,322,8,2024-03-17 09:00:00,209698.8,Cash
61669,453,112,8,2024-03-17 09:00:00,207892.7,Cash
61670,403,11,8,2024-03-17 09:00:00,154547.4,Credit Card
61671,615,186,9,2024-03-17 09:00:00,161448.0,Cash
61672,468,186,9,2024-03-17 09:00:00,157594.8,Credit Card
61673,930,147,9,2024-03-17 09:00:00,369185.1,Credit Card
61674,203,186,9,2024-03-17 09:00:00,1030984.1,Credit Card
61675,398,186,9,2024-03-17 09:00:00,1063573.3,Credit Card
61676,81,147,9,2024-03-17 09:00:00,981821.2,Cash
61677,146,147,9,2024-03-17 09:00:00,137893.1,Cash
61678,571,147,9,2024-03-17 09:00:00,1004484.3,Cash
61679,77,147,9,2024-03-17 09:00:00,119883.5,Credit Card
61680,489,147,9,2024-03-17 09:00:00,90959.0,Cash
61681,319,194,10,2024-03-17 09:00:00,274343.2,Credit Card
61682,718,26,10,2024-03-17 09:00:00,747923.7,Credit Card
61683,736,194,10,2024-03-17 09:00:00,101854.6,Cash
61684,381,26,10,2024-03-17 09:00:00,139950.5,Credit Card
61685,243,26,10,2024-03-17 09:00:00,76809.1,Credit Card
61686,743,194,10,2024-03-17 09:00:00,930832.7,Cash
61687,194,26,10,2024-03-17 09:00:00,158039.1,Credit Card
62923,574,54,1,2024-03-17 10:00:00,130883.0,Cash
62924,61,54,1,2024-03-17 10:00:00,117837.30000000002,Cash
62925,119,54,1,2024-03-17 10:00:00,753184.4,Credit Card
62926,13,305,1,2024-03-17 10:00:00,828254.5,Cash
62927,598,305,1,2024-03-17 10:00:00,805638.6,Cash
62928,871,54,1,2024-03-17 10:00:00,175157.2,Credit Card
62929,198,305,1,2024-03-17 10:00:00,234041.9,Cash
62930,533,305,1,2024-03-17 10:00:00,889238.6,Credit Card
62931,903,202,2,2024-03-17 10:00:00,898544.2,Credit Card
62932,975,302,2,2024-03-17 10:00:00,182034.9,Cash
62933,119,448,2,2024-03-17 10:00:00,1155247.4,Cash
62934,124,202,2,2024-03-17 10:00:00,554565.1000000001,Credit Card
62935,387,257,2,2024-03-17 10:00:00,161497.8,Credit Card
62936,579,376,3,2024-03-17 10:00:00,87200.5,Credit Card
62937,351,31,3,2024-03-17 10:00:00,105280.1,Cash
62938,46,299,3,2024-03-17 10:00:00,651455.9,Credit Card
62939,300,31,3,2024-03-17 10:00:00,786169.3999999999,Credit Card
62940,880,258,3,2024-03-17 10:00:00,565788.1000000001,Cash
62941,166,258,3,2024-03-17 10:00:00,126678.2,Cash
62942,172,376,3,2024-03-17 10:00:00,155417.80000000002,Cash
62943,674,376,3,2024-03-17 10:00:00,177816.2,Cash
62944,964,216,3,2024-03-17 10:00:00,81840.1,Cash
62945,284,216,3,2024-03-17 10:00:00,1051740.0,Credit Card
62946,771,46,4,2024-03-17 10:00:00,173415.5,Credit Card
62947,180,139,4,2024-03-17 10:00:00,957698.7,Credit Card
62948,462,46,4,2024-03-17 10:00:00,571639.3999999999,Cash
62949,303,480,4,2024-03-17 10:00:00,76250.6,Cash
62950,154,69,4,2024-03-17 10:00:00,146567.7,Credit Card
62951,60,480,4,2024-03-17 10:00:00,130041.3,Cash
62952,974,46,4,2024-03-17 10:00:00,1053847.1,Credit Card
62953,847,69,4,2024-03-17 10:00:00,548018.6,Cash
62954,621,472,5,2024-03-17 10:00:00,581632.7,Cash
62955,915,8,5,2024-03-17 10:00:00,711864.2999999999,Cash
62956,784,221,5,2024-03-17 10:00:00,776316.5,Cash
62957,909,190,5,2024-03-17 10:00:00,184337.8,Credit Card
62958,108,146,5,2024-03-17 10:00:00,140618.3,Credit Card
62959,52,319,5,2024-03-17 10:00:00,127614.80000000002,Cash
62960,655,161,6,2024-03-17 10:00:00,89502.5,Credit Card
62961,243,161,6,2024-03-17 10:00:00,143386.8,Credit Card
62962,183,297,6,2024-03-17 10:00:00,674708.2000000001,Cash
62963,6,161,6,2024-03-17 10:00:00,1077188.5,Credit Card
62964,259,343,7,2024-03-17 10:00:00,215195.4,Cash
62965,225,251,7,2024-03-17 10:00:00,813681.5,Cash
62966,102,490,7,2024-03-17 10:00:00,163193.5,Cash
62967,692,13,7,2024-03-17 10:00:00,70145.9,Cash
62968,635,378,7,2024-03-17 10:00:00,145614.5,Credit Card
62969,820,251,7,2024-03-17 10:00:00,97750.1,Credit Card
62970,751,331,7,2024-03-17 10:00:00,89720.6,Cash
62971,167,378,7,2024-03-17 10:00:00,1225916.2,Credit Card
62972,586,331,7,2024-03-17 10:00:00,78714.6,Credit Card
62973,97,343,7,2024-03-17 10:00:00,134614.8,Cash
62974,364,71,8,2024-03-17 10:00:00,150911.2,Credit Card
62975,835,71,8,2024-03-17 10:00:00,155887.2,Cash
62976,396,193,8,2024-03-17 10:00:00,204245.5,Credit Card
62977,121,11,8,2024-03-17 10:00:00,147509.9,Credit Card
62978,975,322,8,2024-03-17 10:00:00,155126.3,Cash
62979,261,147,9,2024-03-17 10:00:00,137232.5,Credit Card
62980,651,186,9,2024-03-17 10:00:00,1006493.4,Cash
62981,67,186,9,2024-03-17 10:00:00,121512.1,Credit Card
62982,433,186,9,2024-03-17 10:00:00,550103.6000000001,Cash
62983,129,147,9,2024-03-17 10:00:00,976576.1,Cash
62984,923,147,9,2024-03-17 10:00:00,651042.2,Credit Card
62985,604,186,9,2024-03-17 10:00:00,123355.9,Cash
62986,584,26,10,2024-03-17 10:00:00,934631.9,Cash
62987,522,194,10,2024-03-17 10:00:00,852334.3,Cash
62988,443,26,10,2024-03-17 10:00:00,178546.8,Cash
62989,998,194,10,2024-03-17 10:00:00,640216.6,Cash
62990,290,26,10,2024-03-17 10:00:00,139811.6,Credit Card
62991,519,194,10,2024-03-17 10:00:00,179826.7,Cash
62992,766,194,10,2024-03-17 10:00:00,151606.1,Cash
64325,159,305,1,2024-03-17 11:00:00,137008.1,Cash
64326,66,54,1,2024-03-17 11:00:00,183854.7,Cash
64327,843,54,1,2024-03-17 11:00:00,1005914.9,Credit Card
64328,267,54,1,2024-03-17 11:00:00,644229.5,Cash
64329,443,305,1,2024-03-17 11:00:00,145063.2,Credit Card
64330,180,305,1,2024-03-17 11:00:00,1125329.1,Credit Card
64331,427,54,1,2024-03-17 11:00:00,839025.7000000001,Credit Card
64332,585,257,2,2024-03-17 11:00:00,111720.5,Cash
64333,100,345,2,2024-03-17 11:00:00,82244.9,Credit Card
64334,283,448,2,2024-03-17 11:00:00,857453.7,Cash
64335,584,91,2,2024-03-17 11:00:00,544039.2,Cash
64336,555,295,2,2024-03-17 11:00:00,890010.2,Cash
64337,712,257,2,2024-03-17 11:00:00,100973.2,Credit Card
64338,252,295,2,2024-03-17 11:00:00,112201.80000000002,Credit Card
64339,74,258,3,2024-03-17 11:00:00,140360.0,Credit Card
64340,90,216,3,2024-03-17 11:00:00,102485.8,Credit Card
64341,958,299,3,2024-03-17 11:00:00,808623.7,Cash
64342,809,376,3,2024-03-17 11:00:00,159185.5,Credit Card
64343,921,31,3,2024-03-17 11:00:00,108700.9,Credit Card
64344,428,46,4,2024-03-17 11:00:00,154358.0,Cash
64345,485,46,4,2024-03-17 11:00:00,122711.9,Cash
64346,482,69,4,2024-03-17 11:00:00,764655.7,Credit Card
64347,9,46,4,2024-03-17 11:00:00,116242.80000000002,Credit Card
64348,378,139,4,2024-03-17 11:00:00,679778.4,Credit Card
64349,778,69,4,2024-03-17 11:00:00,212786.6,Credit Card
64350,26,480,4,2024-03-17 11:00:00,130483.6,Credit Card
64351,163,480,4,2024-03-17 11:00:00,141870.6,Cash
64352,965,480,4,2024-03-17 11:00:00,105408.0,Cash
64353,122,46,4,2024-03-17 11:00:00,82647.9,Credit Card
64354,428,146,5,2024-03-17 11:00:00,105002.1,Credit Card
64355,607,146,5,2024-03-17 11:00:00,511662.3000000001,Credit Card
64356,883,8,5,2024-03-17 11:00:00,57343.0,Cash
64357,179,146,5,2024-03-17 11:00:00,91280.1,Cash
64358,556,221,5,2024-03-17 11:00:00,702862.4,Credit Card
64359,320,319,5,2024-03-17 11:00:00,183055.2,Credit Card
64360,624,481,6,2024-03-17 11:00:00,131496.69999999998,Credit Card
64361,467,111,6,2024-03-17 11:00:00,672623.5,Cash
64362,715,297,6,2024-03-17 11:00:00,163345.2,Credit Card
64363,711,297,6,2024-03-17 11:00:00,412047.6,Credit Card
64364,970,297,6,2024-03-17 11:00:00,1010228.2,Credit Card
64365,860,490,7,2024-03-17 11:00:00,816182.4000000001,Credit Card
64366,496,262,7,2024-03-17 11:00:00,69880.9,Cash
64367,903,378,7,2024-03-17 11:00:00,1081584.3,Cash
64368,933,378,7,2024-03-17 11:00:00,145584.0,Cash
64369,174,251,7,2024-03-17 11:00:00,469149.5,Credit Card
64370,334,251,7,2024-03-17 11:00:00,1025695.7,Credit Card
64371,867,13,7,2024-03-17 11:00:00,86010.8,Credit Card
64372,877,193,8,2024-03-17 11:00:00,164786.2,Cash
64373,519,193,8,2024-03-17 11:00:00,170750.0,Credit Card
64374,748,322,8,2024-03-17 11:00:00,726442.9,Cash
64375,714,322,8,2024-03-17 11:00:00,988641.3,Cash
64376,652,11,8,2024-03-17 11:00:00,997573.0,Cash
64377,691,193,8,2024-03-17 11:00:00,113216.7,Cash
64378,810,382,8,2024-03-17 11:00:00,779095.4000000001,Cash
64379,200,322,8,2024-03-17 11:00:00,663584.7000000001,Cash
64380,93,147,9,2024-03-17 11:00:00,73033.1,Credit Card
64381,349,147,9,2024-03-17 11:00:00,144268.4,Cash
64382,616,186,9,2024-03-17 11:00:00,196545.4,Credit Card
64383,40,186,9,2024-03-17 11:00:00,866083.2999999999,Credit Card
64384,422,186,9,2024-03-17 11:00:00,107467.0,Credit Card
64385,988,186,9,2024-03-17 11:00:00,147157.4,Credit Card
64386,508,147,9,2024-03-17 11:00:00,656228.2,Cash
64387,162,147,9,2024-03-17 11:00:00,78531.5,Cash
64388,839,194,10,2024-03-17 11:00:00,641969.6,Credit Card
64389,601,194,10,2024-03-17 11:00:00,145503.0,Credit Card
64390,691,26,10,2024-03-17 11:00:00,133097.7,Credit Card
64391,143,194,10,2024-03-17 11:00:00,212455.4,Cash
64392,824,26,10,2024-03-17 11:00:00,704427.0,Credit Card
64393,805,194,10,2024-03-17 11:00:00,130468.1,Cash
64394,193,194,10,2024-03-17 11:00:00,178164.0,Credit Card
64395,994,194,10,2024-03-17 11:00:00,622118.3,Cash
64396,137,194,10,2024-03-17 11:00:00,121299.6,Credit Card
64397,192,26,10,2024-03-17 11:00:00,186998.6,Credit Card
65605,595,54,1,2024-03-17 12:00:00,167930.1,Credit Card
65606,210,54,1,2024-03-17 12:00:00,151148.8,Credit Card
65607,162,54,1,2024-03-17 12:00:00,206984.6,Credit Card
65608,3,305,1,2024-03-17 12:00:00,146778.40000000002,Cash
65609,302,54,1,2024-03-17 12:00:00,178197.2,Credit Card
65610,452,54,1,2024-03-17 12:00:00,803836.3999999999,Cash
65611,862,305,1,2024-03-17 12:00:00,1073898.5,Credit Card
65612,992,54,1,2024-03-17 12:00:00,1012671.4,Credit Card
65613,826,54,1,2024-03-17 12:00:00,106138.4,Cash
65614,527,91,2,2024-03-17 12:00:00,129941.90000000002,Credit Card
65615,437,257,2,2024-03-17 12:00:00,554675.2000000001,Cash
65616,974,345,2,2024-03-17 12:00:00,799823.7,Cash
65617,622,345,2,2024-03-17 12:00:00,98854.1,Cash
65618,366,31,3,2024-03-17 12:00:00,590669.3999999999,Cash
65619,529,31,3,2024-03-17 12:00:00,446778.5,Credit Card
65620,855,299,3,2024-03-17 12:00:00,195619.8,Credit Card
65621,866,258,3,2024-03-17 12:00:00,589371.6,Credit Card
65622,718,258,3,2024-03-17 12:00:00,358481.5,Credit Card
65623,181,46,4,2024-03-17 12:00:00,380449.2,Cash
65624,836,69,4,2024-03-17 12:00:00,150253.5,Credit Card
65625,208,139,4,2024-03-17 12:00:00,769092.1000000001,Cash
65626,413,46,4,2024-03-17 12:00:00,876515.4,Credit Card
65627,588,46,4,2024-03-17 12:00:00,904785.6,Credit Card
65628,365,46,4,2024-03-17 12:00:00,141304.7,Credit Card
65629,930,69,4,2024-03-17 12:00:00,753772.0,Cash
65630,285,480,4,2024-03-17 12:00:00,158086.0,Cash
65631,559,480,4,2024-03-17 12:00:00,121327.0,Credit Card
65632,714,221,5,2024-03-17 12:00:00,711947.6000000001,Cash
65633,109,8,5,2024-03-17 12:00:00,181481.8,Cash
65634,536,146,5,2024-03-17 12:00:00,123705.5,Credit Card
65635,837,319,5,2024-03-17 12:00:00,141702.30000000002,Credit Card
65636,232,190,5,2024-03-17 12:00:00,708621.0,Credit Card
65637,105,472,5,2024-03-17 12:00:00,970241.3,Credit Card
65638,589,146,5,2024-03-17 12:00:00,598053.0,Cash
65639,910,58,6,2024-03-17 12:00:00,200460.3,Credit Card
65640,926,312,6,2024-03-17 12:00:00,169783.09999999998,Cash
65641,571,161,6,2024-03-17 12:00:00,710836.8999999999,Cash
65642,333,312,6,2024-03-17 12:00:00,73511.5,Cash
65643,179,262,7,2024-03-17 12:00:00,167433.1,Cash
65644,19,13,7,2024-03-17 12:00:00,173875.5,Cash
65645,644,262,7,2024-03-17 12:00:00,652922.7,Cash
65646,378,262,7,2024-03-17 12:00:00,803263.9000000001,Cash
65647,420,13,7,2024-03-17 12:00:00,681250.6000000001,Credit Card
65648,870,343,7,2024-03-17 12:00:00,167899.6,Credit Card
65649,358,490,7,2024-03-17 12:00:00,171291.90000000002,Cash
65650,818,331,7,2024-03-17 12:00:00,334373.9,Cash
65651,610,112,8,2024-03-17 12:00:00,221630.4,Credit Card
65652,27,112,8,2024-03-17 12:00:00,920831.3,Credit Card
65653,721,157,8,2024-03-17 12:00:00,138355.8,Credit Card
65654,211,382,8,2024-03-17 12:00:00,179626.1,Cash
65655,10,112,8,2024-03-17 12:00:00,1031528.9,Credit Card
65656,436,147,9,2024-03-17 12:00:00,158719.9,Cash
65657,720,186,9,2024-03-17 12:00:00,118437.1,Cash
65658,367,147,9,2024-03-17 12:00:00,136290.3,Credit Card
65659,223,147,9,2024-03-17 12:00:00,136810.2,Credit Card
65660,835,147,9,2024-03-17 12:00:00,194694.2,Credit Card
65661,518,186,9,2024-03-17 12:00:00,339288.9,Cash
65662,88,194,10,2024-03-17 12:00:00,184250.3,Cash
65663,271,194,10,2024-03-17 12:00:00,201601.10000000003,Cash
65664,702,194,10,2024-03-17 12:00:00,165102.6,Cash
65665,879,194,10,2024-03-17 12:00:00,191869.6,Cash
65666,526,194,10,2024-03-17 12:00:00,165863.5,Credit Card
65667,130,194,10,2024-03-17 12:00:00,170902.8,Credit Card
65668,575,194,10,2024-03-17 12:00:00,556024.2,Credit Card
65669,266,26,10,2024-03-17 12:00:00,538764.8999999999,Cash
65670,552,26,10,2024-03-17 12:00:00,895633.8,Cash
66905,920,54,1,2024-03-17 13:00:00,586008.5,Credit Card
66906,28,305,1,2024-03-17 13:00:00,181813.0,Cash
66907,559,54,1,2024-03-17 13:00:00,205774.7,Cash
66908,219,91,2,2024-03-17 13:00:00,1015393.2,Cash
66909,270,302,2,2024-03-17 13:00:00,131976.2,Cash
66910,294,202,2,2024-03-17 13:00:00,91415.4,Credit Card
66911,853,91,2,2024-03-17 13:00:00,866772.1000000001,Credit Card
66912,657,257,2,2024-03-17 13:00:00,152715.7,Cash
66913,840,345,2,2024-03-17 13:00:00,943601.5,Cash
66914,841,216,3,2024-03-17 13:00:00,169412.19999999998,Credit Card
66915,66,216,3,2024-03-17 13:00:00,139195.9,Credit Card
66916,4,258,3,2024-03-17 13:00:00,195896.7,Credit Card
66917,978,31,3,2024-03-17 13:00:00,202318.9,Credit Card
66918,637,299,3,2024-03-17 13:00:00,677679.3,Cash
66919,246,258,3,2024-03-17 13:00:00,97542.1,Credit Card
66920,956,480,4,2024-03-17 13:00:00,151568.2,Credit Card
66921,60,46,4,2024-03-17 13:00:00,141756.6,Credit Card
66922,425,69,4,2024-03-17 13:00:00,199581.6,Cash
66923,42,46,4,2024-03-17 13:00:00,172330.8,Credit Card
66924,361,46,4,2024-03-17 13:00:00,57581.3,Cash
66925,9,46,4,2024-03-17 13:00:00,219475.6,Cash
66926,231,480,4,2024-03-17 13:00:00,175010.0,Cash
66927,869,480,4,2024-03-17 13:00:00,1138136.6,Cash
66928,322,472,5,2024-03-17 13:00:00,201614.1,Credit Card
66929,419,190,5,2024-03-17 13:00:00,959716.1,Cash
66930,866,319,5,2024-03-17 13:00:00,712098.2,Cash
66931,659,319,5,2024-03-17 13:00:00,738303.2,Credit Card
66932,786,190,5,2024-03-17 13:00:00,123179.10000000002,Credit Card
66933,193,472,5,2024-03-17 13:00:00,128428.4,Credit Card
66934,819,146,5,2024-03-17 13:00:00,147555.0,Cash
66935,981,146,5,2024-03-17 13:00:00,356504.2,Credit Card
66936,298,8,5,2024-03-17 13:00:00,166750.5,Credit Card
66937,940,312,6,2024-03-17 13:00:00,109381.7,Cash
66938,376,111,6,2024-03-17 13:00:00,170348.80000000002,Credit Card
66939,442,205,6,2024-03-17 13:00:00,944959.9,Cash
66940,302,297,6,2024-03-17 13:00:00,67799.7,Cash
66941,229,58,6,2024-03-17 13:00:00,884301.5,Credit Card
66942,828,312,6,2024-03-17 13:00:00,664289.7,Cash
66943,6,297,6,2024-03-17 13:00:00,1183776.7,Cash
66944,934,331,7,2024-03-17 13:00:00,850527.0,Credit Card
66945,129,331,7,2024-03-17 13:00:00,1022690.2,Cash
66946,361,490,7,2024-03-17 13:00:00,96125.3,Credit Card
66947,549,262,7,2024-03-17 13:00:00,88446.29999999999,Credit Card
66948,156,157,8,2024-03-17 13:00:00,865600.9,Cash
66949,649,382,8,2024-03-17 13:00:00,133871.4,Cash
66950,950,112,8,2024-03-17 13:00:00,198021.2,Credit Card
66951,145,112,8,2024-03-17 13:00:00,82319.4,Cash
66952,905,11,8,2024-03-17 13:00:00,1138393.1,Credit Card
66953,425,71,8,2024-03-17 13:00:00,166545.19999999998,Cash
66954,462,322,8,2024-03-17 13:00:00,803669.1000000001,Cash
66955,968,186,9,2024-03-17 13:00:00,171008.5,Credit Card
66956,285,186,9,2024-03-17 13:00:00,183349.6,Credit Card
66957,68,186,9,2024-03-17 13:00:00,151029.0,Cash
66958,156,186,9,2024-03-17 13:00:00,633609.7,Credit Card
66959,119,186,9,2024-03-17 13:00:00,869906.5,Cash
66960,841,186,9,2024-03-17 13:00:00,188654.8,Cash
66961,67,147,9,2024-03-17 13:00:00,121474.4,Credit Card
66962,557,186,9,2024-03-17 13:00:00,143137.5,Credit Card
66963,229,147,9,2024-03-17 13:00:00,385959.0,Cash
66964,321,194,10,2024-03-17 13:00:00,110747.1,Cash
66965,356,194,10,2024-03-17 13:00:00,152231.5,Credit Card
66966,20,26,10,2024-03-17 13:00:00,1004724.8,Credit Card
66967,875,194,10,2024-03-17 13:00:00,411455.9,Cash
66968,437,194,10,2024-03-17 13:00:00,980298.3,Credit Card
66969,15,194,10,2024-03-17 13:00:00,139978.80000000002,Credit Card
66970,991,26,10,2024-03-17 13:00:00,105551.4,Cash
68217,50,305,1,2024-03-17 14:00:00,162554.90000000002,Credit Card
68218,204,54,1,2024-03-17 14:00:00,173517.6,Cash
68219,611,54,1,2024-03-17 14:00:00,162147.19999999998,Cash
68220,201,91,2,2024-03-17 14:00:00,947074.1,Credit Card
68221,248,345,2,2024-03-17 14:00:00,340001.6,Cash
68222,769,202,2,2024-03-17 14:00:00,171396.90000000002,Cash
68223,237,257,2,2024-03-17 14:00:00,143340.1,Credit Card
68224,524,257,2,2024-03-17 14:00:00,554113.2,Credit Card
68225,743,345,2,2024-03-17 14:00:00,316694.7,Cash
68226,342,258,3,2024-03-17 14:00:00,170360.0,Cash
68227,512,376,3,2024-03-17 14:00:00,113669.3,Cash
68228,74,376,3,2024-03-17 14:00:00,137648.3,Cash
68229,404,299,3,2024-03-17 14:00:00,775922.2,Credit Card
68230,259,258,3,2024-03-17 14:00:00,122744.0,Cash
68231,905,376,3,2024-03-17 14:00:00,596289.1,Cash
68232,439,299,3,2024-03-17 14:00:00,569008.1000000001,Cash
68233,297,216,3,2024-03-17 14:00:00,828772.0,Credit Card
68234,309,216,3,2024-03-17 14:00:00,135569.1,Cash
68235,333,299,3,2024-03-17 14:00:00,177824.5,Credit Card
68236,323,139,4,2024-03-17 14:00:00,827725.0,Credit Card
68237,95,46,4,2024-03-17 14:00:00,183287.0,Credit Card
68238,770,69,4,2024-03-17 14:00:00,73419.5,Credit Card
68239,616,480,4,2024-03-17 14:00:00,117418.6,Credit Card
68240,272,480,4,2024-03-17 14:00:00,123514.1,Cash
68241,433,480,4,2024-03-17 14:00:00,532535.6000000001,Credit Card
68242,149,69,4,2024-03-17 14:00:00,167417.6,Credit Card
68243,556,480,4,2024-03-17 14:00:00,623053.4,Cash
68244,732,8,5,2024-03-17 14:00:00,811706.3999999999,Credit Card
68245,838,190,5,2024-03-17 14:00:00,140933.09999999998,Cash
68246,647,221,5,2024-03-17 14:00:00,206363.5,Cash
68247,691,146,5,2024-03-17 14:00:00,144538.80000000002,Credit Card
68248,759,8,5,2024-03-17 14:00:00,354671.5,Cash
68249,870,472,5,2024-03-17 14:00:00,154980.0,Credit Card
68250,151,319,5,2024-03-17 14:00:00,138424.0,Cash
68251,495,205,6,2024-03-17 14:00:00,197181.1,Cash
68252,711,297,6,2024-03-17 14:00:00,799064.8,Cash
68253,523,111,6,2024-03-17 14:00:00,154454.5,Cash
68254,150,161,6,2024-03-17 14:00:00,142157.8,Cash
68255,880,251,7,2024-03-17 14:00:00,362423.5,Credit Card
68256,634,262,7,2024-03-17 14:00:00,170080.2,Credit Card
68257,398,343,7,2024-03-17 14:00:00,534004.3,Credit Card
68258,782,251,7,2024-03-17 14:00:00,150625.09999999998,Credit Card
68259,248,343,7,2024-03-17 14:00:00,328686.3,Cash
68260,48,112,8,2024-03-17 14:00:00,113019.7,Cash
68261,700,322,8,2024-03-17 14:00:00,202364.9,Credit Card
68262,788,157,8,2024-03-17 14:00:00,772388.8999999999,Cash
68263,958,382,8,2024-03-17 14:00:00,805637.1000000001,Credit Card
68264,480,193,8,2024-03-17 14:00:00,166252.8,Cash
68265,113,322,8,2024-03-17 14:00:00,1029385.6,Credit Card
68266,985,322,8,2024-03-17 14:00:00,139749.0,Cash
68267,889,112,8,2024-03-17 14:00:00,105852.3,Cash
68268,288,332,8,2024-03-17 14:00:00,157656.3,Cash
68269,527,186,9,2024-03-17 14:00:00,88519.90000000001,Cash
68270,497,147,9,2024-03-17 14:00:00,132851.1,Credit Card
68271,857,147,9,2024-03-17 14:00:00,827861.2,Credit Card
68272,952,147,9,2024-03-17 14:00:00,157760.4,Credit Card
68273,858,186,9,2024-03-17 14:00:00,524109.3,Credit Card
68274,28,26,10,2024-03-17 14:00:00,108304.4,Cash
68275,610,194,10,2024-03-17 14:00:00,148641.5,Cash
68276,953,194,10,2024-03-17 14:00:00,215040.8,Cash
68277,736,194,10,2024-03-17 14:00:00,132070.9,Credit Card
68278,837,194,10,2024-03-17 14:00:00,125613.7,Credit Card
68279,104,194,10,2024-03-17 14:00:00,179929.7,Credit Card
68280,320,194,10,2024-03-17 14:00:00,101534.4,Cash
68281,548,26,10,2024-03-17 14:00:00,666464.9,Cash
69452,878,305,1,2024-03-17 15:00:00,154983.59999999998,Cash
69453,42,305,1,2024-03-17 15:00:00,81850.20000000001,Credit Card
69454,119,54,1,2024-03-17 15:00:00,720470.9999999999,Cash
69455,810,305,1,2024-03-17 15:00:00,718439.0,Credit Card
69456,575,305,1,2024-03-17 15:00:00,712351.3,Credit Card
69457,474,305,1,2024-03-17 15:00:00,509787.6,Cash
69458,596,54,1,2024-03-17 15:00:00,864643.2,Credit Card
69459,26,295,2,2024-03-17 15:00:00,144745.9,Cash
69460,845,448,2,2024-03-17 15:00:00,78213.1,Cash
69461,390,91,2,2024-03-17 15:00:00,805512.1000000001,Credit Card
69462,158,295,2,2024-03-17 15:00:00,549285.3,Credit Card
69463,363,299,3,2024-03-17 15:00:00,725507.8999999999,Credit Card
69464,760,258,3,2024-03-17 15:00:00,437936.0,Credit Card
69465,829,31,3,2024-03-17 15:00:00,116977.0,Credit Card
69466,584,31,3,2024-03-17 15:00:00,925383.6,Credit Card
69467,279,376,3,2024-03-17 15:00:00,163914.69999999998,Cash
69468,450,46,4,2024-03-17 15:00:00,1049140.8,Cash
69469,487,139,4,2024-03-17 15:00:00,634222.6,Cash
69470,78,480,4,2024-03-17 15:00:00,184295.4,Cash
69471,965,69,4,2024-03-17 15:00:00,146183.1,Cash
69472,18,69,4,2024-03-17 15:00:00,164378.5,Credit Card
69473,914,46,4,2024-03-17 15:00:00,474902.6,Credit Card
69474,776,69,4,2024-03-17 15:00:00,170614.9,Credit Card
69475,252,46,4,2024-03-17 15:00:00,105642.5,Cash
69476,749,319,5,2024-03-17 15:00:00,821513.8,Credit Card
69477,590,472,5,2024-03-17 15:00:00,115326.4,Credit Card
69478,321,221,5,2024-03-17 15:00:00,101930.9,Credit Card
69479,880,190,5,2024-03-17 15:00:00,837633.3,Credit Card
69480,593,312,6,2024-03-17 15:00:00,314367.7,Credit Card
69481,238,275,6,2024-03-17 15:00:00,636448.8,Cash
69482,640,161,6,2024-03-17 15:00:00,569614.8999999999,Credit Card
69483,188,297,6,2024-03-17 15:00:00,1066346.7,Credit Card
69484,453,161,6,2024-03-17 15:00:00,203311.6,Credit Card
69485,300,111,6,2024-03-17 15:00:00,921295.5,Cash
69486,296,205,6,2024-03-17 15:00:00,168224.5,Credit Card
69487,995,481,6,2024-03-17 15:00:00,75203.6,Credit Card
69488,730,13,7,2024-03-17 15:00:00,154054.4,Cash
69489,809,262,7,2024-03-17 15:00:00,146490.3,Cash
69490,537,13,7,2024-03-17 15:00:00,141144.69999999998,Cash
69491,297,251,7,2024-03-17 15:00:00,770242.8,Credit Card
69492,560,251,7,2024-03-17 15:00:00,133150.90000000002,Credit Card
69493,690,382,8,2024-03-17 15:00:00,115972.2,Cash
69494,753,112,8,2024-03-17 15:00:00,622898.2000000001,Cash
69495,998,71,8,2024-03-17 15:00:00,619836.8999999999,Credit Card
69496,82,71,8,2024-03-17 15:00:00,804350.6,Cash
69497,309,112,8,2024-03-17 15:00:00,188444.1,Cash
69498,487,112,8,2024-03-17 15:00:00,631302.7999999999,Credit Card
69499,612,186,9,2024-03-17 15:00:00,225873.8,Credit Card
69500,408,186,9,2024-03-17 15:00:00,137524.2,Credit Card
69501,40,147,9,2024-03-17 15:00:00,573963.6000000001,Credit Card
69502,334,147,9,2024-03-17 15:00:00,208702.4,Credit Card
69503,46,186,9,2024-03-17 15:00:00,687978.2999999999,Cash
69504,705,194,10,2024-03-17 15:00:00,117994.6,Credit Card
69505,938,194,10,2024-03-17 15:00:00,934972.2,Cash
69506,328,26,10,2024-03-17 15:00:00,158702.6,Credit Card
69507,899,26,10,2024-03-17 15:00:00,114928.8,Cash
69508,5,194,10,2024-03-17 15:00:00,121929.7,Cash
69509,913,194,10,2024-03-17 15:00:00,1097793.1,Cash
69510,23,26,10,2024-03-17 15:00:00,876255.2999999999,Credit Card
69511,751,26,10,2024-03-17 15:00:00,137633.7,Cash
69512,221,26,10,2024-03-17 15:00:00,1197053.9,Cash
70735,742,54,1,2024-03-17 16:00:00,144290.4,Credit Card
70736,491,305,1,2024-03-17 16:00:00,202090.7,Credit Card
70737,327,54,1,2024-03-17 16:00:00,629948.5,Cash
70738,70,54,1,2024-03-17 16:00:00,602007.7,Credit Card
70739,790,305,1,2024-03-17 16:00:00,141203.5,Cash
70740,206,54,1,2024-03-17 16:00:00,107593.1,Credit Card
70741,736,54,1,2024-03-17 16:00:00,139841.9,Credit Card
70742,323,305,1,2024-03-17 16:00:00,842910.6,Credit Card
70743,977,305,1,2024-03-17 16:00:00,239235.3,Cash
70744,405,54,1,2024-03-17 16:00:00,136028.9,Cash
70745,710,305,1,2024-03-17 16:00:00,168067.19999999998,Credit Card
70746,937,305,1,2024-03-17 16:00:00,679053.4,Credit Card
70747,695,305,1,2024-03-17 16:00:00,153663.3,Cash
70748,837,91,2,2024-03-17 16:00:00,161376.4,Cash
70749,827,202,2,2024-03-17 16:00:00,219301.7,Cash
70750,618,202,2,2024-03-17 16:00:00,114000.5,Cash
70751,639,91,2,2024-03-17 16:00:00,139531.8,Cash
70752,725,448,2,2024-03-17 16:00:00,549455.3999999999,Cash
70753,735,258,3,2024-03-17 16:00:00,635137.5,Cash
70754,247,299,3,2024-03-17 16:00:00,711457.9,Credit Card
70755,807,258,3,2024-03-17 16:00:00,96093.9,Credit Card
70756,77,31,3,2024-03-17 16:00:00,138689.90000000002,Credit Card
70757,802,376,3,2024-03-17 16:00:00,147813.5,Cash
70758,135,299,3,2024-03-17 16:00:00,122704.5,Cash
70759,247,216,3,2024-03-17 16:00:00,724061.1,Credit Card
70760,998,46,4,2024-03-17 16:00:00,699781.0,Credit Card
70761,750,480,4,2024-03-17 16:00:00,656169.2999999999,Cash
70762,950,480,4,2024-03-17 16:00:00,184482.3,Credit Card
70763,984,69,4,2024-03-17 16:00:00,455787.4,Credit Card
70764,11,46,4,2024-03-17 16:00:00,94563.8,Cash
70765,730,480,4,2024-03-17 16:00:00,210752.3,Cash
70766,927,480,4,2024-03-17 16:00:00,147068.1,Credit Card
70767,244,480,4,2024-03-17 16:00:00,141304.0,Cash
70768,935,46,4,2024-03-17 16:00:00,741072.5,Cash
70769,132,46,4,2024-03-17 16:00:00,137005.40000000002,Cash
70770,567,221,5,2024-03-17 16:00:00,120128.3,Cash
70771,571,221,5,2024-03-17 16:00:00,1032132.9,Credit Card
70772,198,190,5,2024-03-17 16:00:00,474529.8000000001,Cash
70773,84,8,5,2024-03-17 16:00:00,216158.7,Cash
70774,366,221,5,2024-03-17 16:00:00,794275.0,Credit Card
70775,643,146,5,2024-03-17 16:00:00,756054.0,Credit Card
70776,737,472,5,2024-03-17 16:00:00,149611.1,Cash
70777,388,8,5,2024-03-17 16:00:00,124945.9,Cash
70778,290,221,5,2024-03-17 16:00:00,165352.8,Cash
70779,412,190,5,2024-03-17 16:00:00,138956.7,Cash
70780,772,319,5,2024-03-17 16:00:00,75653.5,Credit Card
70781,567,8,5,2024-03-17 16:00:00,199835.6,Credit Card
70782,586,8,5,2024-03-17 16:00:00,86641.1,Cash
70783,664,312,6,2024-03-17 16:00:00,732447.5,Cash
70784,120,297,6,2024-03-17 16:00:00,952575.5,Credit Card
70785,352,481,6,2024-03-17 16:00:00,430876.5,Credit Card
70786,287,312,6,2024-03-17 16:00:00,579224.7,Credit Card
70787,333,58,6,2024-03-17 16:00:00,106908.5,Cash
70788,669,297,6,2024-03-17 16:00:00,689645.6,Cash
70789,290,312,6,2024-03-17 16:00:00,99136.6,Credit Card
70790,267,343,7,2024-03-17 16:00:00,1000074.7,Credit Card
70791,251,331,7,2024-03-17 16:00:00,118868.6,Credit Card
70792,394,13,7,2024-03-17 16:00:00,125311.0,Credit Card
70793,416,13,7,2024-03-17 16:00:00,185784.2,Credit Card
70794,806,331,7,2024-03-17 16:00:00,155064.6,Cash
70795,729,251,7,2024-03-17 16:00:00,943131.7,Cash
70796,952,378,7,2024-03-17 16:00:00,159572.1,Cash
70797,77,13,7,2024-03-17 16:00:00,140941.2,Credit Card
70798,544,490,7,2024-03-17 16:00:00,677043.8,Cash
70799,289,251,7,2024-03-17 16:00:00,564981.8,Cash
70800,600,490,7,2024-03-17 16:00:00,813013.8999999999,Cash
70801,65,343,7,2024-03-17 16:00:00,964746.4,Credit Card
70802,478,332,8,2024-03-17 16:00:00,181826.0,Credit Card
70803,821,112,8,2024-03-17 16:00:00,182424.0,Credit Card
70804,6,71,8,2024-03-17 16:00:00,744481.0,Credit Card
70805,422,112,8,2024-03-17 16:00:00,114938.0,Cash
70806,908,11,8,2024-03-17 16:00:00,510537.70000000007,Cash
70807,103,157,8,2024-03-17 16:00:00,453239.4,Cash
70808,265,11,8,2024-03-17 16:00:00,1016988.8,Cash
70809,328,332,8,2024-03-17 16:00:00,119657.1,Credit Card
70810,244,332,8,2024-03-17 16:00:00,186990.3,Cash
70811,566,112,8,2024-03-17 16:00:00,680767.8,Credit Card
70812,337,147,9,2024-03-17 16:00:00,177019.40000000002,Cash
70813,820,186,9,2024-03-17 16:00:00,154493.1,Cash
70814,12,147,9,2024-03-17 16:00:00,127893.7,Credit Card
70815,766,147,9,2024-03-17 16:00:00,139276.90000000002,Credit Card
70816,153,186,9,2024-03-17 16:00:00,978721.0,Credit Card
70817,722,186,9,2024-03-17 16:00:00,531746.7000000001,Credit Card
70818,161,186,9,2024-03-17 16:00:00,490789.5,Credit Card
70819,388,186,9,2024-03-17 16:00:00,125408.6,Credit Card
70820,224,186,9,2024-03-17 16:00:00,137502.90000000002,Credit Card
70821,865,147,9,2024-03-17 16:00:00,160103.0,Cash
70822,52,194,10,2024-03-17 16:00:00,124726.7,Credit Card
70823,72,194,10,2024-03-17 16:00:00,137103.7,Credit Card
70824,814,194,10,2024-03-17 16:00:00,738784.7,Credit Card
70825,13,194,10,2024-03-17 16:00:00,361683.3000000001,Cash
70826,935,26,10,2024-03-17 16:00:00,422301.9,Cash
70827,810,194,10,2024-03-17 16:00:00,414307.2,Credit Card
70828,950,194,10,2024-03-17 16:00:00,203043.9,Credit Card
70829,773,26,10,2024-03-17 16:00:00,142794.40000000002,Credit Card
70830,7,26,10,2024-03-17 16:00:00,92827.7,Credit Card
70831,827,194,10,2024-03-17 16:00:00,147888.90000000002,Credit Card
70832,958,26,10,2024-03-17 16:00:00,510933.5,Credit Card
72772,550,54,1,2024-03-17 17:00:00,716979.1,Cash
72773,77,305,1,2024-03-17 17:00:00,95388.2,Credit Card
72774,858,54,1,2024-03-17 17:00:00,708679.6000000001,Cash
72775,490,305,1,2024-03-17 17:00:00,1036220.0,Cash
72776,549,305,1,2024-03-17 17:00:00,99290.3,Credit Card
72777,546,305,1,2024-03-17 17:00:00,613898.1,Credit Card
72778,963,305,1,2024-03-17 17:00:00,1099383.2,Credit Card
72779,439,305,1,2024-03-17 17:00:00,748610.6,Credit Card
72780,114,305,1,2024-03-17 17:00:00,972087.7,Credit Card
72781,704,305,1,2024-03-17 17:00:00,114380.4,Credit Card
72782,739,305,1,2024-03-17 17:00:00,351761.6,Cash
72783,893,54,1,2024-03-17 17:00:00,324377.4,Credit Card
72784,109,305,1,2024-03-17 17:00:00,151941.8,Cash
72785,358,448,2,2024-03-17 17:00:00,68726.2,Credit Card
72786,378,91,2,2024-03-17 17:00:00,1230317.2,Credit Card
72787,722,295,2,2024-03-17 17:00:00,850388.6000000001,Cash
72788,364,345,2,2024-03-17 17:00:00,123046.69999999998,Cash
72789,938,295,2,2024-03-17 17:00:00,672342.0,Cash
72790,268,302,2,2024-03-17 17:00:00,93098.1,Cash
72791,510,295,2,2024-03-17 17:00:00,160377.90000000002,Cash
72792,411,31,3,2024-03-17 17:00:00,52476.7,Credit Card
72793,564,216,3,2024-03-17 17:00:00,267802.8,Credit Card
72794,666,216,3,2024-03-17 17:00:00,328892.5,Cash
72795,776,299,3,2024-03-17 17:00:00,139368.0,Cash
72796,989,31,3,2024-03-17 17:00:00,149033.3,Credit Card
72797,718,258,3,2024-03-17 17:00:00,1269605.5,Cash
72798,613,480,4,2024-03-17 17:00:00,132081.9,Credit Card
72799,278,139,4,2024-03-17 17:00:00,556451.8999999999,Cash
72800,459,69,4,2024-03-17 17:00:00,581437.6000000001,Credit Card
72801,158,46,4,2024-03-17 17:00:00,499728.6,Cash
72802,474,69,4,2024-03-17 17:00:00,749447.3,Cash
72803,127,69,4,2024-03-17 17:00:00,94805.9,Cash
72804,615,480,4,2024-03-17 17:00:00,178371.09999999998,Cash
72805,911,69,4,2024-03-17 17:00:00,158040.90000000002,Cash
72806,536,480,4,2024-03-17 17:00:00,106395.1,Cash
72807,324,319,5,2024-03-17 17:00:00,113552.4,Credit Card
72808,663,146,5,2024-03-17 17:00:00,389721.9,Cash
72809,568,8,5,2024-03-17 17:00:00,522737.9,Cash
72810,317,221,5,2024-03-17 17:00:00,174209.59999999998,Cash
72811,578,190,5,2024-03-17 17:00:00,117261.30000000002,Cash
72812,750,221,5,2024-03-17 17:00:00,1063731.7999999998,Credit Card
72813,44,472,5,2024-03-17 17:00:00,754239.8999999999,Cash
72814,459,190,5,2024-03-17 17:00:00,570195.7,Credit Card
72815,212,146,5,2024-03-17 17:00:00,782398.8,Credit Card
72816,703,8,5,2024-03-17 17:00:00,159792.9,Cash
72817,80,221,5,2024-03-17 17:00:00,146433.3,Credit Card
72818,918,190,5,2024-03-17 17:00:00,904002.0,Credit Card
72819,895,319,5,2024-03-17 17:00:00,100105.5,Credit Card
72820,114,472,5,2024-03-17 17:00:00,949194.2,Credit Card
72821,594,221,5,2024-03-17 17:00:00,767511.5,Cash
72822,571,58,6,2024-03-17 17:00:00,904618.5,Cash
72823,382,58,6,2024-03-17 17:00:00,100231.6,Credit Card
72824,301,111,6,2024-03-17 17:00:00,159076.0,Cash
72825,445,312,6,2024-03-17 17:00:00,721376.6000000001,Credit Card
72826,886,297,6,2024-03-17 17:00:00,130857.2,Credit Card
72827,179,275,6,2024-03-17 17:00:00,148372.7,Cash
72828,274,312,6,2024-03-17 17:00:00,1000565.3,Credit Card
72829,433,161,6,2024-03-17 17:00:00,541817.6,Cash
72830,860,481,6,2024-03-17 17:00:00,708623.5,Cash
72831,756,275,6,2024-03-17 17:00:00,148024.0,Cash
72832,520,331,7,2024-03-17 17:00:00,154195.09999999998,Cash
72833,708,251,7,2024-03-17 17:00:00,144001.6,Credit Card
72834,134,343,7,2024-03-17 17:00:00,572993.4,Cash
72835,45,13,7,2024-03-17 17:00:00,1023010.6,Credit Card
72836,72,262,7,2024-03-17 17:00:00,183149.9,Cash
72837,31,490,7,2024-03-17 17:00:00,152397.3,Credit Card
72838,801,262,7,2024-03-17 17:00:00,881050.2999999999,Cash
72839,158,262,7,2024-03-17 17:00:00,781898.2,Cash
72840,646,112,8,2024-03-17 17:00:00,121559.0,Credit Card
72841,86,332,8,2024-03-17 17:00:00,493531.6,Cash
72842,431,322,8,2024-03-17 17:00:00,675345.0,Credit Card
72843,966,157,8,2024-03-17 17:00:00,162922.0,Credit Card
72844,230,157,8,2024-03-17 17:00:00,177853.9,Credit Card
72845,643,332,8,2024-03-17 17:00:00,342384.2,Cash
72846,428,186,9,2024-03-17 17:00:00,143179.9,Cash
72847,227,147,9,2024-03-17 17:00:00,547394.9,Cash
72848,183,147,9,2024-03-17 17:00:00,698784.4000000001,Credit Card
72849,248,186,9,2024-03-17 17:00:00,768462.7,Credit Card
72850,741,147,9,2024-03-17 17:00:00,73658.70000000001,Credit Card
72851,585,147,9,2024-03-17 17:00:00,80037.6,Credit Card
72852,403,147,9,2024-03-17 17:00:00,137006.3,Credit Card
72853,64,147,9,2024-03-17 17:00:00,115555.5,Cash
72854,968,186,9,2024-03-17 17:00:00,128969.2,Cash
72855,235,186,9,2024-03-17 17:00:00,177312.0,Credit Card
72856,906,147,9,2024-03-17 17:00:00,882603.5,Credit Card
72857,369,194,10,2024-03-17 17:00:00,140069.2,Credit Card
72858,943,194,10,2024-03-17 17:00:00,200634.2,Cash
72859,125,194,10,2024-03-17 17:00:00,740886.6,Credit Card
72860,509,26,10,2024-03-17 17:00:00,983099.3,Cash
72861,837,194,10,2024-03-17 17:00:00,143192.90000000002,Credit Card
72862,139,194,10,2024-03-17 17:00:00,127084.1,Credit Card
74658,632,305,1,2024-03-17 18:00:00,927572.7,Cash
74659,499,305,1,2024-03-17 18:00:00,75601.0,Credit Card
74660,469,54,1,2024-03-17 18:00:00,599347.2000000001,Credit Card
74661,34,54,1,2024-03-17 18:00:00,422924.0,Credit Card
74662,794,54,1,2024-03-17 18:00:00,889570.7000000001,Cash
74663,158,305,1,2024-03-17 18:00:00,822561.4,Credit Card
74664,608,305,1,2024-03-17 18:00:00,611707.4,Credit Card
74665,531,54,1,2024-03-17 18:00:00,818566.1000000001,Credit Card
74666,880,305,1,2024-03-17 18:00:00,493768.5,Cash
74667,606,305,1,2024-03-17 18:00:00,811728.5,Cash
74668,896,54,1,2024-03-17 18:00:00,735142.1,Cash
74669,639,257,2,2024-03-17 18:00:00,138539.8,Credit Card
74670,902,345,2,2024-03-17 18:00:00,526043.6,Cash
74671,664,91,2,2024-03-17 18:00:00,1002609.7,Cash
74672,858,91,2,2024-03-17 18:00:00,687746.6,Credit Card
74673,955,345,2,2024-03-17 18:00:00,805008.8999999999,Credit Card
74674,694,448,2,2024-03-17 18:00:00,188766.1,Cash
74675,232,295,2,2024-03-17 18:00:00,637891.9,Cash
74676,875,202,2,2024-03-17 18:00:00,503202.6,Credit Card
74677,876,258,3,2024-03-17 18:00:00,116734.9,Credit Card
74678,717,216,3,2024-03-17 18:00:00,572939.8,Credit Card
74679,141,299,3,2024-03-17 18:00:00,359301.8,Credit Card
74680,131,376,3,2024-03-17 18:00:00,143070.4,Credit Card
74681,773,299,3,2024-03-17 18:00:00,101579.5,Cash
74682,737,376,3,2024-03-17 18:00:00,147611.1,Credit Card
74683,190,31,3,2024-03-17 18:00:00,695997.8999999999,Cash
74684,234,258,3,2024-03-17 18:00:00,84175.3,Credit Card
74685,668,31,3,2024-03-17 18:00:00,563516.1000000001,Credit Card
74686,691,31,3,2024-03-17 18:00:00,145168.2,Cash
74687,967,299,3,2024-03-17 18:00:00,117591.6,Credit Card
74688,344,31,3,2024-03-17 18:00:00,290625.1,Cash
74689,540,46,4,2024-03-17 18:00:00,156511.9,Credit Card
74690,899,46,4,2024-03-17 18:00:00,88905.4,Cash
74691,409,46,4,2024-03-17 18:00:00,106563.6,Credit Card
74692,918,480,4,2024-03-17 18:00:00,545155.3,Cash
74693,816,69,4,2024-03-17 18:00:00,116074.3,Credit Card
74694,195,46,4,2024-03-17 18:00:00,688062.6000000001,Credit Card
74695,781,190,5,2024-03-17 18:00:00,170697.5,Cash
74696,235,319,5,2024-03-17 18:00:00,207728.9,Credit Card
74697,378,472,5,2024-03-17 18:00:00,646247.5,Credit Card
74698,517,319,5,2024-03-17 18:00:00,667352.0,Cash
74699,844,190,5,2024-03-17 18:00:00,94609.8,Cash
74700,313,146,5,2024-03-17 18:00:00,542248.4,Credit Card
74701,461,8,5,2024-03-17 18:00:00,165218.6,Credit Card
74702,373,472,5,2024-03-17 18:00:00,756763.1,Cash
74703,719,275,6,2024-03-17 18:00:00,178535.8,Cash
74704,369,58,6,2024-03-17 18:00:00,169060.8,Cash
74705,660,58,6,2024-03-17 18:00:00,771519.2000000001,Cash
74706,758,275,6,2024-03-17 18:00:00,82371.0,Credit Card
74707,26,297,6,2024-03-17 18:00:00,209789.9,Cash
74708,892,161,6,2024-03-17 18:00:00,170237.5,Credit Card
74709,417,205,6,2024-03-17 18:00:00,138761.7,Cash
74710,306,481,6,2024-03-17 18:00:00,132979.9,Cash
74711,892,111,6,2024-03-17 18:00:00,201135.7,Cash
74712,540,275,6,2024-03-17 18:00:00,124045.0,Cash
74713,561,205,6,2024-03-17 18:00:00,639853.6,Cash
74714,310,262,7,2024-03-17 18:00:00,650680.0,Credit Card
74715,362,262,7,2024-03-17 18:00:00,157371.1,Credit Card
74716,964,251,7,2024-03-17 18:00:00,139105.7,Cash
74717,343,378,7,2024-03-17 18:00:00,466618.1,Credit Card
74718,968,251,7,2024-03-17 18:00:00,135487.2,Cash
74719,707,262,7,2024-03-17 18:00:00,595033.7000000001,Credit Card
74720,16,378,7,2024-03-17 18:00:00,93727.5,Cash
74721,36,343,7,2024-03-17 18:00:00,557138.8,Cash
74722,367,262,7,2024-03-17 18:00:00,183430.6,Credit Card
74723,278,378,7,2024-03-17 18:00:00,640801.8,Cash
74724,228,331,7,2024-03-17 18:00:00,95911.7,Credit Card
74725,977,343,7,2024-03-17 18:00:00,949034.3,Cash
74726,588,332,8,2024-03-17 18:00:00,688337.7,Credit Card
74727,337,322,8,2024-03-17 18:00:00,71721.1,Credit Card
74728,295,71,8,2024-03-17 18:00:00,137523.1,Credit Card
74729,648,193,8,2024-03-17 18:00:00,92849.7,Cash
74730,319,71,8,2024-03-17 18:00:00,915076.8,Credit Card
74731,282,186,9,2024-03-17 18:00:00,135057.30000000002,Cash
74732,563,147,9,2024-03-17 18:00:00,623338.2,Credit Card
74733,226,186,9,2024-03-17 18:00:00,874158.3,Credit Card
74734,617,147,9,2024-03-17 18:00:00,454387.6,Cash
74735,611,147,9,2024-03-17 18:00:00,148923.80000000002,Credit Card
74736,991,147,9,2024-03-17 18:00:00,188094.5,Credit Card
74737,914,147,9,2024-03-17 18:00:00,922256.2,Cash
74738,162,147,9,2024-03-17 18:00:00,88836.3,Cash
74739,621,186,9,2024-03-17 18:00:00,789915.4,Cash
74740,200,186,9,2024-03-17 18:00:00,663988.2,Cash
74741,985,147,9,2024-03-17 18:00:00,84624.3,Cash
74742,244,147,9,2024-03-17 18:00:00,53714.2,Cash
74743,349,194,10,2024-03-17 18:00:00,177872.30000000002,Cash
74744,926,26,10,2024-03-17 18:00:00,154757.2,Cash
74745,368,26,10,2024-03-17 18:00:00,444625.9,Cash
74746,137,194,10,2024-03-17 18:00:00,193603.0,Credit Card
74747,210,26,10,2024-03-17 18:00:00,132382.80000000002,Cash
76629,493,54,1,2024-03-17 19:00:00,623739.4,Cash
76630,935,54,1,2024-03-17 19:00:00,805571.7,Cash
76631,530,305,1,2024-03-17 19:00:00,88254.0,Credit Card
76632,135,54,1,2024-03-17 19:00:00,176397.4,Credit Card
76633,339,345,2,2024-03-17 19:00:00,107847.1,Credit Card
76634,259,302,2,2024-03-17 19:00:00,186264.4,Credit Card
76635,608,345,2,2024-03-17 19:00:00,833503.8,Credit Card
76636,988,376,3,2024-03-17 19:00:00,77865.3,Credit Card
76637,274,31,3,2024-03-17 19:00:00,229252.4,Credit Card
76638,122,258,3,2024-03-17 19:00:00,98519.3,Cash
76639,395,69,4,2024-03-17 19:00:00,942167.5,Credit Card
76640,769,46,4,2024-03-17 19:00:00,106546.1,Cash
76641,977,46,4,2024-03-17 19:00:00,500246.8000000001,Credit Card
76642,436,46,4,2024-03-17 19:00:00,203575.7,Credit Card
76643,384,69,4,2024-03-17 19:00:00,158050.1,Cash
76644,612,139,4,2024-03-17 19:00:00,171254.2,Cash
76645,24,139,4,2024-03-17 19:00:00,133989.2,Cash
76646,695,319,5,2024-03-17 19:00:00,113767.8,Credit Card
76647,160,319,5,2024-03-17 19:00:00,123482.0,Cash
76648,769,472,5,2024-03-17 19:00:00,61862.4,Cash
76649,314,8,5,2024-03-17 19:00:00,123194.8,Credit Card
76650,422,146,5,2024-03-17 19:00:00,182898.8,Cash
76651,883,472,5,2024-03-17 19:00:00,136556.2,Cash
76652,684,221,5,2024-03-17 19:00:00,94194.0,Credit Card
76653,704,146,5,2024-03-17 19:00:00,87780.09999999999,Credit Card
76654,484,481,6,2024-03-17 19:00:00,719825.5999999999,Credit Card
76655,570,161,6,2024-03-17 19:00:00,529887.0,Credit Card
76656,621,111,6,2024-03-17 19:00:00,581836.2000000001,Credit Card
76657,731,481,6,2024-03-17 19:00:00,144629.0,Credit Card
76658,99,205,6,2024-03-17 19:00:00,145163.5,Credit Card
76659,865,275,6,2024-03-17 19:00:00,78164.4,Credit Card
76660,22,58,6,2024-03-17 19:00:00,165555.40000000002,Cash
76661,173,490,7,2024-03-17 19:00:00,74536.5,Cash
76662,393,343,7,2024-03-17 19:00:00,673915.7,Cash
76663,3,378,7,2024-03-17 19:00:00,162623.1,Credit Card
76664,887,11,8,2024-03-17 19:00:00,180744.9,Cash
76665,401,71,8,2024-03-17 19:00:00,181550.9,Credit Card
76666,355,322,8,2024-03-17 19:00:00,714179.6,Cash
76667,814,382,8,2024-03-17 19:00:00,287116.9,Cash
76668,717,332,8,2024-03-17 19:00:00,689329.8,Credit Card
76669,353,332,8,2024-03-17 19:00:00,99072.2,Credit Card
76670,132,186,9,2024-03-17 19:00:00,116586.8,Cash
76671,442,186,9,2024-03-17 19:00:00,896871.5000000001,Credit Card
76672,990,147,9,2024-03-17 19:00:00,169986.4,Cash
76673,792,147,9,2024-03-17 19:00:00,817775.6000000001,Cash
76674,569,26,10,2024-03-17 19:00:00,801020.7,Cash
76675,11,194,10,2024-03-17 19:00:00,184457.4,Credit Card
76676,849,194,10,2024-03-17 19:00:00,110073.7,Credit Card
77544,856,54,1,2024-03-17 20:00:00,614778.1000000001,Credit Card
77545,952,54,1,2024-03-17 20:00:00,155737.10000000003,Credit Card
77546,991,54,1,2024-03-17 20:00:00,124803.2,Cash
77547,244,54,1,2024-03-17 20:00:00,159410.1,Credit Card
77548,330,54,1,2024-03-17 20:00:00,706831.0,Credit Card
77549,567,305,1,2024-03-17 20:00:00,184850.3,Cash
77550,428,448,2,2024-03-17 20:00:00,177876.09999999998,Cash
77551,132,91,2,2024-03-17 20:00:00,136733.0,Credit Card
77552,702,448,2,2024-03-17 20:00:00,167655.9,Cash
77553,673,345,2,2024-03-17 20:00:00,587348.2,Credit Card
77554,280,91,2,2024-03-17 20:00:00,867908.8,Credit Card
77555,636,258,3,2024-03-17 20:00:00,383238.5,Credit Card
77556,312,376,3,2024-03-17 20:00:00,870093.5,Credit Card
77557,314,216,3,2024-03-17 20:00:00,184082.0,Credit Card
77558,979,258,3,2024-03-17 20:00:00,140066.30000000002,Cash
77559,237,46,4,2024-03-17 20:00:00,121509.4,Cash
77560,991,46,4,2024-03-17 20:00:00,160398.3,Cash
77561,50,480,4,2024-03-17 20:00:00,170883.5,Cash
77562,41,8,5,2024-03-17 20:00:00,156338.9,Credit Card
77563,488,472,5,2024-03-17 20:00:00,133472.0,Cash
77564,695,146,5,2024-03-17 20:00:00,64584.9,Credit Card
77565,721,472,5,2024-03-17 20:00:00,84331.7,Cash
77566,20,221,5,2024-03-17 20:00:00,669459.0,Cash
77567,646,58,6,2024-03-17 20:00:00,102866.6,Cash
77568,886,275,6,2024-03-17 20:00:00,61861.5,Cash
77569,434,275,6,2024-03-17 20:00:00,545774.5,Credit Card
77570,575,297,6,2024-03-17 20:00:00,1120935.9,Cash
77571,911,312,6,2024-03-17 20:00:00,140600.1,Credit Card
77572,101,205,6,2024-03-17 20:00:00,99559.8,Credit Card
77573,405,343,7,2024-03-17 20:00:00,176249.3,Cash
77574,185,490,7,2024-03-17 20:00:00,168242.0,Cash
77575,865,262,7,2024-03-17 20:00:00,169421.4,Credit Card
77576,389,343,7,2024-03-17 20:00:00,122007.1,Credit Card
77577,575,13,7,2024-03-17 20:00:00,538250.3,Credit Card
77578,642,13,7,2024-03-17 20:00:00,708396.8999999999,Credit Card
77579,257,157,8,2024-03-17 20:00:00,461623.0,Cash
77580,743,332,8,2024-03-17 20:00:00,746888.1000000001,Credit Card
77581,765,332,8,2024-03-17 20:00:00,93917.1,Credit Card
77582,298,71,8,2024-03-17 20:00:00,127834.7,Cash
77583,373,322,8,2024-03-17 20:00:00,872383.2,Cash
77584,345,71,8,2024-03-17 20:00:00,469742.3000000001,Cash
77585,631,382,8,2024-03-17 20:00:00,660684.9,Credit Card
77586,515,186,9,2024-03-17 20:00:00,144878.5,Cash
77587,435,186,9,2024-03-17 20:00:00,124554.8,Cash
77588,601,186,9,2024-03-17 20:00:00,113288.3,Credit Card
77589,269,186,9,2024-03-17 20:00:00,142964.7,Credit Card
77590,630,186,9,2024-03-17 20:00:00,370992.9,Credit Card
77591,360,147,9,2024-03-17 20:00:00,931809.5,Credit Card
77592,694,147,9,2024-03-17 20:00:00,131557.5,Credit Card
77593,57,194,10,2024-03-17 20:00:00,183517.9,Cash
77594,802,194,10,2024-03-17 20:00:00,145415.7,Credit Card
77595,999,194,10,2024-03-17 20:00:00,710302.6,Cash
77596,261,194,10,2024-03-17 20:00:00,126571.6,Cash
78461,670,305,1,2024-03-17 21:00:00,168745.1,Credit Card
78462,96,54,1,2024-03-17 21:00:00,685961.9,Cash
78463,333,305,1,2024-03-17 21:00:00,139059.9,Cash
78464,872,305,1,2024-03-17 21:00:00,837149.1,Credit Card
78465,155,54,1,2024-03-17 21:00:00,721362.7,Credit Card
78466,762,302,2,2024-03-17 21:00:00,138170.0,Cash
78467,569,345,2,2024-03-17 21:00:00,459395.1,Credit Card
78468,686,91,2,2024-03-17 21:00:00,140207.2,Credit Card
78469,828,91,2,2024-03-17 21:00:00,1103274.8,Credit Card
78470,609,448,2,2024-03-17 21:00:00,189033.8,Credit Card
78471,804,31,3,2024-03-17 21:00:00,72677.0,Cash
78472,92,376,3,2024-03-17 21:00:00,904268.8,Credit Card
78473,875,31,3,2024-03-17 21:00:00,256639.0,Credit Card
78474,930,69,4,2024-03-17 21:00:00,630093.5,Cash
78475,257,46,4,2024-03-17 21:00:00,909617.1,Cash
78476,37,139,4,2024-03-17 21:00:00,337548.5,Credit Card
78477,618,46,4,2024-03-17 21:00:00,98312.2,Cash
78478,716,46,4,2024-03-17 21:00:00,77147.7,Cash
78479,996,46,4,2024-03-17 21:00:00,139832.7,Cash
78480,844,480,4,2024-03-17 21:00:00,151019.1,Credit Card
78481,600,221,5,2024-03-17 21:00:00,1072827.4,Credit Card
78482,930,8,5,2024-03-17 21:00:00,849810.8,Cash
78483,236,319,5,2024-03-17 21:00:00,70743.9,Credit Card
78484,762,481,6,2024-03-17 21:00:00,94550.1,Cash
78485,139,297,6,2024-03-17 21:00:00,100525.1,Cash
78486,435,481,6,2024-03-17 21:00:00,144392.5,Credit Card
78487,30,111,6,2024-03-17 21:00:00,106947.1,Cash
78488,469,161,6,2024-03-17 21:00:00,1148902.0,Cash
78489,195,58,6,2024-03-17 21:00:00,465456.9,Credit Card
78490,519,275,6,2024-03-17 21:00:00,155901.8,Credit Card
78491,516,331,7,2024-03-17 21:00:00,130598.7,Credit Card
78492,943,343,7,2024-03-17 21:00:00,186942.5,Cash
78493,106,262,7,2024-03-17 21:00:00,89637.79999999999,Cash
78494,37,13,7,2024-03-17 21:00:00,958280.1,Credit Card
78495,146,157,8,2024-03-17 21:00:00,151395.2,Credit Card
78496,292,382,8,2024-03-17 21:00:00,148022.4,Cash
78497,145,157,8,2024-03-17 21:00:00,158798.2,Cash
78498,322,322,8,2024-03-17 21:00:00,196374.2,Credit Card
78499,845,11,8,2024-03-17 21:00:00,131723.1,Cash
78500,669,193,8,2024-03-17 21:00:00,376522.3000000001,Credit Card
78501,397,147,9,2024-03-17 21:00:00,160011.0,Cash
78502,546,147,9,2024-03-17 21:00:00,270834.2,Cash
78503,678,147,9,2024-03-17 21:00:00,206207.1,Cash
78504,313,147,9,2024-03-17 21:00:00,914604.9,Credit Card
78505,681,147,9,2024-03-17 21:00:00,127930.5,Cash
78506,690,186,9,2024-03-17 21:00:00,155401.19999999998,Credit Card
78507,21,186,9,2024-03-17 21:00:00,681481.3,Cash
78508,408,194,10,2024-03-17 21:00:00,137708.2,Cash
78509,815,26,10,2024-03-17 21:00:00,793035.7,Credit Card
78510,10,194,10,2024-03-17 21:00:00,983708.2,Cash
78511,56,26,10,2024-03-17 21:00:00,120623.3,Cash
78512,350,26,10,2024-03-17 21:00:00,688712.8,Credit Card
78513,29,26,10,2024-03-17 21:00:00,524610.6000000001,Cash
79400,634,54,1,2024-03-17 22:00:00,162751.0,Cash
79401,198,305,1,2024-03-17 22:00:00,715776.9,Credit Card
79402,845,305,1,2024-03-17 22:00:00,157424.5,Cash
79403,359,54,1,2024-03-17 22:00:00,176973.39999999997,Credit Card
79404,932,448,2,2024-03-17 22:00:00,196915.2,Credit Card
79405,516,91,2,2024-03-17 22:00:00,119082.2,Cash
79406,652,202,2,2024-03-17 22:00:00,715670.4,Cash
79407,431,295,2,2024-03-17 22:00:00,1088542.0,Cash
79408,261,448,2,2024-03-17 22:00:00,183284.3,Cash
79409,125,448,2,2024-03-17 22:00:00,887820.7999999999,Credit Card
79410,87,295,2,2024-03-17 22:00:00,99586.5,Credit Card
79411,765,376,3,2024-03-17 22:00:00,96669.9,Cash
79412,687,216,3,2024-03-17 22:00:00,187150.5,Credit Card
79413,782,299,3,2024-03-17 22:00:00,153055.19999999998,Cash
79414,124,69,4,2024-03-17 22:00:00,1015275.1,Cash
79415,606,69,4,2024-03-17 22:00:00,447504.00000000006,Credit Card
79416,852,139,4,2024-03-17 22:00:00,154352.4,Credit Card
79417,698,69,4,2024-03-17 22:00:00,403856.9,Cash
79418,123,46,4,2024-03-17 22:00:00,155562.30000000002,Cash
79419,746,69,4,2024-03-17 22:00:00,221620.3,Cash
79420,883,46,4,2024-03-17 22:00:00,202395.2,Cash
79421,620,69,4,2024-03-17 22:00:00,184869.6,Credit Card
79422,347,8,5,2024-03-17 22:00:00,1129024.7,Cash
79423,721,8,5,2024-03-17 22:00:00,94961.4,Credit Card
79424,56,190,5,2024-03-17 22:00:00,145862.7,Cash
79425,598,146,5,2024-03-17 22:00:00,545234.2,Cash
79426,473,221,5,2024-03-17 22:00:00,159774.5,Cash
79427,242,8,5,2024-03-17 22:00:00,723228.3,Cash
79428,949,190,5,2024-03-17 22:00:00,167849.09999999998,Cash
79429,603,111,6,2024-03-17 22:00:00,689755.3,Cash
79430,347,161,6,2024-03-17 22:00:00,911330.8,Credit Card
79431,297,275,6,2024-03-17 22:00:00,741867.9,Credit Card
79432,785,205,6,2024-03-17 22:00:00,1086524.8,Cash
79433,167,275,6,2024-03-17 22:00:00,680404.8,Cash
79434,614,312,6,2024-03-17 22:00:00,99926.0,Cash
79435,475,275,6,2024-03-17 22:00:00,528838.6,Cash
79436,580,331,7,2024-03-17 22:00:00,145094.59999999998,Cash
79437,513,262,7,2024-03-17 22:00:00,188350.3,Credit Card
79438,148,490,7,2024-03-17 22:00:00,117254.8,Cash
79439,628,112,8,2024-03-17 22:00:00,121538.6,Cash
79440,537,71,8,2024-03-17 22:00:00,78981.4,Cash
79441,226,11,8,2024-03-17 22:00:00,886298.3,Cash
79442,396,193,8,2024-03-17 22:00:00,121132.0,Cash
79443,150,71,8,2024-03-17 22:00:00,92187.3,Credit Card
79444,174,112,8,2024-03-17 22:00:00,992824.1,Credit Card
79445,451,157,8,2024-03-17 22:00:00,712842.7999999999,Credit Card
79446,892,112,8,2024-03-17 22:00:00,128346.5,Credit Card
79447,766,147,9,2024-03-17 22:00:00,93790.1,Cash
79448,135,147,9,2024-03-17 22:00:00,161225.4,Credit Card
79449,616,147,9,2024-03-17 22:00:00,198415.0,Cash
79450,463,186,9,2024-03-17 22:00:00,82087.6,Cash
79451,295,186,9,2024-03-17 22:00:00,150912.1,Cash
79452,364,194,10,2024-03-17 22:00:00,94974.19999999998,Cash
79453,986,26,10,2024-03-17 22:00:00,641399.7999999999,Credit Card
79454,879,26,10,2024-03-17 22:00:00,146444.3,Credit Card
79455,513,26,10,2024-03-17 22:00:00,144358.6,Credit Card
80307,619,305,1,2024-03-17 23:00:00,112124.4,Credit Card
80308,802,448,2,2024-03-17 23:00:00,143318.8,Cash
80309,584,448,2,2024-03-17 23:00:00,680543.2,Credit Card
80310,971,295,2,2024-03-17 23:00:00,1065366.6,Cash
80311,109,480,4,2024-03-17 23:00:00,78797.4,Credit Card
80312,535,46,4,2024-03-17 23:00:00,159027.3,Cash
80313,122,382,8,2024-03-17 23:00:00,187155.0,Cash
80314,214,71,8,2024-03-17 23:00:00,785426.7,Cash
80315,589,193,8,2024-03-17 23:00:00,902601.4,Cash
80577,556,305,1,2024-03-18 00:00:00,823821.3,Credit Card
80578,363,305,1,2024-03-18 00:00:00,618985.7,Credit Card
80579,279,305,1,2024-03-18 00:00:00,192137.3,Cash
80580,960,295,2,2024-03-18 00:00:00,160977.90000000002,Credit Card
80581,188,295,2,2024-03-18 00:00:00,734396.3,Credit Card
80582,117,299,3,2024-03-18 00:00:00,52899.0,Cash
80583,885,216,3,2024-03-18 00:00:00,146327.4,Cash
80584,691,299,3,2024-03-18 00:00:00,99346.4,Cash
80585,808,205,6,2024-03-18 00:00:00,610548.2,Credit Card
80586,122,262,7,2024-03-18 00:00:00,195123.9,Cash
80587,778,13,7,2024-03-18 00:00:00,161452.69999999998,Cash
80588,391,13,7,2024-03-18 00:00:00,521639.9,Credit Card
80589,469,186,9,2024-03-18 00:00:00,530021.7000000001,Credit Card
80590,635,147,9,2024-03-18 00:00:00,187127.4,Credit Card
80591,23,26,10,2024-03-18 00:00:00,593944.0000000001,Credit Card
80592,347,194,10,2024-03-18 00:00:00,789713.8,Credit Card
80869,305,54,1,2024-03-18 01:00:00,216607.7,Credit Card
80870,463,305,1,2024-03-18 01:00:00,134742.9,Credit Card
80871,42,448,2,2024-03-18 01:00:00,93377.0,Credit Card
80872,64,480,4,2024-03-18 01:00:00,132352.3,Cash
80873,629,480,4,2024-03-18 01:00:00,64465.3,Credit Card
80874,973,139,4,2024-03-18 01:00:00,192379.2,Cash
80875,731,190,5,2024-03-18 01:00:00,162046.2,Cash
80876,577,8,5,2024-03-18 01:00:00,140882.4,Credit Card
80877,936,146,5,2024-03-18 01:00:00,193226.7,Credit Card
80878,249,205,6,2024-03-18 01:00:00,195438.5,Credit Card
80879,928,481,6,2024-03-18 01:00:00,116106.6,Credit Card
80880,610,297,6,2024-03-18 01:00:00,147797.8,Cash
80881,366,490,7,2024-03-18 01:00:00,699131.2000000001,Cash
80882,671,490,7,2024-03-18 01:00:00,747264.3,Credit Card
80883,362,71,8,2024-03-18 01:00:00,81421.4,Cash
80884,997,147,9,2024-03-18 01:00:00,652682.3999999999,Cash
80885,84,147,9,2024-03-18 01:00:00,123648.5,Credit Card
81161,877,54,1,2024-03-18 02:00:00,158126.6,Credit Card
81162,399,295,2,2024-03-18 02:00:00,126559.7,Cash
81163,314,91,2,2024-03-18 02:00:00,60394.9,Credit Card
81164,695,480,4,2024-03-18 02:00:00,120220.30000000002,Cash
81165,574,46,4,2024-03-18 02:00:00,178983.0,Credit Card
81166,714,205,6,2024-03-18 02:00:00,862924.8,Credit Card
81167,139,275,6,2024-03-18 02:00:00,88549.3,Cash
81168,172,11,8,2024-03-18 02:00:00,136055.6,Cash
81169,453,71,8,2024-03-18 02:00:00,187801.9,Cash
81170,2,332,8,2024-03-18 02:00:00,734788.4,Credit Card
81171,876,186,9,2024-03-18 02:00:00,144564.6,Cash
81172,149,186,9,2024-03-18 02:00:00,142173.3,Cash
81465,879,305,1,2024-03-18 03:00:00,174261.0,Credit Card
81466,958,305,1,2024-03-18 03:00:00,722721.7,Credit Card
81467,861,305,1,2024-03-18 03:00:00,151701.7,Credit Card
81468,29,376,3,2024-03-18 03:00:00,809397.2000000001,Cash
81469,807,216,3,2024-03-18 03:00:00,78595.0,Cash
81470,718,480,4,2024-03-18 03:00:00,737792.5,Cash
81471,767,46,4,2024-03-18 03:00:00,133901.0,Credit Card
81472,979,46,4,2024-03-18 03:00:00,127937.9,Cash
81473,82,146,5,2024-03-18 03:00:00,1088012.6,Credit Card
81474,497,8,5,2024-03-18 03:00:00,116230.7,Credit Card
81475,182,319,5,2024-03-18 03:00:00,674252.0,Cash
81476,59,275,6,2024-03-18 03:00:00,176044.2,Credit Card
81477,591,297,6,2024-03-18 03:00:00,223326.1,Cash
81478,954,262,7,2024-03-18 03:00:00,371436.3,Cash
81479,294,378,7,2024-03-18 03:00:00,86008.1,Credit Card
81480,961,332,8,2024-03-18 03:00:00,167427.7,Cash
81481,575,193,8,2024-03-18 03:00:00,753851.3,Cash
81482,741,332,8,2024-03-18 03:00:00,156303.90000000002,Cash
81483,666,186,9,2024-03-18 03:00:00,418360.8,Credit Card
81484,217,147,9,2024-03-18 03:00:00,138759.90000000002,Cash
81774,418,376,3,2024-03-18 04:00:00,905540.5,Credit Card
81775,232,216,3,2024-03-18 04:00:00,628299.4,Cash
81776,412,46,4,2024-03-18 04:00:00,146422.3,Cash
81777,413,139,4,2024-03-18 04:00:00,1126489.6,Cash
81778,563,472,5,2024-03-18 04:00:00,1013780.8,Cash
81779,192,146,5,2024-03-18 04:00:00,66985.40000000001,Cash
81780,847,58,6,2024-03-18 04:00:00,519559.4,Cash
81781,642,58,6,2024-03-18 04:00:00,516628.5,Cash
81782,124,490,7,2024-03-18 04:00:00,494460.20000000007,Credit Card
81783,273,378,7,2024-03-18 04:00:00,706917.5,Cash
81784,83,322,8,2024-03-18 04:00:00,695775.3,Cash
81785,377,186,9,2024-03-18 04:00:00,792912.7,Cash
81786,5,186,9,2024-03-18 04:00:00,68707.79999999999,Credit Card
81787,704,147,9,2024-03-18 04:00:00,216773.3,Credit Card
81788,161,194,10,2024-03-18 04:00:00,640278.7000000001,Credit Card
81789,552,26,10,2024-03-18 04:00:00,664570.5,Credit Card
82075,404,54,1,2024-03-18 05:00:00,534217.0,Credit Card
82076,29,257,2,2024-03-18 05:00:00,523636.2,Cash
82077,556,448,2,2024-03-18 05:00:00,665946.7,Cash
82078,789,302,2,2024-03-18 05:00:00,135325.2,Credit Card
82079,412,319,5,2024-03-18 05:00:00,168767.3,Credit Card
82080,999,319,5,2024-03-18 05:00:00,359992.30000000005,Cash
82081,421,58,6,2024-03-18 05:00:00,898016.8,Cash
82082,357,205,6,2024-03-18 05:00:00,71191.1,Credit Card
82083,944,343,7,2024-03-18 05:00:00,139693.8,Cash
82084,43,251,7,2024-03-18 05:00:00,285095.0,Cash
82085,343,331,7,2024-03-18 05:00:00,507287.2,Cash
82086,306,11,8,2024-03-18 05:00:00,94979.8,Cash
82087,103,193,8,2024-03-18 05:00:00,774419.8,Cash
82088,124,26,10,2024-03-18 05:00:00,734764.3,Credit Card
82089,39,26,10,2024-03-18 05:00:00,685081.7,Cash
82351,513,54,1,2024-03-18 06:00:00,129605.1,Credit Card
82352,993,305,1,2024-03-18 06:00:00,720936.6,Cash
82353,561,54,1,2024-03-18 06:00:00,941466.2,Credit Card
82354,785,54,1,2024-03-18 06:00:00,504526.0,Credit Card
82355,531,305,1,2024-03-18 06:00:00,527489.1000000001,Credit Card
82356,280,54,1,2024-03-18 06:00:00,963939.5,Credit Card
82357,669,54,1,2024-03-18 06:00:00,474020.9,Credit Card
82358,888,54,1,2024-03-18 06:00:00,61431.8,Credit Card
82359,104,305,1,2024-03-18 06:00:00,159810.2,Credit Card
82360,109,305,1,2024-03-18 06:00:00,159291.4,Cash
82361,126,305,1,2024-03-18 06:00:00,88055.2,Credit Card
82362,259,305,1,2024-03-18 06:00:00,200908.4,Cash
82363,729,305,1,2024-03-18 06:00:00,991537.4,Cash
82364,183,295,2,2024-03-18 06:00:00,842048.8,Cash
82365,987,202,2,2024-03-18 06:00:00,136815.6,Credit Card
82366,198,91,2,2024-03-18 06:00:00,1082109.0,Credit Card
82367,788,257,2,2024-03-18 06:00:00,865670.3999999999,Cash
82368,430,345,2,2024-03-18 06:00:00,112687.6,Cash
82369,117,258,3,2024-03-18 06:00:00,133185.90000000002,Cash
82370,171,31,3,2024-03-18 06:00:00,925360.3,Cash
82371,998,376,3,2024-03-18 06:00:00,688043.8,Cash
82372,449,216,3,2024-03-18 06:00:00,125241.2,Credit Card
82373,563,216,3,2024-03-18 06:00:00,861851.7,Credit Card
82374,821,299,3,2024-03-18 06:00:00,170891.8,Credit Card
82375,278,376,3,2024-03-18 06:00:00,698218.7000000001,Cash
82376,412,258,3,2024-03-18 06:00:00,117151.8,Credit Card
82377,597,216,3,2024-03-18 06:00:00,207224.7,Cash
82378,412,376,3,2024-03-18 06:00:00,173679.59999999998,Credit Card
82379,153,31,3,2024-03-18 06:00:00,500554.5,Credit Card
82380,384,258,3,2024-03-18 06:00:00,138977.1,Cash
82381,565,31,3,2024-03-18 06:00:00,159619.9,Cash
82382,277,69,4,2024-03-18 06:00:00,381157.4,Cash
82383,506,480,4,2024-03-18 06:00:00,510132.0,Cash
82384,970,480,4,2024-03-18 06:00:00,875945.2,Cash
82385,390,480,4,2024-03-18 06:00:00,538577.0,Credit Card
82386,30,46,4,2024-03-18 06:00:00,160814.1,Cash
82387,96,480,4,2024-03-18 06:00:00,760087.5,Credit Card
82388,800,69,4,2024-03-18 06:00:00,138208.80000000002,Credit Card
82389,128,139,4,2024-03-18 06:00:00,190173.9,Cash
82390,481,46,4,2024-03-18 06:00:00,696249.8999999999,Credit Card
82391,927,139,4,2024-03-18 06:00:00,194272.8,Cash
82392,843,480,4,2024-03-18 06:00:00,942180.6,Cash
82393,595,139,4,2024-03-18 06:00:00,87218.0,Cash
82394,506,139,4,2024-03-18 06:00:00,1047648.9,Credit Card
82395,80,480,4,2024-03-18 06:00:00,158253.6,Cash
82396,661,146,5,2024-03-18 06:00:00,788593.3999999999,Cash
82397,989,146,5,2024-03-18 06:00:00,169237.40000000002,Cash
82398,388,319,5,2024-03-18 06:00:00,90068.4,Cash
82399,531,190,5,2024-03-18 06:00:00,610958.0,Cash
82400,411,319,5,2024-03-18 06:00:00,178260.69999999998,Cash
82401,239,319,5,2024-03-18 06:00:00,1145349.5,Credit Card
82402,465,319,5,2024-03-18 06:00:00,141735.3,Credit Card
82403,677,190,5,2024-03-18 06:00:00,146087.3,Cash
82404,278,319,5,2024-03-18 06:00:00,1007836.9,Credit Card
82405,900,8,5,2024-03-18 06:00:00,537033.5,Cash
82406,488,8,5,2024-03-18 06:00:00,112141.9,Cash
82407,638,319,5,2024-03-18 06:00:00,1060315.8,Cash
82408,111,472,5,2024-03-18 06:00:00,82996.6,Credit Card
82409,548,161,6,2024-03-18 06:00:00,1056999.3,Cash
82410,179,275,6,2024-03-18 06:00:00,139273.1,Credit Card
82411,334,481,6,2024-03-18 06:00:00,496529.4,Cash
82412,721,205,6,2024-03-18 06:00:00,185429.9,Cash
82413,253,297,6,2024-03-18 06:00:00,95025.8,Credit Card
82414,432,161,6,2024-03-18 06:00:00,831822.2,Cash
82415,395,378,7,2024-03-18 06:00:00,796775.7,Credit Card
82416,994,13,7,2024-03-18 06:00:00,785491.7999999999,Cash
82417,262,331,7,2024-03-18 06:00:00,718108.5,Cash
82418,295,490,7,2024-03-18 06:00:00,208543.2,Cash
82419,75,251,7,2024-03-18 06:00:00,157130.09999999998,Cash
82420,267,13,7,2024-03-18 06:00:00,472401.1,Credit Card
82421,585,343,7,2024-03-18 06:00:00,159852.59999999998,Credit Card
82422,215,71,8,2024-03-18 06:00:00,164564.3,Credit Card
82423,558,112,8,2024-03-18 06:00:00,141803.5,Credit Card
82424,20,322,8,2024-03-18 06:00:00,1060902.4,Credit Card
82425,988,11,8,2024-03-18 06:00:00,142539.5,Credit Card
82426,423,157,8,2024-03-18 06:00:00,221821.8,Cash
82427,140,332,8,2024-03-18 06:00:00,82520.0,Credit Card
82428,937,193,8,2024-03-18 06:00:00,952281.6,Credit Card
82429,974,157,8,2024-03-18 06:00:00,925519.8,Credit Card
82430,230,157,8,2024-03-18 06:00:00,187965.7,Credit Card
82431,115,157,8,2024-03-18 06:00:00,779132.1,Credit Card
82432,626,157,8,2024-03-18 06:00:00,768495.5,Credit Card
82433,4,193,8,2024-03-18 06:00:00,121605.0,Credit Card
82434,404,157,8,2024-03-18 06:00:00,575528.1,Cash
82435,46,186,9,2024-03-18 06:00:00,822030.4,Cash
82436,960,147,9,2024-03-18 06:00:00,88565.0,Credit Card
82437,910,147,9,2024-03-18 06:00:00,120299.5,Cash
82438,821,147,9,2024-03-18 06:00:00,99639.0,Cash
82439,406,147,9,2024-03-18 06:00:00,1029461.2,Credit Card
82440,489,147,9,2024-03-18 06:00:00,121303.19999999998,Credit Card
82441,933,186,9,2024-03-18 06:00:00,91277.4,Cash
82442,339,147,9,2024-03-18 06:00:00,188908.8,Credit Card
82443,805,147,9,2024-03-18 06:00:00,128773.3,Credit Card
82444,681,186,9,2024-03-18 06:00:00,126404.0,Cash
82445,319,147,9,2024-03-18 06:00:00,799304.3,Cash
82446,641,147,9,2024-03-18 06:00:00,547076.7999999999,Cash
82447,208,147,9,2024-03-18 06:00:00,726211.3,Credit Card
82448,968,26,10,2024-03-18 06:00:00,99493.6,Credit Card
82449,956,26,10,2024-03-18 06:00:00,134295.5,Credit Card
82450,171,26,10,2024-03-18 06:00:00,613187.2,Cash
82451,748,194,10,2024-03-18 06:00:00,499042.3,Cash
82452,33,194,10,2024-03-18 06:00:00,137562.8,Credit Card
82453,81,26,10,2024-03-18 06:00:00,829088.7,Credit Card
82454,770,194,10,2024-03-18 06:00:00,210084.3,Credit Card
82455,486,194,10,2024-03-18 06:00:00,97045.3,Credit Card
82456,674,26,10,2024-03-18 06:00:00,136044.8,Credit Card
82457,93,26,10,2024-03-18 06:00:00,129304.2,Cash
82458,345,26,10,2024-03-18 06:00:00,638833.1000000001,Credit Card
82459,523,26,10,2024-03-18 06:00:00,116848.2,Cash
84295,399,305,1,2024-03-18 07:00:00,81106.8,Credit Card
84296,11,305,1,2024-03-18 07:00:00,98054.6,Credit Card
84297,144,305,1,2024-03-18 07:00:00,727418.8999999999,Cash
84298,884,305,1,2024-03-18 07:00:00,538192.9,Credit Card
84299,218,54,1,2024-03-18 07:00:00,109749.7,Credit Card
84300,650,295,2,2024-03-18 07:00:00,144426.59999999998,Credit Card
84301,819,448,2,2024-03-18 07:00:00,125379.0,Cash
84302,815,302,2,2024-03-18 07:00:00,588455.5,Cash
84303,918,448,2,2024-03-18 07:00:00,605547.9,Cash
84304,28,295,2,2024-03-18 07:00:00,154626.6,Credit Card
84305,142,295,2,2024-03-18 07:00:00,697135.8999999999,Cash
84306,687,91,2,2024-03-18 07:00:00,135938.9,Credit Card
84307,965,448,2,2024-03-18 07:00:00,127933.4,Cash
84308,501,258,3,2024-03-18 07:00:00,565509.9,Credit Card
84309,701,216,3,2024-03-18 07:00:00,461886.1,Credit Card
84310,144,31,3,2024-03-18 07:00:00,545735.1,Credit Card
84311,787,299,3,2024-03-18 07:00:00,1100507.1,Credit Card
84312,884,258,3,2024-03-18 07:00:00,569671.5,Cash
84313,223,46,4,2024-03-18 07:00:00,225342.0,Cash
84314,547,480,4,2024-03-18 07:00:00,135259.90000000002,Cash
84315,631,69,4,2024-03-18 07:00:00,928958.1,Credit Card
84316,952,139,4,2024-03-18 07:00:00,142598.3,Credit Card
84317,522,46,4,2024-03-18 07:00:00,647811.0,Cash
84318,402,46,4,2024-03-18 07:00:00,146883.2,Cash
84319,733,46,4,2024-03-18 07:00:00,129282.0,Cash
84320,314,139,4,2024-03-18 07:00:00,140399.30000000002,Cash
84321,124,480,4,2024-03-18 07:00:00,889271.7000000001,Credit Card
84322,600,46,4,2024-03-18 07:00:00,656045.6,Credit Card
84323,30,8,5,2024-03-18 07:00:00,167352.09999999998,Cash
84324,955,472,5,2024-03-18 07:00:00,424620.0,Credit Card
84325,600,190,5,2024-03-18 07:00:00,730728.7,Credit Card
84326,567,146,5,2024-03-18 07:00:00,140626.8,Cash
84327,815,221,5,2024-03-18 07:00:00,748467.8999999999,Cash
84328,996,319,5,2024-03-18 07:00:00,190604.5,Cash
84329,837,146,5,2024-03-18 07:00:00,207342.5,Credit Card
84330,302,472,5,2024-03-18 07:00:00,83619.5,Cash
84331,787,190,5,2024-03-18 07:00:00,387456.4,Credit Card
84332,146,221,5,2024-03-18 07:00:00,141738.00000000003,Credit Card
84333,319,190,5,2024-03-18 07:00:00,798138.3,Cash
84334,9,8,5,2024-03-18 07:00:00,180166.2,Credit Card
84335,832,190,5,2024-03-18 07:00:00,182205.9,Cash
84336,656,146,5,2024-03-18 07:00:00,132985.3,Cash
84337,433,146,5,2024-03-18 07:00:00,611049.1,Credit Card
84338,545,111,6,2024-03-18 07:00:00,1213754.3,Credit Card
84339,99,275,6,2024-03-18 07:00:00,89523.6,Credit Card
84340,497,297,6,2024-03-18 07:00:00,103017.59999999998,Credit Card
84341,561,297,6,2024-03-18 07:00:00,801483.5,Credit Card
84342,908,205,6,2024-03-18 07:00:00,793180.4999999999,Credit Card
84343,502,205,6,2024-03-18 07:00:00,544661.9,Credit Card
84344,30,297,6,2024-03-18 07:00:00,131588.7,Cash
84345,23,481,6,2024-03-18 07:00:00,537104.7,Cash
84346,270,275,6,2024-03-18 07:00:00,146906.1,Credit Card
84347,312,481,6,2024-03-18 07:00:00,842696.8999999999,Cash
84348,770,490,7,2024-03-18 07:00:00,136006.9,Cash
84349,960,251,7,2024-03-18 07:00:00,123070.7,Cash
84350,707,490,7,2024-03-18 07:00:00,565473.6000000001,Credit Card
84351,373,331,7,2024-03-18 07:00:00,685128.7,Credit Card
84352,668,378,7,2024-03-18 07:00:00,556981.2999999999,Credit Card
84353,456,343,7,2024-03-18 07:00:00,690238.4,Cash
84354,870,332,8,2024-03-18 07:00:00,101060.5,Cash
84355,248,382,8,2024-03-18 07:00:00,1149330.7999999998,Cash
84356,12,193,8,2024-03-18 07:00:00,119246.9,Credit Card
84357,358,332,8,2024-03-18 07:00:00,182855.5,Credit Card
84358,123,157,8,2024-03-18 07:00:00,175958.7,Cash
84359,92,11,8,2024-03-18 07:00:00,515452.2,Cash
84360,476,322,8,2024-03-18 07:00:00,75360.9,Cash
84361,284,71,8,2024-03-18 07:00:00,463811.9,Credit Card
84362,287,332,8,2024-03-18 07:00:00,804002.3,Cash
84363,817,11,8,2024-03-18 07:00:00,717127.3,Cash
84364,458,157,8,2024-03-18 07:00:00,80135.2,Cash
84365,815,11,8,2024-03-18 07:00:00,823922.0,Cash
84366,4,11,8,2024-03-18 07:00:00,84949.9,Cash
84367,653,11,8,2024-03-18 07:00:00,169671.80000000002,Credit Card
84368,810,193,8,2024-03-18 07:00:00,430297.5,Cash
84369,546,186,9,2024-03-18 07:00:00,240471.9,Credit Card
84370,138,186,9,2024-03-18 07:00:00,68837.5,Cash
84371,334,147,9,2024-03-18 07:00:00,946704.3,Cash
84372,553,186,9,2024-03-18 07:00:00,541195.9,Cash
84373,515,186,9,2024-03-18 07:00:00,57692.6,Credit Card
84374,133,194,10,2024-03-18 07:00:00,667481.0,Cash
84375,255,26,10,2024-03-18 07:00:00,194725.4,Credit Card
84376,567,26,10,2024-03-18 07:00:00,160347.6,Cash
84377,273,26,10,2024-03-18 07:00:00,598909.9,Cash
84378,428,194,10,2024-03-18 07:00:00,137783.6,Credit Card
84379,52,194,10,2024-03-18 07:00:00,113390.6,Cash
84380,856,26,10,2024-03-18 07:00:00,375020.4,Cash
84381,808,26,10,2024-03-18 07:00:00,632284.3,Cash
84382,960,194,10,2024-03-18 07:00:00,180480.8,Cash
84383,436,194,10,2024-03-18 07:00:00,180320.8,Cash
84384,744,26,10,2024-03-18 07:00:00,516533.6,Credit Card
84385,915,26,10,2024-03-18 07:00:00,1162060.8,Cash
84386,511,194,10,2024-03-18 07:00:00,149444.59999999998,Cash
84387,858,194,10,2024-03-18 07:00:00,607305.0,Cash
84388,750,194,10,2024-03-18 07:00:00,822406.3,Credit Card
86246,116,54,1,2024-03-18 08:00:00,120969.3,Cash
86247,648,305,1,2024-03-18 08:00:00,121308.6,Cash
86248,202,305,1,2024-03-18 08:00:00,125081.0,Credit Card
86249,344,54,1,2024-03-18 08:00:00,523812.5,Cash
86250,456,54,1,2024-03-18 08:00:00,337519.3,Cash
86251,690,54,1,2024-03-18 08:00:00,176611.90000000002,Cash
86252,338,54,1,2024-03-18 08:00:00,1176298.3,Cash
86253,4,305,1,2024-03-18 08:00:00,92260.9,Cash
86254,844,54,1,2024-03-18 08:00:00,110746.2,Credit Card
86255,200,305,1,2024-03-18 08:00:00,586644.5,Credit Card
86256,289,305,1,2024-03-18 08:00:00,933856.2,Cash
86257,495,54,1,2024-03-18 08:00:00,113303.1,Cash
86258,289,54,1,2024-03-18 08:00:00,683154.9,Credit Card
86259,144,54,1,2024-03-18 08:00:00,591620.7999999999,Cash
86260,959,448,2,2024-03-18 08:00:00,111037.9,Cash
86261,885,91,2,2024-03-18 08:00:00,112879.9,Cash
86262,379,91,2,2024-03-18 08:00:00,188326.3,Credit Card
86263,936,295,2,2024-03-18 08:00:00,173760.6,Credit Card
86264,42,257,2,2024-03-18 08:00:00,106655.6,Credit Card
86265,579,216,3,2024-03-18 08:00:00,135189.9,Cash
86266,244,216,3,2024-03-18 08:00:00,149876.1,Cash
86267,263,216,3,2024-03-18 08:00:00,182258.4,Credit Card
86268,14,216,3,2024-03-18 08:00:00,167698.1,Cash
86269,169,299,3,2024-03-18 08:00:00,1075458.3,Credit Card
86270,697,376,3,2024-03-18 08:00:00,125061.7,Credit Card
86271,436,31,3,2024-03-18 08:00:00,121702.6,Credit Card
86272,759,69,4,2024-03-18 08:00:00,686704.1000000001,Cash
86273,18,69,4,2024-03-18 08:00:00,193613.1,Cash
86274,506,69,4,2024-03-18 08:00:00,610996.4,Cash
86275,587,46,4,2024-03-18 08:00:00,151907.7,Credit Card
86276,768,480,4,2024-03-18 08:00:00,153229.1,Credit Card
86277,932,46,4,2024-03-18 08:00:00,100725.7,Cash
86278,322,139,4,2024-03-18 08:00:00,154155.59999999998,Cash
86279,565,480,4,2024-03-18 08:00:00,119417.9,Cash
86280,746,480,4,2024-03-18 08:00:00,119073.0,Credit Card
86281,849,139,4,2024-03-18 08:00:00,125240.3,Credit Card
86282,950,69,4,2024-03-18 08:00:00,121581.0,Credit Card
86283,537,69,4,2024-03-18 08:00:00,145775.40000000002,Credit Card
86284,868,221,5,2024-03-18 08:00:00,145527.0,Cash
86285,749,472,5,2024-03-18 08:00:00,666718.6,Cash
86286,795,8,5,2024-03-18 08:00:00,157078.5,Cash
86287,110,472,5,2024-03-18 08:00:00,100758.7,Credit Card
86288,715,472,5,2024-03-18 08:00:00,179161.40000000002,Credit Card
86289,102,319,5,2024-03-18 08:00:00,149106.0,Credit Card
86290,811,472,5,2024-03-18 08:00:00,82142.79999999999,Cash
86291,595,111,6,2024-03-18 08:00:00,196566.5,Credit Card
86292,514,161,6,2024-03-18 08:00:00,159340.1,Cash
86293,720,205,6,2024-03-18 08:00:00,114034.6,Cash
86294,995,205,6,2024-03-18 08:00:00,223555.2,Cash
86295,370,111,6,2024-03-18 08:00:00,969405.7,Credit Card
86296,791,275,6,2024-03-18 08:00:00,1241767.0,Credit Card
86297,236,161,6,2024-03-18 08:00:00,119256.1,Cash
86298,212,205,6,2024-03-18 08:00:00,507638.6,Cash
86299,900,312,6,2024-03-18 08:00:00,954410.0,Cash
86300,85,275,6,2024-03-18 08:00:00,521096.3,Cash
86301,92,161,6,2024-03-18 08:00:00,561411.3,Cash
86302,182,161,6,2024-03-18 08:00:00,814435.5,Credit Card
86303,923,275,6,2024-03-18 08:00:00,381706.2,Cash
86304,915,481,6,2024-03-18 08:00:00,982285.4,Cash
86305,438,490,7,2024-03-18 08:00:00,101443.3,Credit Card
86306,498,378,7,2024-03-18 08:00:00,988347.3,Cash
86307,553,262,7,2024-03-18 08:00:00,907288.2,Credit Card
86308,194,13,7,2024-03-18 08:00:00,196279.5,Cash
86309,102,251,7,2024-03-18 08:00:00,108705.4,Cash
86310,723,343,7,2024-03-18 08:00:00,464205.6,Credit Card
86311,598,490,7,2024-03-18 08:00:00,607895.8999999999,Cash
86312,335,251,7,2024-03-18 08:00:00,174211.4,Cash
86313,736,378,7,2024-03-18 08:00:00,125146.3,Credit Card
86314,918,490,7,2024-03-18 08:00:00,835182.1000000001,Cash
86315,616,331,7,2024-03-18 08:00:00,171951.6,Credit Card
86316,26,262,7,2024-03-18 08:00:00,112649.9,Credit Card
86317,643,490,7,2024-03-18 08:00:00,527920.3999999999,Cash
86318,889,193,8,2024-03-18 08:00:00,117542.0,Credit Card
86319,960,322,8,2024-03-18 08:00:00,119801.6,Cash
86320,405,332,8,2024-03-18 08:00:00,138797.6,Credit Card
86321,908,71,8,2024-03-18 08:00:00,1075379.8,Cash
86322,979,193,8,2024-03-18 08:00:00,118735.3,Credit Card
86323,380,382,8,2024-03-18 08:00:00,154215.3,Cash
86324,694,71,8,2024-03-18 08:00:00,216351.0,Cash
86325,239,112,8,2024-03-18 08:00:00,721794.2,Credit Card
86326,201,322,8,2024-03-18 08:00:00,494321.5,Credit Card
86327,245,71,8,2024-03-18 08:00:00,679463.0,Credit Card
86328,310,332,8,2024-03-18 08:00:00,893316.1,Credit Card
86329,169,157,8,2024-03-18 08:00:00,450540.7,Cash
86330,650,147,9,2024-03-18 08:00:00,189618.10000000003,Credit Card
86331,824,147,9,2024-03-18 08:00:00,920596.4,Credit Card
86332,729,147,9,2024-03-18 08:00:00,1133235.8,Cash
86333,997,147,9,2024-03-18 08:00:00,964811.7,Credit Card
86334,787,186,9,2024-03-18 08:00:00,597562.7,Cash
86335,117,186,9,2024-03-18 08:00:00,152467.1,Credit Card
86336,373,147,9,2024-03-18 08:00:00,603027.7,Cash
86337,567,186,9,2024-03-18 08:00:00,56527.8,Credit Card
86338,881,186,9,2024-03-18 08:00:00,65675.2,Credit Card
86339,260,186,9,2024-03-18 08:00:00,871471.8,Credit Card
86340,935,186,9,2024-03-18 08:00:00,643670.5,Credit Card
86341,912,147,9,2024-03-18 08:00:00,142338.0,Credit Card
86342,350,147,9,2024-03-18 08:00:00,398522.5,Cash
86343,614,26,10,2024-03-18 08:00:00,146257.59999999998,Credit Card
86344,662,26,10,2024-03-18 08:00:00,684297.5,Credit Card
86345,276,194,10,2024-03-18 08:00:00,174992.5,Credit Card
86346,162,194,10,2024-03-18 08:00:00,132895.3,Credit Card
86347,530,194,10,2024-03-18 08:00:00,148500.80000000002,Credit Card
86348,9,26,10,2024-03-18 08:00:00,104949.8,Cash
86349,409,194,10,2024-03-18 08:00:00,77156.0,Credit Card
86350,589,26,10,2024-03-18 08:00:00,445504.4,Credit Card
86351,656,194,10,2024-03-18 08:00:00,140252.3,Credit Card
86352,194,194,10,2024-03-18 08:00:00,169271.5,Credit Card
86353,969,26,10,2024-03-18 08:00:00,835273.9,Credit Card
86354,156,26,10,2024-03-18 08:00:00,847058.6,Credit Card
86355,398,194,10,2024-03-18 08:00:00,205476.10000000003,Credit Card
86356,627,26,10,2024-03-18 08:00:00,368953.3,Credit Card
88270,73,305,1,2024-03-18 09:00:00,81777.5,Cash
88271,70,54,1,2024-03-18 09:00:00,764051.4,Credit Card
88272,843,305,1,2024-03-18 09:00:00,482039.4,Credit Card
88273,296,91,2,2024-03-18 09:00:00,109659.5,Credit Card
88274,888,91,2,2024-03-18 09:00:00,100496.6,Cash
88275,690,295,2,2024-03-18 09:00:00,167188.5,Cash
88276,199,302,2,2024-03-18 09:00:00,163596.5,Credit Card
88277,553,258,3,2024-03-18 09:00:00,977900.6,Cash
88278,825,299,3,2024-03-18 09:00:00,80878.6,Cash
88279,134,376,3,2024-03-18 09:00:00,723720.7,Credit Card
88280,243,376,3,2024-03-18 09:00:00,151082.4,Credit Card
88281,413,216,3,2024-03-18 09:00:00,680322.1,Credit Card
88282,762,480,4,2024-03-18 09:00:00,95194.1,Cash
88283,510,480,4,2024-03-18 09:00:00,135045.6,Credit Card
88284,866,46,4,2024-03-18 09:00:00,632744.2999999999,Cash
88285,132,69,4,2024-03-18 09:00:00,144103.5,Credit Card
88286,609,480,4,2024-03-18 09:00:00,147656.0,Cash
88287,864,146,5,2024-03-18 09:00:00,99214.9,Cash
88288,856,472,5,2024-03-18 09:00:00,1067039.3,Credit Card
88289,404,221,5,2024-03-18 09:00:00,888923.1000000001,Credit Card
88290,475,472,5,2024-03-18 09:00:00,674191.7,Credit Card
88291,357,146,5,2024-03-18 09:00:00,119650.8,Cash
88292,895,8,5,2024-03-18 09:00:00,91685.8,Cash
88293,621,472,5,2024-03-18 09:00:00,574790.2999999999,Cash
88294,974,221,5,2024-03-18 09:00:00,1208159.5,Cash
88295,124,190,5,2024-03-18 09:00:00,1013786.2,Credit Card
88296,64,221,5,2024-03-18 09:00:00,188336.4,Cash
88297,85,312,6,2024-03-18 09:00:00,1014705.2,Credit Card
88298,725,205,6,2024-03-18 09:00:00,385450.7,Cash
88299,556,275,6,2024-03-18 09:00:00,1002318.2,Credit Card
88300,7,111,6,2024-03-18 09:00:00,116029.2,Credit Card
88301,236,161,6,2024-03-18 09:00:00,122939.9,Cash
88302,153,111,6,2024-03-18 09:00:00,774463.7000000001,Credit Card
88303,64,251,7,2024-03-18 09:00:00,133450.9,Credit Card
88304,705,13,7,2024-03-18 09:00:00,148879.8,Credit Card
88305,128,262,7,2024-03-18 09:00:00,186944.3,Credit Card
88306,282,262,7,2024-03-18 09:00:00,158591.1,Cash
88307,220,331,7,2024-03-18 09:00:00,626453.0,Cash
88308,806,378,7,2024-03-18 09:00:00,162437.1,Cash
88309,781,378,7,2024-03-18 09:00:00,141630.5,Cash
88310,49,322,8,2024-03-18 09:00:00,874743.3,Credit Card
88311,492,11,8,2024-03-18 09:00:00,159578.40000000002,Credit Card
88312,164,112,8,2024-03-18 09:00:00,119885.3,Credit Card
88313,451,193,8,2024-03-18 09:00:00,634977.9,Credit Card
88314,53,332,8,2024-03-18 09:00:00,1093597.5,Credit Card
88315,61,112,8,2024-03-18 09:00:00,142235.90000000002,Credit Card
88316,643,382,8,2024-03-18 09:00:00,371968.1,Cash
88317,498,332,8,2024-03-18 09:00:00,1205981.2,Credit Card
88318,378,332,8,2024-03-18 09:00:00,1025702.4,Cash
88319,684,147,9,2024-03-18 09:00:00,168142.6,Cash
88320,126,186,9,2024-03-18 09:00:00,136011.6,Credit Card
88321,296,186,9,2024-03-18 09:00:00,164438.40000000002,Credit Card
88322,841,26,10,2024-03-18 09:00:00,70246.2,Credit Card
88323,530,26,10,2024-03-18 09:00:00,116263.0,Credit Card
88324,389,26,10,2024-03-18 09:00:00,221163.0,Cash
88325,942,194,10,2024-03-18 09:00:00,171261.6,Credit Card
88326,539,26,10,2024-03-18 09:00:00,451563.7,Credit Card
89582,388,54,1,2024-03-18 10:00:00,127354.5,Credit Card
89583,606,54,1,2024-03-18 10:00:00,673119.4,Credit Card
89584,976,305,1,2024-03-18 10:00:00,578890.6000000001,Credit Card
89585,821,54,1,2024-03-18 10:00:00,138709.2,Credit Card
89586,486,305,1,2024-03-18 10:00:00,169636.8,Credit Card
89587,809,305,1,2024-03-18 10:00:00,124478.3,Credit Card
89588,401,54,1,2024-03-18 10:00:00,85206.6,Credit Card
89589,336,202,2,2024-03-18 10:00:00,1059125.4,Credit Card
89590,510,295,2,2024-03-18 10:00:00,168909.8,Credit Card
89591,162,202,2,2024-03-18 10:00:00,219979.8,Credit Card
89592,87,295,2,2024-03-18 10:00:00,140543.1,Cash
89593,990,31,3,2024-03-18 10:00:00,104338.8,Credit Card
89594,550,216,3,2024-03-18 10:00:00,600437.0,Cash
89595,960,299,3,2024-03-18 10:00:00,168735.9,Credit Card
89596,757,376,3,2024-03-18 10:00:00,72319.09999999999,Cash
89597,252,69,4,2024-03-18 10:00:00,138270.3,Credit Card
89598,488,139,4,2024-03-18 10:00:00,185484.2,Credit Card
89599,34,139,4,2024-03-18 10:00:00,721704.5,Credit Card
89600,696,139,4,2024-03-18 10:00:00,728473.5,Cash
89601,141,472,5,2024-03-18 10:00:00,460358.6,Cash
89602,590,319,5,2024-03-18 10:00:00,119497.1,Cash
89603,911,319,5,2024-03-18 10:00:00,212740.6,Cash
89604,10,472,5,2024-03-18 10:00:00,1079124.9,Cash
89605,499,8,5,2024-03-18 10:00:00,78257.29999999999,Credit Card
89606,986,472,5,2024-03-18 10:00:00,663992.1,Credit Card
89607,191,221,5,2024-03-18 10:00:00,117845.6,Credit Card
89608,112,205,6,2024-03-18 10:00:00,111298.2,Credit Card
89609,559,481,6,2024-03-18 10:00:00,130215.0,Cash
89610,939,312,6,2024-03-18 10:00:00,757530.7,Cash
89611,58,312,6,2024-03-18 10:00:00,123884.8,Credit Card
89612,448,13,7,2024-03-18 10:00:00,990888.0,Cash
89613,493,343,7,2024-03-18 10:00:00,667482.4,Cash
89614,362,331,7,2024-03-18 10:00:00,70789.9,Cash
89615,139,331,7,2024-03-18 10:00:00,183467.4,Credit Card
89616,236,490,7,2024-03-18 10:00:00,206032.3,Credit Card
89617,373,382,8,2024-03-18 10:00:00,608006.0,Credit Card
89618,655,382,8,2024-03-18 10:00:00,228842.9,Cash
89619,325,193,8,2024-03-18 10:00:00,960841.3,Credit Card
89620,120,332,8,2024-03-18 10:00:00,263860.6,Credit Card
89621,237,382,8,2024-03-18 10:00:00,109997.2,Cash
89622,635,157,8,2024-03-18 10:00:00,121896.7,Credit Card
89623,468,382,8,2024-03-18 10:00:00,69048.20000000001,Credit Card
89624,49,382,8,2024-03-18 10:00:00,835734.3,Cash
89625,842,147,9,2024-03-18 10:00:00,75992.1,Cash
89626,729,186,9,2024-03-18 10:00:00,944507.3,Cash
89627,916,147,9,2024-03-18 10:00:00,80979.8,Credit Card
89628,223,26,10,2024-03-18 10:00:00,171393.09999999998,Cash
89629,815,194,10,2024-03-18 10:00:00,1107742.2999999998,Credit Card
89630,906,194,10,2024-03-18 10:00:00,1012620.6,Cash
89631,110,26,10,2024-03-18 10:00:00,119855.0,Cash
89632,788,26,10,2024-03-18 10:00:00,518774.0,Credit Card
89633,117,26,10,2024-03-18 10:00:00,107145.9,Cash
89634,188,26,10,2024-03-18 10:00:00,753014.3999999999,Cash
89635,743,194,10,2024-03-18 10:00:00,599868.9,Cash
89636,643,26,10,2024-03-18 10:00:00,959293.6,Cash
90820,746,305,1,2024-03-18 11:00:00,90052.7,Cash
90821,137,305,1,2024-03-18 11:00:00,144201.1,Credit Card
90822,860,54,1,2024-03-18 11:00:00,668642.8999999999,Credit Card
90823,792,54,1,2024-03-18 11:00:00,493459.9,Cash
90824,329,54,1,2024-03-18 11:00:00,184781.2,Cash
90825,148,305,1,2024-03-18 11:00:00,143577.30000000002,Credit Card
90826,830,305,1,2024-03-18 11:00:00,153302.7,Credit Card
90827,517,305,1,2024-03-18 11:00:00,453690.6,Credit Card
90828,101,305,1,2024-03-18 11:00:00,82969.9,Credit Card
90829,842,305,1,2024-03-18 11:00:00,148682.1,Credit Card
90830,71,302,2,2024-03-18 11:00:00,673185.4,Cash
90831,182,91,2,2024-03-18 11:00:00,481854.6,Cash
90832,362,91,2,2024-03-18 11:00:00,173981.4,Credit Card
90833,477,302,2,2024-03-18 11:00:00,575794.4,Credit Card
90834,561,257,2,2024-03-18 11:00:00,1192363.4,Credit Card
90835,741,302,2,2024-03-18 11:00:00,96293.6,Cash
90836,769,295,2,2024-03-18 11:00:00,105970.1,Cash
90837,886,202,2,2024-03-18 11:00:00,182516.0,Credit Card
90838,317,202,2,2024-03-18 11:00:00,124100.2,Cash
90839,646,216,3,2024-03-18 11:00:00,145390.8,Cash
90840,331,376,3,2024-03-18 11:00:00,70832.3,Cash
90841,583,31,3,2024-03-18 11:00:00,169552.0,Credit Card
90842,528,376,3,2024-03-18 11:00:00,917853.3,Credit Card
90843,104,46,4,2024-03-18 11:00:00,97941.5,Cash
90844,182,46,4,2024-03-18 11:00:00,657132.8,Cash
90845,311,69,4,2024-03-18 11:00:00,128646.30000000002,Credit Card
90846,767,480,4,2024-03-18 11:00:00,66314.70000000001,Credit Card
90847,144,46,4,2024-03-18 11:00:00,913299.2,Credit Card
90848,764,139,4,2024-03-18 11:00:00,407747.6,Credit Card
90849,310,69,4,2024-03-18 11:00:00,855252.5000000001,Cash
90850,303,221,5,2024-03-18 11:00:00,136446.7,Cash
90851,197,472,5,2024-03-18 11:00:00,770883.8000000002,Credit Card
90852,207,472,5,2024-03-18 11:00:00,635975.7,Credit Card
90853,757,190,5,2024-03-18 11:00:00,169075.6,Credit Card
90854,134,190,5,2024-03-18 11:00:00,973937.2,Credit Card
90855,127,190,5,2024-03-18 11:00:00,146847.3,Cash
90856,176,58,6,2024-03-18 11:00:00,197079.0,Credit Card
90857,119,297,6,2024-03-18 11:00:00,898546.2999999999,Cash
90858,304,58,6,2024-03-18 11:00:00,925532.3,Credit Card
90859,972,251,7,2024-03-18 11:00:00,133846.7,Credit Card
90860,188,262,7,2024-03-18 11:00:00,1122955.2,Credit Card
90861,750,343,7,2024-03-18 11:00:00,856450.3,Credit Card
90862,40,343,7,2024-03-18 11:00:00,627812.3,Cash
90863,671,490,7,2024-03-18 11:00:00,1073450.0,Credit Card
90864,693,13,7,2024-03-18 11:00:00,691123.1000000001,Cash
90865,811,343,7,2024-03-18 11:00:00,179200.90000000002,Credit Card
90866,895,378,7,2024-03-18 11:00:00,134147.59999999998,Credit Card
90867,953,251,7,2024-03-18 11:00:00,74096.70000000001,Cash
90868,557,331,7,2024-03-18 11:00:00,206930.3,Cash
90869,708,112,8,2024-03-18 11:00:00,159094.4,Cash
90870,26,71,8,2024-03-18 11:00:00,204081.7,Cash
90871,677,322,8,2024-03-18 11:00:00,70248.0,Cash
90872,319,193,8,2024-03-18 11:00:00,481903.70000000007,Cash
90873,81,193,8,2024-03-18 11:00:00,768245.3999999999,Credit Card
90874,196,332,8,2024-03-18 11:00:00,156101.5,Cash
90875,410,112,8,2024-03-18 11:00:00,553252.1,Cash
90876,897,332,8,2024-03-18 11:00:00,957201.2,Credit Card
90877,924,157,8,2024-03-18 11:00:00,553792.7000000001,Credit Card
90878,528,11,8,2024-03-18 11:00:00,755098.8,Credit Card
90879,676,147,9,2024-03-18 11:00:00,184019.4,Cash
90880,719,147,9,2024-03-18 11:00:00,212548.3,Credit Card
90881,239,186,9,2024-03-18 11:00:00,1026092.8,Credit Card
90882,603,186,9,2024-03-18 11:00:00,753345.7999999999,Credit Card
90883,979,186,9,2024-03-18 11:00:00,99513.8,Cash
90884,375,186,9,2024-03-18 11:00:00,568724.1,Cash
90885,532,147,9,2024-03-18 11:00:00,722194.2999999999,Cash
90886,784,26,10,2024-03-18 11:00:00,961966.5,Cash
90887,893,26,10,2024-03-18 11:00:00,728123.7,Credit Card
90888,850,194,10,2024-03-18 11:00:00,186706.9,Credit Card
90889,386,26,10,2024-03-18 11:00:00,148498.80000000002,Cash
90890,332,26,10,2024-03-18 11:00:00,855992.4,Credit Card
90891,708,26,10,2024-03-18 11:00:00,135370.3,Cash
92155,439,305,1,2024-03-18 12:00:00,807640.3,Credit Card
92156,59,54,1,2024-03-18 12:00:00,103429.8,Credit Card
92157,679,305,1,2024-03-18 12:00:00,139278.7,Credit Card
92158,823,305,1,2024-03-18 12:00:00,710676.6000000001,Cash
92159,643,305,1,2024-03-18 12:00:00,681896.4,Credit Card
92160,310,54,1,2024-03-18 12:00:00,632965.1,Credit Card
92161,193,54,1,2024-03-18 12:00:00,135421.69999999998,Cash
92162,562,202,2,2024-03-18 12:00:00,627142.0,Cash
92163,920,91,2,2024-03-18 12:00:00,543620.8999999999,Credit Card
92164,165,448,2,2024-03-18 12:00:00,743055.7,Credit Card
92165,682,257,2,2024-03-18 12:00:00,803844.2,Cash
92166,69,202,2,2024-03-18 12:00:00,384649.7,Credit Card
92167,731,258,3,2024-03-18 12:00:00,147287.1,Credit Card
92168,660,216,3,2024-03-18 12:00:00,823326.8,Cash
92169,208,31,3,2024-03-18 12:00:00,953047.9,Cash
92170,970,258,3,2024-03-18 12:00:00,399161.3000000001,Credit Card
92171,451,216,3,2024-03-18 12:00:00,412206.8,Cash
92172,461,216,3,2024-03-18 12:00:00,139747.0,Credit Card
92173,854,376,3,2024-03-18 12:00:00,128955.5,Cash
92174,956,216,3,2024-03-18 12:00:00,153669.80000000002,Cash
92175,647,299,3,2024-03-18 12:00:00,137665.8,Credit Card
92176,301,46,4,2024-03-18 12:00:00,132894.4,Credit Card
92177,23,46,4,2024-03-18 12:00:00,987400.6,Cash
92178,594,480,4,2024-03-18 12:00:00,849956.4,Credit Card
92179,536,480,4,2024-03-18 12:00:00,165283.0,Cash
92180,655,139,4,2024-03-18 12:00:00,116367.8,Credit Card
92181,678,69,4,2024-03-18 12:00:00,152601.5,Cash
92182,820,146,5,2024-03-18 12:00:00,137831.4,Cash
92183,356,146,5,2024-03-18 12:00:00,142249.8,Credit Card
92184,786,146,5,2024-03-18 12:00:00,154806.8,Cash
92185,386,146,5,2024-03-18 12:00:00,125910.1,Cash
92186,542,190,5,2024-03-18 12:00:00,431716.2,Credit Card
92187,558,161,6,2024-03-18 12:00:00,202199.3,Cash
92188,923,58,6,2024-03-18 12:00:00,532364.2,Cash
92189,777,275,6,2024-03-18 12:00:00,176563.2,Cash
92190,333,481,6,2024-03-18 12:00:00,135604.1,Cash
92191,338,13,7,2024-03-18 12:00:00,630890.0,Credit Card
92192,542,13,7,2024-03-18 12:00:00,939272.0,Credit Card
92193,363,13,7,2024-03-18 12:00:00,386000.0,Credit Card
92194,163,262,7,2024-03-18 12:00:00,57445.100000000006,Credit Card
92195,573,251,7,2024-03-18 12:00:00,116172.8,Credit Card
92196,697,251,7,2024-03-18 12:00:00,67020.4,Cash
92197,132,343,7,2024-03-18 12:00:00,128303.2,Credit Card
92198,657,343,7,2024-03-18 12:00:00,161542.9,Cash
92199,538,251,7,2024-03-18 12:00:00,642617.8999999999,Credit Card
92200,799,322,8,2024-03-18 12:00:00,203170.9,Credit Card
92201,318,322,8,2024-03-18 12:00:00,1107144.6,Credit Card
92202,397,112,8,2024-03-18 12:00:00,206088.4,Credit Card
92203,811,71,8,2024-03-18 12:00:00,69505.5,Cash
92204,670,147,9,2024-03-18 12:00:00,140299.0,Cash
92205,985,147,9,2024-03-18 12:00:00,149091.40000000002,Credit Card
92206,809,147,9,2024-03-18 12:00:00,177237.5,Cash
92207,785,186,9,2024-03-18 12:00:00,949369.4,Cash
92208,534,186,9,2024-03-18 12:00:00,774224.1000000001,Credit Card
92209,707,26,10,2024-03-18 12:00:00,1124876.2,Cash
92210,84,26,10,2024-03-18 12:00:00,215472.3,Credit Card
92211,489,26,10,2024-03-18 12:00:00,64253.7,Cash
92212,700,194,10,2024-03-18 12:00:00,204794.8,Cash
92213,892,194,10,2024-03-18 12:00:00,157876.19999999998,Credit Card
92214,705,194,10,2024-03-18 12:00:00,150341.90000000002,Credit Card
92215,268,194,10,2024-03-18 12:00:00,159968.6,Cash
92216,608,26,10,2024-03-18 12:00:00,600912.9000000001,Cash
93406,672,305,1,2024-03-18 13:00:00,174158.90000000002,Credit Card
93407,868,54,1,2024-03-18 13:00:00,66938.5,Cash
93408,813,54,1,2024-03-18 13:00:00,561800.4999999999,Credit Card
93409,666,305,1,2024-03-18 13:00:00,720351.3,Cash
93410,319,54,1,2024-03-18 13:00:00,375364.6,Cash
93411,845,54,1,2024-03-18 13:00:00,125054.3,Cash
93412,566,305,1,2024-03-18 13:00:00,512414.4,Credit Card
93413,59,305,1,2024-03-18 13:00:00,86585.9,Credit Card
93414,765,448,2,2024-03-18 13:00:00,158554.5,Cash
93415,988,295,2,2024-03-18 13:00:00,96717.7,Credit Card
93416,873,345,2,2024-03-18 13:00:00,126788.8,Credit Card
93417,385,302,2,2024-03-18 13:00:00,653491.3,Cash
93418,872,257,2,2024-03-18 13:00:00,441719.2,Cash
93419,597,91,2,2024-03-18 13:00:00,131041.4,Credit Card
93420,268,295,2,2024-03-18 13:00:00,96162.1,Cash
93421,536,31,3,2024-03-18 13:00:00,136505.5,Credit Card
93422,593,216,3,2024-03-18 13:00:00,445553.1000000001,Cash
93423,740,31,3,2024-03-18 13:00:00,575946.9,Cash
93424,328,69,4,2024-03-18 13:00:00,110847.4,Credit Card
93425,220,46,4,2024-03-18 13:00:00,739617.7,Cash
93426,574,139,4,2024-03-18 13:00:00,149926.8,Cash
93427,739,480,4,2024-03-18 13:00:00,945474.0,Credit Card
93428,928,319,5,2024-03-18 13:00:00,159511.3,Cash
93429,545,146,5,2024-03-18 13:00:00,756102.7,Cash
93430,424,8,5,2024-03-18 13:00:00,118885.2,Credit Card
93431,55,221,5,2024-03-18 13:00:00,367873.7,Credit Card
93432,371,111,6,2024-03-18 13:00:00,123424.8,Cash
93433,911,297,6,2024-03-18 13:00:00,136611.4,Credit Card
93434,995,312,6,2024-03-18 13:00:00,90608.5,Cash
93435,220,481,6,2024-03-18 13:00:00,341493.4,Credit Card
93436,929,275,6,2024-03-18 13:00:00,918699.0,Cash
93437,617,297,6,2024-03-18 13:00:00,830025.6,Credit Card
93438,145,251,7,2024-03-18 13:00:00,197233.6,Credit Card
93439,164,262,7,2024-03-18 13:00:00,131344.09999999998,Cash
93440,115,343,7,2024-03-18 13:00:00,552336.0,Credit Card
93441,725,343,7,2024-03-18 13:00:00,535939.1,Cash
93442,1000,343,7,2024-03-18 13:00:00,183701.0,Credit Card
93443,480,331,7,2024-03-18 13:00:00,131608.9,Cash
93444,672,193,8,2024-03-18 13:00:00,166476.3,Cash
93445,828,332,8,2024-03-18 13:00:00,617269.0,Credit Card
93446,172,112,8,2024-03-18 13:00:00,154109.40000000002,Credit Card
93447,671,11,8,2024-03-18 13:00:00,569504.0,Cash
93448,534,193,8,2024-03-18 13:00:00,569026.5,Credit Card
93449,155,382,8,2024-03-18 13:00:00,703034.1,Cash
93450,713,382,8,2024-03-18 13:00:00,116185.6,Credit Card
93451,554,186,9,2024-03-18 13:00:00,661025.3999999999,Credit Card
93452,408,147,9,2024-03-18 13:00:00,177346.09999999998,Credit Card
93453,927,147,9,2024-03-18 13:00:00,65060.6,Cash
93454,356,147,9,2024-03-18 13:00:00,173585.8,Credit Card
93455,156,186,9,2024-03-18 13:00:00,589378.3,Cash
93456,645,194,10,2024-03-18 13:00:00,1098705.1,Cash
93457,914,26,10,2024-03-18 13:00:00,256837.8,Cash
93458,531,194,10,2024-03-18 13:00:00,527643.0,Credit Card
93459,320,194,10,2024-03-18 13:00:00,123823.3,Credit Card
93460,702,194,10,2024-03-18 13:00:00,209983.1,Cash
93461,930,194,10,2024-03-18 13:00:00,616000.6,Credit Card
93462,588,194,10,2024-03-18 13:00:00,348719.1,Credit Card
93463,851,194,10,2024-03-18 13:00:00,193180.7,Cash
94684,67,54,1,2024-03-18 14:00:00,86754.20000000001,Cash
94685,604,54,1,2024-03-18 14:00:00,106947.1,Credit Card
94686,136,305,1,2024-03-18 14:00:00,147950.6,Cash
94687,415,54,1,2024-03-18 14:00:00,145180.1,Cash
94688,893,54,1,2024-03-18 14:00:00,162610.4,Cash
94689,468,305,1,2024-03-18 14:00:00,141770.3,Credit Card
94690,695,54,1,2024-03-18 14:00:00,121201.1,Credit Card
94691,709,54,1,2024-03-18 14:00:00,722285.5,Cash
94692,633,54,1,2024-03-18 14:00:00,475759.5,Credit Card
94693,865,91,2,2024-03-18 14:00:00,126395.9,Cash
94694,852,257,2,2024-03-18 14:00:00,101862.9,Credit Card
94695,618,91,2,2024-03-18 14:00:00,125523.5,Credit Card
94696,937,302,2,2024-03-18 14:00:00,250673.4,Cash
94697,217,345,2,2024-03-18 14:00:00,157609.4,Cash
94698,525,302,2,2024-03-18 14:00:00,89458.29999999999,Cash
94699,916,302,2,2024-03-18 14:00:00,113734.6,Cash
94700,808,257,2,2024-03-18 14:00:00,654435.0,Credit Card
94701,481,257,2,2024-03-18 14:00:00,658188.8,Cash
94702,709,216,3,2024-03-18 14:00:00,481564.3,Cash
94703,87,376,3,2024-03-18 14:00:00,139996.5,Credit Card
94704,509,376,3,2024-03-18 14:00:00,653499.6,Credit Card
94705,250,31,3,2024-03-18 14:00:00,169413.09999999998,Cash
94706,732,258,3,2024-03-18 14:00:00,428255.9,Credit Card
94707,160,299,3,2024-03-18 14:00:00,184104.0,Cash
94708,395,31,3,2024-03-18 14:00:00,722849.7,Credit Card
94709,921,31,3,2024-03-18 14:00:00,150263.6,Credit Card
94710,918,258,3,2024-03-18 14:00:00,502102.29999999993,Credit Card
94711,303,480,4,2024-03-18 14:00:00,187328.0,Credit Card
94712,374,46,4,2024-03-18 14:00:00,853337.8999999999,Credit Card
94713,580,480,4,2024-03-18 14:00:00,206929.4,Cash
94714,22,319,5,2024-03-18 14:00:00,140980.0,Cash
94715,337,146,5,2024-03-18 14:00:00,228091.2,Credit Card
94716,718,8,5,2024-03-18 14:00:00,465041.29999999993,Credit Card
94717,241,190,5,2024-03-18 14:00:00,142535.0,Credit Card
94718,341,190,5,2024-03-18 14:00:00,156682.0,Credit Card
94719,421,221,5,2024-03-18 14:00:00,413005.4,Credit Card
94720,100,190,5,2024-03-18 14:00:00,156684.7,Cash
94721,195,319,5,2024-03-18 14:00:00,915274.3,Credit Card
94722,321,319,5,2024-03-18 14:00:00,94076.2,Cash
94723,740,312,6,2024-03-18 14:00:00,456769.9,Credit Card
94724,106,205,6,2024-03-18 14:00:00,104098.7,Cash
94725,847,111,6,2024-03-18 14:00:00,828050.8999999999,Cash
94726,807,481,6,2024-03-18 14:00:00,109093.80000000002,Cash
94727,174,58,6,2024-03-18 14:00:00,627924.3,Credit Card
94728,624,13,7,2024-03-18 14:00:00,171311.4,Cash
94729,34,13,7,2024-03-18 14:00:00,289392.4,Cash
94730,235,262,7,2024-03-18 14:00:00,124166.4,Credit Card
94731,955,262,7,2024-03-18 14:00:00,1064010.2,Credit Card
94732,306,262,7,2024-03-18 14:00:00,120724.5,Credit Card
94733,335,322,8,2024-03-18 14:00:00,99334.5,Credit Card
94734,491,193,8,2024-03-18 14:00:00,178399.6,Credit Card
94735,425,322,8,2024-03-18 14:00:00,91722.6,Cash
94736,675,193,8,2024-03-18 14:00:00,199578.0,Cash
94737,277,157,8,2024-03-18 14:00:00,641610.6,Credit Card
94738,327,382,8,2024-03-18 14:00:00,1022121.0,Cash
94739,698,186,9,2024-03-18 14:00:00,483959.6,Credit Card
94740,667,186,9,2024-03-18 14:00:00,137743.0,Cash
94741,761,186,9,2024-03-18 14:00:00,214362.7,Credit Card
94742,378,26,10,2024-03-18 14:00:00,310240.6,Cash
94743,694,194,10,2024-03-18 14:00:00,120092.4,Credit Card
94744,584,194,10,2024-03-18 14:00:00,686066.2,Cash
96009,730,54,1,2024-03-18 15:00:00,68195.29999999999,Credit Card
96010,255,305,1,2024-03-18 15:00:00,168609.1,Credit Card
96011,109,54,1,2024-03-18 15:00:00,112012.2,Credit Card
96012,955,54,1,2024-03-18 15:00:00,551302.6,Cash
96013,553,305,1,2024-03-18 15:00:00,513689.6,Cash
96014,255,54,1,2024-03-18 15:00:00,125715.8,Credit Card
96015,389,54,1,2024-03-18 15:00:00,147333.09999999998,Credit Card
96016,481,54,1,2024-03-18 15:00:00,726400.9,Cash
96017,418,305,1,2024-03-18 15:00:00,564861.2,Cash
96018,631,91,2,2024-03-18 15:00:00,459288.7,Cash
96019,824,202,2,2024-03-18 15:00:00,779388.9000000001,Credit Card
96020,759,448,2,2024-03-18 15:00:00,758317.0,Cash
96021,315,448,2,2024-03-18 15:00:00,487335.5,Cash
96022,15,376,3,2024-03-18 15:00:00,87093.7,Credit Card
96023,135,299,3,2024-03-18 15:00:00,151656.59999999998,Cash
96024,137,258,3,2024-03-18 15:00:00,167943.8,Cash
96025,217,480,4,2024-03-18 15:00:00,153447.9,Cash
96026,612,69,4,2024-03-18 15:00:00,153224.4,Credit Card
96027,511,139,4,2024-03-18 15:00:00,145238.0,Cash
96028,487,139,4,2024-03-18 15:00:00,968524.7,Cash
96029,639,69,4,2024-03-18 15:00:00,153944.69999999998,Cash
96030,249,69,4,2024-03-18 15:00:00,131114.8,Credit Card
96031,948,139,4,2024-03-18 15:00:00,117618.3,Credit Card
96032,979,46,4,2024-03-18 15:00:00,88199.69999999998,Cash
96033,227,69,4,2024-03-18 15:00:00,464480.3999999999,Credit Card
96034,841,221,5,2024-03-18 15:00:00,174204.90000000002,Credit Card
96035,373,472,5,2024-03-18 15:00:00,786229.5,Credit Card
96036,966,319,5,2024-03-18 15:00:00,92113.7,Cash
96037,482,221,5,2024-03-18 15:00:00,685125.3,Credit Card
96038,763,8,5,2024-03-18 15:00:00,169968.0,Cash
96039,243,146,5,2024-03-18 15:00:00,93349.4,Cash
96040,973,472,5,2024-03-18 15:00:00,231858.0,Credit Card
96041,230,58,6,2024-03-18 15:00:00,130723.90000000002,Credit Card
96042,390,481,6,2024-03-18 15:00:00,664426.5,Credit Card
96043,118,312,6,2024-03-18 15:00:00,168429.59999999998,Credit Card
96044,291,58,6,2024-03-18 15:00:00,141147.4,Cash
96045,802,111,6,2024-03-18 15:00:00,71091.7,Credit Card
96046,107,205,6,2024-03-18 15:00:00,100224.2,Credit Card
96047,510,205,6,2024-03-18 15:00:00,187645.5,Cash
96048,72,111,6,2024-03-18 15:00:00,71174.5,Cash
96049,414,262,7,2024-03-18 15:00:00,857092.9,Credit Card
96050,385,251,7,2024-03-18 15:00:00,260865.6,Cash
96051,967,490,7,2024-03-18 15:00:00,144237.9,Credit Card
96052,16,378,7,2024-03-18 15:00:00,137638.2,Credit Card
96053,952,343,7,2024-03-18 15:00:00,155300.0,Credit Card
96054,344,378,7,2024-03-18 15:00:00,500659.9,Credit Card
96055,954,262,7,2024-03-18 15:00:00,808325.4,Cash
96056,769,262,7,2024-03-18 15:00:00,125060.8,Cash
96057,536,331,7,2024-03-18 15:00:00,204022.9,Cash
96058,226,11,8,2024-03-18 15:00:00,419441.1,Cash
96059,926,322,8,2024-03-18 15:00:00,173191.1,Credit Card
96060,176,193,8,2024-03-18 15:00:00,135441.2,Credit Card
96061,955,71,8,2024-03-18 15:00:00,666237.8999999999,Credit Card
96062,182,71,8,2024-03-18 15:00:00,447775.6,Credit Card
96063,817,147,9,2024-03-18 15:00:00,634847.5,Cash
96064,355,186,9,2024-03-18 15:00:00,791334.8999999999,Cash
96065,731,186,9,2024-03-18 15:00:00,128008.8,Credit Card
96066,42,186,9,2024-03-18 15:00:00,130750.6,Credit Card
96067,846,186,9,2024-03-18 15:00:00,77947.2,Cash
96068,358,147,9,2024-03-18 15:00:00,159514.0,Cash
96069,60,147,9,2024-03-18 15:00:00,207817.3,Cash
96070,358,194,10,2024-03-18 15:00:00,150660.1,Cash
96071,966,194,10,2024-03-18 15:00:00,158719.2,Credit Card
96072,822,26,10,2024-03-18 15:00:00,209962.0,Credit Card
96073,202,26,10,2024-03-18 15:00:00,98165.0,Cash
97321,138,54,1,2024-03-18 16:00:00,72054.1,Credit Card
97322,441,305,1,2024-03-18 16:00:00,661304.2,Cash
97323,877,54,1,2024-03-18 16:00:00,164719.80000000002,Cash
97324,178,305,1,2024-03-18 16:00:00,553017.3,Credit Card
97325,505,305,1,2024-03-18 16:00:00,149908.4,Credit Card
97326,487,305,1,2024-03-18 16:00:00,371452.4,Cash
97327,355,54,1,2024-03-18 16:00:00,845442.3,Cash
97328,135,305,1,2024-03-18 16:00:00,128898.3,Credit Card
97329,403,305,1,2024-03-18 16:00:00,160089.1,Cash
97330,450,54,1,2024-03-18 16:00:00,547791.6000000001,Credit Card
97331,722,305,1,2024-03-18 16:00:00,437724.1,Cash
97332,828,302,2,2024-03-18 16:00:00,982482.1,Credit Card
97333,926,91,2,2024-03-18 16:00:00,128931.5,Cash
97334,811,257,2,2024-03-18 16:00:00,199927.60000000003,Credit Card
97335,235,202,2,2024-03-18 16:00:00,140368.1,Credit Card
97336,958,295,2,2024-03-18 16:00:00,610132.0,Cash
97337,387,345,2,2024-03-18 16:00:00,147465.5,Credit Card
97338,501,257,2,2024-03-18 16:00:00,815820.8999999999,Cash
97339,748,345,2,2024-03-18 16:00:00,696260.2999999999,Cash
97340,896,202,2,2024-03-18 16:00:00,1096249.7,Cash
97341,903,202,2,2024-03-18 16:00:00,657360.3,Cash
97342,913,302,2,2024-03-18 16:00:00,689282.5,Credit Card
97343,135,295,2,2024-03-18 16:00:00,147942.30000000002,Credit Card
97344,399,257,2,2024-03-18 16:00:00,76269.9,Cash
97345,48,448,2,2024-03-18 16:00:00,165632.59999999998,Credit Card
97346,937,448,2,2024-03-18 16:00:00,573850.1,Credit Card
97347,821,376,3,2024-03-18 16:00:00,110733.4,Cash
97348,847,299,3,2024-03-18 16:00:00,920696.6,Credit Card
97349,54,376,3,2024-03-18 16:00:00,109823.30000000002,Credit Card
97350,764,258,3,2024-03-18 16:00:00,802304.1,Cash
97351,185,376,3,2024-03-18 16:00:00,105103.30000000002,Cash
97352,172,216,3,2024-03-18 16:00:00,192112.4,Cash
97353,409,31,3,2024-03-18 16:00:00,103919.2,Cash
97354,369,376,3,2024-03-18 16:00:00,87816.0,Cash
97355,223,216,3,2024-03-18 16:00:00,160506.9,Cash
97356,45,31,3,2024-03-18 16:00:00,521506.9,Credit Card
97357,981,299,3,2024-03-18 16:00:00,843914.6000000001,Cash
97358,10,258,3,2024-03-18 16:00:00,683445.2,Cash
97359,436,376,3,2024-03-18 16:00:00,142693.2,Cash
97360,722,31,3,2024-03-18 16:00:00,1028260.4,Cash
97361,71,46,4,2024-03-18 16:00:00,589031.5,Cash
97362,779,480,4,2024-03-18 16:00:00,838899.1000000001,Cash
97363,842,480,4,2024-03-18 16:00:00,129939.9,Cash
97364,328,69,4,2024-03-18 16:00:00,156733.6,Credit Card
97365,572,69,4,2024-03-18 16:00:00,151583.0,Credit Card
97366,440,46,4,2024-03-18 16:00:00,618359.6000000001,Credit Card
97367,931,319,5,2024-03-18 16:00:00,183819.7,Cash
97368,918,319,5,2024-03-18 16:00:00,914287.7,Credit Card
97369,606,472,5,2024-03-18 16:00:00,412875.5,Cash
97370,235,190,5,2024-03-18 16:00:00,88584.29999999999,Credit Card
97371,136,8,5,2024-03-18 16:00:00,66534.6,Cash
97372,624,190,5,2024-03-18 16:00:00,101789.3,Cash
97373,241,312,6,2024-03-18 16:00:00,150490.0,Cash
97374,653,205,6,2024-03-18 16:00:00,77467.0,Credit Card
97375,823,297,6,2024-03-18 16:00:00,738990.8999999999,Cash
97376,147,275,6,2024-03-18 16:00:00,733351.9,Credit Card
97377,91,275,6,2024-03-18 16:00:00,194639.0,Credit Card
97378,103,205,6,2024-03-18 16:00:00,468940.2,Credit Card
97379,899,297,6,2024-03-18 16:00:00,174485.59999999998,Credit Card
97380,934,205,6,2024-03-18 16:00:00,865523.7000000001,Cash
97381,506,205,6,2024-03-18 16:00:00,558827.3999999999,Credit Card
97382,447,205,6,2024-03-18 16:00:00,494605.4,Credit Card
97383,96,343,7,2024-03-18 16:00:00,887621.9,Cash
97384,543,343,7,2024-03-18 16:00:00,480518.1,Cash
97385,312,490,7,2024-03-18 16:00:00,1022356.4,Credit Card
97386,325,378,7,2024-03-18 16:00:00,1005982.2,Credit Card
97387,324,251,7,2024-03-18 16:00:00,141346.2,Cash
97388,615,262,7,2024-03-18 16:00:00,175165.5,Cash
97389,380,331,7,2024-03-18 16:00:00,117139.0,Cash
97390,430,343,7,2024-03-18 16:00:00,158829.4,Cash
97391,951,331,7,2024-03-18 16:00:00,682561.9,Credit Card
97392,411,490,7,2024-03-18 16:00:00,89758.3,Credit Card
97393,372,490,7,2024-03-18 16:00:00,170280.8,Credit Card
97394,349,378,7,2024-03-18 16:00:00,119380.19999999998,Cash
97395,795,262,7,2024-03-18 16:00:00,90444.7,Credit Card
97396,938,262,7,2024-03-18 16:00:00,827512.7,Cash
97397,206,71,8,2024-03-18 16:00:00,167417.6,Credit Card
97398,58,382,8,2024-03-18 16:00:00,143555.3,Cash
97399,465,193,8,2024-03-18 16:00:00,126910.2,Credit Card
97400,138,157,8,2024-03-18 16:00:00,148877.80000000002,Cash
97401,60,332,8,2024-03-18 16:00:00,122983.19999999998,Cash
97402,167,193,8,2024-03-18 16:00:00,970574.4,Cash
97403,255,11,8,2024-03-18 16:00:00,118865.9,Cash
97404,116,193,8,2024-03-18 16:00:00,141383.9,Cash
97405,738,332,8,2024-03-18 16:00:00,769334.8,Credit Card
97406,65,71,8,2024-03-18 16:00:00,1109504.9,Credit Card
97407,750,382,8,2024-03-18 16:00:00,794758.2999999999,Cash
97408,302,147,9,2024-03-18 16:00:00,117963.2,Cash
97409,235,186,9,2024-03-18 16:00:00,159039.2,Cash
97410,315,186,9,2024-03-18 16:00:00,592211.6,Credit Card
97411,502,186,9,2024-03-18 16:00:00,559514.4,Credit Card
97412,655,147,9,2024-03-18 16:00:00,107898.5,Cash
97413,748,186,9,2024-03-18 16:00:00,761019.7,Credit Card
97414,552,147,9,2024-03-18 16:00:00,723935.0,Credit Card
97415,642,147,9,2024-03-18 16:00:00,598150.9,Credit Card
97416,336,186,9,2024-03-18 16:00:00,879732.0,Cash
97417,225,147,9,2024-03-18 16:00:00,744926.3999999999,Credit Card
97418,304,186,9,2024-03-18 16:00:00,796272.5,Cash
97419,1000,26,10,2024-03-18 16:00:00,140824.5,Cash
97420,177,26,10,2024-03-18 16:00:00,157061.0,Credit Card
97421,114,194,10,2024-03-18 16:00:00,536864.8,Cash
97422,794,194,10,2024-03-18 16:00:00,211261.0,Cash
97423,159,26,10,2024-03-18 16:00:00,93572.0,Cash
97424,676,194,10,2024-03-18 16:00:00,92603.1,Credit Card
97425,4,26,10,2024-03-18 16:00:00,124080.0,Credit Card
97426,716,194,10,2024-03-18 16:00:00,141567.90000000002,Cash
99274,188,54,1,2024-03-18 17:00:00,580262.7,Credit Card
99275,321,305,1,2024-03-18 17:00:00,181724.8,Cash
99276,521,54,1,2024-03-18 17:00:00,179566.2,Cash
99277,834,54,1,2024-03-18 17:00:00,112006.8,Credit Card
99278,322,54,1,2024-03-18 17:00:00,76057.4,Cash
99279,287,54,1,2024-03-18 17:00:00,748244.7,Cash
99280,658,305,1,2024-03-18 17:00:00,170693.0,Cash
99281,103,54,1,2024-03-18 17:00:00,510545.8000000001,Credit Card
99282,899,305,1,2024-03-18 17:00:00,117737.0,Credit Card
99283,448,54,1,2024-03-18 17:00:00,685938.8,Credit Card
99284,992,305,1,2024-03-18 17:00:00,810760.3,Cash
99285,460,305,1,2024-03-18 17:00:00,913800.6,Cash
99286,616,257,2,2024-03-18 17:00:00,115562.9,Cash
99287,694,202,2,2024-03-18 17:00:00,99261.80000000002,Credit Card
99288,126,91,2,2024-03-18 17:00:00,126973.7,Cash
99289,140,295,2,2024-03-18 17:00:00,168642.09999999998,Credit Card
99290,760,91,2,2024-03-18 17:00:00,854942.9000000001,Cash
99291,560,302,2,2024-03-18 17:00:00,69714.4,Cash
99292,304,202,2,2024-03-18 17:00:00,1053370.3,Cash
99293,591,302,2,2024-03-18 17:00:00,119161.2,Credit Card
99294,3,257,2,2024-03-18 17:00:00,90067.5,Cash
99295,766,302,2,2024-03-18 17:00:00,142317.8,Cash
99296,780,448,2,2024-03-18 17:00:00,86177.29999999999,Credit Card
99297,142,345,2,2024-03-18 17:00:00,562661.2,Credit Card
99298,895,91,2,2024-03-18 17:00:00,180808.4,Cash
99299,481,257,2,2024-03-18 17:00:00,510028.9,Credit Card
99300,793,299,3,2024-03-18 17:00:00,126329.5,Credit Card
99301,565,258,3,2024-03-18 17:00:00,184211.7,Credit Card
99302,297,376,3,2024-03-18 17:00:00,713612.8,Credit Card
99303,960,376,3,2024-03-18 17:00:00,153806.9,Credit Card
99304,485,376,3,2024-03-18 17:00:00,195693.4,Cash
99305,618,376,3,2024-03-18 17:00:00,225726.6,Credit Card
99306,623,31,3,2024-03-18 17:00:00,148187.1,Cash
99307,529,299,3,2024-03-18 17:00:00,646749.2000000001,Cash
99308,426,216,3,2024-03-18 17:00:00,83186.2,Credit Card
99309,134,31,3,2024-03-18 17:00:00,614377.2,Cash
99310,137,299,3,2024-03-18 17:00:00,105989.4,Credit Card
99311,244,216,3,2024-03-18 17:00:00,130399.0,Cash
99312,327,376,3,2024-03-18 17:00:00,410766.2,Credit Card
99313,219,480,4,2024-03-18 17:00:00,1103900.7,Credit Card
99314,100,480,4,2024-03-18 17:00:00,69000.4,Cash
99315,753,139,4,2024-03-18 17:00:00,818395.8,Credit Card
99316,204,46,4,2024-03-18 17:00:00,120258.9,Cash
99317,19,139,4,2024-03-18 17:00:00,104139.1,Credit Card
99318,719,46,4,2024-03-18 17:00:00,104644.2,Credit Card
99319,856,69,4,2024-03-18 17:00:00,570529.2,Credit Card
99320,125,46,4,2024-03-18 17:00:00,787197.2999999999,Credit Card
99321,106,69,4,2024-03-18 17:00:00,182576.8,Credit Card
99322,942,46,4,2024-03-18 17:00:00,140826.3,Cash
99323,58,69,4,2024-03-18 17:00:00,75491.5,Credit Card
99324,835,139,4,2024-03-18 17:00:00,230189.9,Credit Card
99325,911,139,4,2024-03-18 17:00:00,178249.7,Cash
99326,941,46,4,2024-03-18 17:00:00,97852.2,Cash
99327,837,480,4,2024-03-18 17:00:00,67670.90000000001,Cash
99328,647,221,5,2024-03-18 17:00:00,163897.2,Credit Card
99329,422,8,5,2024-03-18 17:00:00,202394.3,Cash
99330,124,472,5,2024-03-18 17:00:00,1028600.2,Cash
99331,532,8,5,2024-03-18 17:00:00,1217001.1,Cash
99332,700,472,5,2024-03-18 17:00:00,133409.6,Cash
99333,153,146,5,2024-03-18 17:00:00,240796.8,Cash
99334,285,319,5,2024-03-18 17:00:00,147914.5,Credit Card
99335,134,161,6,2024-03-18 17:00:00,672885.7999999999,Cash
99336,611,205,6,2024-03-18 17:00:00,109206.9,Credit Card
99337,840,205,6,2024-03-18 17:00:00,867662.3,Credit Card
99338,645,481,6,2024-03-18 17:00:00,429995.3999999999,Cash
99339,107,275,6,2024-03-18 17:00:00,160203.3,Credit Card
99340,583,481,6,2024-03-18 17:00:00,133115.2,Credit Card
99341,453,161,6,2024-03-18 17:00:00,74986.4,Cash
99342,13,58,6,2024-03-18 17:00:00,883010.2000000001,Cash
99343,437,275,6,2024-03-18 17:00:00,855000.2,Cash
99344,407,161,6,2024-03-18 17:00:00,126155.8,Credit Card
99345,946,205,6,2024-03-18 17:00:00,211732.2,Credit Card
99346,609,275,6,2024-03-18 17:00:00,126234.80000000002,Credit Card
99347,54,111,6,2024-03-18 17:00:00,109703.7,Cash
99348,296,297,6,2024-03-18 17:00:00,104171.4,Credit Card
99349,89,343,7,2024-03-18 17:00:00,486723.9,Credit Card
99350,378,378,7,2024-03-18 17:00:00,1193762.8,Cash
99351,164,331,7,2024-03-18 17:00:00,119003.0,Cash
99352,787,262,7,2024-03-18 17:00:00,328684.1,Cash
99353,37,378,7,2024-03-18 17:00:00,990408.4,Cash
99354,910,13,7,2024-03-18 17:00:00,59634.9,Cash
99355,980,343,7,2024-03-18 17:00:00,211932.8,Cash
99356,587,251,7,2024-03-18 17:00:00,119844.0,Cash
99357,77,251,7,2024-03-18 17:00:00,157764.9,Cash
99358,784,378,7,2024-03-18 17:00:00,584618.0,Cash
99359,670,262,7,2024-03-18 17:00:00,188289.5,Cash
99360,760,193,8,2024-03-18 17:00:00,1173544.9,Credit Card
99361,151,332,8,2024-03-18 17:00:00,120303.1,Credit Card
99362,799,112,8,2024-03-18 17:00:00,224095.3,Cash
99363,847,157,8,2024-03-18 17:00:00,849147.7,Credit Card
99364,109,157,8,2024-03-18 17:00:00,104609.2,Credit Card
99365,195,112,8,2024-03-18 17:00:00,890204.7000000001,Cash
99366,381,193,8,2024-03-18 17:00:00,121809.2,Credit Card
99367,19,11,8,2024-03-18 17:00:00,103794.0,Credit Card
99368,606,322,8,2024-03-18 17:00:00,361903.3,Cash
99369,549,193,8,2024-03-18 17:00:00,160798.6,Credit Card
99370,424,322,8,2024-03-18 17:00:00,129272.8,Credit Card
99371,700,147,9,2024-03-18 17:00:00,137248.2,Credit Card
99372,135,186,9,2024-03-18 17:00:00,173527.69999999998,Credit Card
99373,237,147,9,2024-03-18 17:00:00,144134.9,Cash
99374,789,186,9,2024-03-18 17:00:00,194527.7,Cash
99375,872,186,9,2024-03-18 17:00:00,495876.0,Cash
99376,801,186,9,2024-03-18 17:00:00,674354.4,Cash
99377,737,147,9,2024-03-18 17:00:00,128805.4,Cash
99378,210,147,9,2024-03-18 17:00:00,164273.7,Cash
99379,833,186,9,2024-03-18 17:00:00,414300.29999999993,Credit Card
99380,276,26,10,2024-03-18 17:00:00,78917.0,Cash
99381,644,26,10,2024-03-18 17:00:00,380462.6,Cash
99382,513,26,10,2024-03-18 17:00:00,141093.1,Cash
99383,748,194,10,2024-03-18 17:00:00,787445.4,Cash
99384,869,194,10,2024-03-18 17:00:00,778964.1000000001,Cash
99385,846,194,10,2024-03-18 17:00:00,92065.9,Credit Card
99386,494,26,10,2024-03-18 17:00:00,155057.2,Credit Card
99387,981,26,10,2024-03-18 17:00:00,916789.5,Credit Card
99388,615,194,10,2024-03-18 17:00:00,184641.4,Cash
99389,901,194,10,2024-03-18 17:00:00,224270.1,Cash
99390,379,26,10,2024-03-18 17:00:00,168421.3,Cash
101209,429,54,1,2024-03-18 18:00:00,139005.6,Cash
101210,999,54,1,2024-03-18 18:00:00,783940.3999999999,Credit Card
101211,750,54,1,2024-03-18 18:00:00,948227.8,Credit Card
101212,155,54,1,2024-03-18 18:00:00,535811.2,Credit Card
101213,503,54,1,2024-03-18 18:00:00,484282.6,Cash
101214,772,91,2,2024-03-18 18:00:00,145430.3,Credit Card
101215,715,257,2,2024-03-18 18:00:00,119105.1,Credit Card
101216,425,295,2,2024-03-18 18:00:00,114597.6,Credit Card
101217,496,91,2,2024-03-18 18:00:00,80483.9,Cash
101218,301,202,2,2024-03-18 18:00:00,147722.4,Cash
101219,44,202,2,2024-03-18 18:00:00,854298.2999999999,Credit Card
101220,538,302,2,2024-03-18 18:00:00,485802.1,Cash
101221,519,295,2,2024-03-18 18:00:00,219760.8,Credit Card
101222,355,295,2,2024-03-18 18:00:00,541939.5,Credit Card
101223,944,202,2,2024-03-18 18:00:00,172780.7,Cash
101224,511,91,2,2024-03-18 18:00:00,205307.3,Credit Card
101225,855,257,2,2024-03-18 18:00:00,87277.7,Cash
101226,635,257,2,2024-03-18 18:00:00,179024.3,Credit Card
101227,813,448,2,2024-03-18 18:00:00,550965.8,Credit Card
101228,352,31,3,2024-03-18 18:00:00,728500.5000000001,Credit Card
101229,377,376,3,2024-03-18 18:00:00,696818.8,Cash
101230,363,216,3,2024-03-18 18:00:00,325359.1,Credit Card
101231,533,376,3,2024-03-18 18:00:00,919837.8,Cash
101232,287,216,3,2024-03-18 18:00:00,273340.7,Cash
101233,393,31,3,2024-03-18 18:00:00,1133442.7,Cash
101234,541,258,3,2024-03-18 18:00:00,143350.0,Cash
101235,449,299,3,2024-03-18 18:00:00,143258.9,Credit Card
101236,167,258,3,2024-03-18 18:00:00,628318.8999999999,Cash
101237,781,31,3,2024-03-18 18:00:00,183976.1,Credit Card
101238,593,376,3,2024-03-18 18:00:00,504977.1,Credit Card
101239,271,69,4,2024-03-18 18:00:00,755265.3999999999,Credit Card
101240,914,480,4,2024-03-18 18:00:00,1091818.1,Cash
101241,326,139,4,2024-03-18 18:00:00,989748.6,Credit Card
101242,48,480,4,2024-03-18 18:00:00,137941.1,Cash
101243,547,480,4,2024-03-18 18:00:00,84399.7,Credit Card
101244,368,480,4,2024-03-18 18:00:00,746808.3,Credit Card
101245,476,480,4,2024-03-18 18:00:00,208138.4,Credit Card
101246,73,221,5,2024-03-18 18:00:00,172248.0,Cash
101247,115,146,5,2024-03-18 18:00:00,960277.0,Cash
101248,59,221,5,2024-03-18 18:00:00,152565.6,Credit Card
101249,156,146,5,2024-03-18 18:00:00,826540.2,Cash
101250,981,221,5,2024-03-18 18:00:00,459275.4,Credit Card
101251,258,190,5,2024-03-18 18:00:00,118291.69999999998,Credit Card
101252,674,221,5,2024-03-18 18:00:00,134399.59999999998,Cash
101253,157,472,5,2024-03-18 18:00:00,1103061.3,Cash
101254,841,8,5,2024-03-18 18:00:00,120194.5,Cash
101255,953,319,5,2024-03-18 18:00:00,220438.9,Credit Card
101256,181,472,5,2024-03-18 18:00:00,510931.4,Cash
101257,293,205,6,2024-03-18 18:00:00,741418.6000000001,Credit Card
101258,942,312,6,2024-03-18 18:00:00,117744.2,Credit Card
101259,426,161,6,2024-03-18 18:00:00,147157.4,Credit Card
101260,751,481,6,2024-03-18 18:00:00,180791.8,Cash
101261,185,275,6,2024-03-18 18:00:00,185701.4,Cash
101262,123,161,6,2024-03-18 18:00:00,145402.7,Credit Card
101263,654,205,6,2024-03-18 18:00:00,181928.1,Credit Card
101264,314,111,6,2024-03-18 18:00:00,188262.8,Credit Card
101265,689,275,6,2024-03-18 18:00:00,189995.3,Credit Card
101266,844,481,6,2024-03-18 18:00:00,77669.4,Cash
101267,285,58,6,2024-03-18 18:00:00,145010.0,Cash
101268,199,111,6,2024-03-18 18:00:00,128396.1,Cash
101269,482,161,6,2024-03-18 18:00:00,678895.8999999999,Cash
101270,270,161,6,2024-03-18 18:00:00,111832.9,Cash
101271,776,205,6,2024-03-18 18:00:00,152715.7,Credit Card
101272,576,331,7,2024-03-18 18:00:00,765630.3,Credit Card
101273,269,13,7,2024-03-18 18:00:00,120006.7,Cash
101274,458,251,7,2024-03-18 18:00:00,73282.4,Credit Card
101275,921,331,7,2024-03-18 18:00:00,137595.8,Cash
101276,449,331,7,2024-03-18 18:00:00,158153.3,Credit Card
101277,210,343,7,2024-03-18 18:00:00,175141.5,Credit Card
101278,340,262,7,2024-03-18 18:00:00,873868.8,Cash
101279,909,11,8,2024-03-18 18:00:00,178262.5,Credit Card
101280,338,382,8,2024-03-18 18:00:00,865467.6,Cash
101281,946,332,8,2024-03-18 18:00:00,95611.9,Cash
101282,115,11,8,2024-03-18 18:00:00,706501.3999999999,Credit Card
101283,458,193,8,2024-03-18 18:00:00,118833.6,Credit Card
101284,572,322,8,2024-03-18 18:00:00,108374.2,Cash
101285,582,11,8,2024-03-18 18:00:00,171694.9,Credit Card
101286,159,322,8,2024-03-18 18:00:00,108975.09999999998,Cash
101287,99,382,8,2024-03-18 18:00:00,206609.2,Credit Card
101288,973,147,9,2024-03-18 18:00:00,173341.9,Cash
101289,258,147,9,2024-03-18 18:00:00,69432.8,Cash
101290,183,147,9,2024-03-18 18:00:00,251757.2,Credit Card
101291,331,147,9,2024-03-18 18:00:00,173462.4,Cash
101292,913,147,9,2024-03-18 18:00:00,823705.1,Cash
101293,222,186,9,2024-03-18 18:00:00,908039.3,Cash
101294,421,186,9,2024-03-18 18:00:00,802803.1,Cash
101295,994,186,9,2024-03-18 18:00:00,1052802.4,Cash
101296,104,147,9,2024-03-18 18:00:00,148729.7,Cash
101297,925,147,9,2024-03-18 18:00:00,826190.8,Cash
101298,122,147,9,2024-03-18 18:00:00,167986.2,Credit Card
101299,193,194,10,2024-03-18 18:00:00,189995.3,Credit Card
101300,894,26,10,2024-03-18 18:00:00,79547.29999999999,Cash
101301,187,194,10,2024-03-18 18:00:00,115181.0,Credit Card
101302,856,26,10,2024-03-18 18:00:00,878568.1,Cash
101303,290,26,10,2024-03-18 18:00:00,192570.6,Cash
103133,318,54,1,2024-03-18 19:00:00,501618.3000000001,Credit Card
103134,466,54,1,2024-03-18 19:00:00,601610.0,Credit Card
103135,380,305,1,2024-03-18 19:00:00,138694.6,Cash
103136,60,54,1,2024-03-18 19:00:00,170594.5,Credit Card
103137,57,54,1,2024-03-18 19:00:00,131615.4,Cash
103138,33,305,1,2024-03-18 19:00:00,68918.5,Credit Card
103139,972,305,1,2024-03-18 19:00:00,143804.6,Credit Card
103140,692,54,1,2024-03-18 19:00:00,136086.1,Cash
103141,412,202,2,2024-03-18 19:00:00,77771.5,Credit Card
103142,836,202,2,2024-03-18 19:00:00,58974.3,Cash
103143,276,295,2,2024-03-18 19:00:00,85395.3,Cash
103144,171,257,2,2024-03-18 19:00:00,572335.2000000001,Cash
103145,814,258,3,2024-03-18 19:00:00,551280.0,Cash
103146,456,31,3,2024-03-18 19:00:00,726272.0,Credit Card
103147,691,31,3,2024-03-18 19:00:00,141721.6,Credit Card
103148,525,299,3,2024-03-18 19:00:00,211429.5,Credit Card
103149,847,376,3,2024-03-18 19:00:00,552250.3,Cash
103150,649,69,4,2024-03-18 19:00:00,118110.6,Credit Card
103151,392,69,4,2024-03-18 19:00:00,91152.2,Credit Card
103152,221,480,4,2024-03-18 19:00:00,1061221.7,Cash
103153,939,480,4,2024-03-18 19:00:00,836839.3,Cash
103154,16,139,4,2024-03-18 19:00:00,138960.5,Cash
103155,731,472,5,2024-03-18 19:00:00,113318.8,Credit Card
103156,497,190,5,2024-03-18 19:00:00,129632.7,Credit Card
103157,624,146,5,2024-03-18 19:00:00,140369.9,Cash
103158,891,221,5,2024-03-18 19:00:00,793942.4999999999,Credit Card
103159,830,297,6,2024-03-18 19:00:00,89430.70000000001,Credit Card
103160,79,58,6,2024-03-18 19:00:00,133298.3,Cash
103161,926,58,6,2024-03-18 19:00:00,67681.0,Cash
103162,84,58,6,2024-03-18 19:00:00,123946.7,Cash
103163,86,205,6,2024-03-18 19:00:00,670986.0,Credit Card
103164,726,343,7,2024-03-18 19:00:00,165737.4,Credit Card
103165,558,262,7,2024-03-18 19:00:00,115253.69999999998,Cash
103166,715,13,7,2024-03-18 19:00:00,89041.6,Cash
103167,837,332,8,2024-03-18 19:00:00,121395.2,Cash
103168,146,332,8,2024-03-18 19:00:00,198333.1,Cash
103169,33,332,8,2024-03-18 19:00:00,165127.5,Cash
103170,506,332,8,2024-03-18 19:00:00,778678.8999999999,Cash
103171,449,322,8,2024-03-18 19:00:00,150795.4,Cash
103172,170,322,8,2024-03-18 19:00:00,174453.3,Credit Card
103173,699,147,9,2024-03-18 19:00:00,1090687.9,Cash
103174,438,147,9,2024-03-18 19:00:00,153377.2,Cash
103175,67,186,9,2024-03-18 19:00:00,130326.3,Credit Card
103176,862,147,9,2024-03-18 19:00:00,541243.6,Credit Card
103177,215,186,9,2024-03-18 19:00:00,148118.90000000002,Credit Card
103178,428,194,10,2024-03-18 19:00:00,154685.6,Credit Card
103179,948,26,10,2024-03-18 19:00:00,136956.5,Cash
103180,172,194,10,2024-03-18 19:00:00,198295.4,Credit Card
103181,981,26,10,2024-03-18 19:00:00,705045.7,Cash
104074,941,54,1,2024-03-18 20:00:00,131772.9,Cash
104075,515,54,1,2024-03-18 20:00:00,151847.09999999998,Credit Card
104076,407,305,1,2024-03-18 20:00:00,70001.4,Cash
104077,674,305,1,2024-03-18 20:00:00,200349.9,Credit Card
104078,140,295,2,2024-03-18 20:00:00,143717.09999999998,Cash
104079,965,345,2,2024-03-18 20:00:00,110545.6,Credit Card
104080,618,302,2,2024-03-18 20:00:00,168647.7,Credit Card
104081,469,216,3,2024-03-18 20:00:00,680906.7,Credit Card
104082,44,376,3,2024-03-18 20:00:00,998343.7,Cash
104083,483,216,3,2024-03-18 20:00:00,426843.6,Cash
104084,565,299,3,2024-03-18 20:00:00,154726.0,Cash
104085,419,216,3,2024-03-18 20:00:00,369111.7,Credit Card
104086,334,139,4,2024-03-18 20:00:00,460615.9,Credit Card
104087,718,46,4,2024-03-18 20:00:00,819553.5,Credit Card
104088,93,139,4,2024-03-18 20:00:00,120072.2,Credit Card
104089,631,480,4,2024-03-18 20:00:00,831966.5,Credit Card
104090,995,480,4,2024-03-18 20:00:00,205426.9,Cash
104091,624,139,4,2024-03-18 20:00:00,124801.4,Credit Card
104092,147,69,4,2024-03-18 20:00:00,676211.3,Credit Card
104093,751,146,5,2024-03-18 20:00:00,149211.9,Cash
104094,567,221,5,2024-03-18 20:00:00,164768.7,Credit Card
104095,3,221,5,2024-03-18 20:00:00,166031.8,Cash
104096,41,190,5,2024-03-18 20:00:00,111501.5,Cash
104097,347,472,5,2024-03-18 20:00:00,631182.8999999999,Cash
104098,951,275,6,2024-03-18 20:00:00,885624.4,Cash
104099,785,111,6,2024-03-18 20:00:00,351825.6,Cash
104100,602,481,6,2024-03-18 20:00:00,1093388.4,Cash
104101,880,111,6,2024-03-18 20:00:00,639384.5,Credit Card
104102,797,205,6,2024-03-18 20:00:00,403323.2,Cash
104103,574,312,6,2024-03-18 20:00:00,176732.40000000002,Credit Card
104104,831,251,7,2024-03-18 20:00:00,757831.2,Cash
104105,593,490,7,2024-03-18 20:00:00,197185.7,Credit Card
104106,54,262,7,2024-03-18 20:00:00,151378.59999999998,Cash
104107,90,378,7,2024-03-18 20:00:00,102938.4,Credit Card
104108,477,490,7,2024-03-18 20:00:00,763256.9,Credit Card
104109,906,71,8,2024-03-18 20:00:00,832257.8999999999,Credit Card
104110,355,322,8,2024-03-18 20:00:00,996033.7,Cash
104111,718,71,8,2024-03-18 20:00:00,837414.5,Cash
104112,216,147,9,2024-03-18 20:00:00,117967.0,Credit Card
104113,369,186,9,2024-03-18 20:00:00,74938.6,Cash
104114,854,186,9,2024-03-18 20:00:00,118476.8,Credit Card
104115,931,147,9,2024-03-18 20:00:00,116583.2,Cash
104116,289,147,9,2024-03-18 20:00:00,759530.9,Credit Card
104117,753,186,9,2024-03-18 20:00:00,635692.8,Cash
104118,433,147,9,2024-03-18 20:00:00,554373.4,Credit Card
104119,390,186,9,2024-03-18 20:00:00,588275.9,Cash
104120,722,26,10,2024-03-18 20:00:00,833774.4,Cash
104121,504,26,10,2024-03-18 20:00:00,1150357.6,Cash
104122,407,194,10,2024-03-18 20:00:00,171072.9,Credit Card
104123,273,26,10,2024-03-18 20:00:00,973617.1,Credit Card
104124,572,26,10,2024-03-18 20:00:00,170537.5,Credit Card
105045,227,54,1,2024-03-18 21:00:00,975550.2,Credit Card
105046,792,305,1,2024-03-18 21:00:00,715941.3999999999,Cash
105047,778,54,1,2024-03-18 21:00:00,162297.3,Cash
105048,265,305,1,2024-03-18 21:00:00,679282.7,Credit Card
105049,228,54,1,2024-03-18 21:00:00,77734.7,Credit Card
105050,339,54,1,2024-03-18 21:00:00,181675.0,Cash
105051,601,305,1,2024-03-18 21:00:00,83738.20000000001,Cash
105052,509,305,1,2024-03-18 21:00:00,585299.5,Cash
105053,472,257,2,2024-03-18 21:00:00,445277.4,Credit Card
105054,178,257,2,2024-03-18 21:00:00,633485.7,Credit Card
105055,162,91,2,2024-03-18 21:00:00,61522.9,Credit Card
105056,589,202,2,2024-03-18 21:00:00,1061821.2,Credit Card
105057,918,91,2,2024-03-18 21:00:00,715619.7999999999,Credit Card
105058,615,299,3,2024-03-18 21:00:00,152018.3,Cash
105059,454,216,3,2024-03-18 21:00:00,828061.3,Credit Card
105060,316,376,3,2024-03-18 21:00:00,172916.0,Cash
105061,197,258,3,2024-03-18 21:00:00,1076786.9,Credit Card
105062,535,376,3,2024-03-18 21:00:00,152382.5,Cash
105063,901,258,3,2024-03-18 21:00:00,105272.7,Cash
105064,350,376,3,2024-03-18 21:00:00,742746.9,Credit Card
105065,22,69,4,2024-03-18 21:00:00,125078.30000000002,Cash
105066,306,480,4,2024-03-18 21:00:00,106238.7,Cash
105067,955,46,4,2024-03-18 21:00:00,593885.7000000001,Cash
105068,508,69,4,2024-03-18 21:00:00,520515.5,Cash
105069,275,46,4,2024-03-18 21:00:00,843552.8,Cash
105070,376,221,5,2024-03-18 21:00:00,184601.9,Credit Card
105071,4,190,5,2024-03-18 21:00:00,173795.6,Cash
105072,3,221,5,2024-03-18 21:00:00,136074.0,Credit Card
105073,792,221,5,2024-03-18 21:00:00,831191.2999999999,Cash
105074,977,319,5,2024-03-18 21:00:00,595823.2000000001,Cash
105075,845,190,5,2024-03-18 21:00:00,78201.2,Cash
105076,88,312,6,2024-03-18 21:00:00,115341.0,Credit Card
105077,864,312,6,2024-03-18 21:00:00,135834.1,Credit Card
105078,568,58,6,2024-03-18 21:00:00,1178423.9,Cash
105079,339,161,6,2024-03-18 21:00:00,171795.2,Cash
105080,42,161,6,2024-03-18 21:00:00,161653.3,Cash
105081,749,161,6,2024-03-18 21:00:00,956217.9,Credit Card
105082,105,343,7,2024-03-18 21:00:00,420313.0,Credit Card
105083,107,13,7,2024-03-18 21:00:00,210156.1,Cash
105084,403,251,7,2024-03-18 21:00:00,197493.0,Credit Card
105085,333,262,7,2024-03-18 21:00:00,172761.4,Cash
105086,241,193,8,2024-03-18 21:00:00,149592.69999999998,Credit Card
105087,49,193,8,2024-03-18 21:00:00,597242.6000000001,Credit Card
105088,173,382,8,2024-03-18 21:00:00,138060.5,Cash
105089,854,382,8,2024-03-18 21:00:00,155939.5,Credit Card
105090,776,11,8,2024-03-18 21:00:00,137712.0,Credit Card
105091,63,11,8,2024-03-18 21:00:00,629092.0,Credit Card
105092,252,112,8,2024-03-18 21:00:00,90013.20000000001,Cash
105093,20,112,8,2024-03-18 21:00:00,1107299.7,Credit Card
105094,635,186,9,2024-03-18 21:00:00,201622.4,Credit Card
105095,291,147,9,2024-03-18 21:00:00,79942.9,Credit Card
105096,809,147,9,2024-03-18 21:00:00,214335.1,Credit Card
105097,202,147,9,2024-03-18 21:00:00,159904.2,Cash
105098,286,147,9,2024-03-18 21:00:00,208816.5,Credit Card
105099,635,147,9,2024-03-18 21:00:00,90345.3,Credit Card
105100,215,147,9,2024-03-18 21:00:00,88346.0,Cash
105101,542,186,9,2024-03-18 21:00:00,931975.3,Credit Card
105102,222,194,10,2024-03-18 21:00:00,742556.5,Credit Card
105103,234,194,10,2024-03-18 21:00:00,125507.1,Cash
105104,691,194,10,2024-03-18 21:00:00,92483.5,Cash
105105,835,194,10,2024-03-18 21:00:00,123022.7,Credit Card
105106,231,26,10,2024-03-18 21:00:00,133667.2,Cash
105992,856,305,1,2024-03-18 22:00:00,747916.9000000001,Credit Card
105993,600,54,1,2024-03-18 22:00:00,753237.1,Cash
105994,996,305,1,2024-03-18 22:00:00,128353.7,Cash
105995,148,305,1,2024-03-18 22:00:00,116498.6,Cash
105996,83,91,2,2024-03-18 22:00:00,799860.0,Credit Card
105997,327,91,2,2024-03-18 22:00:00,525782.3,Credit Card
105998,244,91,2,2024-03-18 22:00:00,219954.0,Credit Card
105999,550,257,2,2024-03-18 22:00:00,609152.4,Credit Card
106000,284,258,3,2024-03-18 22:00:00,236585.3,Cash
106001,684,31,3,2024-03-18 22:00:00,164721.80000000002,Credit Card
106002,511,31,3,2024-03-18 22:00:00,142360.2,Credit Card
106003,546,258,3,2024-03-18 22:00:00,595244.4,Credit Card
106004,87,376,3,2024-03-18 22:00:00,94882.19999999998,Cash
106005,870,139,4,2024-03-18 22:00:00,123482.9,Cash
106006,855,139,4,2024-03-18 22:00:00,158337.3,Cash
106007,796,69,4,2024-03-18 22:00:00,943027.2,Credit Card
106008,688,146,5,2024-03-18 22:00:00,102712.9,Credit Card
106009,345,472,5,2024-03-18 22:00:00,484157.9,Cash
106010,16,146,5,2024-03-18 22:00:00,137117.4,Cash
106011,41,319,5,2024-03-18 22:00:00,157987.7,Credit Card
106012,794,472,5,2024-03-18 22:00:00,522565.79999999993,Cash
106013,633,319,5,2024-03-18 22:00:00,686014.3,Credit Card
106014,727,190,5,2024-03-18 22:00:00,203610.7,Cash
106015,658,8,5,2024-03-18 22:00:00,116882.1,Credit Card
106016,291,297,6,2024-03-18 22:00:00,172868.0,Cash
106017,78,205,6,2024-03-18 22:00:00,137338.4,Credit Card
106018,174,111,6,2024-03-18 22:00:00,633477.1,Credit Card
106019,379,111,6,2024-03-18 22:00:00,188958.4,Cash
106020,283,161,6,2024-03-18 22:00:00,433518.4,Credit Card
106021,721,312,6,2024-03-18 22:00:00,134616.8,Credit Card
106022,658,481,6,2024-03-18 22:00:00,163452.90000000002,Cash
106023,657,161,6,2024-03-18 22:00:00,155560.5,Credit Card
106024,970,331,7,2024-03-18 22:00:00,754062.2000000001,Credit Card
106025,696,251,7,2024-03-18 22:00:00,683897.0,Cash
106026,628,262,7,2024-03-18 22:00:00,128069.40000000002,Credit Card
106027,248,343,7,2024-03-18 22:00:00,577859.2,Credit Card
106028,335,11,8,2024-03-18 22:00:00,160927.2,Cash
106029,839,193,8,2024-03-18 22:00:00,572744.7999999999,Credit Card
106030,262,382,8,2024-03-18 22:00:00,726092.2,Credit Card
106031,8,332,8,2024-03-18 22:00:00,644085.4,Credit Card
106032,662,186,9,2024-03-18 22:00:00,527594.7,Cash
106033,688,147,9,2024-03-18 22:00:00,166294.1,Credit Card
106034,439,186,9,2024-03-18 22:00:00,337187.70000000007,Cash
106035,697,147,9,2024-03-18 22:00:00,154896.3,Credit Card
106036,293,186,9,2024-03-18 22:00:00,690522.7000000001,Credit Card
106037,235,26,10,2024-03-18 22:00:00,163999.5,Credit Card
106038,424,194,10,2024-03-18 22:00:00,153609.0,Credit Card
106039,897,194,10,2024-03-18 22:00:00,717183.8,Cash
106921,725,54,1,2024-03-18 23:00:00,949357.4,Credit Card
106922,256,302,2,2024-03-18 23:00:00,107369.6,Credit Card
106923,891,295,2,2024-03-18 23:00:00,468040.0,Cash
106924,466,299,3,2024-03-18 23:00:00,431461.5999999999,Cash
106925,485,31,3,2024-03-18 23:00:00,92214.9,Cash
106926,869,139,4,2024-03-18 23:00:00,888213.5,Credit Card
106927,585,69,4,2024-03-18 23:00:00,171039.9,Cash
106928,491,8,5,2024-03-18 23:00:00,188908.8,Credit Card
106929,406,221,5,2024-03-18 23:00:00,803679.4000000001,Cash
106930,303,146,5,2024-03-18 23:00:00,114533.2,Cash
106931,118,205,6,2024-03-18 23:00:00,195967.60000000003,Cash
106932,668,111,6,2024-03-18 23:00:00,715120.1,Cash
106933,507,58,6,2024-03-18 23:00:00,141086.8,Credit Card
106934,908,331,7,2024-03-18 23:00:00,585088.9,Credit Card
106935,27,322,8,2024-03-18 23:00:00,824935.7,Credit Card
106936,488,147,9,2024-03-18 23:00:00,110083.8,Cash
106937,77,194,10,2024-03-18 23:00:00,155371.8,Credit Card
106938,350,26,10,2024-03-18 23:00:00,565363.1,Credit Card
106939,750,194,10,2024-03-18 23:00:00,508804.5,Credit Card
107217,612,305,1,2024-03-19 00:00:00,143889.40000000002,Cash
107218,106,54,1,2024-03-19 00:00:00,159755.0,Cash
107219,888,54,1,2024-03-19 00:00:00,113845.9,Credit Card
107220,929,257,2,2024-03-19 00:00:00,554816.0,Cash
107221,81,257,2,2024-03-19 00:00:00,409654.5,Cash
107222,906,345,2,2024-03-19 00:00:00,832508.5,Cash
107223,226,216,3,2024-03-19 00:00:00,864625.5,Credit Card
107224,353,258,3,2024-03-19 00:00:00,110574.1,Cash
107225,861,69,4,2024-03-19 00:00:00,220091.1,Cash
107226,231,46,4,2024-03-19 00:00:00,136815.6,Credit Card
107227,884,221,5,2024-03-19 00:00:00,521467.1,Cash
107228,189,472,5,2024-03-19 00:00:00,520825.8,Cash
107229,699,111,6,2024-03-19 00:00:00,581896.0,Cash
107230,319,382,8,2024-03-19 00:00:00,666971.8,Cash
107231,819,322,8,2024-03-19 00:00:00,142743.0,Cash
107232,282,382,8,2024-03-19 00:00:00,131529.0,Cash
107233,893,147,9,2024-03-19 00:00:00,794045.7999999999,Credit Card
107234,173,147,9,2024-03-19 00:00:00,176219.0,Cash
107235,287,26,10,2024-03-19 00:00:00,566778.6000000001,Cash
107236,367,26,10,2024-03-19 00:00:00,173977.6,Cash
107237,885,194,10,2024-03-19 00:00:00,139029.4,Cash
107531,279,305,1,2024-03-19 01:00:00,181580.3,Credit Card
107532,813,305,1,2024-03-19 01:00:00,178542.3,Credit Card
107533,700,295,2,2024-03-19 01:00:00,143806.6,Cash
107534,185,257,2,2024-03-19 01:00:00,156213.7,Credit Card
107535,503,91,2,2024-03-19 01:00:00,710754.0,Cash
107536,735,31,3,2024-03-19 01:00:00,276610.80000000005,Cash
107537,946,216,3,2024-03-19 01:00:00,61944.3,Cash
107538,102,8,5,2024-03-19 01:00:00,127059.2,Credit Card
107539,459,382,8,2024-03-19 01:00:00,458160.5,Credit Card
107540,332,11,8,2024-03-19 01:00:00,629871.0,Cash
107541,778,186,9,2024-03-19 01:00:00,146717.59999999998,Credit Card
107542,884,147,9,2024-03-19 01:00:00,452972.5,Cash
107543,239,147,9,2024-03-19 01:00:00,760861.6000000001,Cash
107544,113,26,10,2024-03-19 01:00:00,972992.7,Cash
107545,57,194,10,2024-03-19 01:00:00,91178.0,Credit Card
107812,45,54,1,2024-03-19 02:00:00,627343.4,Credit Card
107813,301,54,1,2024-03-19 02:00:00,147593.59999999998,Cash
107814,746,345,2,2024-03-19 02:00:00,207058.2,Credit Card
107815,140,202,2,2024-03-19 02:00:00,165601.40000000002,Credit Card
107816,473,302,2,2024-03-19 02:00:00,93158.9,Credit Card
107817,263,31,3,2024-03-19 02:00:00,156614.9,Credit Card
107818,396,258,3,2024-03-19 02:00:00,177070.1,Cash
107819,988,216,3,2024-03-19 02:00:00,131374.4,Credit Card
107820,215,139,4,2024-03-19 02:00:00,127732.8,Credit Card
107821,995,46,4,2024-03-19 02:00:00,201900.2,Cash
107822,58,480,4,2024-03-19 02:00:00,144495.69999999998,Cash
107823,885,58,6,2024-03-19 02:00:00,137060.6,Cash
107824,527,343,7,2024-03-19 02:00:00,203107.4,Cash
107825,901,251,7,2024-03-19 02:00:00,184685.60000000003,Credit Card
107826,588,343,7,2024-03-19 02:00:00,848578.1000000001,Cash
107827,415,186,9,2024-03-19 02:00:00,163072.09999999998,Credit Card
107828,254,186,9,2024-03-19 02:00:00,218982.4,Credit Card
107829,125,26,10,2024-03-19 02:00:00,1092023.0,Credit Card
107830,846,26,10,2024-03-19 02:00:00,141156.6,Cash
108139,752,302,2,2024-03-19 03:00:00,208497.2,Cash
108140,408,91,2,2024-03-19 03:00:00,115470.7,Cash
108141,945,302,2,2024-03-19 03:00:00,738171.7000000001,Cash
108142,142,258,3,2024-03-19 03:00:00,812859.2,Credit Card
108143,460,216,3,2024-03-19 03:00:00,593902.5,Cash
108144,234,480,4,2024-03-19 03:00:00,131728.5,Credit Card
108145,816,46,4,2024-03-19 03:00:00,62458.6,Credit Card
108146,980,69,4,2024-03-19 03:00:00,143554.4,Cash
108147,895,472,5,2024-03-19 03:00:00,187684.1,Credit Card
108148,407,221,5,2024-03-19 03:00:00,209927.9,Credit Card
108149,584,472,5,2024-03-19 03:00:00,457525.6,Cash
108150,713,161,6,2024-03-19 03:00:00,82355.29999999999,Cash
108151,705,312,6,2024-03-19 03:00:00,183664.2,Cash
108152,417,251,7,2024-03-19 03:00:00,185313.0,Cash
108153,143,71,8,2024-03-19 03:00:00,160561.2,Cash
108154,56,322,8,2024-03-19 03:00:00,100720.1,Cash
108155,200,26,10,2024-03-19 03:00:00,658463.9,Credit Card
108461,953,305,1,2024-03-19 04:00:00,149616.7,Cash
108462,988,305,1,2024-03-19 04:00:00,130363.3,Credit Card
108463,420,258,3,2024-03-19 04:00:00,737980.9,Cash
108464,510,376,3,2024-03-19 04:00:00,117079.1,Cash
108465,818,376,3,2024-03-19 04:00:00,535716.0,Cash
108466,703,69,4,2024-03-19 04:00:00,56142.3,Cash
108467,564,139,4,2024-03-19 04:00:00,851705.2,Cash
108468,636,69,4,2024-03-19 04:00:00,762390.9,Credit Card
108469,266,8,5,2024-03-19 04:00:00,1023953.8,Cash
108470,813,111,6,2024-03-19 04:00:00,697743.2000000001,Credit Card
108471,938,161,6,2024-03-19 04:00:00,476220.5,Credit Card
108472,449,275,6,2024-03-19 04:00:00,183111.3,Cash
108473,831,13,7,2024-03-19 04:00:00,900133.6000000001,Credit Card
108474,570,322,8,2024-03-19 04:00:00,473998.0,Cash
108475,343,322,8,2024-03-19 04:00:00,707037.5,Credit Card
108476,863,382,8,2024-03-19 04:00:00,798988.7,Credit Card
108477,724,147,9,2024-03-19 04:00:00,855499.7000000001,Cash
108478,779,26,10,2024-03-19 04:00:00,412494.5,Cash
108479,926,194,10,2024-03-19 04:00:00,146500.4,Cash
108480,692,194,10,2024-03-19 04:00:00,167899.6,Credit Card
108780,828,216,3,2024-03-19 05:00:00,979638.3,Cash
108781,324,216,3,2024-03-19 05:00:00,106466.9,Credit Card
108782,662,8,5,2024-03-19 05:00:00,808982.3999999999,Credit Card
108783,882,8,5,2024-03-19 05:00:00,534471.9,Credit Card
108784,920,262,7,2024-03-19 05:00:00,661806.0,Credit Card
108785,117,147,9,2024-03-19 05:00:00,104429.9,Credit Card
108786,739,186,9,2024-03-19 05:00:00,1081225.0,Cash
108787,217,194,10,2024-03-19 05:00:00,140051.7,Credit Card
108788,160,194,10,2024-03-19 05:00:00,208498.1,Credit Card
109076,579,54,1,2024-03-19 06:00:00,113654.5,Cash
109077,906,54,1,2024-03-19 06:00:00,946197.7,Cash
109078,54,305,1,2024-03-19 06:00:00,134815.6,Credit Card
109079,984,54,1,2024-03-19 06:00:00,934450.1,Credit Card
109080,599,305,1,2024-03-19 06:00:00,59818.9,Credit Card
109081,175,54,1,2024-03-19 06:00:00,186036.2,Cash
109082,541,345,2,2024-03-19 06:00:00,102263.0,Credit Card
109083,765,302,2,2024-03-19 06:00:00,112311.3,Cash
109084,996,302,2,2024-03-19 06:00:00,172388.7,Credit Card
109085,39,202,2,2024-03-19 06:00:00,1288118.1,Cash
109086,613,302,2,2024-03-19 06:00:00,176660.59999999998,Credit Card
109087,185,295,2,2024-03-19 06:00:00,166191.09999999998,Cash
109088,476,448,2,2024-03-19 06:00:00,154725.1,Cash
109089,702,345,2,2024-03-19 06:00:00,184950.6,Cash
109090,702,257,2,2024-03-19 06:00:00,101785.5,Cash
109091,822,295,2,2024-03-19 06:00:00,180052.0,Cash
109092,668,345,2,2024-03-19 06:00:00,541767.0,Credit Card
109093,140,302,2,2024-03-19 06:00:00,125028.7,Credit Card
109094,929,257,2,2024-03-19 06:00:00,1024068.5,Credit Card
109095,965,257,2,2024-03-19 06:00:00,141004.69999999998,Credit Card
109096,587,216,3,2024-03-19 06:00:00,160687.1,Cash
109097,454,258,3,2024-03-19 06:00:00,1056209.4,Cash
109098,936,258,3,2024-03-19 06:00:00,143008.69999999998,Credit Card
109099,831,31,3,2024-03-19 06:00:00,876655.5999999999,Cash
109100,301,376,3,2024-03-19 06:00:00,150018.8,Credit Card
109101,609,258,3,2024-03-19 06:00:00,108638.3,Cash
109102,368,299,3,2024-03-19 06:00:00,715263.1000000001,Cash
109103,491,258,3,2024-03-19 06:00:00,178638.8,Cash
109104,704,216,3,2024-03-19 06:00:00,144184.5,Cash
109105,411,216,3,2024-03-19 06:00:00,97727.0,Credit Card
109106,124,299,3,2024-03-19 06:00:00,616657.9,Cash
109107,702,376,3,2024-03-19 06:00:00,85541.59999999999,Credit Card
109108,280,31,3,2024-03-19 06:00:00,605442.2,Credit Card
109109,904,46,4,2024-03-19 06:00:00,456982.7,Credit Card
109110,882,69,4,2024-03-19 06:00:00,462483.0,Cash
109111,474,46,4,2024-03-19 06:00:00,954416.7,Cash
109112,438,46,4,2024-03-19 06:00:00,166993.3,Credit Card
109113,632,480,4,2024-03-19 06:00:00,925101.6,Cash
109114,57,190,5,2024-03-19 06:00:00,115671.3,Credit Card
109115,899,8,5,2024-03-19 06:00:00,139883.2,Cash
109116,912,190,5,2024-03-19 06:00:00,216075.9,Credit Card
109117,283,319,5,2024-03-19 06:00:00,858244.9000000001,Cash
109118,25,221,5,2024-03-19 06:00:00,132837.4,Cash
109119,632,146,5,2024-03-19 06:00:00,500695.9,Cash
109120,547,472,5,2024-03-19 06:00:00,182046.8,Cash
109121,410,146,5,2024-03-19 06:00:00,946869.3,Cash
109122,455,205,6,2024-03-19 06:00:00,501958.8999999999,Cash
109123,286,481,6,2024-03-19 06:00:00,101104.7,Cash
109124,678,275,6,2024-03-19 06:00:00,193962.7,Cash
109125,354,275,6,2024-03-19 06:00:00,843340.1000000001,Credit Card
109126,917,205,6,2024-03-19 06:00:00,150311.4,Credit Card
109127,57,297,6,2024-03-19 06:00:00,142650.8,Cash
109128,750,251,7,2024-03-19 06:00:00,922097.1,Cash
109129,687,251,7,2024-03-19 06:00:00,157771.4,Cash
109130,701,343,7,2024-03-19 06:00:00,712185.2000000001,Cash
109131,247,343,7,2024-03-19 06:00:00,605462.7,Credit Card
109132,516,343,7,2024-03-19 06:00:00,172757.6,Cash
109133,585,251,7,2024-03-19 06:00:00,149354.4,Credit Card
109134,962,331,7,2024-03-19 06:00:00,175586.9,Credit Card
109135,845,262,7,2024-03-19 06:00:00,189993.5,Credit Card
109136,757,193,8,2024-03-19 06:00:00,108012.7,Cash
109137,156,332,8,2024-03-19 06:00:00,879719.7,Credit Card
109138,747,193,8,2024-03-19 06:00:00,103955.1,Cash
109139,4,11,8,2024-03-19 06:00:00,123395.4,Cash
109140,942,193,8,2024-03-19 06:00:00,124249.4,Credit Card
109141,739,193,8,2024-03-19 06:00:00,708534.4,Cash
109142,327,71,8,2024-03-19 06:00:00,1112070.7000000002,Cash
109143,145,11,8,2024-03-19 06:00:00,129154.1,Cash
109144,823,322,8,2024-03-19 06:00:00,1206191.3,Credit Card
109145,521,193,8,2024-03-19 06:00:00,170485.0,Credit Card
109146,281,112,8,2024-03-19 06:00:00,723697.8,Cash
109147,120,186,9,2024-03-19 06:00:00,876055.3,Credit Card
109148,41,147,9,2024-03-19 06:00:00,102485.8,Credit Card
109149,941,186,9,2024-03-19 06:00:00,141775.90000000002,Cash
109150,942,147,9,2024-03-19 06:00:00,118165.8,Cash
109151,910,186,9,2024-03-19 06:00:00,158802.0,Credit Card
109152,702,147,9,2024-03-19 06:00:00,117248.5,Credit Card
109153,628,186,9,2024-03-19 06:00:00,84212.1,Cash
109154,947,186,9,2024-03-19 06:00:00,896368.2,Credit Card
109155,111,186,9,2024-03-19 06:00:00,90555.1,Credit Card
109156,170,186,9,2024-03-19 06:00:00,187710.8,Cash
109157,443,147,9,2024-03-19 06:00:00,148405.90000000002,Credit Card
109158,389,147,9,2024-03-19 06:00:00,109270.4,Cash
109159,609,186,9,2024-03-19 06:00:00,142775.1,Cash
109160,977,147,9,2024-03-19 06:00:00,692897.8,Cash
109161,248,186,9,2024-03-19 06:00:00,871686.8999999999,Credit Card
109162,555,194,10,2024-03-19 06:00:00,1002056.5,Credit Card
109163,30,26,10,2024-03-19 06:00:00,116057.0,Credit Card
109164,198,194,10,2024-03-19 06:00:00,350593.0,Credit Card
109165,438,26,10,2024-03-19 06:00:00,161457.19999999998,Cash
109166,60,194,10,2024-03-19 06:00:00,151509.4,Cash
109167,975,194,10,2024-03-19 06:00:00,160931.0,Credit Card
109168,852,26,10,2024-03-19 06:00:00,63501.100000000006,Credit Card
109169,220,194,10,2024-03-19 06:00:00,649471.4,Cash
109170,305,26,10,2024-03-19 06:00:00,140862.2,Cash
109171,698,26,10,2024-03-19 06:00:00,1175580.2,Cash
111080,354,54,1,2024-03-19 07:00:00,606553.9,Cash
111081,415,54,1,2024-03-19 07:00:00,100662.2,Cash
111082,707,54,1,2024-03-19 07:00:00,520175.7,Cash
111083,507,54,1,2024-03-19 07:00:00,157073.09999999998,Cash
111084,763,305,1,2024-03-19 07:00:00,142064.69999999998,Credit Card
111085,222,54,1,2024-03-19 07:00:00,497116.2,Cash
111086,568,305,1,2024-03-19 07:00:00,940768.0,Cash
111087,108,202,2,2024-03-19 07:00:00,199332.3,Cash
111088,515,202,2,2024-03-19 07:00:00,119685.8,Cash
111089,649,345,2,2024-03-19 07:00:00,98527.6,Cash
111090,16,295,2,2024-03-19 07:00:00,137996.3,Cash
111091,799,91,2,2024-03-19 07:00:00,110504.3,Credit Card
111092,489,202,2,2024-03-19 07:00:00,108092.6,Cash
111093,595,202,2,2024-03-19 07:00:00,182606.2,Credit Card
111094,43,345,2,2024-03-19 07:00:00,709573.8,Cash
111095,145,295,2,2024-03-19 07:00:00,160240.8,Cash
111096,904,295,2,2024-03-19 07:00:00,559580.6,Credit Card
111097,899,302,2,2024-03-19 07:00:00,82747.3,Cash
111098,255,299,3,2024-03-19 07:00:00,130050.5,Credit Card
111099,829,216,3,2024-03-19 07:00:00,98077.7,Cash
111100,330,216,3,2024-03-19 07:00:00,446332.4,Credit Card
111101,98,376,3,2024-03-19 07:00:00,1061340.4,Cash
111102,432,299,3,2024-03-19 07:00:00,668431.1,Cash
111103,643,258,3,2024-03-19 07:00:00,1154034.9,Cash
111104,847,376,3,2024-03-19 07:00:00,763719.2,Cash
111105,23,31,3,2024-03-19 07:00:00,380697.7,Cash
111106,394,31,3,2024-03-19 07:00:00,171263.40000000002,Cash
111107,618,299,3,2024-03-19 07:00:00,112677.5,Credit Card
111108,193,31,3,2024-03-19 07:00:00,198454.5,Credit Card
111109,588,216,3,2024-03-19 07:00:00,1115016.7,Cash
111110,36,480,4,2024-03-19 07:00:00,564378.2000000001,Cash
111111,348,480,4,2024-03-19 07:00:00,712236.2,Credit Card
111112,526,139,4,2024-03-19 07:00:00,143871.7,Credit Card
111113,695,480,4,2024-03-19 07:00:00,95552.9,Credit Card
111114,982,139,4,2024-03-19 07:00:00,929626.5,Credit Card
111115,992,139,4,2024-03-19 07:00:00,855398.9,Cash
111116,19,46,4,2024-03-19 07:00:00,163086.7,Cash
111117,192,139,4,2024-03-19 07:00:00,128088.69999999998,Cash
111118,613,319,5,2024-03-19 07:00:00,86622.7,Credit Card
111119,411,221,5,2024-03-19 07:00:00,216773.3,Credit Card
111120,598,472,5,2024-03-19 07:00:00,1004904.6,Credit Card
111121,340,190,5,2024-03-19 07:00:00,1083835.6,Cash
111122,48,319,5,2024-03-19 07:00:00,158581.0,Cash
111123,855,190,5,2024-03-19 07:00:00,169128.8,Cash
111124,232,319,5,2024-03-19 07:00:00,972609.2,Cash
111125,709,221,5,2024-03-19 07:00:00,700295.2,Credit Card
111126,58,481,6,2024-03-19 07:00:00,176267.7,Credit Card
111127,643,275,6,2024-03-19 07:00:00,383564.9,Credit Card
111128,686,312,6,2024-03-19 07:00:00,154194.2,Cash
111129,70,297,6,2024-03-19 07:00:00,784585.4,Credit Card
111130,745,275,6,2024-03-19 07:00:00,746814.5,Credit Card
111131,201,312,6,2024-03-19 07:00:00,588251.3,Cash
111132,782,161,6,2024-03-19 07:00:00,75482.3,Cash
111133,852,205,6,2024-03-19 07:00:00,122482.8,Credit Card
111134,737,481,6,2024-03-19 07:00:00,132718.7,Credit Card
111135,490,111,6,2024-03-19 07:00:00,768748.1,Credit Card
111136,916,111,6,2024-03-19 07:00:00,111964.4,Credit Card
111137,104,111,6,2024-03-19 07:00:00,214748.2,Credit Card
111138,285,481,6,2024-03-19 07:00:00,190232.7,Credit Card
111139,231,275,6,2024-03-19 07:00:00,186930.6,Cash
111140,99,312,6,2024-03-19 07:00:00,145654.0,Credit Card
111141,878,490,7,2024-03-19 07:00:00,116321.8,Cash
111142,594,343,7,2024-03-19 07:00:00,720987.5,Credit Card
111143,174,251,7,2024-03-19 07:00:00,645766.9,Credit Card
111144,223,262,7,2024-03-19 07:00:00,54987.600000000006,Cash
111145,262,331,7,2024-03-19 07:00:00,660990.0,Credit Card
111146,87,262,7,2024-03-19 07:00:00,127397.8,Cash
111147,167,322,8,2024-03-19 07:00:00,466969.1,Credit Card
111148,517,322,8,2024-03-19 07:00:00,692335.7,Cash
111149,504,193,8,2024-03-19 07:00:00,684928.7,Credit Card
111150,153,157,8,2024-03-19 07:00:00,555748.1000000001,Cash
111151,610,11,8,2024-03-19 07:00:00,71859.09999999999,Credit Card
111152,388,71,8,2024-03-19 07:00:00,179860.6,Credit Card
111153,910,332,8,2024-03-19 07:00:00,183385.5,Cash
111154,2,193,8,2024-03-19 07:00:00,472037.50000000006,Cash
111155,49,322,8,2024-03-19 07:00:00,514539.7,Credit Card
111156,649,11,8,2024-03-19 07:00:00,83902.0,Credit Card
111157,193,322,8,2024-03-19 07:00:00,73198.70000000001,Credit Card
111158,488,332,8,2024-03-19 07:00:00,191928.4,Cash
111159,836,332,8,2024-03-19 07:00:00,143870.8,Credit Card
111160,944,147,9,2024-03-19 07:00:00,111187.8,Cash
111161,323,147,9,2024-03-19 07:00:00,299897.60000000003,Credit Card
111162,451,147,9,2024-03-19 07:00:00,893292.8,Cash
111163,666,147,9,2024-03-19 07:00:00,836697.9000000001,Cash
111164,645,186,9,2024-03-19 07:00:00,626392.2999999999,Credit Card
111165,188,147,9,2024-03-19 07:00:00,1156291.7999999998,Credit Card
111166,920,194,10,2024-03-19 07:00:00,91338.2,Credit Card
111167,902,194,10,2024-03-19 07:00:00,355462.8,Credit Card
111168,785,194,10,2024-03-19 07:00:00,764977.8,Credit Card
111169,951,194,10,2024-03-19 07:00:00,837634.6000000001,Credit Card
111170,248,26,10,2024-03-19 07:00:00,653175.9,Cash
113075,4,54,1,2024-03-19 08:00:00,153672.5,Cash
113076,922,54,1,2024-03-19 08:00:00,413825.29999999993,Credit Card
113077,395,305,1,2024-03-19 08:00:00,929882.1,Credit Card
113078,712,54,1,2024-03-19 08:00:00,142288.2,Cash
113079,898,54,1,2024-03-19 08:00:00,653291.4,Credit Card
113080,35,305,1,2024-03-19 08:00:00,161457.19999999998,Cash
113081,259,305,1,2024-03-19 08:00:00,179612.2,Credit Card
113082,597,54,1,2024-03-19 08:00:00,193624.1,Cash
113083,634,54,1,2024-03-19 08:00:00,112963.6,Cash
113084,958,54,1,2024-03-19 08:00:00,324429.60000000003,Credit Card
113085,840,305,1,2024-03-19 08:00:00,603283.5,Cash
113086,35,305,1,2024-03-19 08:00:00,104908.3,Credit Card
113087,378,305,1,2024-03-19 08:00:00,744694.4,Cash
113088,52,345,2,2024-03-19 08:00:00,143112.8,Credit Card
113089,417,295,2,2024-03-19 08:00:00,122086.1,Credit Card
113090,371,448,2,2024-03-19 08:00:00,117344.1,Cash
113091,588,345,2,2024-03-19 08:00:00,833802.1000000001,Cash
113092,539,302,2,2024-03-19 08:00:00,1025289.5,Cash
113093,80,202,2,2024-03-19 08:00:00,171577.1,Credit Card
113094,29,202,2,2024-03-19 08:00:00,491063.7,Credit Card
113095,86,345,2,2024-03-19 08:00:00,1055246.5,Credit Card
113096,929,202,2,2024-03-19 08:00:00,701199.4,Credit Card
113097,835,295,2,2024-03-19 08:00:00,197176.6,Credit Card
113098,784,91,2,2024-03-19 08:00:00,623253.5,Credit Card
113099,101,91,2,2024-03-19 08:00:00,75197.99999999999,Cash
113100,935,345,2,2024-03-19 08:00:00,952395.1,Cash
113101,409,376,3,2024-03-19 08:00:00,110248.5,Credit Card
113102,488,258,3,2024-03-19 08:00:00,68999.5,Cash
113103,305,258,3,2024-03-19 08:00:00,118773.0,Credit Card
113104,996,216,3,2024-03-19 08:00:00,203439.5,Cash
113105,443,299,3,2024-03-19 08:00:00,145781.0,Credit Card
113106,413,216,3,2024-03-19 08:00:00,773684.9,Credit Card
113107,314,31,3,2024-03-19 08:00:00,83582.70000000001,Cash
113108,231,299,3,2024-03-19 08:00:00,200561.5,Credit Card
113109,663,31,3,2024-03-19 08:00:00,349131.1,Cash
113110,361,216,3,2024-03-19 08:00:00,225717.4,Cash
113111,185,216,3,2024-03-19 08:00:00,111217.2,Credit Card
113112,294,31,3,2024-03-19 08:00:00,87965.9,Cash
113113,913,31,3,2024-03-19 08:00:00,510294.5,Cash
113114,607,376,3,2024-03-19 08:00:00,789369.6,Cash
113115,260,46,4,2024-03-19 08:00:00,658307.1,Cash
113116,541,69,4,2024-03-19 08:00:00,151964.9,Credit Card
113117,861,139,4,2024-03-19 08:00:00,189922.6,Cash
113118,165,480,4,2024-03-19 08:00:00,683081.0,Cash
113119,82,69,4,2024-03-19 08:00:00,617423.1000000001,Credit Card
113120,875,146,5,2024-03-19 08:00:00,693413.5,Cash
113121,454,319,5,2024-03-19 08:00:00,745694.7,Credit Card
113122,316,146,5,2024-03-19 08:00:00,134294.6,Cash
113123,403,146,5,2024-03-19 08:00:00,144439.4,Cash
113124,927,472,5,2024-03-19 08:00:00,183972.5,Credit Card
113125,834,297,6,2024-03-19 08:00:00,127347.1,Credit Card
113126,709,205,6,2024-03-19 08:00:00,944911.4,Cash
113127,731,111,6,2024-03-19 08:00:00,138827.0,Cash
113128,522,111,6,2024-03-19 08:00:00,803722.3,Cash
113129,276,111,6,2024-03-19 08:00:00,211687.10000000003,Cash
113130,401,161,6,2024-03-19 08:00:00,140833.69999999998,Cash
113131,893,111,6,2024-03-19 08:00:00,476484.50000000006,Cash
113132,854,297,6,2024-03-19 08:00:00,181217.7,Cash
113133,665,481,6,2024-03-19 08:00:00,95557.6,Cash
113134,237,297,6,2024-03-19 08:00:00,82931.29999999999,Cash
113135,336,58,6,2024-03-19 08:00:00,931694.4,Cash
113136,249,205,6,2024-03-19 08:00:00,149860.6,Credit Card
113137,404,251,7,2024-03-19 08:00:00,735114.3,Cash
113138,32,251,7,2024-03-19 08:00:00,129263.6,Credit Card
113139,636,13,7,2024-03-19 08:00:00,794789.3,Credit Card
113140,560,331,7,2024-03-19 08:00:00,196942.8,Cash
113141,661,13,7,2024-03-19 08:00:00,723605.2,Cash
113142,687,378,7,2024-03-19 08:00:00,108190.19999999998,Credit Card
113143,650,343,7,2024-03-19 08:00:00,136548.80000000002,Credit Card
113144,340,193,8,2024-03-19 08:00:00,544881.7,Credit Card
113145,955,193,8,2024-03-19 08:00:00,883620.4000000001,Cash
113146,949,332,8,2024-03-19 08:00:00,148177.9,Cash
113147,459,332,8,2024-03-19 08:00:00,631098.2,Credit Card
113148,720,332,8,2024-03-19 08:00:00,127992.2,Credit Card
113149,141,11,8,2024-03-19 08:00:00,239668.6,Cash
113150,700,193,8,2024-03-19 08:00:00,128740.3,Cash
113151,627,147,9,2024-03-19 08:00:00,962678.9,Credit Card
113152,246,147,9,2024-03-19 08:00:00,131673.3,Credit Card
113153,496,147,9,2024-03-19 08:00:00,60102.3,Cash
113154,605,147,9,2024-03-19 08:00:00,181312.6,Credit Card
113155,78,186,9,2024-03-19 08:00:00,158700.8,Credit Card
113156,390,186,9,2024-03-19 08:00:00,1113477.2,Credit Card
113157,178,147,9,2024-03-19 08:00:00,753947.4,Credit Card
113158,619,186,9,2024-03-19 08:00:00,83809.1,Cash
113159,548,147,9,2024-03-19 08:00:00,680606.7,Credit Card
113160,923,194,10,2024-03-19 08:00:00,1030347.0,Cash
113161,783,194,10,2024-03-19 08:00:00,845469.8,Credit Card
113162,959,194,10,2024-03-19 08:00:00,143157.9,Credit Card
113163,215,26,10,2024-03-19 08:00:00,200313.1,Credit Card
113164,536,26,10,2024-03-19 08:00:00,139517.9,Cash
113165,168,26,10,2024-03-19 08:00:00,850624.8,Cash
113166,995,194,10,2024-03-19 08:00:00,110227.2,Cash
113167,6,26,10,2024-03-19 08:00:00,361241.3,Cash
113168,657,26,10,2024-03-19 08:00:00,103236.6,Cash
115090,522,54,1,2024-03-19 09:00:00,477043.4,Credit Card
115091,406,305,1,2024-03-19 09:00:00,372953.3000000001,Credit Card
115092,270,305,1,2024-03-19 09:00:00,110422.4,Cash
115093,503,54,1,2024-03-19 09:00:00,735753.1,Cash
115094,390,54,1,2024-03-19 09:00:00,597904.8,Cash
115095,585,54,1,2024-03-19 09:00:00,185336.1,Credit Card
115096,948,305,1,2024-03-19 09:00:00,112409.8,Credit Card
115097,966,305,1,2024-03-19 09:00:00,186516.6,Credit Card
115098,751,448,2,2024-03-19 09:00:00,147731.6,Credit Card
115099,200,302,2,2024-03-19 09:00:00,510189.9,Credit Card
115100,369,448,2,2024-03-19 09:00:00,110017.6,Credit Card
115101,650,345,2,2024-03-19 09:00:00,81886.1,Credit Card
115102,361,91,2,2024-03-19 09:00:00,116638.4,Cash
115103,246,202,2,2024-03-19 09:00:00,206481.3,Credit Card
115104,302,345,2,2024-03-19 09:00:00,65848.2,Credit Card
115105,570,299,3,2024-03-19 09:00:00,405345.3000000001,Credit Card
115106,74,216,3,2024-03-19 09:00:00,200717.9,Cash
115107,71,299,3,2024-03-19 09:00:00,542464.8999999999,Cash
115108,570,480,4,2024-03-19 09:00:00,231922.8,Credit Card
115109,315,139,4,2024-03-19 09:00:00,545462.7,Cash
115110,574,69,4,2024-03-19 09:00:00,164538.5,Cash
115111,173,46,4,2024-03-19 09:00:00,157427.4,Credit Card
115112,359,480,4,2024-03-19 09:00:00,174588.6,Credit Card
115113,709,480,4,2024-03-19 09:00:00,919403.8,Cash
115114,45,190,5,2024-03-19 09:00:00,547083.2000000001,Cash
115115,610,221,5,2024-03-19 09:00:00,196493.8,Cash
115116,495,8,5,2024-03-19 09:00:00,167793.0,Credit Card
115117,928,221,5,2024-03-19 09:00:00,210458.8,Cash
115118,274,221,5,2024-03-19 09:00:00,750522.4000000001,Credit Card
115119,250,319,5,2024-03-19 09:00:00,95127.0,Credit Card
115120,88,472,5,2024-03-19 09:00:00,157413.5,Cash
115121,875,190,5,2024-03-19 09:00:00,951385.5,Cash
115122,777,312,6,2024-03-19 09:00:00,150231.5,Cash
115123,842,481,6,2024-03-19 09:00:00,176903.6,Credit Card
115124,406,58,6,2024-03-19 09:00:00,749826.1000000001,Cash
115125,909,312,6,2024-03-19 09:00:00,212255.7,Credit Card
115126,684,58,6,2024-03-19 09:00:00,139023.80000000002,Credit Card
115127,981,205,6,2024-03-19 09:00:00,622943.1000000001,Credit Card
115128,993,275,6,2024-03-19 09:00:00,455652.6,Cash
115129,904,161,6,2024-03-19 09:00:00,815662.7,Cash
115130,741,58,6,2024-03-19 09:00:00,145759.90000000002,Credit Card
115131,515,297,6,2024-03-19 09:00:00,140969.0,Cash
115132,752,490,7,2024-03-19 09:00:00,212163.7,Credit Card
115133,356,262,7,2024-03-19 09:00:00,179606.8,Credit Card
115134,874,13,7,2024-03-19 09:00:00,65702.8,Credit Card
115135,675,490,7,2024-03-19 09:00:00,143869.9,Credit Card
115136,487,13,7,2024-03-19 09:00:00,505099.8000000001,Credit Card
115137,462,322,8,2024-03-19 09:00:00,948941.3,Cash
115138,259,322,8,2024-03-19 09:00:00,145984.3,Cash
115139,120,157,8,2024-03-19 09:00:00,697500.1,Cash
115140,627,322,8,2024-03-19 09:00:00,441652.9,Credit Card
115141,917,332,8,2024-03-19 09:00:00,118256.7,Credit Card
115142,899,186,9,2024-03-19 09:00:00,156555.90000000002,Cash
115143,66,147,9,2024-03-19 09:00:00,187457.7,Credit Card
115144,666,147,9,2024-03-19 09:00:00,576307.8,Cash
115145,462,147,9,2024-03-19 09:00:00,734502.2,Credit Card
115146,436,147,9,2024-03-19 09:00:00,199724.3,Credit Card
115147,438,186,9,2024-03-19 09:00:00,88695.6,Cash
115148,148,194,10,2024-03-19 09:00:00,161088.3,Credit Card
115149,30,194,10,2024-03-19 09:00:00,115892.1,Cash
115150,497,194,10,2024-03-19 09:00:00,81943.1,Cash
116367,101,305,1,2024-03-19 10:00:00,169952.30000000002,Credit Card
116368,139,54,1,2024-03-19 10:00:00,108144.2,Cash
116369,876,305,1,2024-03-19 10:00:00,127937.9,Cash
116370,828,305,1,2024-03-19 10:00:00,914293.8,Cash
116371,223,54,1,2024-03-19 10:00:00,118596.4,Cash
116372,826,448,2,2024-03-19 10:00:00,97265.19999999998,Cash
116373,405,302,2,2024-03-19 10:00:00,157761.3,Credit Card
116374,476,91,2,2024-03-19 10:00:00,157109.0,Credit Card
116375,235,258,3,2024-03-19 10:00:00,137557.4,Cash
116376,379,216,3,2024-03-19 10:00:00,157860.7,Credit Card
116377,543,258,3,2024-03-19 10:00:00,774875.4,Credit Card
116378,900,376,3,2024-03-19 10:00:00,843045.7,Cash
116379,407,376,3,2024-03-19 10:00:00,172377.7,Credit Card
116380,839,376,3,2024-03-19 10:00:00,899157.0,Cash
116381,285,139,4,2024-03-19 10:00:00,144084.2,Credit Card
116382,465,139,4,2024-03-19 10:00:00,129550.8,Credit Card
116383,7,46,4,2024-03-19 10:00:00,157854.2,Cash
116384,463,139,4,2024-03-19 10:00:00,139668.0,Credit Card
116385,487,480,4,2024-03-19 10:00:00,1250738.9,Cash
116386,379,146,5,2024-03-19 10:00:00,123618.2,Credit Card
116387,279,190,5,2024-03-19 10:00:00,67306.5,Cash
116388,939,472,5,2024-03-19 10:00:00,421550.6,Cash
116389,997,8,5,2024-03-19 10:00:00,942203.8,Cash
116390,451,221,5,2024-03-19 10:00:00,835697.6,Cash
116391,808,319,5,2024-03-19 10:00:00,727395.1,Credit Card
116392,449,319,5,2024-03-19 10:00:00,124492.2,Cash
116393,650,58,6,2024-03-19 10:00:00,97157.5,Cash
116394,645,275,6,2024-03-19 10:00:00,782003.5,Cash
116395,27,161,6,2024-03-19 10:00:00,378145.6,Cash
116396,339,205,6,2024-03-19 10:00:00,90283.6,Cash
116397,79,275,6,2024-03-19 10:00:00,191920.1,Cash
116398,458,58,6,2024-03-19 10:00:00,98574.5,Credit Card
116399,870,205,6,2024-03-19 10:00:00,98675.7,Credit Card
116400,854,262,7,2024-03-19 10:00:00,177980.90000000002,Cash
116401,144,331,7,2024-03-19 10:00:00,579470.8999999999,Credit Card
116402,557,262,7,2024-03-19 10:00:00,181076.1,Cash
116403,590,262,7,2024-03-19 10:00:00,148896.40000000002,Credit Card
116404,187,262,7,2024-03-19 10:00:00,125659.7,Credit Card
116405,859,490,7,2024-03-19 10:00:00,93239.0,Credit Card
116406,801,378,7,2024-03-19 10:00:00,785200.0,Cash
116407,177,13,7,2024-03-19 10:00:00,156676.6,Credit Card
116408,424,331,7,2024-03-19 10:00:00,191378.2,Cash
116409,148,322,8,2024-03-19 10:00:00,200468.6,Credit Card
116410,975,11,8,2024-03-19 10:00:00,94910.7,Cash
116411,548,157,8,2024-03-19 10:00:00,963827.1,Cash
116412,607,332,8,2024-03-19 10:00:00,928643.2,Credit Card
116413,571,11,8,2024-03-19 10:00:00,564527.8,Credit Card
116414,209,11,8,2024-03-19 10:00:00,776897.4,Credit Card
116415,49,186,9,2024-03-19 10:00:00,631782.4,Cash
116416,940,186,9,2024-03-19 10:00:00,185875.3,Cash
116417,909,186,9,2024-03-19 10:00:00,199489.6,Credit Card
116418,163,186,9,2024-03-19 10:00:00,171212.9,Cash
116419,395,26,10,2024-03-19 10:00:00,916622.9,Credit Card
116420,824,26,10,2024-03-19 10:00:00,517714.7,Cash
116421,88,194,10,2024-03-19 10:00:00,141330.5,Cash
116422,950,26,10,2024-03-19 10:00:00,145670.6,Cash
116423,471,194,10,2024-03-19 10:00:00,140562.2,Credit Card
116424,198,26,10,2024-03-19 10:00:00,932458.7,Credit Card
116425,807,26,10,2024-03-19 10:00:00,70678.6,Credit Card
116426,645,26,10,2024-03-19 10:00:00,694659.9,Cash
116427,666,26,10,2024-03-19 10:00:00,1130724.6,Credit Card
116428,195,26,10,2024-03-19 10:00:00,780119.7000000001,Credit Card
117615,594,54,1,2024-03-19 11:00:00,1056456.2999999998,Cash
117616,486,305,1,2024-03-19 11:00:00,168894.3,Cash
117617,295,305,1,2024-03-19 11:00:00,168898.8,Credit Card
117618,234,305,1,2024-03-19 11:00:00,165870.0,Credit Card
117619,540,305,1,2024-03-19 11:00:00,116555.6,Cash
117620,929,54,1,2024-03-19 11:00:00,938686.7,Cash
117621,20,54,1,2024-03-19 11:00:00,430284.6,Credit Card
117622,999,305,1,2024-03-19 11:00:00,835814.5,Cash
117623,639,305,1,2024-03-19 11:00:00,114996.1,Cash
117624,518,305,1,2024-03-19 11:00:00,624677.7,Cash
117625,521,295,2,2024-03-19 11:00:00,184861.3,Cash
117626,979,295,2,2024-03-19 11:00:00,95100.3,Credit Card
117627,512,448,2,2024-03-19 11:00:00,162709.5,Cash
117628,715,295,2,2024-03-19 11:00:00,53100.5,Credit Card
117629,23,257,2,2024-03-19 11:00:00,520748.4,Credit Card
117630,179,202,2,2024-03-19 11:00:00,172728.2,Credit Card
117631,979,257,2,2024-03-19 11:00:00,213932.1,Credit Card
117632,647,345,2,2024-03-19 11:00:00,138368.8,Cash
117633,579,345,2,2024-03-19 11:00:00,137245.5,Credit Card
117634,324,302,2,2024-03-19 11:00:00,198398.4,Credit Card
117635,263,31,3,2024-03-19 11:00:00,106977.6,Cash
117636,34,258,3,2024-03-19 11:00:00,1006027.6,Cash
117637,654,258,3,2024-03-19 11:00:00,92240.7,Cash
117638,337,31,3,2024-03-19 11:00:00,132707.5,Cash
117639,110,46,4,2024-03-19 11:00:00,177901.90000000002,Credit Card
117640,116,46,4,2024-03-19 11:00:00,93794.6,Credit Card
117641,143,46,4,2024-03-19 11:00:00,182812.2,Cash
117642,204,46,4,2024-03-19 11:00:00,115965.9,Cash
117643,672,46,4,2024-03-19 11:00:00,177687.4,Credit Card
117644,990,46,4,2024-03-19 11:00:00,163753.8,Cash
117645,582,480,4,2024-03-19 11:00:00,220769.2,Credit Card
117646,365,221,5,2024-03-19 11:00:00,203548.1,Cash
117647,877,472,5,2024-03-19 11:00:00,79154.4,Credit Card
117648,576,472,5,2024-03-19 11:00:00,591774.8,Credit Card
117649,528,146,5,2024-03-19 11:00:00,650093.8,Credit Card
117650,66,146,5,2024-03-19 11:00:00,168875.90000000002,Cash
117651,32,146,5,2024-03-19 11:00:00,114934.4,Cash
117652,180,472,5,2024-03-19 11:00:00,347304.60000000003,Cash
117653,402,221,5,2024-03-19 11:00:00,192410.6,Cash
117654,659,221,5,2024-03-19 11:00:00,545346.7,Cash
117655,197,297,6,2024-03-19 11:00:00,805540.3999999999,Credit Card
117656,952,111,6,2024-03-19 11:00:00,193211.0,Credit Card
117657,292,111,6,2024-03-19 11:00:00,168853.7,Credit Card
117658,937,58,6,2024-03-19 11:00:00,570792.2,Cash
117659,107,312,6,2024-03-19 11:00:00,208103.4,Credit Card
117660,203,58,6,2024-03-19 11:00:00,668708.0,Cash
117661,238,205,6,2024-03-19 11:00:00,863350.2999999999,Credit Card
117662,58,378,7,2024-03-19 11:00:00,200516.4,Cash
117663,783,13,7,2024-03-19 11:00:00,444074.00000000006,Cash
117664,756,343,7,2024-03-19 11:00:00,126159.4,Cash
117665,126,343,7,2024-03-19 11:00:00,86688.90000000001,Cash
117666,943,378,7,2024-03-19 11:00:00,138372.4,Cash
117667,20,112,8,2024-03-19 11:00:00,613616.4,Credit Card
117668,751,157,8,2024-03-19 11:00:00,195384.2,Cash
117669,737,11,8,2024-03-19 11:00:00,159998.0,Credit Card
117670,941,112,8,2024-03-19 11:00:00,169928.5,Credit Card
117671,855,71,8,2024-03-19 11:00:00,148061.7,Credit Card
117672,900,382,8,2024-03-19 11:00:00,633313.8,Cash
117673,992,71,8,2024-03-19 11:00:00,864982.8,Cash
117674,318,193,8,2024-03-19 11:00:00,736219.9,Credit Card
117675,743,193,8,2024-03-19 11:00:00,760110.7999999999,Cash
117676,281,186,9,2024-03-19 11:00:00,742361.7000000001,Credit Card
117677,568,147,9,2024-03-19 11:00:00,489105.1,Credit Card
117678,782,186,9,2024-03-19 11:00:00,191745.3,Credit Card
117679,847,147,9,2024-03-19 11:00:00,371544.1,Credit Card
117680,253,186,9,2024-03-19 11:00:00,147394.80000000002,Cash
117681,315,186,9,2024-03-19 11:00:00,696850.3,Credit Card
117682,534,147,9,2024-03-19 11:00:00,784416.9,Credit Card
117683,282,147,9,2024-03-19 11:00:00,128942.5,Credit Card
117684,804,147,9,2024-03-19 11:00:00,195903.2,Cash
117685,805,147,9,2024-03-19 11:00:00,135797.30000000002,Credit Card
117686,110,194,10,2024-03-19 11:00:00,118732.6,Credit Card
117687,964,26,10,2024-03-19 11:00:00,179507.40000000002,Credit Card
117688,472,26,10,2024-03-19 11:00:00,673172.0,Credit Card
117689,665,26,10,2024-03-19 11:00:00,110141.7,Credit Card
117690,76,26,10,2024-03-19 11:00:00,327906.3,Cash
117691,524,26,10,2024-03-19 11:00:00,829254.2999999999,Cash
117692,939,194,10,2024-03-19 11:00:00,808293.0,Credit Card
117693,784,26,10,2024-03-19 11:00:00,762607.3,Cash
117694,689,194,10,2024-03-19 11:00:00,102407.5,Credit Card
117695,194,194,10,2024-03-19 11:00:00,72309.0,Credit Card
118932,555,305,1,2024-03-19 12:00:00,925122.9,Cash
118933,269,54,1,2024-03-19 12:00:00,145174.5,Credit Card
118934,264,54,1,2024-03-19 12:00:00,115186.6,Credit Card
118935,22,305,1,2024-03-19 12:00:00,188582.1,Cash
118936,780,305,1,2024-03-19 12:00:00,148086.6,Cash
118937,69,257,2,2024-03-19 12:00:00,775358.8,Cash
118938,194,345,2,2024-03-19 12:00:00,210321.7,Cash
118939,1,257,2,2024-03-19 12:00:00,703356.7,Cash
118940,546,91,2,2024-03-19 12:00:00,783512.1,Credit Card
118941,97,345,2,2024-03-19 12:00:00,73217.1,Cash
118942,607,91,2,2024-03-19 12:00:00,362362.4,Credit Card
118943,761,91,2,2024-03-19 12:00:00,132245.69999999998,Cash
118944,519,202,2,2024-03-19 12:00:00,65712.0,Cash
118945,783,295,2,2024-03-19 12:00:00,697955.3,Credit Card
118946,965,91,2,2024-03-19 12:00:00,188399.9,Cash
118947,220,376,3,2024-03-19 12:00:00,368061.8000000001,Cash
118948,409,299,3,2024-03-19 12:00:00,91335.3,Cash
118949,523,31,3,2024-03-19 12:00:00,161641.2,Credit Card
118950,559,376,3,2024-03-19 12:00:00,201934.3,Credit Card
118951,885,376,3,2024-03-19 12:00:00,190048.7,Credit Card
118952,23,31,3,2024-03-19 12:00:00,465315.8,Cash
118953,860,139,4,2024-03-19 12:00:00,497655.2,Cash
118954,272,69,4,2024-03-19 12:00:00,152479.19999999998,Cash
118955,764,139,4,2024-03-19 12:00:00,767970.5,Credit Card
118956,333,69,4,2024-03-19 12:00:00,125586.1,Credit Card
118957,424,139,4,2024-03-19 12:00:00,115371.5,Cash
118958,512,139,4,2024-03-19 12:00:00,131006.2,Credit Card
118959,77,139,4,2024-03-19 12:00:00,110322.1,Cash
118960,677,46,4,2024-03-19 12:00:00,146409.3,Cash
118961,209,69,4,2024-03-19 12:00:00,987891.8,Cash
118962,958,46,4,2024-03-19 12:00:00,658930.0,Credit Card
118963,61,221,5,2024-03-19 12:00:00,129763.3,Cash
118964,157,472,5,2024-03-19 12:00:00,755129.0,Cash
118965,358,190,5,2024-03-19 12:00:00,154155.59999999998,Cash
118966,193,8,5,2024-03-19 12:00:00,115244.5,Credit Card
118967,36,190,5,2024-03-19 12:00:00,501340.6,Credit Card
118968,461,8,5,2024-03-19 12:00:00,133108.7,Cash
118969,29,190,5,2024-03-19 12:00:00,755891.3999999999,Cash
118970,433,8,5,2024-03-19 12:00:00,1104095.2,Cash
118971,146,190,5,2024-03-19 12:00:00,154090.3,Credit Card
118972,675,190,5,2024-03-19 12:00:00,91106.2,Credit Card
118973,372,161,6,2024-03-19 12:00:00,133527.4,Cash
118974,790,161,6,2024-03-19 12:00:00,117049.7,Credit Card
118975,367,58,6,2024-03-19 12:00:00,80180.3,Credit Card
118976,749,312,6,2024-03-19 12:00:00,969474.3,Cash
118977,284,312,6,2024-03-19 12:00:00,330766.9,Cash
118978,969,111,6,2024-03-19 12:00:00,456948.0,Credit Card
118979,774,205,6,2024-03-19 12:00:00,123716.5,Cash
118980,588,312,6,2024-03-19 12:00:00,699739.4,Cash
118981,324,331,7,2024-03-19 12:00:00,111951.4,Credit Card
118982,972,262,7,2024-03-19 12:00:00,83052.70000000001,Credit Card
118983,715,262,7,2024-03-19 12:00:00,167807.59999999998,Credit Card
118984,208,71,8,2024-03-19 12:00:00,391894.3,Cash
118985,675,382,8,2024-03-19 12:00:00,161832.6,Credit Card
118986,838,112,8,2024-03-19 12:00:00,160688.0,Credit Card
118987,737,322,8,2024-03-19 12:00:00,191074.60000000003,Cash
118988,109,186,9,2024-03-19 12:00:00,101931.80000000002,Cash
118989,182,186,9,2024-03-19 12:00:00,801360.4000000001,Credit Card
118990,36,186,9,2024-03-19 12:00:00,498764.6,Credit Card
118991,148,186,9,2024-03-19 12:00:00,119963.6,Credit Card
118992,931,186,9,2024-03-19 12:00:00,117125.1,Credit Card
118993,161,147,9,2024-03-19 12:00:00,1120756.6,Credit Card
118994,897,186,9,2024-03-19 12:00:00,396066.4,Credit Card
118995,161,186,9,2024-03-19 12:00:00,371404.8,Cash
118996,955,147,9,2024-03-19 12:00:00,968431.4,Cash
118997,609,26,10,2024-03-19 12:00:00,179254.3,Cash
118998,485,194,10,2024-03-19 12:00:00,222647.1,Cash
118999,614,194,10,2024-03-19 12:00:00,87264.9,Credit Card
119000,471,26,10,2024-03-19 12:00:00,192478.6,Credit Card
120193,429,54,1,2024-03-19 13:00:00,84881.0,Cash
120194,691,305,1,2024-03-19 13:00:00,128472.4,Cash
120195,420,305,1,2024-03-19 13:00:00,875980.0999999999,Cash
120196,416,305,1,2024-03-19 13:00:00,203747.8,Cash
120197,292,54,1,2024-03-19 13:00:00,151718.3,Cash
120198,934,305,1,2024-03-19 13:00:00,952298.9,Credit Card
120199,964,305,1,2024-03-19 13:00:00,212455.4,Cash
120200,493,257,2,2024-03-19 13:00:00,413398.1,Credit Card
120201,915,202,2,2024-03-19 13:00:00,396514.1,Cash
120202,361,345,2,2024-03-19 13:00:00,168849.2,Cash
120203,345,91,2,2024-03-19 13:00:00,404546.3,Credit Card
120204,451,91,2,2024-03-19 13:00:00,411831.6,Credit Card
120205,708,202,2,2024-03-19 13:00:00,122084.3,Credit Card
120206,281,91,2,2024-03-19 13:00:00,779137.2000000001,Cash
120207,61,295,2,2024-03-19 13:00:00,138835.30000000002,Cash
120208,292,299,3,2024-03-19 13:00:00,66058.9,Cash
120209,511,299,3,2024-03-19 13:00:00,219246.5,Cash
120210,906,299,3,2024-03-19 13:00:00,383847.0,Cash
120211,596,258,3,2024-03-19 13:00:00,573382.1,Cash
120212,261,216,3,2024-03-19 13:00:00,192864.1,Credit Card
120213,919,31,3,2024-03-19 13:00:00,737180.6,Credit Card
120214,11,31,3,2024-03-19 13:00:00,192439.1,Cash
120215,333,69,4,2024-03-19 13:00:00,156693.2,Cash
120216,376,480,4,2024-03-19 13:00:00,165093.4,Cash
120217,31,480,4,2024-03-19 13:00:00,151336.4,Cash
120218,472,46,4,2024-03-19 13:00:00,725131.4,Credit Card
120219,260,46,4,2024-03-19 13:00:00,776332.4,Cash
120220,5,319,5,2024-03-19 13:00:00,109117.6,Cash
120221,501,221,5,2024-03-19 13:00:00,563602.9,Cash
120222,801,190,5,2024-03-19 13:00:00,544730.1,Cash
120223,613,190,5,2024-03-19 13:00:00,121175.30000000002,Credit Card
120224,113,146,5,2024-03-19 13:00:00,669071.6,Cash
120225,758,8,5,2024-03-19 13:00:00,164951.6,Cash
120226,457,221,5,2024-03-19 13:00:00,191356.2,Cash
120227,62,190,5,2024-03-19 13:00:00,135101.5,Cash
120228,563,472,5,2024-03-19 13:00:00,602263.0,Cash
120229,24,297,6,2024-03-19 13:00:00,82347.0,Cash
120230,56,481,6,2024-03-19 13:00:00,140498.0,Credit Card
120231,4,161,6,2024-03-19 13:00:00,69350.9,Cash
120232,833,111,6,2024-03-19 13:00:00,659878.7,Cash
120233,550,312,6,2024-03-19 13:00:00,421124.5,Cash
120234,303,481,6,2024-03-19 13:00:00,152485.7,Credit Card
120235,926,312,6,2024-03-19 13:00:00,131772.9,Credit Card
120236,794,205,6,2024-03-19 13:00:00,902497.2,Cash
120237,336,312,6,2024-03-19 13:00:00,695770.8,Cash
120238,928,205,6,2024-03-19 13:00:00,113723.6,Cash
120239,706,378,7,2024-03-19 13:00:00,189043.0,Credit Card
120240,669,378,7,2024-03-19 13:00:00,376188.9,Credit Card
120241,365,490,7,2024-03-19 13:00:00,160076.3,Cash
120242,562,490,7,2024-03-19 13:00:00,566482.7,Cash
120243,821,13,7,2024-03-19 13:00:00,174179.1,Credit Card
120244,221,262,7,2024-03-19 13:00:00,514711.9,Cash
120245,737,251,7,2024-03-19 13:00:00,95933.9,Credit Card
120246,403,13,7,2024-03-19 13:00:00,89015.79999999999,Credit Card
120247,728,490,7,2024-03-19 13:00:00,95050.5,Cash
120248,445,262,7,2024-03-19 13:00:00,897839.3,Credit Card
120249,926,112,8,2024-03-19 13:00:00,105008.6,Credit Card
120250,895,322,8,2024-03-19 13:00:00,61018.7,Credit Card
120251,56,112,8,2024-03-19 13:00:00,155630.3,Credit Card
120252,753,322,8,2024-03-19 13:00:00,959551.2,Cash
120253,292,112,8,2024-03-19 13:00:00,216359.3,Cash
120254,809,147,9,2024-03-19 13:00:00,108160.8,Credit Card
120255,369,186,9,2024-03-19 13:00:00,134685.7,Credit Card
120256,117,186,9,2024-03-19 13:00:00,120090.4,Credit Card
120257,85,147,9,2024-03-19 13:00:00,626880.3,Credit Card
120258,10,147,9,2024-03-19 13:00:00,577772.7999999999,Credit Card
120259,725,194,10,2024-03-19 13:00:00,813909.0,Cash
120260,162,26,10,2024-03-19 13:00:00,137872.0,Cash
120261,324,194,10,2024-03-19 13:00:00,133910.2,Cash
120262,362,194,10,2024-03-19 13:00:00,173587.6,Credit Card
120263,443,26,10,2024-03-19 13:00:00,56527.8,Cash
120264,415,26,10,2024-03-19 13:00:00,170581.7,Credit Card
120265,930,26,10,2024-03-19 13:00:00,804052.2000000001,Credit Card
120266,163,194,10,2024-03-19 13:00:00,148886.3,Credit Card
120267,20,194,10,2024-03-19 13:00:00,744204.6,Cash
121541,431,54,1,2024-03-19 14:00:00,755032.2,Cash
121542,424,305,1,2024-03-19 14:00:00,183851.1,Cash
121543,130,305,1,2024-03-19 14:00:00,126463.0,Cash
121544,77,54,1,2024-03-19 14:00:00,119193.5,Credit Card
121545,925,305,1,2024-03-19 14:00:00,564161.2,Credit Card
121546,274,295,2,2024-03-19 14:00:00,823160.2,Credit Card
121547,81,202,2,2024-03-19 14:00:00,577366.7,Cash
121548,662,302,2,2024-03-19 14:00:00,834651.3,Credit Card
121549,361,91,2,2024-03-19 14:00:00,177212.6,Credit Card
121550,839,257,2,2024-03-19 14:00:00,1034929.5,Credit Card
121551,502,202,2,2024-03-19 14:00:00,439072.0,Cash
121552,594,91,2,2024-03-19 14:00:00,499786.8000000001,Credit Card
121553,509,299,3,2024-03-19 14:00:00,765272.6,Credit Card
121554,148,376,3,2024-03-19 14:00:00,140850.1,Credit Card
121555,463,216,3,2024-03-19 14:00:00,101726.7,Cash
121556,165,216,3,2024-03-19 14:00:00,758192.6,Cash
121557,233,299,3,2024-03-19 14:00:00,646789.6,Credit Card
121558,625,31,3,2024-03-19 14:00:00,534848.8999999999,Cash
121559,637,31,3,2024-03-19 14:00:00,646317.8,Credit Card
121560,503,216,3,2024-03-19 14:00:00,564713.0,Credit Card
121561,522,216,3,2024-03-19 14:00:00,578975.8,Cash
121562,901,69,4,2024-03-19 14:00:00,84296.7,Cash
121563,970,69,4,2024-03-19 14:00:00,675258.2,Credit Card
121564,119,46,4,2024-03-19 14:00:00,831920.0,Cash
121565,265,69,4,2024-03-19 14:00:00,811338.9,Credit Card
121566,4,480,4,2024-03-19 14:00:00,105416.1,Credit Card
121567,277,69,4,2024-03-19 14:00:00,1073985.2,Credit Card
121568,59,69,4,2024-03-19 14:00:00,97744.5,Cash
121569,530,69,4,2024-03-19 14:00:00,69375.8,Credit Card
121570,323,69,4,2024-03-19 14:00:00,795368.5,Credit Card
121571,155,69,4,2024-03-19 14:00:00,1236186.1,Credit Card
121572,918,190,5,2024-03-19 14:00:00,880386.6,Credit Card
121573,705,190,5,2024-03-19 14:00:00,133111.59999999998,Credit Card
121574,352,221,5,2024-03-19 14:00:00,935588.4,Credit Card
121575,41,146,5,2024-03-19 14:00:00,97061.0,Credit Card
121576,277,146,5,2024-03-19 14:00:00,696186.2,Credit Card
121577,942,146,5,2024-03-19 14:00:00,172870.0,Cash
121578,14,472,5,2024-03-19 14:00:00,157370.2,Credit Card
121579,806,146,5,2024-03-19 14:00:00,92849.7,Cash
121580,928,275,6,2024-03-19 14:00:00,111990.2,Cash
121581,688,205,6,2024-03-19 14:00:00,170322.3,Credit Card
121582,361,481,6,2024-03-19 14:00:00,105882.6,Cash
121583,15,343,7,2024-03-19 14:00:00,187499.2,Credit Card
121584,908,331,7,2024-03-19 14:00:00,331477.30000000005,Cash
121585,169,13,7,2024-03-19 14:00:00,937900.5,Cash
121586,469,378,7,2024-03-19 14:00:00,858467.7999999999,Credit Card
121587,581,322,8,2024-03-19 14:00:00,817257.5,Cash
121588,15,157,8,2024-03-19 14:00:00,152162.6,Cash
121589,320,112,8,2024-03-19 14:00:00,104242.1,Cash
121590,647,11,8,2024-03-19 14:00:00,196214.2,Cash
121591,226,193,8,2024-03-19 14:00:00,1162579.7,Cash
121592,702,157,8,2024-03-19 14:00:00,129555.3,Credit Card
121593,884,112,8,2024-03-19 14:00:00,420323.1,Credit Card
121594,958,147,9,2024-03-19 14:00:00,1036034.6,Cash
121595,761,186,9,2024-03-19 14:00:00,213811.6,Credit Card
121596,362,186,9,2024-03-19 14:00:00,185337.9,Credit Card
121597,602,186,9,2024-03-19 14:00:00,959778.0,Cash
121598,561,194,10,2024-03-19 14:00:00,728320.1,Credit Card
121599,872,26,10,2024-03-19 14:00:00,593707.1,Cash
121600,145,194,10,2024-03-19 14:00:00,149078.6,Credit Card
121601,992,26,10,2024-03-19 14:00:00,634055.9,Cash
121602,211,194,10,2024-03-19 14:00:00,133097.7,Credit Card
121603,33,26,10,2024-03-19 14:00:00,123664.0,Credit Card
121604,147,194,10,2024-03-19 14:00:00,719883.2,Credit Card
121605,921,194,10,2024-03-19 14:00:00,117890.5,Cash
121606,169,194,10,2024-03-19 14:00:00,485203.4,Cash
122855,424,305,1,2024-03-19 15:00:00,115360.5,Cash
122856,356,305,1,2024-03-19 15:00:00,198414.1,Cash
122857,526,305,1,2024-03-19 15:00:00,138375.1,Credit Card
122858,228,54,1,2024-03-19 15:00:00,135997.7,Credit Card
122859,560,54,1,2024-03-19 15:00:00,106419.1,Cash
122860,76,54,1,2024-03-19 15:00:00,804519.7,Cash
122861,942,345,2,2024-03-19 15:00:00,163907.5,Credit Card
122862,150,91,2,2024-03-19 15:00:00,112980.2,Credit Card
122863,797,345,2,2024-03-19 15:00:00,511147.8000000001,Credit Card
122864,926,448,2,2024-03-19 15:00:00,151925.2,Credit Card
122865,58,202,2,2024-03-19 15:00:00,178298.4,Credit Card
122866,207,345,2,2024-03-19 15:00:00,552001.0,Cash
122867,668,31,3,2024-03-19 15:00:00,595652.3,Cash
122868,325,376,3,2024-03-19 15:00:00,397183.4,Cash
122869,915,31,3,2024-03-19 15:00:00,635645.6000000001,Cash
122870,134,299,3,2024-03-19 15:00:00,719896.1000000001,Cash
122871,959,480,4,2024-03-19 15:00:00,158318.9,Credit Card
122872,617,69,4,2024-03-19 15:00:00,748683.8999999999,Credit Card
122873,942,69,4,2024-03-19 15:00:00,147577.9,Credit Card
122874,899,8,5,2024-03-19 15:00:00,67844.79999999999,Credit Card
122875,1000,146,5,2024-03-19 15:00:00,128492.6,Credit Card
122876,810,221,5,2024-03-19 15:00:00,706956.8,Credit Card
122877,444,205,6,2024-03-19 15:00:00,121191.0,Credit Card
122878,309,275,6,2024-03-19 15:00:00,143897.7,Credit Card
122879,564,58,6,2024-03-19 15:00:00,742641.5,Credit Card
122880,522,481,6,2024-03-19 15:00:00,533011.8999999999,Cash
122881,661,205,6,2024-03-19 15:00:00,875275.5,Cash
122882,42,111,6,2024-03-19 15:00:00,131363.4,Credit Card
122883,464,275,6,2024-03-19 15:00:00,156967.2,Cash
122884,723,312,6,2024-03-19 15:00:00,877056.8,Cash
122885,477,161,6,2024-03-19 15:00:00,822057.2000000001,Cash
122886,55,275,6,2024-03-19 15:00:00,678369.2000000001,Credit Card
122887,786,378,7,2024-03-19 15:00:00,166284.0,Cash
122888,793,251,7,2024-03-19 15:00:00,137250.9,Credit Card
122889,422,343,7,2024-03-19 15:00:00,137241.7,Cash
122890,166,13,7,2024-03-19 15:00:00,117562.19999999998,Credit Card
122891,759,251,7,2024-03-19 15:00:00,918862.1,Credit Card
122892,797,251,7,2024-03-19 15:00:00,411107.1,Credit Card
122893,155,378,7,2024-03-19 15:00:00,908919.2,Cash
122894,762,193,8,2024-03-19 15:00:00,141433.7,Credit Card
122895,720,332,8,2024-03-19 15:00:00,197620.9,Credit Card
122896,43,157,8,2024-03-19 15:00:00,698136.0,Credit Card
122897,227,193,8,2024-03-19 15:00:00,693324.4999999999,Credit Card
122898,66,11,8,2024-03-19 15:00:00,99583.8,Credit Card
122899,207,332,8,2024-03-19 15:00:00,781117.5,Credit Card
122900,330,157,8,2024-03-19 15:00:00,1100161.8,Cash
122901,647,186,9,2024-03-19 15:00:00,60615.7,Cash
122902,162,186,9,2024-03-19 15:00:00,98080.4,Credit Card
122903,888,186,9,2024-03-19 15:00:00,137104.6,Cash
122904,319,186,9,2024-03-19 15:00:00,1069249.6,Cash
122905,192,186,9,2024-03-19 15:00:00,142039.80000000002,Cash
122906,304,186,9,2024-03-19 15:00:00,559625.4999999999,Cash
122907,182,194,10,2024-03-19 15:00:00,520908.3,Credit Card
122908,720,26,10,2024-03-19 15:00:00,92132.1,Credit Card
122909,153,26,10,2024-03-19 15:00:00,719229.8,Cash
122910,645,194,10,2024-03-19 15:00:00,565679.3,Cash
122911,34,26,10,2024-03-19 15:00:00,603625.0,Cash
122912,523,194,10,2024-03-19 15:00:00,167376.09999999998,Cash
124182,590,305,1,2024-03-19 16:00:00,133341.40000000002,Cash
124183,257,305,1,2024-03-19 16:00:00,659294.5,Credit Card
124184,713,305,1,2024-03-19 16:00:00,79869.29999999999,Cash
124185,700,54,1,2024-03-19 16:00:00,133781.2,Credit Card
124186,580,54,1,2024-03-19 16:00:00,94791.1,Cash
124187,904,305,1,2024-03-19 16:00:00,562555.8,Credit Card
124188,949,54,1,2024-03-19 16:00:00,174957.5,Cash
124189,182,54,1,2024-03-19 16:00:00,655826.6,Cash
124190,409,305,1,2024-03-19 16:00:00,122149.6,Credit Card
124191,561,305,1,2024-03-19 16:00:00,614800.8,Credit Card
124192,968,305,1,2024-03-19 16:00:00,171902.89999999997,Credit Card
124193,181,54,1,2024-03-19 16:00:00,393123.8,Cash
124194,659,305,1,2024-03-19 16:00:00,657257.1,Cash
124195,900,54,1,2024-03-19 16:00:00,541422.7000000001,Credit Card
124196,294,305,1,2024-03-19 16:00:00,119835.7,Credit Card
124197,435,202,2,2024-03-19 16:00:00,171783.3,Cash
124198,693,302,2,2024-03-19 16:00:00,729824.6000000001,Cash
124199,88,448,2,2024-03-19 16:00:00,202357.5,Cash
124200,134,448,2,2024-03-19 16:00:00,831483.0,Cash
124201,407,257,2,2024-03-19 16:00:00,193130.0,Credit Card
124202,714,91,2,2024-03-19 16:00:00,727895.1,Cash
124203,363,31,3,2024-03-19 16:00:00,644530.2000000001,Cash
124204,477,299,3,2024-03-19 16:00:00,843205.4,Cash
124205,331,376,3,2024-03-19 16:00:00,108302.4,Credit Card
124206,114,376,3,2024-03-19 16:00:00,921082.7,Credit Card
124207,350,376,3,2024-03-19 16:00:00,607124.2,Credit Card
124208,479,376,3,2024-03-19 16:00:00,655570.7,Credit Card
124209,64,376,3,2024-03-19 16:00:00,167642.9,Credit Card
124210,520,31,3,2024-03-19 16:00:00,120623.3,Cash
124211,435,480,4,2024-03-19 16:00:00,175809.5,Cash
124212,937,480,4,2024-03-19 16:00:00,921652.2,Cash
124213,368,139,4,2024-03-19 16:00:00,934702.3,Credit Card
124214,93,46,4,2024-03-19 16:00:00,124715.7,Cash
124215,276,46,4,2024-03-19 16:00:00,72686.20000000001,Credit Card
124216,757,46,4,2024-03-19 16:00:00,153091.8,Cash
124217,779,69,4,2024-03-19 16:00:00,922739.6,Credit Card
124218,129,69,4,2024-03-19 16:00:00,481405.1,Credit Card
124219,123,8,5,2024-03-19 16:00:00,169882.5,Cash
124220,821,472,5,2024-03-19 16:00:00,171050.9,Cash
124221,75,221,5,2024-03-19 16:00:00,136354.69999999998,Cash
124222,570,319,5,2024-03-19 16:00:00,726567.4,Credit Card
124223,105,190,5,2024-03-19 16:00:00,731669.6,Cash
124224,691,8,5,2024-03-19 16:00:00,114171.7,Credit Card
124225,562,472,5,2024-03-19 16:00:00,1166233.7,Cash
124226,605,146,5,2024-03-19 16:00:00,113209.3,Cash
124227,498,312,6,2024-03-19 16:00:00,689357.7,Credit Card
124228,10,275,6,2024-03-19 16:00:00,1058513.0,Cash
124229,360,161,6,2024-03-19 16:00:00,575652.8,Credit Card
124230,357,312,6,2024-03-19 16:00:00,101167.3,Cash
124231,497,161,6,2024-03-19 16:00:00,62859.8,Cash
124232,543,297,6,2024-03-19 16:00:00,336550.60000000003,Cash
124233,873,312,6,2024-03-19 16:00:00,151408.19999999998,Credit Card
124234,501,111,6,2024-03-19 16:00:00,768230.5,Credit Card
124235,359,58,6,2024-03-19 16:00:00,148646.90000000002,Cash
124236,812,297,6,2024-03-19 16:00:00,110019.4,Credit Card
124237,589,161,6,2024-03-19 16:00:00,685515.8,Cash
124238,450,111,6,2024-03-19 16:00:00,310182.0,Cash
124239,729,205,6,2024-03-19 16:00:00,903492.7,Cash
124240,441,481,6,2024-03-19 16:00:00,556122.8,Cash
124241,408,275,6,2024-03-19 16:00:00,217625.3,Credit Card
124242,12,378,7,2024-03-19 16:00:00,136450.3,Cash
124243,193,331,7,2024-03-19 16:00:00,163924.8,Cash
124244,98,251,7,2024-03-19 16:00:00,595320.3,Cash
124245,315,13,7,2024-03-19 16:00:00,650646.0000000001,Cash
124246,552,378,7,2024-03-19 16:00:00,816295.2,Credit Card
124247,977,490,7,2024-03-19 16:00:00,502648.9,Cash
124248,351,490,7,2024-03-19 16:00:00,157967.3,Cash
124249,880,378,7,2024-03-19 16:00:00,766150.9,Cash
124250,811,262,7,2024-03-19 16:00:00,142561.5,Cash
124251,999,262,7,2024-03-19 16:00:00,767944.0,Cash
124252,939,71,8,2024-03-19 16:00:00,736886.5,Cash
124253,332,382,8,2024-03-19 16:00:00,820603.7,Cash
124254,742,112,8,2024-03-19 16:00:00,118151.0,Credit Card
124255,284,193,8,2024-03-19 16:00:00,821424.4,Cash
124256,372,193,8,2024-03-19 16:00:00,122115.5,Credit Card
124257,856,157,8,2024-03-19 16:00:00,1022019.5,Cash
124258,793,157,8,2024-03-19 16:00:00,138850.8,Credit Card
124259,460,112,8,2024-03-19 16:00:00,523555.4,Cash
124260,305,112,8,2024-03-19 16:00:00,195623.4,Cash
124261,659,112,8,2024-03-19 16:00:00,637444.8,Cash
124262,568,11,8,2024-03-19 16:00:00,343832.3,Cash
124263,16,157,8,2024-03-19 16:00:00,152642.8,Cash
124264,743,382,8,2024-03-19 16:00:00,927075.0,Cash
124265,4,382,8,2024-03-19 16:00:00,156652.6,Credit Card
124266,155,147,9,2024-03-19 16:00:00,597560.9,Cash
124267,946,186,9,2024-03-19 16:00:00,96443.5,Credit Card
124268,454,147,9,2024-03-19 16:00:00,543299.0,Cash
124269,123,147,9,2024-03-19 16:00:00,160168.3,Cash
124270,375,186,9,2024-03-19 16:00:00,675021.4,Cash
124271,551,147,9,2024-03-19 16:00:00,194091.5,Credit Card
124272,114,147,9,2024-03-19 16:00:00,874754.2000000002,Credit Card
124273,620,147,9,2024-03-19 16:00:00,139209.8,Credit Card
124274,800,147,9,2024-03-19 16:00:00,132992.7,Cash
124275,106,26,10,2024-03-19 16:00:00,186861.5,Cash
124276,394,26,10,2024-03-19 16:00:00,139401.2,Credit Card
124277,79,194,10,2024-03-19 16:00:00,77443.0,Credit Card
124278,647,194,10,2024-03-19 16:00:00,180507.5,Cash
124279,133,194,10,2024-03-19 16:00:00,783587.0,Cash
124280,176,194,10,2024-03-19 16:00:00,80008.20000000001,Credit Card
124281,619,26,10,2024-03-19 16:00:00,164530.4,Cash
124282,497,26,10,2024-03-19 16:00:00,81921.1,Cash
124283,346,194,10,2024-03-19 16:00:00,688850.7,Credit Card
124284,346,26,10,2024-03-19 16:00:00,642224.2,Cash
124285,789,194,10,2024-03-19 16:00:00,95777.5,Cash
124286,397,194,10,2024-03-19 16:00:00,143962.80000000002,Cash
126169,117,305,1,2024-03-19 17:00:00,135333.5,Cash
126170,765,305,1,2024-03-19 17:00:00,169081.90000000002,Cash
126171,698,54,1,2024-03-19 17:00:00,1170318.5,Credit Card
126172,994,305,1,2024-03-19 17:00:00,730136.7,Credit Card
126173,415,54,1,2024-03-19 17:00:00,121752.2,Cash
126174,186,54,1,2024-03-19 17:00:00,131819.6,Cash
126175,276,305,1,2024-03-19 17:00:00,169339.5,Cash
126176,68,305,1,2024-03-19 17:00:00,127361.0,Cash
126177,704,305,1,2024-03-19 17:00:00,180931.6,Cash
126178,259,305,1,2024-03-19 17:00:00,125259.4,Cash
126179,406,54,1,2024-03-19 17:00:00,732200.9,Credit Card
126180,634,305,1,2024-03-19 17:00:00,154956.0,Credit Card
126181,76,305,1,2024-03-19 17:00:00,752174.8999999999,Cash
126182,740,305,1,2024-03-19 17:00:00,875860.3,Credit Card
126183,151,257,2,2024-03-19 17:00:00,132934.8,Credit Card
126184,350,448,2,2024-03-19 17:00:00,545635.8999999999,Credit Card
126185,279,302,2,2024-03-19 17:00:00,220677.2,Credit Card
126186,547,302,2,2024-03-19 17:00:00,225928.1,Cash
126187,168,91,2,2024-03-19 17:00:00,844120.5,Credit Card
126188,229,302,2,2024-03-19 17:00:00,1236213.7,Cash
126189,1000,448,2,2024-03-19 17:00:00,137974.09999999998,Cash
126190,167,202,2,2024-03-19 17:00:00,733000.6,Cash
126191,136,91,2,2024-03-19 17:00:00,137338.4,Cash
126192,530,295,2,2024-03-19 17:00:00,74196.1,Credit Card
126193,635,202,2,2024-03-19 17:00:00,111018.6,Credit Card
126194,294,345,2,2024-03-19 17:00:00,131841.8,Cash
126195,430,202,2,2024-03-19 17:00:00,118708.6,Cash
126196,66,345,2,2024-03-19 17:00:00,140473.8,Credit Card
126197,676,91,2,2024-03-19 17:00:00,135643.4,Cash
126198,20,258,3,2024-03-19 17:00:00,769019.7,Cash
126199,350,376,3,2024-03-19 17:00:00,758074.8,Cash
126200,263,299,3,2024-03-19 17:00:00,96660.7,Credit Card
126201,199,31,3,2024-03-19 17:00:00,203931.8,Credit Card
126202,332,376,3,2024-03-19 17:00:00,661656.6,Cash
126203,180,216,3,2024-03-19 17:00:00,1069750.2,Credit Card
126204,669,216,3,2024-03-19 17:00:00,561152.1,Cash
126205,355,216,3,2024-03-19 17:00:00,872134.7,Credit Card
126206,340,299,3,2024-03-19 17:00:00,1131876.9,Cash
126207,246,299,3,2024-03-19 17:00:00,152111.9,Cash
126208,508,258,3,2024-03-19 17:00:00,529245.3,Credit Card
126209,203,69,4,2024-03-19 17:00:00,980232.8,Credit Card
126210,746,69,4,2024-03-19 17:00:00,142449.5,Cash
126211,855,139,4,2024-03-19 17:00:00,180432.1,Credit Card
126212,111,139,4,2024-03-19 17:00:00,138374.40000000002,Credit Card
126213,271,46,4,2024-03-19 17:00:00,382803.3,Cash
126214,894,319,5,2024-03-19 17:00:00,222033.4,Cash
126215,427,190,5,2024-03-19 17:00:00,1019320.8,Credit Card
126216,263,146,5,2024-03-19 17:00:00,178356.3,Cash
126217,567,319,5,2024-03-19 17:00:00,118741.6,Cash
126218,334,221,5,2024-03-19 17:00:00,575987.4,Credit Card
126219,978,8,5,2024-03-19 17:00:00,153248.40000000002,Credit Card
126220,62,8,5,2024-03-19 17:00:00,104807.1,Credit Card
126221,711,319,5,2024-03-19 17:00:00,493468.1,Credit Card
126222,616,190,5,2024-03-19 17:00:00,204188.5,Credit Card
126223,581,190,5,2024-03-19 17:00:00,1091627.6,Cash
126224,399,319,5,2024-03-19 17:00:00,138576.8,Cash
126225,349,319,5,2024-03-19 17:00:00,108318.1,Cash
126226,248,146,5,2024-03-19 17:00:00,446509.6,Cash
126227,985,58,6,2024-03-19 17:00:00,139979.0,Credit Card
126228,678,275,6,2024-03-19 17:00:00,174327.40000000002,Cash
126229,456,58,6,2024-03-19 17:00:00,687321.1,Credit Card
126230,24,275,6,2024-03-19 17:00:00,186164.1,Credit Card
126231,372,205,6,2024-03-19 17:00:00,127705.9,Cash
126232,102,161,6,2024-03-19 17:00:00,180987.7,Credit Card
126233,891,205,6,2024-03-19 17:00:00,746724.3999999999,Credit Card
126234,958,161,6,2024-03-19 17:00:00,993514.8,Credit Card
126235,202,490,7,2024-03-19 17:00:00,167948.5,Credit Card
126236,328,343,7,2024-03-19 17:00:00,141046.2,Credit Card
126237,85,343,7,2024-03-19 17:00:00,689705.7999999999,Cash
126238,748,331,7,2024-03-19 17:00:00,712927.0,Credit Card
126239,108,378,7,2024-03-19 17:00:00,92149.6,Cash
126240,682,262,7,2024-03-19 17:00:00,835394.1,Cash
126241,969,251,7,2024-03-19 17:00:00,749376.2,Cash
126242,7,331,7,2024-03-19 17:00:00,159148.7,Cash
126243,216,378,7,2024-03-19 17:00:00,129692.6,Cash
126244,805,490,7,2024-03-19 17:00:00,184918.3,Cash
126245,106,322,8,2024-03-19 17:00:00,106893.0,Cash
126246,849,71,8,2024-03-19 17:00:00,135712.5,Cash
126247,508,382,8,2024-03-19 17:00:00,883449.7999999999,Cash
126248,880,157,8,2024-03-19 17:00:00,463238.8,Credit Card
126249,281,157,8,2024-03-19 17:00:00,889805.5,Credit Card
126250,209,157,8,2024-03-19 17:00:00,606556.9,Credit Card
126251,884,332,8,2024-03-19 17:00:00,777164.8,Credit Card
126252,76,382,8,2024-03-19 17:00:00,541967.0,Credit Card
126253,465,157,8,2024-03-19 17:00:00,182865.6,Cash
126254,544,157,8,2024-03-19 17:00:00,700742.7,Credit Card
126255,223,11,8,2024-03-19 17:00:00,98843.1,Cash
126256,962,186,9,2024-03-19 17:00:00,125022.2,Cash
126257,765,147,9,2024-03-19 17:00:00,125438.0,Credit Card
126258,462,147,9,2024-03-19 17:00:00,531683.4,Cash
126259,661,147,9,2024-03-19 17:00:00,844902.5,Cash
126260,434,147,9,2024-03-19 17:00:00,551114.0,Cash
126261,897,147,9,2024-03-19 17:00:00,950066.9,Credit Card
126262,911,194,10,2024-03-19 17:00:00,101750.5,Credit Card
126263,691,194,10,2024-03-19 17:00:00,67708.59999999999,Cash
126264,157,26,10,2024-03-19 17:00:00,499700.4,Cash
126265,513,194,10,2024-03-19 17:00:00,100562.8,Cash
126266,335,26,10,2024-03-19 17:00:00,134339.0,Cash
126267,489,26,10,2024-03-19 17:00:00,72191.2,Credit Card
126268,991,194,10,2024-03-19 17:00:00,136398.90000000002,Credit Card
126269,67,194,10,2024-03-19 17:00:00,164482.4,Cash
126270,274,194,10,2024-03-19 17:00:00,595360.1000000001,Cash
126271,739,26,10,2024-03-19 17:00:00,1030309.1,Cash
126272,290,194,10,2024-03-19 17:00:00,88328.5,Credit Card
126273,119,26,10,2024-03-19 17:00:00,1074080.2000000002,Credit Card
126274,614,194,10,2024-03-19 17:00:00,65693.6,Credit Card
126275,707,194,10,2024-03-19 17:00:00,540244.3,Cash
126276,253,26,10,2024-03-19 17:00:00,114410.0,Cash
128135,285,305,1,2024-03-19 18:00:00,91063.8,Credit Card
128136,177,54,1,2024-03-19 18:00:00,176614.6,Credit Card
128137,638,54,1,2024-03-19 18:00:00,787832.2,Cash
128138,33,54,1,2024-03-19 18:00:00,128338.2,Credit Card
128139,529,54,1,2024-03-19 18:00:00,826996.4,Credit Card
128140,503,54,1,2024-03-19 18:00:00,653939.7000000001,Credit Card
128141,488,202,2,2024-03-19 18:00:00,174794.8,Cash
128142,592,302,2,2024-03-19 18:00:00,688515.5,Credit Card
128143,835,345,2,2024-03-19 18:00:00,198967.9,Credit Card
128144,910,302,2,2024-03-19 18:00:00,161873.2,Cash
128145,209,257,2,2024-03-19 18:00:00,586468.7,Cash
128146,453,91,2,2024-03-19 18:00:00,143278.2,Credit Card
128147,156,376,3,2024-03-19 18:00:00,672561.9,Cash
128148,850,258,3,2024-03-19 18:00:00,158730.2,Credit Card
128149,120,376,3,2024-03-19 18:00:00,1032603.1,Credit Card
128150,343,216,3,2024-03-19 18:00:00,835175.0,Cash
128151,133,216,3,2024-03-19 18:00:00,602204.3,Credit Card
128152,27,299,3,2024-03-19 18:00:00,912445.7,Credit Card
128153,213,258,3,2024-03-19 18:00:00,122683.4,Cash
128154,763,258,3,2024-03-19 18:00:00,71721.1,Cash
128155,147,258,3,2024-03-19 18:00:00,327422.7,Cash
128156,66,376,3,2024-03-19 18:00:00,144415.6,Cash
128157,446,258,3,2024-03-19 18:00:00,725945.2,Cash
128158,779,216,3,2024-03-19 18:00:00,324937.4,Credit Card
128159,127,31,3,2024-03-19 18:00:00,147793.09999999998,Credit Card
128160,765,31,3,2024-03-19 18:00:00,185527.5,Credit Card
128161,439,46,4,2024-03-19 18:00:00,258231.8,Cash
128162,259,46,4,2024-03-19 18:00:00,74030.5,Credit Card
128163,917,480,4,2024-03-19 18:00:00,148251.5,Credit Card
128164,394,46,4,2024-03-19 18:00:00,81090.20000000001,Credit Card
128165,529,46,4,2024-03-19 18:00:00,469501.7,Credit Card
128166,614,472,5,2024-03-19 18:00:00,134774.1,Credit Card
128167,917,221,5,2024-03-19 18:00:00,186083.1,Credit Card
128168,756,146,5,2024-03-19 18:00:00,53577.100000000006,Credit Card
128169,106,146,5,2024-03-19 18:00:00,160066.90000000002,Credit Card
128170,102,319,5,2024-03-19 18:00:00,83683.0,Credit Card
128171,445,190,5,2024-03-19 18:00:00,529618.5,Credit Card
128172,157,146,5,2024-03-19 18:00:00,680085.0,Credit Card
128173,253,146,5,2024-03-19 18:00:00,92150.5,Credit Card
128174,821,146,5,2024-03-19 18:00:00,101086.3,Cash
128175,461,8,5,2024-03-19 18:00:00,157381.19999999998,Cash
128176,795,8,5,2024-03-19 18:00:00,94827.9,Cash
128177,966,472,5,2024-03-19 18:00:00,125166.5,Cash
128178,852,111,6,2024-03-19 18:00:00,171783.3,Cash
128179,954,312,6,2024-03-19 18:00:00,998661.7,Credit Card
128180,185,312,6,2024-03-19 18:00:00,130731.1,Credit Card
128181,39,312,6,2024-03-19 18:00:00,659924.2999999999,Credit Card
128182,165,58,6,2024-03-19 18:00:00,897948.9,Credit Card
128183,349,58,6,2024-03-19 18:00:00,121826.7,Credit Card
128184,869,297,6,2024-03-19 18:00:00,877987.8,Cash
128185,535,161,6,2024-03-19 18:00:00,88895.3,Cash
128186,75,58,6,2024-03-19 18:00:00,226771.8,Cash
128187,434,297,6,2024-03-19 18:00:00,597118.7,Cash
128188,787,297,6,2024-03-19 18:00:00,542754.9,Credit Card
128189,209,481,6,2024-03-19 18:00:00,468493.4,Credit Card
128190,815,205,6,2024-03-19 18:00:00,451831.6,Credit Card
128191,466,111,6,2024-03-19 18:00:00,703430.7,Credit Card
128192,568,251,7,2024-03-19 18:00:00,779316.8999999999,Cash
128193,440,13,7,2024-03-19 18:00:00,664971.3999999999,Cash
128194,567,378,7,2024-03-19 18:00:00,130335.5,Cash
128195,570,13,7,2024-03-19 18:00:00,579938.2,Cash
128196,351,343,7,2024-03-19 18:00:00,113008.7,Credit Card
128197,243,157,8,2024-03-19 18:00:00,139206.9,Cash
128198,333,157,8,2024-03-19 18:00:00,130084.4,Cash
128199,843,112,8,2024-03-19 18:00:00,712806.8,Cash
128200,138,382,8,2024-03-19 18:00:00,159905.09999999998,Cash
128201,662,382,8,2024-03-19 18:00:00,405361.79999999993,Credit Card
128202,920,193,8,2024-03-19 18:00:00,829414.0,Credit Card
128203,652,11,8,2024-03-19 18:00:00,535137.4,Credit Card
128204,928,332,8,2024-03-19 18:00:00,159535.1,Cash
128205,266,11,8,2024-03-19 18:00:00,731914.5,Credit Card
128206,931,147,9,2024-03-19 18:00:00,163803.40000000002,Cash
128207,677,147,9,2024-03-19 18:00:00,127866.1,Credit Card
128208,182,186,9,2024-03-19 18:00:00,520904.1,Credit Card
128209,963,186,9,2024-03-19 18:00:00,959845.8,Cash
128210,37,147,9,2024-03-19 18:00:00,797577.7,Credit Card
128211,945,147,9,2024-03-19 18:00:00,995474.5,Cash
128212,900,186,9,2024-03-19 18:00:00,596491.5,Cash
128213,444,194,10,2024-03-19 18:00:00,153393.8,Credit Card
128214,57,194,10,2024-03-19 18:00:00,116920.9,Credit Card
128215,402,26,10,2024-03-19 18:00:00,96997.5,Cash
128216,734,194,10,2024-03-19 18:00:00,574573.7000000001,Cash
128217,553,26,10,2024-03-19 18:00:00,964430.1,Cash
128218,920,26,10,2024-03-19 18:00:00,1187105.5,Cash
128219,26,26,10,2024-03-19 18:00:00,147807.0,Cash
128220,688,194,10,2024-03-19 18:00:00,117647.7,Cash
128221,809,26,10,2024-03-19 18:00:00,101571.2,Cash
128222,516,194,10,2024-03-19 18:00:00,113523.0,Cash
128223,727,26,10,2024-03-19 18:00:00,74563.20000000001,Cash
130118,23,54,1,2024-03-19 19:00:00,1012748.4,Cash
130119,447,305,1,2024-03-19 19:00:00,955293.9,Cash
130120,65,305,1,2024-03-19 19:00:00,995266.6,Cash
130121,404,305,1,2024-03-19 19:00:00,884202.1000000001,Cash
130122,646,295,2,2024-03-19 19:00:00,180620.6,Cash
130123,3,202,2,2024-03-19 19:00:00,127706.8,Cash
130124,557,295,2,2024-03-19 19:00:00,135430.9,Cash
130125,323,302,2,2024-03-19 19:00:00,837864.0,Cash
130126,411,258,3,2024-03-19 19:00:00,136503.0,Cash
130127,341,258,3,2024-03-19 19:00:00,161317.40000000002,Cash
130128,766,299,3,2024-03-19 19:00:00,145208.6,Credit Card
130129,128,258,3,2024-03-19 19:00:00,196718.4,Cash
130130,107,216,3,2024-03-19 19:00:00,117873.2,Cash
130131,155,376,3,2024-03-19 19:00:00,101881.8,Credit Card
130132,652,216,3,2024-03-19 19:00:00,726403.5,Credit Card
130133,373,216,3,2024-03-19 19:00:00,456533.7,Credit Card
130134,962,46,4,2024-03-19 19:00:00,53869.7,Credit Card
130135,248,480,4,2024-03-19 19:00:00,835515.1,Credit Card
130136,304,139,4,2024-03-19 19:00:00,581117.8,Cash
130137,912,139,4,2024-03-19 19:00:00,154126.2,Cash
130138,40,69,4,2024-03-19 19:00:00,782763.5,Cash
130139,504,69,4,2024-03-19 19:00:00,566529.8,Credit Card
130140,9,69,4,2024-03-19 19:00:00,133971.7,Cash
130141,240,69,4,2024-03-19 19:00:00,175400.2,Credit Card
130142,308,190,5,2024-03-19 19:00:00,199627.6,Credit Card
130143,739,319,5,2024-03-19 19:00:00,820838.5,Cash
130144,857,190,5,2024-03-19 19:00:00,1017857.7,Cash
130145,646,319,5,2024-03-19 19:00:00,165901.2,Cash
130146,232,161,6,2024-03-19 19:00:00,869147.5,Cash
130147,145,205,6,2024-03-19 19:00:00,189089.0,Cash
130148,985,111,6,2024-03-19 19:00:00,201915.9,Credit Card
130149,894,481,6,2024-03-19 19:00:00,117242.0,Credit Card
130150,597,312,6,2024-03-19 19:00:00,69477.0,Cash
130151,7,205,6,2024-03-19 19:00:00,203931.8,Credit Card
130152,150,312,6,2024-03-19 19:00:00,110107.6,Cash
130153,726,13,7,2024-03-19 19:00:00,113488.9,Credit Card
130154,442,490,7,2024-03-19 19:00:00,834330.2,Cash
130155,499,262,7,2024-03-19 19:00:00,168329.3,Credit Card
130156,867,331,7,2024-03-19 19:00:00,108135.0,Credit Card
130157,172,262,7,2024-03-19 19:00:00,152271.2,Credit Card
130158,149,157,8,2024-03-19 19:00:00,115457.9,Cash
130159,622,322,8,2024-03-19 19:00:00,151021.6,Cash
130160,421,112,8,2024-03-19 19:00:00,603707.8999999999,Credit Card
130161,435,382,8,2024-03-19 19:00:00,121217.7,Credit Card
130162,234,186,9,2024-03-19 19:00:00,61477.8,Credit Card
130163,143,186,9,2024-03-19 19:00:00,159590.3,Credit Card
130164,558,186,9,2024-03-19 19:00:00,149730.0,Credit Card
130165,596,194,10,2024-03-19 19:00:00,187417.2,Credit Card
130166,41,26,10,2024-03-19 19:00:00,121469.7,Credit Card
130167,804,194,10,2024-03-19 19:00:00,130992.5,Credit Card
130168,904,26,10,2024-03-19 19:00:00,992006.9,Credit Card
130169,183,26,10,2024-03-19 19:00:00,526062.2,Cash
130170,572,26,10,2024-03-19 19:00:00,144018.9,Credit Card
130171,253,26,10,2024-03-19 19:00:00,147249.4,Credit Card
131000,992,305,1,2024-03-19 20:00:00,608708.7,Cash
131001,85,54,1,2024-03-19 20:00:00,363627.2,Credit Card
131002,935,54,1,2024-03-19 20:00:00,885767.8,Credit Card
131003,199,305,1,2024-03-19 20:00:00,148733.5,Credit Card
131004,975,54,1,2024-03-19 20:00:00,117791.3,Credit Card
131005,908,202,2,2024-03-19 20:00:00,637259.0,Credit Card
131006,549,345,2,2024-03-19 20:00:00,95772.8,Credit Card
131007,323,91,2,2024-03-19 20:00:00,845919.9999999999,Cash
131008,906,345,2,2024-03-19 20:00:00,580105.4,Credit Card
131009,336,299,3,2024-03-19 20:00:00,766083.0,Credit Card
131010,10,376,3,2024-03-19 20:00:00,718195.3,Credit Card
131011,533,31,3,2024-03-19 20:00:00,568517.4,Credit Card
131012,433,31,3,2024-03-19 20:00:00,707188.4,Cash
131013,777,376,3,2024-03-19 20:00:00,97322.2,Credit Card
131014,792,480,4,2024-03-19 20:00:00,398654.0,Cash
131015,746,480,4,2024-03-19 20:00:00,118398.5,Credit Card
131016,578,480,4,2024-03-19 20:00:00,154190.6,Cash
131017,67,139,4,2024-03-19 20:00:00,107283.0,Cash
131018,835,480,4,2024-03-19 20:00:00,136285.6,Cash
131019,496,480,4,2024-03-19 20:00:00,159322.6,Credit Card
131020,755,319,5,2024-03-19 20:00:00,980911.4,Cash
131021,988,146,5,2024-03-19 20:00:00,105579.0,Cash
131022,289,221,5,2024-03-19 20:00:00,828483.5,Credit Card
131023,68,319,5,2024-03-19 20:00:00,167601.6,Cash
131024,495,319,5,2024-03-19 20:00:00,160174.59999999998,Cash
131025,859,472,5,2024-03-19 20:00:00,147191.5,Cash
131026,288,221,5,2024-03-19 20:00:00,116185.80000000002,Credit Card
131027,443,8,5,2024-03-19 20:00:00,175200.5,Credit Card
131028,608,275,6,2024-03-19 20:00:00,599372.5,Cash
131029,539,161,6,2024-03-19 20:00:00,407597.1,Credit Card
131030,703,481,6,2024-03-19 20:00:00,134087.7,Credit Card
131031,279,312,6,2024-03-19 20:00:00,194079.6,Credit Card
131032,992,205,6,2024-03-19 20:00:00,1161550.8,Credit Card
131033,890,297,6,2024-03-19 20:00:00,118230.2,Cash
131034,614,161,6,2024-03-19 20:00:00,66738.8,Cash
131035,170,312,6,2024-03-19 20:00:00,101165.5,Credit Card
131036,805,262,7,2024-03-19 20:00:00,162119.8,Cash
131037,329,378,7,2024-03-19 20:00:00,137494.59999999998,Credit Card
131038,294,331,7,2024-03-19 20:00:00,141387.7,Cash
131039,963,378,7,2024-03-19 20:00:00,824327.1,Credit Card
131040,340,378,7,2024-03-19 20:00:00,651513.8999999999,Credit Card
131041,78,343,7,2024-03-19 20:00:00,178087.69999999998,Cash
131042,395,13,7,2024-03-19 20:00:00,862959.7,Cash
131043,229,382,8,2024-03-19 20:00:00,417708.6,Credit Card
131044,100,332,8,2024-03-19 20:00:00,113492.7,Cash
131045,481,71,8,2024-03-19 20:00:00,396905.7,Cash
131046,79,11,8,2024-03-19 20:00:00,179442.1,Cash
131047,148,193,8,2024-03-19 20:00:00,135989.6,Credit Card
131048,141,112,8,2024-03-19 20:00:00,526375.5,Cash
131049,176,112,8,2024-03-19 20:00:00,133781.4,Credit Card
131050,680,147,9,2024-03-19 20:00:00,441816.7,Credit Card
131051,49,186,9,2024-03-19 20:00:00,294403.6,Cash
131052,817,147,9,2024-03-19 20:00:00,550931.0,Cash
131053,160,186,9,2024-03-19 20:00:00,89401.29999999999,Credit Card
131054,634,147,9,2024-03-19 20:00:00,190962.4,Cash
131055,205,194,10,2024-03-19 20:00:00,819601.7,Cash
131056,62,194,10,2024-03-19 20:00:00,175313.59999999998,Credit Card
131057,346,26,10,2024-03-19 20:00:00,1018248.0,Cash
131915,88,54,1,2024-03-19 21:00:00,129153.19999999998,Cash
131916,696,54,1,2024-03-19 21:00:00,819053.0,Credit Card
131917,521,305,1,2024-03-19 21:00:00,145716.59999999998,Cash
131918,16,54,1,2024-03-19 21:00:00,104199.0,Cash
131919,131,54,1,2024-03-19 21:00:00,134303.8,Cash
131920,155,305,1,2024-03-19 21:00:00,344854.4,Cash
131921,523,305,1,2024-03-19 21:00:00,144099.0,Credit Card
131922,30,202,2,2024-03-19 21:00:00,87521.6,Credit Card
131923,238,257,2,2024-03-19 21:00:00,651893.5,Credit Card
131924,10,302,2,2024-03-19 21:00:00,1084142.8,Credit Card
131925,660,257,2,2024-03-19 21:00:00,644519.3,Cash
131926,652,31,3,2024-03-19 21:00:00,661011.2,Cash
131927,46,258,3,2024-03-19 21:00:00,1090627.6,Credit Card
131928,384,299,3,2024-03-19 21:00:00,109114.9,Cash
131929,886,258,3,2024-03-19 21:00:00,149358.2,Credit Card
131930,131,31,3,2024-03-19 21:00:00,182028.4,Cash
131931,976,69,4,2024-03-19 21:00:00,705943.2,Cash
131932,182,46,4,2024-03-19 21:00:00,506649.3,Credit Card
131933,338,480,4,2024-03-19 21:00:00,739305.7999999999,Cash
131934,146,8,5,2024-03-19 21:00:00,119789.69999999998,Cash
131935,476,8,5,2024-03-19 21:00:00,140211.7,Cash
131936,495,8,5,2024-03-19 21:00:00,75681.1,Credit Card
131937,46,319,5,2024-03-19 21:00:00,775540.3999999999,Cash
131938,404,319,5,2024-03-19 21:00:00,499853.1,Credit Card
131939,321,481,6,2024-03-19 21:00:00,179484.3,Cash
131940,535,111,6,2024-03-19 21:00:00,141523.9,Credit Card
131941,666,297,6,2024-03-19 21:00:00,537732.3999999999,Credit Card
131942,165,58,6,2024-03-19 21:00:00,903768.3,Credit Card
131943,240,490,7,2024-03-19 21:00:00,185363.7,Cash
131944,911,490,7,2024-03-19 21:00:00,76605.8,Cash
131945,387,262,7,2024-03-19 21:00:00,142499.80000000002,Credit Card
131946,260,343,7,2024-03-19 21:00:00,607128.8,Cash
131947,752,490,7,2024-03-19 21:00:00,131505.90000000002,Credit Card
131948,473,490,7,2024-03-19 21:00:00,171111.7,Credit Card
131949,668,343,7,2024-03-19 21:00:00,693494.1000000001,Credit Card
131950,645,13,7,2024-03-19 21:00:00,824793.5,Cash
131951,203,11,8,2024-03-19 21:00:00,458861.9,Cash
131952,13,71,8,2024-03-19 21:00:00,460527.9,Credit Card
131953,847,11,8,2024-03-19 21:00:00,633315.8,Credit Card
131954,370,332,8,2024-03-19 21:00:00,728272.8,Cash
131955,402,332,8,2024-03-19 21:00:00,124989.9,Cash
131956,771,11,8,2024-03-19 21:00:00,128755.80000000002,Credit Card
131957,255,186,9,2024-03-19 21:00:00,173375.1,Credit Card
131958,906,186,9,2024-03-19 21:00:00,444520.0,Credit Card
131959,904,186,9,2024-03-19 21:00:00,592676.6,Cash
131960,929,186,9,2024-03-19 21:00:00,790548.2,Cash
131961,110,147,9,2024-03-19 21:00:00,142588.2,Cash
131962,337,186,9,2024-03-19 21:00:00,58782.9,Cash
131963,283,194,10,2024-03-19 21:00:00,544707.8999999999,Credit Card
131964,171,26,10,2024-03-19 21:00:00,834862.1000000001,Credit Card
131965,587,194,10,2024-03-19 21:00:00,118080.1,Cash
131966,266,194,10,2024-03-19 21:00:00,953536.6,Credit Card
131967,670,26,10,2024-03-19 21:00:00,67086.6,Cash
131968,924,194,10,2024-03-19 21:00:00,553987.6,Cash
132836,474,54,1,2024-03-19 22:00:00,771439.2,Cash
132837,302,305,1,2024-03-19 22:00:00,214885.3,Credit Card
132838,984,305,1,2024-03-19 22:00:00,887605.3,Cash
132839,213,305,1,2024-03-19 22:00:00,64125.8,Cash
132840,223,91,2,2024-03-19 22:00:00,112957.1,Cash
132841,198,345,2,2024-03-19 22:00:00,972445.8,Credit Card
132842,741,257,2,2024-03-19 22:00:00,105997.7,Credit Card
132843,761,257,2,2024-03-19 22:00:00,127632.5,Cash
132844,875,202,2,2024-03-19 22:00:00,433661.5,Cash
132845,293,91,2,2024-03-19 22:00:00,440421.8000000001,Credit Card
132846,758,31,3,2024-03-19 22:00:00,134831.1,Cash
132847,237,31,3,2024-03-19 22:00:00,185618.6,Credit Card
132848,266,299,3,2024-03-19 22:00:00,1028565.2,Cash
132849,586,216,3,2024-03-19 22:00:00,171435.5,Credit Card
132850,45,258,3,2024-03-19 22:00:00,665905.7,Cash
132851,29,31,3,2024-03-19 22:00:00,852047.5999999999,Credit Card
132852,151,376,3,2024-03-19 22:00:00,137322.7,Credit Card
132853,531,258,3,2024-03-19 22:00:00,420789.5,Credit Card
132854,399,480,4,2024-03-19 22:00:00,99788.9,Cash
132855,757,69,4,2024-03-19 22:00:00,215343.5,Credit Card
132856,493,480,4,2024-03-19 22:00:00,923316.3,Cash
132857,564,480,4,2024-03-19 22:00:00,665589.0,Credit Card
132858,349,69,4,2024-03-19 22:00:00,139835.40000000002,Credit Card
132859,600,46,4,2024-03-19 22:00:00,769557.0,Credit Card
132860,971,8,5,2024-03-19 22:00:00,793510.2,Cash
132861,964,8,5,2024-03-19 22:00:00,130417.6,Credit Card
132862,854,319,5,2024-03-19 22:00:00,100334.6,Cash
132863,145,319,5,2024-03-19 22:00:00,69146.7,Credit Card
132864,368,146,5,2024-03-19 22:00:00,1100718.3,Cash
132865,104,8,5,2024-03-19 22:00:00,90608.5,Credit Card
132866,630,472,5,2024-03-19 22:00:00,855304.6000000001,Credit Card
132867,897,481,6,2024-03-19 22:00:00,533100.1,Cash
132868,242,275,6,2024-03-19 22:00:00,206341.4,Credit Card
132869,550,481,6,2024-03-19 22:00:00,1141703.6,Cash
132870,304,13,7,2024-03-19 22:00:00,844131.8,Credit Card
132871,33,378,7,2024-03-19 22:00:00,195914.2,Cash
132872,672,262,7,2024-03-19 22:00:00,77523.1,Cash
132873,17,490,7,2024-03-19 22:00:00,202531.4,Cash
132874,490,251,7,2024-03-19 22:00:00,1000140.7,Cash
132875,62,343,7,2024-03-19 22:00:00,139780.2,Credit Card
132876,877,251,7,2024-03-19 22:00:00,147869.4,Credit Card
132877,918,262,7,2024-03-19 22:00:00,692816.6000000001,Cash
132878,314,11,8,2024-03-19 22:00:00,181639.1,Credit Card
132879,847,112,8,2024-03-19 22:00:00,539855.3,Cash
132880,319,11,8,2024-03-19 22:00:00,987273.3,Cash
132881,707,147,9,2024-03-19 22:00:00,482831.6,Credit Card
132882,781,186,9,2024-03-19 22:00:00,152606.19999999998,Cash
132883,695,186,9,2024-03-19 22:00:00,98451.1,Cash
132884,514,147,9,2024-03-19 22:00:00,166527.0,Cash
132885,860,147,9,2024-03-19 22:00:00,514030.6,Credit Card
132886,703,147,9,2024-03-19 22:00:00,116667.8,Cash
132887,334,147,9,2024-03-19 22:00:00,834108.5,Cash
132888,867,147,9,2024-03-19 22:00:00,186941.6,Credit Card
132889,347,194,10,2024-03-19 22:00:00,860725.5000000001,Credit Card
132890,303,194,10,2024-03-19 22:00:00,142611.3,Credit Card
132891,170,194,10,2024-03-19 22:00:00,68699.5,Cash
132892,346,26,10,2024-03-19 22:00:00,516819.0,Credit Card
132893,41,26,10,2024-03-19 22:00:00,186273.6,Credit Card
132894,555,26,10,2024-03-19 22:00:00,549603.3,Cash
133819,330,472,5,2024-03-19 23:00:00,718550.4,Credit Card
133820,70,319,5,2024-03-19 23:00:00,895545.8,Cash
133821,257,221,5,2024-03-19 23:00:00,705615.3999999999,Credit Card
133822,576,13,7,2024-03-19 23:00:00,720338.7,Cash
133823,830,13,7,2024-03-19 23:00:00,102775.5,Credit Card
133824,261,186,9,2024-03-19 23:00:00,192659.9,Credit Card
133825,620,147,9,2024-03-19 23:00:00,137600.5,Credit Card
133826,596,26,10,2024-03-19 23:00:00,510135.5,Cash
134098,177,448,2,2024-03-20 00:00:00,92117.3,Cash
134099,812,448,2,2024-03-20 00:00:00,171297.5,Cash
134100,879,46,4,2024-03-20 00:00:00,107392.5,Credit Card
134101,626,69,4,2024-03-20 00:00:00,623085.3,Cash
134102,687,146,5,2024-03-20 00:00:00,151952.8,Cash
134103,76,146,5,2024-03-20 00:00:00,691947.1,Cash
134104,105,8,5,2024-03-20 00:00:00,1161750.3,Cash
134105,629,205,6,2024-03-20 00:00:00,117543.8,Cash
134106,912,193,8,2024-03-20 00:00:00,133411.4,Cash
134107,255,157,8,2024-03-20 00:00:00,192173.2,Credit Card
134108,265,26,10,2024-03-20 00:00:00,569443.6,Cash
134109,605,26,10,2024-03-20 00:00:00,156850.5,Cash
134110,960,194,10,2024-03-20 00:00:00,55226.8,Cash
134400,727,54,1,2024-03-20 01:00:00,153701.9,Cash
134401,600,448,2,2024-03-20 01:00:00,687645.0,Cash
134402,456,202,2,2024-03-20 01:00:00,427336.3000000001,Credit Card
134403,217,91,2,2024-03-20 01:00:00,115012.5,Credit Card
134404,944,258,3,2024-03-20 01:00:00,163780.5,Credit Card
134405,934,69,4,2024-03-20 01:00:00,609504.8999999999,Cash
134406,838,69,4,2024-03-20 01:00:00,102527.1,Credit Card
134407,138,221,5,2024-03-20 01:00:00,139170.09999999998,Cash
134408,639,161,6,2024-03-20 01:00:00,178959.0,Cash
134409,174,251,7,2024-03-20 01:00:00,667960.5,Credit Card
134410,751,382,8,2024-03-20 01:00:00,177084.69999999998,Cash
134411,190,186,9,2024-03-20 01:00:00,916194.4,Credit Card
134412,397,26,10,2024-03-20 01:00:00,117575.9,Cash
134688,264,305,1,2024-03-20 02:00:00,77269.1,Credit Card
134689,272,302,2,2024-03-20 02:00:00,115178.3,Cash
134690,241,295,2,2024-03-20 02:00:00,134359.2,Cash
134691,320,376,3,2024-03-20 02:00:00,96280.8,Cash
134692,463,376,3,2024-03-20 02:00:00,138757.19999999998,Credit Card
134693,221,31,3,2024-03-20 02:00:00,513609.0,Credit Card
134694,590,46,4,2024-03-20 02:00:00,140910.9,Credit Card
134695,443,312,6,2024-03-20 02:00:00,194413.5,Credit Card
134696,490,262,7,2024-03-20 02:00:00,482700.8,Credit Card
134697,173,322,8,2024-03-20 02:00:00,168576.8,Credit Card
134698,251,186,9,2024-03-20 02:00:00,53741.8,Credit Card
134699,218,186,9,2024-03-20 02:00:00,188799.3,Cash
134700,943,26,10,2024-03-20 02:00:00,102589.7,Cash
134701,6,26,10,2024-03-20 02:00:00,1131782.7,Credit Card
134702,570,194,10,2024-03-20 02:00:00,527142.4000000001,Credit Card
134985,142,305,1,2024-03-20 03:00:00,661397.5,Cash
134986,742,305,1,2024-03-20 03:00:00,129714.6,Credit Card
134987,32,54,1,2024-03-20 03:00:00,105925.0,Credit Card
134988,629,257,2,2024-03-20 03:00:00,157660.1,Cash
134989,169,480,4,2024-03-20 03:00:00,961343.6,Cash
134990,202,46,4,2024-03-20 03:00:00,103336.9,Cash
134991,38,221,5,2024-03-20 03:00:00,782282.4,Cash
134992,305,221,5,2024-03-20 03:00:00,127694.9,Cash
134993,764,161,6,2024-03-20 03:00:00,703096.7,Credit Card
134994,697,312,6,2024-03-20 03:00:00,122205.9,Credit Card
134995,841,157,8,2024-03-20 03:00:00,199917.5,Credit Card
134996,443,382,8,2024-03-20 03:00:00,153966.9,Credit Card
134997,445,147,9,2024-03-20 03:00:00,908040.3,Cash
134998,740,147,9,2024-03-20 03:00:00,672524.8,Credit Card
134999,607,26,10,2024-03-20 03:00:00,282380.2,Credit Card
135000,188,194,10,2024-03-20 03:00:00,423464.9,Cash
135001,417,194,10,2024-03-20 03:00:00,188637.3,Cash
135284,530,91,2,2024-03-20 04:00:00,111193.4,Credit Card
135285,620,345,2,2024-03-20 04:00:00,142002.1,Cash
135286,471,202,2,2024-03-20 04:00:00,131518.7,Cash
135287,757,31,3,2024-03-20 04:00:00,125428.8,Credit Card
135288,302,139,4,2024-03-20 04:00:00,81668.9,Credit Card
135289,523,146,5,2024-03-20 04:00:00,118006.5,Credit Card
135290,404,331,7,2024-03-20 04:00:00,1034458.3,Cash
135291,835,490,7,2024-03-20 04:00:00,172226.7,Cash
135292,958,378,7,2024-03-20 04:00:00,929845.2,Credit Card
135293,261,11,8,2024-03-20 04:00:00,228531.0,Cash
135294,278,112,8,2024-03-20 04:00:00,584256.0,Credit Card
135295,111,71,8,2024-03-20 04:00:00,162897.1,Credit Card
135296,283,186,9,2024-03-20 04:00:00,766281.4,Credit Card
135297,847,26,10,2024-03-20 04:00:00,485775.7,Cash
135589,608,54,1,2024-03-20 05:00:00,855707.1,Credit Card
135590,515,305,1,2024-03-20 05:00:00,93220.6,Cash
135591,978,54,1,2024-03-20 05:00:00,121703.3,Credit Card
135592,731,216,3,2024-03-20 05:00:00,124361.4,Credit Card
135593,83,31,3,2024-03-20 05:00:00,897101.0,Credit Card
135594,344,258,3,2024-03-20 05:00:00,474724.5,Cash
135595,488,146,5,2024-03-20 05:00:00,149135.6,Credit Card
135596,665,8,5,2024-03-20 05:00:00,112588.2,Cash
135597,885,13,7,2024-03-20 05:00:00,143814.69999999998,Cash
135598,283,251,7,2024-03-20 05:00:00,1121853.9,Credit Card
135599,292,193,8,2024-03-20 05:00:00,150490.9,Credit Card
135600,437,71,8,2024-03-20 05:00:00,724629.7,Cash
135601,212,322,8,2024-03-20 05:00:00,723957.1,Cash
135895,978,54,1,2024-03-20 06:00:00,89871.4,Cash
135896,56,305,1,2024-03-20 06:00:00,110818.0,Cash
135897,862,54,1,2024-03-20 06:00:00,622875.5,Cash
135898,605,54,1,2024-03-20 06:00:00,132369.09999999998,Cash
135899,576,305,1,2024-03-20 06:00:00,954410.7,Credit Card
135900,74,305,1,2024-03-20 06:00:00,80474.7,Cash
135901,322,305,1,2024-03-20 06:00:00,101418.4,Credit Card
135902,648,305,1,2024-03-20 06:00:00,184263.3,Cash
135903,941,305,1,2024-03-20 06:00:00,129992.4,Cash
135904,802,54,1,2024-03-20 06:00:00,77945.4,Cash
135905,303,54,1,2024-03-20 06:00:00,142860.6,Cash
135906,211,54,1,2024-03-20 06:00:00,102651.4,Credit Card
135907,28,448,2,2024-03-20 06:00:00,145330.19999999998,Cash
135908,572,345,2,2024-03-20 06:00:00,168491.3,Credit Card
135909,672,448,2,2024-03-20 06:00:00,184482.3,Cash
135910,783,202,2,2024-03-20 06:00:00,1086079.5,Credit Card
135911,607,91,2,2024-03-20 06:00:00,433068.5,Cash
135912,330,295,2,2024-03-20 06:00:00,811758.3,Credit Card
135913,509,91,2,2024-03-20 06:00:00,839168.5,Credit Card
135914,227,345,2,2024-03-20 06:00:00,719598.2999999999,Cash
135915,791,91,2,2024-03-20 06:00:00,675802.1000000001,Credit Card
135916,225,31,3,2024-03-20 06:00:00,706526.3999999999,Cash
135917,722,216,3,2024-03-20 06:00:00,666620.1,Cash
135918,49,376,3,2024-03-20 06:00:00,588054.3,Cash
135919,361,376,3,2024-03-20 06:00:00,140237.5,Credit Card
135920,695,258,3,2024-03-20 06:00:00,160809.6,Cash
135921,158,46,4,2024-03-20 06:00:00,714949.8,Credit Card
135922,348,139,4,2024-03-20 06:00:00,806074.7,Cash
135923,773,69,4,2024-03-20 06:00:00,73645.9,Cash
135924,115,46,4,2024-03-20 06:00:00,611139.3,Cash
135925,902,46,4,2024-03-20 06:00:00,759771.2,Credit Card
135926,479,139,4,2024-03-20 06:00:00,431039.0,Cash
135927,92,480,4,2024-03-20 06:00:00,946354.7,Cash
135928,508,69,4,2024-03-20 06:00:00,1059141.8,Cash
135929,875,190,5,2024-03-20 06:00:00,831393.6,Credit Card
135930,876,319,5,2024-03-20 06:00:00,85105.4,Cash
135931,291,190,5,2024-03-20 06:00:00,149277.2,Credit Card
135932,349,319,5,2024-03-20 06:00:00,117806.8,Credit Card
135933,746,8,5,2024-03-20 06:00:00,98093.2,Cash
135934,17,190,5,2024-03-20 06:00:00,128167.0,Credit Card
135935,135,472,5,2024-03-20 06:00:00,177554.1,Credit Card
135936,485,8,5,2024-03-20 06:00:00,190659.7,Credit Card
135937,459,472,5,2024-03-20 06:00:00,533992.5,Cash
135938,427,221,5,2024-03-20 06:00:00,710613.1,Cash
135939,857,8,5,2024-03-20 06:00:00,709063.5,Cash
135940,973,58,6,2024-03-20 06:00:00,177588.0,Credit Card
135941,984,111,6,2024-03-20 06:00:00,791410.2999999999,Credit Card
135942,866,297,6,2024-03-20 06:00:00,564410.2999999999,Cash
135943,505,481,6,2024-03-20 06:00:00,200881.7,Cash
135944,956,275,6,2024-03-20 06:00:00,155852.2,Credit Card
135945,491,58,6,2024-03-20 06:00:00,139167.4,Cash
135946,521,205,6,2024-03-20 06:00:00,149204.5,Cash
135947,231,297,6,2024-03-20 06:00:00,150420.9,Cash
135948,726,205,6,2024-03-20 06:00:00,91426.4,Credit Card
135949,208,312,6,2024-03-20 06:00:00,877358.3,Credit Card
135950,919,13,7,2024-03-20 06:00:00,579836.6,Cash
135951,189,331,7,2024-03-20 06:00:00,700941.5,Credit Card
135952,188,490,7,2024-03-20 06:00:00,875055.7,Cash
135953,600,251,7,2024-03-20 06:00:00,770253.5,Cash
135954,414,378,7,2024-03-20 06:00:00,877299.2,Credit Card
135955,473,322,8,2024-03-20 06:00:00,185468.5,Credit Card
135956,339,71,8,2024-03-20 06:00:00,141954.5,Credit Card
135957,806,382,8,2024-03-20 06:00:00,144903.2,Cash
135958,406,322,8,2024-03-20 06:00:00,904000.4,Credit Card
135959,662,11,8,2024-03-20 06:00:00,430115.5,Cash
135960,400,322,8,2024-03-20 06:00:00,1101427.4,Credit Card
135961,949,322,8,2024-03-20 06:00:00,104952.5,Credit Card
135962,937,193,8,2024-03-20 06:00:00,648675.5,Credit Card
135963,188,322,8,2024-03-20 06:00:00,505039.0,Cash
135964,623,193,8,2024-03-20 06:00:00,117806.8,Credit Card
135965,514,11,8,2024-03-20 06:00:00,167591.5,Credit Card
135966,797,322,8,2024-03-20 06:00:00,895131.1000000001,Cash
135967,206,147,9,2024-03-20 06:00:00,170202.7,Credit Card
135968,445,147,9,2024-03-20 06:00:00,522536.8,Credit Card
135969,311,147,9,2024-03-20 06:00:00,144542.4,Credit Card
135970,229,147,9,2024-03-20 06:00:00,680813.4,Cash
135971,109,186,9,2024-03-20 06:00:00,62219.4,Cash
135972,168,186,9,2024-03-20 06:00:00,633039.0,Cash
135973,421,186,9,2024-03-20 06:00:00,949942.3,Credit Card
135974,682,26,10,2024-03-20 06:00:00,500667.6,Cash
135975,737,194,10,2024-03-20 06:00:00,166341.9,Credit Card
135976,496,26,10,2024-03-20 06:00:00,142029.0,Cash
135977,804,26,10,2024-03-20 06:00:00,146338.4,Credit Card
135978,719,194,10,2024-03-20 06:00:00,120826.6,Credit Card
135979,595,194,10,2024-03-20 06:00:00,193258.8,Credit Card
135980,634,26,10,2024-03-20 06:00:00,140865.8,Credit Card
135981,231,194,10,2024-03-20 06:00:00,136625.3,Cash
135982,993,194,10,2024-03-20 06:00:00,581665.3,Cash
135983,170,194,10,2024-03-20 06:00:00,123444.3,Cash
135984,416,194,10,2024-03-20 06:00:00,111898.2,Cash
135985,49,194,10,2024-03-20 06:00:00,310807.0,Cash
135986,752,26,10,2024-03-20 06:00:00,146770.1,Cash
135987,830,194,10,2024-03-20 06:00:00,207708.7,Credit Card
137765,654,54,1,2024-03-20 07:00:00,175226.3,Credit Card
137766,369,54,1,2024-03-20 07:00:00,163176.0,Cash
137767,424,305,1,2024-03-20 07:00:00,124281.5,Cash
137768,348,54,1,2024-03-20 07:00:00,887715.5,Cash
137769,600,54,1,2024-03-20 07:00:00,740041.0,Cash
137770,338,305,1,2024-03-20 07:00:00,917024.3,Credit Card
137771,84,54,1,2024-03-20 07:00:00,154754.5,Cash
137772,478,305,1,2024-03-20 07:00:00,158240.6,Credit Card
137773,505,54,1,2024-03-20 07:00:00,132091.09999999998,Cash
137774,260,305,1,2024-03-20 07:00:00,944490.2,Cash
137775,954,448,2,2024-03-20 07:00:00,510980.4,Cash
137776,155,91,2,2024-03-20 07:00:00,636822.7,Cash
137777,684,257,2,2024-03-20 07:00:00,202383.3,Credit Card
137778,282,302,2,2024-03-20 07:00:00,207206.3,Cash
137779,976,345,2,2024-03-20 07:00:00,885580.8999999999,Cash
137780,473,302,2,2024-03-20 07:00:00,162788.7,Cash
137781,891,91,2,2024-03-20 07:00:00,530054.5,Cash
137782,817,345,2,2024-03-20 07:00:00,905647.1,Cash
137783,881,91,2,2024-03-20 07:00:00,190092.9,Credit Card
137784,119,345,2,2024-03-20 07:00:00,479198.9,Credit Card
137785,554,31,3,2024-03-20 07:00:00,427188.3000000001,Cash
137786,719,258,3,2024-03-20 07:00:00,144607.9,Cash
137787,635,31,3,2024-03-20 07:00:00,152219.8,Credit Card
137788,317,299,3,2024-03-20 07:00:00,84298.5,Credit Card
137789,813,31,3,2024-03-20 07:00:00,913446.1,Cash
137790,773,258,3,2024-03-20 07:00:00,124126.0,Cash
137791,662,299,3,2024-03-20 07:00:00,571920.3999999999,Cash
137792,121,31,3,2024-03-20 07:00:00,126659.8,Credit Card
137793,371,216,3,2024-03-20 07:00:00,134928.5,Cash
137794,782,216,3,2024-03-20 07:00:00,153463.59999999998,Cash
137795,724,376,3,2024-03-20 07:00:00,864181.7,Credit Card
137796,920,258,3,2024-03-20 07:00:00,609480.2999999999,Cash
137797,579,258,3,2024-03-20 07:00:00,134763.09999999998,Cash
137798,266,46,4,2024-03-20 07:00:00,800502.8,Credit Card
137799,213,480,4,2024-03-20 07:00:00,173978.7,Credit Card
137800,220,46,4,2024-03-20 07:00:00,641027.0,Cash
137801,512,69,4,2024-03-20 07:00:00,133618.5,Credit Card
137802,73,480,4,2024-03-20 07:00:00,200817.3,Cash
137803,74,46,4,2024-03-20 07:00:00,128839.5,Cash
137804,417,480,4,2024-03-20 07:00:00,176011.9,Cash
137805,584,319,5,2024-03-20 07:00:00,923138.1,Credit Card
137806,904,8,5,2024-03-20 07:00:00,532308.2,Credit Card
137807,791,146,5,2024-03-20 07:00:00,789915.9,Credit Card
137808,278,146,5,2024-03-20 07:00:00,837609.9000000001,Cash
137809,486,146,5,2024-03-20 07:00:00,105553.2,Credit Card
137810,525,319,5,2024-03-20 07:00:00,122828.8,Credit Card
137811,851,146,5,2024-03-20 07:00:00,167198.6,Cash
137812,162,190,5,2024-03-20 07:00:00,141423.4,Credit Card
137813,934,8,5,2024-03-20 07:00:00,577271.8999999999,Credit Card
137814,18,319,5,2024-03-20 07:00:00,216552.5,Credit Card
137815,886,190,5,2024-03-20 07:00:00,160206.90000000002,Credit Card
137816,936,8,5,2024-03-20 07:00:00,81876.0,Cash
137817,936,146,5,2024-03-20 07:00:00,163722.4,Cash
137818,422,319,5,2024-03-20 07:00:00,214903.7,Credit Card
137819,81,472,5,2024-03-20 07:00:00,418412.8000000001,Credit Card
137820,430,205,6,2024-03-20 07:00:00,108314.5,Credit Card
137821,371,297,6,2024-03-20 07:00:00,155067.3,Credit Card
137822,6,312,6,2024-03-20 07:00:00,403331.8,Credit Card
137823,159,58,6,2024-03-20 07:00:00,196070.6,Credit Card
137824,983,161,6,2024-03-20 07:00:00,192833.8,Credit Card
137825,10,205,6,2024-03-20 07:00:00,799712.3,Credit Card
137826,550,481,6,2024-03-20 07:00:00,123793.0,Credit Card
137827,919,275,6,2024-03-20 07:00:00,1009305.7,Credit Card
137828,538,297,6,2024-03-20 07:00:00,1121914.2999999998,Credit Card
137829,676,275,6,2024-03-20 07:00:00,112222.9,Cash
137830,522,205,6,2024-03-20 07:00:00,474394.9,Credit Card
137831,185,312,6,2024-03-20 07:00:00,133725.1,Credit Card
137832,372,58,6,2024-03-20 07:00:00,204875.8,Credit Card
137833,667,481,6,2024-03-20 07:00:00,82062.70000000001,Credit Card
137834,818,378,7,2024-03-20 07:00:00,576519.0,Cash
137835,735,13,7,2024-03-20 07:00:00,788747.6,Cash
137836,848,343,7,2024-03-20 07:00:00,828603.0,Credit Card
137837,359,251,7,2024-03-20 07:00:00,106021.5,Credit Card
137838,507,13,7,2024-03-20 07:00:00,167122.09999999998,Credit Card
137839,130,251,7,2024-03-20 07:00:00,132553.8,Cash
137840,47,331,7,2024-03-20 07:00:00,141860.5,Cash
137841,19,490,7,2024-03-20 07:00:00,177358.9,Cash
137842,354,490,7,2024-03-20 07:00:00,402426.7,Credit Card
137843,928,112,8,2024-03-20 07:00:00,96056.2,Credit Card
137844,986,193,8,2024-03-20 07:00:00,790808.4999999999,Cash
137845,147,71,8,2024-03-20 07:00:00,861126.5,Credit Card
137846,281,332,8,2024-03-20 07:00:00,591097.7,Credit Card
137847,496,157,8,2024-03-20 07:00:00,126917.6,Credit Card
137848,273,193,8,2024-03-20 07:00:00,679760.3,Cash
137849,919,157,8,2024-03-20 07:00:00,734469.8,Credit Card
137850,364,322,8,2024-03-20 07:00:00,188161.6,Credit Card
137851,450,112,8,2024-03-20 07:00:00,566704.1,Cash
137852,998,382,8,2024-03-20 07:00:00,1059161.0,Credit Card
137853,128,147,9,2024-03-20 07:00:00,99076.0,Cash
137854,107,147,9,2024-03-20 07:00:00,217571.00000000003,Credit Card
137855,139,147,9,2024-03-20 07:00:00,89504.3,Credit Card
137856,171,147,9,2024-03-20 07:00:00,558218.7999999999,Credit Card
137857,114,186,9,2024-03-20 07:00:00,694905.6000000001,Credit Card
137858,185,147,9,2024-03-20 07:00:00,179921.4,Cash
137859,143,186,9,2024-03-20 07:00:00,159270.3,Cash
137860,755,194,10,2024-03-20 07:00:00,641182.9,Cash
137861,277,26,10,2024-03-20 07:00:00,608958.7000000001,Credit Card
137862,772,194,10,2024-03-20 07:00:00,129281.1,Cash
137863,805,194,10,2024-03-20 07:00:00,123114.0,Credit Card
137864,644,194,10,2024-03-20 07:00:00,1068449.5,Cash
137865,28,194,10,2024-03-20 07:00:00,101132.3,Cash
137866,586,194,10,2024-03-20 07:00:00,100123.0,Cash
137867,481,194,10,2024-03-20 07:00:00,1188600.3,Credit Card
137868,562,26,10,2024-03-20 07:00:00,822068.5999999999,Credit Card
137869,928,26,10,2024-03-20 07:00:00,136246.3,Cash
137870,859,194,10,2024-03-20 07:00:00,136465.3,Cash
139699,196,54,1,2024-03-20 08:00:00,129860.9,Credit Card
139700,676,305,1,2024-03-20 08:00:00,96428.9,Credit Card
139701,768,54,1,2024-03-20 08:00:00,135299.4,Credit Card
139702,230,305,1,2024-03-20 08:00:00,158175.3,Cash
139703,24,54,1,2024-03-20 08:00:00,170716.1,Credit Card
139704,441,305,1,2024-03-20 08:00:00,785800.1,Cash
139705,43,91,2,2024-03-20 08:00:00,796799.5,Credit Card
139706,731,91,2,2024-03-20 08:00:00,76634.3,Credit Card
139707,94,448,2,2024-03-20 08:00:00,124264.0,Credit Card
139708,1,257,2,2024-03-20 08:00:00,1002257.5,Cash
139709,503,448,2,2024-03-20 08:00:00,717910.2,Credit Card
139710,517,345,2,2024-03-20 08:00:00,744145.6,Cash
139711,365,299,3,2024-03-20 08:00:00,59240.2,Cash
139712,490,258,3,2024-03-20 08:00:00,410592.0,Cash
139713,727,258,3,2024-03-20 08:00:00,159457.0,Cash
139714,101,299,3,2024-03-20 08:00:00,217158.8,Credit Card
139715,769,376,3,2024-03-20 08:00:00,153550.2,Cash
139716,40,258,3,2024-03-20 08:00:00,1158077.5,Cash
139717,95,46,4,2024-03-20 08:00:00,110159.2,Credit Card
139718,586,139,4,2024-03-20 08:00:00,161128.69999999998,Cash
139719,586,69,4,2024-03-20 08:00:00,146761.80000000002,Cash
139720,486,69,4,2024-03-20 08:00:00,60917.5,Cash
139721,398,69,4,2024-03-20 08:00:00,634844.2999999999,Cash
139722,408,69,4,2024-03-20 08:00:00,153193.2,Cash
139723,632,139,4,2024-03-20 08:00:00,623458.4,Credit Card
139724,805,69,4,2024-03-20 08:00:00,132296.2,Credit Card
139725,21,480,4,2024-03-20 08:00:00,361878.4,Credit Card
139726,116,69,4,2024-03-20 08:00:00,124865.6,Credit Card
139727,879,221,5,2024-03-20 08:00:00,144287.7,Credit Card
139728,428,472,5,2024-03-20 08:00:00,128406.2,Credit Card
139729,166,221,5,2024-03-20 08:00:00,131579.5,Credit Card
139730,729,8,5,2024-03-20 08:00:00,922344.9,Cash
139731,107,221,5,2024-03-20 08:00:00,115581.3,Cash
139732,904,146,5,2024-03-20 08:00:00,825099.7,Credit Card
139733,762,472,5,2024-03-20 08:00:00,140463.9,Credit Card
139734,616,190,5,2024-03-20 08:00:00,114333.5,Credit Card
139735,286,221,5,2024-03-20 08:00:00,123704.6,Cash
139736,260,8,5,2024-03-20 08:00:00,287125.6,Credit Card
139737,586,8,5,2024-03-20 08:00:00,139665.3,Cash
139738,658,146,5,2024-03-20 08:00:00,204640.2,Credit Card
139739,503,8,5,2024-03-20 08:00:00,707086.2,Cash
139740,551,221,5,2024-03-20 08:00:00,198471.1,Cash
139741,311,205,6,2024-03-20 08:00:00,133316.7,Credit Card
139742,319,275,6,2024-03-20 08:00:00,1154172.1,Credit Card
139743,675,58,6,2024-03-20 08:00:00,120583.8,Credit Card
139744,959,161,6,2024-03-20 08:00:00,118713.1,Credit Card
139745,231,297,6,2024-03-20 08:00:00,153486.7,Credit Card
139746,851,297,6,2024-03-20 08:00:00,155093.09999999998,Credit Card
139747,887,58,6,2024-03-20 08:00:00,166616.1,Cash
139748,446,58,6,2024-03-20 08:00:00,809568.3,Credit Card
139749,259,111,6,2024-03-20 08:00:00,155185.1,Cash
139750,217,481,6,2024-03-20 08:00:00,152227.9,Cash
139751,129,481,6,2024-03-20 08:00:00,1004062.0,Cash
139752,951,161,6,2024-03-20 08:00:00,817438.4,Cash
139753,282,161,6,2024-03-20 08:00:00,208397.8,Cash
139754,277,251,7,2024-03-20 08:00:00,595688.6,Credit Card
139755,809,331,7,2024-03-20 08:00:00,91253.4,Cash
139756,631,251,7,2024-03-20 08:00:00,836450.9999999999,Credit Card
139757,236,13,7,2024-03-20 08:00:00,142269.80000000002,Cash
139758,540,331,7,2024-03-20 08:00:00,61247.8,Credit Card
139759,682,382,8,2024-03-20 08:00:00,627796.4,Credit Card
139760,105,193,8,2024-03-20 08:00:00,1016904.3,Credit Card
139761,136,71,8,2024-03-20 08:00:00,140733.40000000002,Cash
139762,480,11,8,2024-03-20 08:00:00,191360.7,Credit Card
139763,675,112,8,2024-03-20 08:00:00,210697.10000000003,Cash
139764,404,147,9,2024-03-20 08:00:00,695045.2999999999,Cash
139765,877,147,9,2024-03-20 08:00:00,139200.6,Cash
139766,904,186,9,2024-03-20 08:00:00,489673.4,Credit Card
139767,453,147,9,2024-03-20 08:00:00,91584.6,Credit Card
139768,26,147,9,2024-03-20 08:00:00,99668.4,Credit Card
139769,54,186,9,2024-03-20 08:00:00,90244.1,Cash
139770,139,186,9,2024-03-20 08:00:00,121805.6,Cash
139771,280,186,9,2024-03-20 08:00:00,495013.5,Credit Card
139772,261,147,9,2024-03-20 08:00:00,124321.0,Credit Card
139773,140,147,9,2024-03-20 08:00:00,188685.1,Cash
139774,91,26,10,2024-03-20 08:00:00,128407.1,Credit Card
139775,950,26,10,2024-03-20 08:00:00,119551.4,Credit Card
139776,613,194,10,2024-03-20 08:00:00,150764.0,Credit Card
139777,676,26,10,2024-03-20 08:00:00,135855.0,Credit Card
139778,865,26,10,2024-03-20 08:00:00,185009.4,Credit Card
139779,402,194,10,2024-03-20 08:00:00,130290.4,Credit Card
139780,225,26,10,2024-03-20 08:00:00,704618.6,Cash
139781,114,26,10,2024-03-20 08:00:00,460766.4,Cash
139782,467,194,10,2024-03-20 08:00:00,779955.2,Cash
139783,917,26,10,2024-03-20 08:00:00,155831.8,Cash
139784,146,26,10,2024-03-20 08:00:00,198974.4,Credit Card
139785,907,194,10,2024-03-20 08:00:00,142058.2,Cash
139786,850,194,10,2024-03-20 08:00:00,100145.9,Cash
141647,19,305,1,2024-03-20 09:00:00,121800.9,Credit Card
141648,381,54,1,2024-03-20 09:00:00,129783.5,Credit Card
141649,688,54,1,2024-03-20 09:00:00,187939.0,Credit Card
141650,313,305,1,2024-03-20 09:00:00,817627.0,Credit Card
141651,726,257,2,2024-03-20 09:00:00,175039.40000000002,Credit Card
141652,806,202,2,2024-03-20 09:00:00,137545.30000000002,Credit Card
141653,894,345,2,2024-03-20 09:00:00,151748.6,Credit Card
141654,859,91,2,2024-03-20 09:00:00,206416.0,Credit Card
141655,589,202,2,2024-03-20 09:00:00,1002906.2,Credit Card
141656,371,202,2,2024-03-20 09:00:00,94402.0,Credit Card
141657,676,91,2,2024-03-20 09:00:00,128185.4,Cash
141658,589,302,2,2024-03-20 09:00:00,1112518.4,Credit Card
141659,175,345,2,2024-03-20 09:00:00,104562.3,Credit Card
141660,393,448,2,2024-03-20 09:00:00,968856.6,Credit Card
141661,612,376,3,2024-03-20 09:00:00,180417.3,Cash
141662,533,216,3,2024-03-20 09:00:00,840453.2,Credit Card
141663,109,31,3,2024-03-20 09:00:00,207325.9,Credit Card
141664,696,31,3,2024-03-20 09:00:00,1077401.6,Credit Card
141665,545,480,4,2024-03-20 09:00:00,433131.5,Credit Card
141666,944,139,4,2024-03-20 09:00:00,177007.5,Credit Card
141667,496,480,4,2024-03-20 09:00:00,99508.4,Credit Card
141668,229,69,4,2024-03-20 09:00:00,376648.1,Credit Card
141669,21,221,5,2024-03-20 09:00:00,1109387.5,Cash
141670,153,146,5,2024-03-20 09:00:00,489864.4,Cash
141671,565,472,5,2024-03-20 09:00:00,230611.3,Credit Card
141672,673,8,5,2024-03-20 09:00:00,544137.4,Cash
141673,815,146,5,2024-03-20 09:00:00,1066410.0,Cash
141674,74,8,5,2024-03-20 09:00:00,150798.1,Cash
141675,407,111,6,2024-03-20 09:00:00,136760.4,Credit Card
141676,964,161,6,2024-03-20 09:00:00,194025.3,Credit Card
141677,548,205,6,2024-03-20 09:00:00,630011.3,Credit Card
141678,499,312,6,2024-03-20 09:00:00,175391.90000000002,Credit Card
141679,33,297,6,2024-03-20 09:00:00,130262.1,Credit Card
141680,858,251,7,2024-03-20 09:00:00,357107.5,Credit Card
141681,883,13,7,2024-03-20 09:00:00,93821.3,Credit Card
141682,682,331,7,2024-03-20 09:00:00,644775.2999999999,Credit Card
141683,26,378,7,2024-03-20 09:00:00,82343.40000000001,Credit Card
141684,91,251,7,2024-03-20 09:00:00,137202.19999999998,Credit Card
141685,211,322,8,2024-03-20 09:00:00,130455.1,Credit Card
141686,159,193,8,2024-03-20 09:00:00,148442.7,Credit Card
141687,354,112,8,2024-03-20 09:00:00,776889.0,Cash
141688,844,382,8,2024-03-20 09:00:00,104836.5,Credit Card
141689,253,193,8,2024-03-20 09:00:00,128649.9,Credit Card
141690,506,112,8,2024-03-20 09:00:00,450397.0,Cash
141691,838,322,8,2024-03-20 09:00:00,117522.5,Cash
141692,681,322,8,2024-03-20 09:00:00,72547.29999999999,Cash
141693,388,193,8,2024-03-20 09:00:00,186109.8,Credit Card
141694,461,186,9,2024-03-20 09:00:00,97476.8,Credit Card
141695,447,147,9,2024-03-20 09:00:00,780909.6,Cash
141696,309,186,9,2024-03-20 09:00:00,93632.8,Cash
141697,638,147,9,2024-03-20 09:00:00,772456.6000000001,Credit Card
141698,169,194,10,2024-03-20 09:00:00,361743.6,Cash
141699,78,194,10,2024-03-20 09:00:00,213152.8,Credit Card
141700,367,26,10,2024-03-20 09:00:00,191827.2,Cash
141701,374,26,10,2024-03-20 09:00:00,744628.1000000001,Cash
141702,789,26,10,2024-03-20 09:00:00,133756.5,Cash
141703,963,26,10,2024-03-20 09:00:00,282548.9,Credit Card
142927,968,54,1,2024-03-20 10:00:00,181626.3,Cash
142928,403,54,1,2024-03-20 10:00:00,71036.5,Cash
142929,702,305,1,2024-03-20 10:00:00,200717.0,Cash
142930,655,54,1,2024-03-20 10:00:00,188986.0,Credit Card
142931,120,305,1,2024-03-20 10:00:00,705437.7,Credit Card
142932,549,305,1,2024-03-20 10:00:00,197496.8,Cash
142933,854,54,1,2024-03-20 10:00:00,78607.8,Cash
142934,837,54,1,2024-03-20 10:00:00,181660.4,Credit Card
142935,772,305,1,2024-03-20 10:00:00,95114.0,Credit Card
142936,589,91,2,2024-03-20 10:00:00,857336.5,Credit Card
142937,611,295,2,2024-03-20 10:00:00,94279.5,Credit Card
142938,214,295,2,2024-03-20 10:00:00,832521.9000000001,Credit Card
142939,648,345,2,2024-03-20 10:00:00,66674.4,Credit Card
142940,419,448,2,2024-03-20 10:00:00,519134.1,Credit Card
142941,326,202,2,2024-03-20 10:00:00,706889.1,Cash
142942,281,302,2,2024-03-20 10:00:00,775115.7,Cash
142943,480,299,3,2024-03-20 10:00:00,158294.0,Credit Card
142944,43,216,3,2024-03-20 10:00:00,353910.0,Credit Card
142945,230,299,3,2024-03-20 10:00:00,104740.0,Cash
142946,623,258,3,2024-03-20 10:00:00,130652.1,Cash
142947,828,216,3,2024-03-20 10:00:00,608460.5,Credit Card
142948,792,31,3,2024-03-20 10:00:00,754267.0,Cash
142949,814,258,3,2024-03-20 10:00:00,337700.4,Cash
142950,147,216,3,2024-03-20 10:00:00,1116811.7,Credit Card
142951,911,299,3,2024-03-20 10:00:00,78834.20000000001,Credit Card
142952,602,139,4,2024-03-20 10:00:00,725862.2,Credit Card
142953,693,69,4,2024-03-20 10:00:00,616234.5,Credit Card
142954,143,480,4,2024-03-20 10:00:00,143286.7,Credit Card
142955,674,46,4,2024-03-20 10:00:00,217909.6,Cash
142956,596,480,4,2024-03-20 10:00:00,691976.7000000001,Cash
142957,352,8,5,2024-03-20 10:00:00,1039743.0,Credit Card
142958,533,8,5,2024-03-20 10:00:00,771481.7,Cash
142959,740,146,5,2024-03-20 10:00:00,260608.8,Credit Card
142960,680,472,5,2024-03-20 10:00:00,538923.4,Cash
142961,856,8,5,2024-03-20 10:00:00,849437.3,Credit Card
142962,534,190,5,2024-03-20 10:00:00,376597.4,Credit Card
142963,123,190,5,2024-03-20 10:00:00,160293.30000000002,Credit Card
142964,155,481,6,2024-03-20 10:00:00,681830.1000000001,Credit Card
142965,311,161,6,2024-03-20 10:00:00,186301.2,Credit Card
142966,799,481,6,2024-03-20 10:00:00,140098.4,Cash
142967,907,205,6,2024-03-20 10:00:00,122459.7,Cash
142968,622,331,7,2024-03-20 10:00:00,153983.5,Cash
142969,774,490,7,2024-03-20 10:00:00,156715.2,Credit Card
142970,636,490,7,2024-03-20 10:00:00,943515.5,Credit Card
142971,77,378,7,2024-03-20 10:00:00,132479.5,Cash
142972,233,157,8,2024-03-20 10:00:00,315677.3,Credit Card
142973,966,112,8,2024-03-20 10:00:00,115531.5,Credit Card
142974,476,11,8,2024-03-20 10:00:00,136328.0,Credit Card
142975,829,11,8,2024-03-20 10:00:00,128180.9,Credit Card
142976,287,382,8,2024-03-20 10:00:00,871640.3,Cash
142977,2,332,8,2024-03-20 10:00:00,512534.29999999993,Credit Card
142978,227,71,8,2024-03-20 10:00:00,651457.5,Cash
142979,393,71,8,2024-03-20 10:00:00,670346.8,Cash
142980,396,186,9,2024-03-20 10:00:00,111425.2,Cash
142981,523,147,9,2024-03-20 10:00:00,103348.8,Cash
142982,275,147,9,2024-03-20 10:00:00,542002.4,Credit Card
142983,446,147,9,2024-03-20 10:00:00,561313.9,Credit Card
142984,256,186,9,2024-03-20 10:00:00,208277.3,Credit Card
142985,834,147,9,2024-03-20 10:00:00,164269.90000000002,Credit Card
142986,667,147,9,2024-03-20 10:00:00,68780.5,Cash
142987,971,26,10,2024-03-20 10:00:00,1111515.6,Cash
142988,232,26,10,2024-03-20 10:00:00,812235.0,Credit Card
142989,265,26,10,2024-03-20 10:00:00,905861.6,Credit Card
142990,949,26,10,2024-03-20 10:00:00,128548.9,Cash
142991,538,26,10,2024-03-20 10:00:00,1066819.5,Credit Card
142992,524,26,10,2024-03-20 10:00:00,705770.5,Credit Card
144230,938,305,1,2024-03-20 11:00:00,614333.7999999999,Cash
144231,959,54,1,2024-03-20 11:00:00,158222.2,Cash
144232,14,54,1,2024-03-20 11:00:00,77479.8,Credit Card
144233,373,305,1,2024-03-20 11:00:00,527839.8,Cash
144234,803,54,1,2024-03-20 11:00:00,617055.2,Cash
144235,106,305,1,2024-03-20 11:00:00,118786.7,Credit Card
144236,216,54,1,2024-03-20 11:00:00,55281.100000000006,Cash
144237,591,54,1,2024-03-20 11:00:00,71034.7,Cash
144238,290,54,1,2024-03-20 11:00:00,140150.0,Credit Card
144239,304,54,1,2024-03-20 11:00:00,800444.2999999999,Credit Card
144240,449,295,2,2024-03-20 11:00:00,125357.0,Credit Card
144241,152,295,2,2024-03-20 11:00:00,552715.2999999999,Credit Card
144242,712,448,2,2024-03-20 11:00:00,164568.09999999998,Credit Card
144243,648,257,2,2024-03-20 11:00:00,193697.7,Cash
144244,930,302,2,2024-03-20 11:00:00,776072.7,Cash
144245,314,202,2,2024-03-20 11:00:00,164110.8,Credit Card
144246,333,376,3,2024-03-20 11:00:00,142816.6,Cash
144247,168,31,3,2024-03-20 11:00:00,1054818.0,Cash
144248,309,31,3,2024-03-20 11:00:00,150292.1,Cash
144249,292,258,3,2024-03-20 11:00:00,149570.7,Credit Card
144250,942,258,3,2024-03-20 11:00:00,208689.5,Credit Card
144251,414,216,3,2024-03-20 11:00:00,1136180.0,Credit Card
144252,668,299,3,2024-03-20 11:00:00,828952.5,Cash
144253,249,216,3,2024-03-20 11:00:00,113070.4,Cash
144254,968,216,3,2024-03-20 11:00:00,193228.5,Credit Card
144255,228,31,3,2024-03-20 11:00:00,94212.4,Cash
144256,141,69,4,2024-03-20 11:00:00,378793.0,Credit Card
144257,153,69,4,2024-03-20 11:00:00,682917.6,Cash
144258,943,69,4,2024-03-20 11:00:00,81521.70000000001,Credit Card
144259,373,480,4,2024-03-20 11:00:00,917917.3000000002,Credit Card
144260,252,139,4,2024-03-20 11:00:00,141876.0,Cash
144261,710,46,4,2024-03-20 11:00:00,168443.5,Cash
144262,468,480,4,2024-03-20 11:00:00,140450.9,Cash
144263,641,480,4,2024-03-20 11:00:00,712676.2,Credit Card
144264,391,69,4,2024-03-20 11:00:00,725732.7,Cash
144265,301,221,5,2024-03-20 11:00:00,142735.40000000002,Credit Card
144266,257,146,5,2024-03-20 11:00:00,837004.2,Credit Card
144267,371,472,5,2024-03-20 11:00:00,163313.09999999998,Cash
144268,202,221,5,2024-03-20 11:00:00,101463.5,Cash
144269,545,221,5,2024-03-20 11:00:00,609354.8,Cash
144270,229,319,5,2024-03-20 11:00:00,839748.5,Credit Card
144271,637,221,5,2024-03-20 11:00:00,874202.6,Credit Card
144272,899,221,5,2024-03-20 11:00:00,182954.0,Credit Card
144273,398,481,6,2024-03-20 11:00:00,805132.5,Credit Card
144274,886,297,6,2024-03-20 11:00:00,172039.1,Cash
144275,401,481,6,2024-03-20 11:00:00,178520.09999999998,Cash
144276,889,297,6,2024-03-20 11:00:00,205415.9,Credit Card
144277,914,161,6,2024-03-20 11:00:00,638922.0,Credit Card
144278,163,111,6,2024-03-20 11:00:00,156546.9,Cash
144279,989,297,6,2024-03-20 11:00:00,62109.0,Cash
144280,644,161,6,2024-03-20 11:00:00,451374.6,Credit Card
144281,780,13,7,2024-03-20 11:00:00,84537.70000000001,Cash
144282,114,251,7,2024-03-20 11:00:00,641038.2,Cash
144283,586,262,7,2024-03-20 11:00:00,117643.2,Cash
144284,140,343,7,2024-03-20 11:00:00,201457.7,Credit Card
144285,583,331,7,2024-03-20 11:00:00,181543.5,Credit Card
144286,811,378,7,2024-03-20 11:00:00,72476.4,Cash
144287,416,322,8,2024-03-20 11:00:00,156420.8,Credit Card
144288,357,157,8,2024-03-20 11:00:00,200212.8,Credit Card
144289,616,332,8,2024-03-20 11:00:00,55822.1,Credit Card
144290,383,322,8,2024-03-20 11:00:00,873698.8,Credit Card
144291,15,157,8,2024-03-20 11:00:00,149860.6,Cash
144292,685,322,8,2024-03-20 11:00:00,684709.6,Credit Card
144293,949,11,8,2024-03-20 11:00:00,213948.7,Credit Card
144294,735,193,8,2024-03-20 11:00:00,872130.7,Credit Card
144295,689,147,9,2024-03-20 11:00:00,185578.9,Credit Card
144296,33,147,9,2024-03-20 11:00:00,114695.2,Credit Card
144297,144,186,9,2024-03-20 11:00:00,777134.8,Cash
144298,659,147,9,2024-03-20 11:00:00,695545.7000000001,Credit Card
144299,206,186,9,2024-03-20 11:00:00,138357.80000000002,Cash
144300,342,147,9,2024-03-20 11:00:00,161503.2,Credit Card
144301,381,147,9,2024-03-20 11:00:00,143927.1,Cash
144302,194,147,9,2024-03-20 11:00:00,139108.6,Cash
144303,769,26,10,2024-03-20 11:00:00,172842.4,Cash
144304,190,26,10,2024-03-20 11:00:00,589822.0,Cash
144305,988,26,10,2024-03-20 11:00:00,120880.0,Credit Card
144306,323,194,10,2024-03-20 11:00:00,942275.3,Credit Card
144307,995,194,10,2024-03-20 11:00:00,190275.1,Credit Card
144308,931,194,10,2024-03-20 11:00:00,155887.0,Cash
144309,479,26,10,2024-03-20 11:00:00,954351.6,Cash
144310,43,26,10,2024-03-20 11:00:00,664266.7,Credit Card
144311,150,194,10,2024-03-20 11:00:00,169957.0,Cash
144312,507,194,10,2024-03-20 11:00:00,192543.0,Cash
145541,728,305,1,2024-03-20 12:00:00,134211.1,Cash
145542,177,54,1,2024-03-20 12:00:00,190027.6,Cash
145543,538,54,1,2024-03-20 12:00:00,670448.0,Cash
145544,75,305,1,2024-03-20 12:00:00,105774.0,Credit Card
145545,766,305,1,2024-03-20 12:00:00,156912.0,Credit Card
145546,683,305,1,2024-03-20 12:00:00,952847.0,Cash
145547,190,305,1,2024-03-20 12:00:00,583937.7,Credit Card
145548,287,448,2,2024-03-20 12:00:00,904635.0,Credit Card
145549,580,448,2,2024-03-20 12:00:00,168916.3,Cash
145550,581,302,2,2024-03-20 12:00:00,932603.7,Credit Card
145551,649,302,2,2024-03-20 12:00:00,106679.4,Credit Card
145552,715,302,2,2024-03-20 12:00:00,114453.3,Credit Card
145553,82,302,2,2024-03-20 12:00:00,554824.4,Credit Card
145554,634,302,2,2024-03-20 12:00:00,81243.0,Credit Card
145555,756,31,3,2024-03-20 12:00:00,91758.5,Cash
145556,867,258,3,2024-03-20 12:00:00,116107.5,Credit Card
145557,661,258,3,2024-03-20 12:00:00,471122.9,Credit Card
145558,490,258,3,2024-03-20 12:00:00,964008.5,Credit Card
145559,31,31,3,2024-03-20 12:00:00,129583.1,Cash
145560,916,31,3,2024-03-20 12:00:00,154307.30000000002,Credit Card
145561,710,46,4,2024-03-20 12:00:00,75683.8,Credit Card
145562,644,46,4,2024-03-20 12:00:00,492712.8000000001,Cash
145563,861,46,4,2024-03-20 12:00:00,96319.4,Cash
145564,896,190,5,2024-03-20 12:00:00,754493.1000000001,Credit Card
145565,335,8,5,2024-03-20 12:00:00,117393.7,Cash
145566,499,146,5,2024-03-20 12:00:00,118919.3,Credit Card
145567,995,319,5,2024-03-20 12:00:00,162148.3,Cash
145568,638,221,5,2024-03-20 12:00:00,724592.0,Cash
145569,825,319,5,2024-03-20 12:00:00,122293.19999999998,Credit Card
145570,999,8,5,2024-03-20 12:00:00,630781.3,Cash
145571,1000,312,6,2024-03-20 12:00:00,150901.1,Cash
145572,816,111,6,2024-03-20 12:00:00,168802.3,Cash
145573,650,275,6,2024-03-20 12:00:00,171788.90000000002,Cash
145574,990,297,6,2024-03-20 12:00:00,203777.2,Cash
145575,578,331,7,2024-03-20 12:00:00,115022.8,Cash
145576,12,331,7,2024-03-20 12:00:00,114903.2,Credit Card
145577,229,331,7,2024-03-20 12:00:00,617905.1000000001,Credit Card
145578,912,112,8,2024-03-20 12:00:00,178190.7,Cash
145579,691,11,8,2024-03-20 12:00:00,114483.6,Credit Card
145580,380,382,8,2024-03-20 12:00:00,152145.09999999998,Credit Card
145581,677,71,8,2024-03-20 12:00:00,120624.2,Credit Card
145582,786,186,9,2024-03-20 12:00:00,128327.0,Cash
145583,959,147,9,2024-03-20 12:00:00,141416.9,Cash
145584,103,147,9,2024-03-20 12:00:00,481169.2,Cash
145585,911,186,9,2024-03-20 12:00:00,204921.8,Credit Card
145586,206,147,9,2024-03-20 12:00:00,226084.5,Credit Card
145587,934,147,9,2024-03-20 12:00:00,528303.0,Cash
145588,345,186,9,2024-03-20 12:00:00,856893.3,Cash
145589,130,194,10,2024-03-20 12:00:00,173836.0,Cash
145590,671,26,10,2024-03-20 12:00:00,865394.1,Cash
145591,705,194,10,2024-03-20 12:00:00,123844.4,Credit Card
145592,400,194,10,2024-03-20 12:00:00,732556.3,Credit Card
145593,95,194,10,2024-03-20 12:00:00,202202.9,Credit Card
146807,263,54,1,2024-03-20 13:00:00,150173.40000000002,Cash
146808,361,305,1,2024-03-20 13:00:00,150984.09999999998,Credit Card
146809,566,54,1,2024-03-20 13:00:00,954721.5,Credit Card
146810,810,54,1,2024-03-20 13:00:00,617775.2,Credit Card
146811,887,305,1,2024-03-20 13:00:00,145167.3,Credit Card
146812,554,54,1,2024-03-20 13:00:00,506513.1,Cash
146813,620,305,1,2024-03-20 13:00:00,73298.09999999999,Cash
146814,766,305,1,2024-03-20 13:00:00,142871.6,Cash
146815,131,54,1,2024-03-20 13:00:00,57572.1,Cash
146816,905,202,2,2024-03-20 13:00:00,665000.2,Credit Card
146817,722,302,2,2024-03-20 13:00:00,812237.0,Credit Card
146818,949,302,2,2024-03-20 13:00:00,185218.3,Credit Card
146819,331,302,2,2024-03-20 13:00:00,148196.3,Credit Card
146820,60,257,2,2024-03-20 13:00:00,112737.19999999998,Cash
146821,307,257,2,2024-03-20 13:00:00,157657.4,Credit Card
146822,607,448,2,2024-03-20 13:00:00,916905.6,Cash
146823,817,257,2,2024-03-20 13:00:00,854508.1000000001,Cash
146824,710,448,2,2024-03-20 13:00:00,144715.6,Cash
146825,297,31,3,2024-03-20 13:00:00,921177.7,Cash
146826,631,31,3,2024-03-20 13:00:00,907635.8,Cash
146827,6,299,3,2024-03-20 13:00:00,733280.0,Cash
146828,365,376,3,2024-03-20 13:00:00,69293.0,Credit Card
146829,161,376,3,2024-03-20 13:00:00,541943.5,Cash
146830,952,216,3,2024-03-20 13:00:00,114131.1,Credit Card
146831,696,46,4,2024-03-20 13:00:00,805035.3,Cash
146832,804,480,4,2024-03-20 13:00:00,162897.1,Credit Card
146833,15,46,4,2024-03-20 13:00:00,107097.2,Cash
146834,139,46,4,2024-03-20 13:00:00,140214.40000000002,Credit Card
146835,923,472,5,2024-03-20 13:00:00,996870.5,Credit Card
146836,805,146,5,2024-03-20 13:00:00,103925.7,Credit Card
146837,609,472,5,2024-03-20 13:00:00,217066.8,Credit Card
146838,961,221,5,2024-03-20 13:00:00,217827.7,Cash
146839,897,221,5,2024-03-20 13:00:00,882792.7999999999,Credit Card
146840,382,190,5,2024-03-20 13:00:00,141429.0,Cash
146841,400,111,6,2024-03-20 13:00:00,901552.5,Credit Card
146842,437,161,6,2024-03-20 13:00:00,434895.7,Credit Card
146843,737,205,6,2024-03-20 13:00:00,108411.9,Cash
146844,595,205,6,2024-03-20 13:00:00,145695.5,Cash
146845,591,490,7,2024-03-20 13:00:00,106295.7,Cash
146846,893,378,7,2024-03-20 13:00:00,458294.9,Cash
146847,582,251,7,2024-03-20 13:00:00,196646.6,Cash
146848,573,331,7,2024-03-20 13:00:00,122007.1,Credit Card
146849,930,343,7,2024-03-20 13:00:00,537147.7,Cash
146850,908,343,7,2024-03-20 13:00:00,498512.5,Credit Card
146851,555,343,7,2024-03-20 13:00:00,967050.3,Credit Card
146852,854,343,7,2024-03-20 13:00:00,105155.8,Credit Card
146853,607,251,7,2024-03-20 13:00:00,1224714.8,Credit Card
146854,55,11,8,2024-03-20 13:00:00,1121685.8,Credit Card
146855,524,71,8,2024-03-20 13:00:00,587928.8999999999,Credit Card
146856,233,322,8,2024-03-20 13:00:00,650404.0,Cash
146857,485,11,8,2024-03-20 13:00:00,80037.6,Credit Card
146858,843,382,8,2024-03-20 13:00:00,916722.7,Cash
146859,842,157,8,2024-03-20 13:00:00,95789.4,Cash
146860,241,382,8,2024-03-20 13:00:00,131216.9,Cash
146861,199,322,8,2024-03-20 13:00:00,149333.5,Credit Card
146862,814,322,8,2024-03-20 13:00:00,1015802.6,Credit Card
146863,536,147,9,2024-03-20 13:00:00,75042.5,Credit Card
146864,490,186,9,2024-03-20 13:00:00,963893.6,Cash
146865,675,147,9,2024-03-20 13:00:00,151333.5,Cash
146866,463,26,10,2024-03-20 13:00:00,161026.6,Cash
146867,743,26,10,2024-03-20 13:00:00,486228.1,Cash
146868,149,26,10,2024-03-20 13:00:00,94187.5,Credit Card
146869,787,194,10,2024-03-20 13:00:00,386562.4,Credit Card
146870,918,194,10,2024-03-20 13:00:00,950629.1,Cash
148133,456,305,1,2024-03-20 14:00:00,652039.2,Credit Card
148134,5,54,1,2024-03-20 14:00:00,192075.6,Cash
148135,70,54,1,2024-03-20 14:00:00,733180.7,Credit Card
148136,728,345,2,2024-03-20 14:00:00,164410.59999999998,Cash
148137,164,302,2,2024-03-20 14:00:00,191453.6,Cash
148138,341,91,2,2024-03-20 14:00:00,188736.7,Cash
148139,121,302,2,2024-03-20 14:00:00,190261.2,Cash
148140,66,257,2,2024-03-20 14:00:00,146267.7,Credit Card
148141,221,216,3,2024-03-20 14:00:00,697529.9,Credit Card
148142,837,258,3,2024-03-20 14:00:00,177945.0,Credit Card
148143,527,216,3,2024-03-20 14:00:00,128769.7,Credit Card
148144,645,376,3,2024-03-20 14:00:00,443687.4,Credit Card
148145,978,139,4,2024-03-20 14:00:00,115936.3,Credit Card
148146,566,139,4,2024-03-20 14:00:00,878311.4000000001,Cash
148147,309,69,4,2024-03-20 14:00:00,188323.6,Credit Card
148148,179,480,4,2024-03-20 14:00:00,112583.5,Cash
148149,337,221,5,2024-03-20 14:00:00,102446.1,Credit Card
148150,377,319,5,2024-03-20 14:00:00,1240692.9,Cash
148151,232,319,5,2024-03-20 14:00:00,562258.5,Cash
148152,854,472,5,2024-03-20 14:00:00,112268.9,Credit Card
148153,722,319,5,2024-03-20 14:00:00,425910.4,Credit Card
148154,302,146,5,2024-03-20 14:00:00,164858.9,Cash
148155,411,472,5,2024-03-20 14:00:00,149271.8,Credit Card
148156,356,146,5,2024-03-20 14:00:00,127966.4,Credit Card
148157,724,8,5,2024-03-20 14:00:00,216669.4,Cash
148158,8,319,5,2024-03-20 14:00:00,912857.8,Credit Card
148159,278,161,6,2024-03-20 14:00:00,1150797.3,Cash
148160,32,205,6,2024-03-20 14:00:00,147340.5,Credit Card
148161,591,481,6,2024-03-20 14:00:00,150646.2,Credit Card
148162,32,343,7,2024-03-20 14:00:00,152284.2,Credit Card
148163,313,251,7,2024-03-20 14:00:00,487131.1,Credit Card
148164,486,251,7,2024-03-20 14:00:00,72696.3,Cash
148165,889,13,7,2024-03-20 14:00:00,155150.09999999998,Credit Card
148166,287,378,7,2024-03-20 14:00:00,596399.6000000001,Credit Card
148167,732,11,8,2024-03-20 14:00:00,929678.6,Cash
148168,617,193,8,2024-03-20 14:00:00,708296.9,Credit Card
148169,652,382,8,2024-03-20 14:00:00,847291.5,Cash
148170,431,71,8,2024-03-20 14:00:00,765810.2999999999,Credit Card
148171,234,322,8,2024-03-20 14:00:00,214279.0,Cash
148172,160,332,8,2024-03-20 14:00:00,98001.2,Cash
148173,259,157,8,2024-03-20 14:00:00,171023.3,Cash
148174,992,186,9,2024-03-20 14:00:00,628639.0,Credit Card
148175,73,186,9,2024-03-20 14:00:00,92101.8,Credit Card
148176,379,147,9,2024-03-20 14:00:00,134615.0,Cash
148177,749,26,10,2024-03-20 14:00:00,607226.7,Cash
148178,739,194,10,2024-03-20 14:00:00,218478.8,Credit Card
148179,734,26,10,2024-03-20 14:00:00,835532.5,Credit Card
148180,977,26,10,2024-03-20 14:00:00,397644.8000000001,Cash
148181,521,26,10,2024-03-20 14:00:00,149861.5,Cash
148182,747,194,10,2024-03-20 14:00:00,108735.0,Credit Card
149444,856,305,1,2024-03-20 15:00:00,795967.3999999999,Credit Card
149445,789,305,1,2024-03-20 15:00:00,159345.7,Cash
149446,736,54,1,2024-03-20 15:00:00,139610.80000000002,Credit Card
149447,757,91,2,2024-03-20 15:00:00,155224.6,Credit Card
149448,963,302,2,2024-03-20 15:00:00,768199.2,Credit Card
149449,373,302,2,2024-03-20 15:00:00,779333.7999999999,Cash
149450,386,448,2,2024-03-20 15:00:00,174366.9,Cash
149451,385,345,2,2024-03-20 15:00:00,1154105.1,Credit Card
149452,812,448,2,2024-03-20 15:00:00,127847.7,Cash
149453,392,299,3,2024-03-20 15:00:00,155071.1,Credit Card
149454,669,299,3,2024-03-20 15:00:00,1075791.6,Cash
149455,42,299,3,2024-03-20 15:00:00,155837.4,Cash
149456,893,31,3,2024-03-20 15:00:00,555048.4,Credit Card
149457,691,258,3,2024-03-20 15:00:00,96265.1,Cash
149458,6,216,3,2024-03-20 15:00:00,532657.7999999999,Cash
149459,615,376,3,2024-03-20 15:00:00,175634.7,Credit Card
149460,760,139,4,2024-03-20 15:00:00,407993.1,Cash
149461,823,480,4,2024-03-20 15:00:00,712785.8,Credit Card
149462,359,480,4,2024-03-20 15:00:00,133631.3,Cash
149463,247,69,4,2024-03-20 15:00:00,667562.2999999999,Credit Card
149464,943,472,5,2024-03-20 15:00:00,130842.6,Credit Card
149465,133,146,5,2024-03-20 15:00:00,934774.6,Credit Card
149466,676,472,5,2024-03-20 15:00:00,182365.2,Credit Card
149467,91,8,5,2024-03-20 15:00:00,73409.4,Cash
149468,888,472,5,2024-03-20 15:00:00,166663.0,Cash
149469,155,190,5,2024-03-20 15:00:00,757338.5,Cash
149470,961,319,5,2024-03-20 15:00:00,108202.1,Credit Card
149471,564,472,5,2024-03-20 15:00:00,821610.3,Cash
149472,576,205,6,2024-03-20 15:00:00,873673.8999999999,Credit Card
149473,491,312,6,2024-03-20 15:00:00,140359.8,Cash
149474,739,312,6,2024-03-20 15:00:00,850337.7999999998,Credit Card
149475,199,111,6,2024-03-20 15:00:00,128105.3,Cash
149476,891,58,6,2024-03-20 15:00:00,306910.0,Cash
149477,465,275,6,2024-03-20 15:00:00,210283.1,Credit Card
149478,397,58,6,2024-03-20 15:00:00,114545.3,Cash
149479,264,481,6,2024-03-20 15:00:00,174637.3,Cash
149480,479,331,7,2024-03-20 15:00:00,920647.0,Credit Card
149481,135,490,7,2024-03-20 15:00:00,85881.1,Credit Card
149482,912,331,7,2024-03-20 15:00:00,169171.2,Credit Card
149483,106,343,7,2024-03-20 15:00:00,109821.5,Credit Card
149484,569,331,7,2024-03-20 15:00:00,667670.0,Credit Card
149485,742,262,7,2024-03-20 15:00:00,90483.3,Credit Card
149486,918,331,7,2024-03-20 15:00:00,1073567.3,Credit Card
149487,480,331,7,2024-03-20 15:00:00,105500.0,Cash
149488,85,11,8,2024-03-20 15:00:00,921625.7,Credit Card
149489,134,322,8,2024-03-20 15:00:00,287935.6,Cash
149490,823,11,8,2024-03-20 15:00:00,707721.3,Credit Card
149491,867,71,8,2024-03-20 15:00:00,162895.30000000002,Cash
149492,986,147,9,2024-03-20 15:00:00,755732.7999999999,Cash
149493,514,186,9,2024-03-20 15:00:00,207058.2,Credit Card
149494,230,147,9,2024-03-20 15:00:00,128564.4,Credit Card
149495,758,186,9,2024-03-20 15:00:00,135480.7,Cash
149496,718,186,9,2024-03-20 15:00:00,793099.8,Credit Card
149497,118,147,9,2024-03-20 15:00:00,106409.0,Credit Card
149498,275,186,9,2024-03-20 15:00:00,1074217.1,Credit Card
149499,918,147,9,2024-03-20 15:00:00,273024.9,Cash
149500,114,186,9,2024-03-20 15:00:00,561804.9,Cash
149501,92,26,10,2024-03-20 15:00:00,714718.6000000001,Cash
149502,577,26,10,2024-03-20 15:00:00,145852.8,Credit Card
149503,524,26,10,2024-03-20 15:00:00,701657.6000000001,Cash
149504,644,26,10,2024-03-20 15:00:00,858283.6000000001,Cash
149505,714,194,10,2024-03-20 15:00:00,789872.2999999999,Cash
150776,309,305,1,2024-03-20 16:00:00,177896.3,Cash
150777,110,54,1,2024-03-20 16:00:00,131095.5,Credit Card
150778,86,305,1,2024-03-20 16:00:00,524955.1,Cash
150779,929,305,1,2024-03-20 16:00:00,665239.3,Cash
150780,125,305,1,2024-03-20 16:00:00,686163.6000000001,Credit Card
150781,560,305,1,2024-03-20 16:00:00,111443.6,Cash
150782,728,54,1,2024-03-20 16:00:00,102588.8,Credit Card
150783,642,305,1,2024-03-20 16:00:00,847138.4,Credit Card
150784,215,54,1,2024-03-20 16:00:00,125370.9,Cash
150785,852,305,1,2024-03-20 16:00:00,170090.3,Credit Card
150786,217,54,1,2024-03-20 16:00:00,168788.39999999997,Cash
150787,978,305,1,2024-03-20 16:00:00,103845.6,Credit Card
150788,819,305,1,2024-03-20 16:00:00,116964.2,Credit Card
150789,106,54,1,2024-03-20 16:00:00,124435.2,Credit Card
150790,614,257,2,2024-03-20 16:00:00,170381.1,Credit Card
150791,999,345,2,2024-03-20 16:00:00,1058740.6,Cash
150792,524,257,2,2024-03-20 16:00:00,588684.9,Cash
150793,498,202,2,2024-03-20 16:00:00,547190.2000000001,Credit Card
150794,758,202,2,2024-03-20 16:00:00,141215.6,Credit Card
150795,220,91,2,2024-03-20 16:00:00,995857.8,Cash
150796,642,202,2,2024-03-20 16:00:00,982324.4,Credit Card
150797,40,295,2,2024-03-20 16:00:00,691535.5,Cash
150798,602,31,3,2024-03-20 16:00:00,691256.0,Credit Card
150799,537,299,3,2024-03-20 16:00:00,142676.6,Credit Card
150800,853,299,3,2024-03-20 16:00:00,695217.3,Credit Card
150801,544,299,3,2024-03-20 16:00:00,644268.8999999999,Credit Card
150802,64,258,3,2024-03-20 16:00:00,177463.9,Credit Card
150803,263,216,3,2024-03-20 16:00:00,212897.0,Credit Card
150804,882,31,3,2024-03-20 16:00:00,808691.0,Cash
150805,489,480,4,2024-03-20 16:00:00,195870.9,Cash
150806,296,139,4,2024-03-20 16:00:00,124040.3,Cash
150807,149,46,4,2024-03-20 16:00:00,125905.4,Cash
150808,499,480,4,2024-03-20 16:00:00,183771.0,Credit Card
150809,47,69,4,2024-03-20 16:00:00,173812.90000000002,Credit Card
150810,21,221,5,2024-03-20 16:00:00,713312.1,Cash
150811,526,319,5,2024-03-20 16:00:00,157756.59999999998,Cash
150812,586,221,5,2024-03-20 16:00:00,108738.6,Cash
150813,156,472,5,2024-03-20 16:00:00,654201.8,Credit Card
150814,154,319,5,2024-03-20 16:00:00,114313.3,Cash
150815,906,8,5,2024-03-20 16:00:00,539362.4,Credit Card
150816,222,8,5,2024-03-20 16:00:00,847339.1,Cash
150817,73,319,5,2024-03-20 16:00:00,163619.40000000002,Credit Card
150818,686,472,5,2024-03-20 16:00:00,201594.8,Credit Card
150819,753,472,5,2024-03-20 16:00:00,554775.4,Cash
150820,663,146,5,2024-03-20 16:00:00,563182.6000000001,Cash
150821,454,319,5,2024-03-20 16:00:00,843047.9000000001,Credit Card
150822,531,481,6,2024-03-20 16:00:00,341836.9,Cash
150823,114,275,6,2024-03-20 16:00:00,1154047.0,Credit Card
150824,712,312,6,2024-03-20 16:00:00,134842.1,Cash
150825,51,111,6,2024-03-20 16:00:00,161201.4,Cash
150826,183,58,6,2024-03-20 16:00:00,707126.0,Credit Card
150827,343,275,6,2024-03-20 16:00:00,615273.8,Credit Card
150828,428,275,6,2024-03-20 16:00:00,155648.7,Credit Card
150829,481,275,6,2024-03-20 16:00:00,903535.9,Credit Card
150830,370,58,6,2024-03-20 16:00:00,781816.7,Credit Card
150831,379,111,6,2024-03-20 16:00:00,97931.4,Cash
150832,945,275,6,2024-03-20 16:00:00,839136.1000000001,Credit Card
150833,919,297,6,2024-03-20 16:00:00,623886.8,Credit Card
150834,806,297,6,2024-03-20 16:00:00,194393.3,Credit Card
150835,500,331,7,2024-03-20 16:00:00,104742.7,Cash
150836,512,490,7,2024-03-20 16:00:00,82527.4,Credit Card
150837,629,262,7,2024-03-20 16:00:00,86539.9,Credit Card
150838,505,262,7,2024-03-20 16:00:00,186108.9,Cash
150839,156,490,7,2024-03-20 16:00:00,620462.0,Credit Card
150840,858,343,7,2024-03-20 16:00:00,633486.8,Credit Card
150841,427,71,8,2024-03-20 16:00:00,477656.9,Credit Card
150842,919,193,8,2024-03-20 16:00:00,574349.2,Credit Card
150843,865,322,8,2024-03-20 16:00:00,192247.7,Cash
150844,961,11,8,2024-03-20 16:00:00,130537.0,Cash
150845,291,71,8,2024-03-20 16:00:00,128537.7,Cash
150846,169,11,8,2024-03-20 16:00:00,663072.1000000001,Credit Card
150847,91,71,8,2024-03-20 16:00:00,191530.10000000003,Credit Card
150848,659,157,8,2024-03-20 16:00:00,775161.8,Credit Card
150849,285,193,8,2024-03-20 16:00:00,173779.0,Credit Card
150850,288,11,8,2024-03-20 16:00:00,187159.7,Cash
150851,61,112,8,2024-03-20 16:00:00,161243.8,Cash
150852,390,112,8,2024-03-20 16:00:00,659303.3,Cash
150853,930,157,8,2024-03-20 16:00:00,811389.3,Credit Card
150854,564,11,8,2024-03-20 16:00:00,346245.9,Credit Card
150855,154,147,9,2024-03-20 16:00:00,94133.2,Cash
150856,555,147,9,2024-03-20 16:00:00,429152.8000000001,Cash
150857,250,147,9,2024-03-20 16:00:00,155034.1,Cash
150858,657,186,9,2024-03-20 16:00:00,120787.1,Credit Card
150859,706,147,9,2024-03-20 16:00:00,190919.1,Credit Card
150860,932,147,9,2024-03-20 16:00:00,113141.1,Credit Card
150861,716,147,9,2024-03-20 16:00:00,113874.4,Cash
150862,760,147,9,2024-03-20 16:00:00,861412.9,Cash
150863,71,147,9,2024-03-20 16:00:00,661671.5,Cash
150864,473,186,9,2024-03-20 16:00:00,169932.09999999998,Credit Card
150865,51,147,9,2024-03-20 16:00:00,190888.8,Credit Card
150866,22,186,9,2024-03-20 16:00:00,175163.7,Cash
150867,850,186,9,2024-03-20 16:00:00,134348.9,Cash
150868,901,147,9,2024-03-20 16:00:00,124943.9,Credit Card
150869,727,186,9,2024-03-20 16:00:00,89226.5,Cash
150870,279,194,10,2024-03-20 16:00:00,160639.3,Credit Card
150871,474,194,10,2024-03-20 16:00:00,650070.6000000001,Credit Card
150872,828,194,10,2024-03-20 16:00:00,935900.9,Cash
150873,113,26,10,2024-03-20 16:00:00,1018890.7,Cash
150874,150,194,10,2024-03-20 16:00:00,85563.59999999999,Credit Card
150875,261,26,10,2024-03-20 16:00:00,149768.59999999998,Credit Card
150876,21,194,10,2024-03-20 16:00:00,729393.3,Cash
150877,525,26,10,2024-03-20 16:00:00,187809.3,Credit Card
150878,91,194,10,2024-03-20 16:00:00,175516.0,Credit Card
150879,637,26,10,2024-03-20 16:00:00,599128.5,Cash
150880,728,26,10,2024-03-20 16:00:00,128712.7,Credit Card
150881,164,194,10,2024-03-20 16:00:00,197657.7,Cash
152799,838,54,1,2024-03-20 17:00:00,168359.6,Credit Card
152800,812,54,1,2024-03-20 17:00:00,153378.1,Credit Card
152801,128,305,1,2024-03-20 17:00:00,157381.19999999998,Cash
152802,545,305,1,2024-03-20 17:00:00,875594.5000000001,Cash
152803,7,305,1,2024-03-20 17:00:00,111868.8,Credit Card
152804,395,305,1,2024-03-20 17:00:00,586514.0,Cash
152805,403,54,1,2024-03-20 17:00:00,160515.2,Cash
152806,35,305,1,2024-03-20 17:00:00,66488.6,Credit Card
152807,609,305,1,2024-03-20 17:00:00,94086.3,Cash
152808,853,54,1,2024-03-20 17:00:00,779465.8999999999,Cash
152809,531,54,1,2024-03-20 17:00:00,317782.69999999995,Credit Card
152810,491,54,1,2024-03-20 17:00:00,142868.0,Cash
152811,873,54,1,2024-03-20 17:00:00,101091.9,Credit Card
152812,117,448,2,2024-03-20 17:00:00,156578.09999999998,Cash
152813,341,202,2,2024-03-20 17:00:00,174683.3,Cash
152814,871,345,2,2024-03-20 17:00:00,120052.0,Credit Card
152815,336,202,2,2024-03-20 17:00:00,895103.6000000001,Cash
152816,25,202,2,2024-03-20 17:00:00,212887.8,Credit Card
152817,770,448,2,2024-03-20 17:00:00,146187.59999999998,Credit Card
152818,523,202,2,2024-03-20 17:00:00,147055.3,Cash
152819,229,448,2,2024-03-20 17:00:00,819525.7,Credit Card
152820,174,302,2,2024-03-20 17:00:00,572566.2999999999,Cash
152821,897,295,2,2024-03-20 17:00:00,1172880.7000000002,Credit Card
152822,686,448,2,2024-03-20 17:00:00,100177.3,Cash
152823,300,31,3,2024-03-20 17:00:00,914984.9,Credit Card
152824,618,376,3,2024-03-20 17:00:00,139789.4,Credit Card
152825,16,376,3,2024-03-20 17:00:00,109889.7,Cash
152826,221,216,3,2024-03-20 17:00:00,295249.8,Credit Card
152827,247,258,3,2024-03-20 17:00:00,945646.6,Cash
152828,76,31,3,2024-03-20 17:00:00,272121.1,Credit Card
152829,525,376,3,2024-03-20 17:00:00,150162.4,Cash
152830,704,31,3,2024-03-20 17:00:00,65482.9,Credit Card
152831,56,376,3,2024-03-20 17:00:00,204420.3,Credit Card
152832,188,216,3,2024-03-20 17:00:00,737324.2999999999,Cash
152833,784,216,3,2024-03-20 17:00:00,936777.1,Cash
152834,483,299,3,2024-03-20 17:00:00,781204.4,Credit Card
152835,864,376,3,2024-03-20 17:00:00,134751.0,Credit Card
152836,88,216,3,2024-03-20 17:00:00,114318.9,Credit Card
152837,624,139,4,2024-03-20 17:00:00,138080.7,Credit Card
152838,771,69,4,2024-03-20 17:00:00,169519.9,Cash
152839,878,480,4,2024-03-20 17:00:00,194482.6,Cash
152840,753,69,4,2024-03-20 17:00:00,1049487.6,Cash
152841,667,480,4,2024-03-20 17:00:00,137850.7,Cash
152842,683,46,4,2024-03-20 17:00:00,711575.5,Cash
152843,330,319,5,2024-03-20 17:00:00,690811.3,Credit Card
152844,150,8,5,2024-03-20 17:00:00,153767.19999999998,Credit Card
152845,60,8,5,2024-03-20 17:00:00,73823.4,Credit Card
152846,857,472,5,2024-03-20 17:00:00,881137.5,Credit Card
152847,554,146,5,2024-03-20 17:00:00,507462.9,Credit Card
152848,398,190,5,2024-03-20 17:00:00,403671.7,Cash
152849,773,146,5,2024-03-20 17:00:00,191423.3,Cash
152850,832,190,5,2024-03-20 17:00:00,204100.1,Credit Card
152851,2,472,5,2024-03-20 17:00:00,810832.6,Credit Card
152852,861,319,5,2024-03-20 17:00:00,76515.6,Credit Card
152853,554,146,5,2024-03-20 17:00:00,909828.5,Credit Card
152854,328,58,6,2024-03-20 17:00:00,88912.8,Cash
152855,456,205,6,2024-03-20 17:00:00,722246.4000000001,Credit Card
152856,36,58,6,2024-03-20 17:00:00,476967.79999999993,Credit Card
152857,877,111,6,2024-03-20 17:00:00,146843.7,Cash
152858,452,275,6,2024-03-20 17:00:00,799289.6,Cash
152859,110,297,6,2024-03-20 17:00:00,167407.5,Credit Card
152860,22,58,6,2024-03-20 17:00:00,142921.4,Credit Card
152861,74,111,6,2024-03-20 17:00:00,66930.20000000001,Credit Card
152862,496,111,6,2024-03-20 17:00:00,168631.1,Cash
152863,159,58,6,2024-03-20 17:00:00,178192.5,Cash
152864,372,275,6,2024-03-20 17:00:00,129931.8,Cash
152865,299,312,6,2024-03-20 17:00:00,800328.8,Credit Card
152866,701,58,6,2024-03-20 17:00:00,760597.0,Cash
152867,828,481,6,2024-03-20 17:00:00,788937.7,Credit Card
152868,824,490,7,2024-03-20 17:00:00,765836.0,Cash
152869,22,13,7,2024-03-20 17:00:00,81931.20000000001,Credit Card
152870,889,331,7,2024-03-20 17:00:00,189632.9,Credit Card
152871,779,251,7,2024-03-20 17:00:00,988959.1,Credit Card
152872,206,378,7,2024-03-20 17:00:00,196968.6,Cash
152873,749,490,7,2024-03-20 17:00:00,451354.1,Credit Card
152874,893,13,7,2024-03-20 17:00:00,1109336.0,Credit Card
152875,850,343,7,2024-03-20 17:00:00,147784.8,Credit Card
152876,584,490,7,2024-03-20 17:00:00,1143332.7,Credit Card
152877,718,343,7,2024-03-20 17:00:00,948554.6,Credit Card
152878,635,331,7,2024-03-20 17:00:00,123934.6,Credit Card
152879,598,378,7,2024-03-20 17:00:00,388445.0,Cash
152880,213,71,8,2024-03-20 17:00:00,180890.3,Cash
152881,164,157,8,2024-03-20 17:00:00,131843.6,Cash
152882,872,71,8,2024-03-20 17:00:00,1019831.1,Credit Card
152883,620,157,8,2024-03-20 17:00:00,157692.4,Cash
152884,482,322,8,2024-03-20 17:00:00,726745.5,Cash
152885,194,71,8,2024-03-20 17:00:00,135181.8,Cash
152886,385,332,8,2024-03-20 17:00:00,702868.7000000001,Cash
152887,332,186,9,2024-03-20 17:00:00,565445.2000000001,Cash
152888,337,186,9,2024-03-20 17:00:00,154291.8,Credit Card
152889,841,147,9,2024-03-20 17:00:00,176147.2,Credit Card
152890,628,147,9,2024-03-20 17:00:00,114123.9,Credit Card
152891,923,186,9,2024-03-20 17:00:00,892093.6000000001,Cash
152892,251,147,9,2024-03-20 17:00:00,167016.40000000002,Credit Card
152893,677,147,9,2024-03-20 17:00:00,146010.1,Cash
152894,587,147,9,2024-03-20 17:00:00,161132.5,Credit Card
152895,915,186,9,2024-03-20 17:00:00,472471.3,Cash
152896,597,186,9,2024-03-20 17:00:00,156220.2,Cash
152897,838,186,9,2024-03-20 17:00:00,98752.9,Credit Card
152898,76,147,9,2024-03-20 17:00:00,631960.7,Cash
152899,985,26,10,2024-03-20 17:00:00,140104.90000000002,Credit Card
152900,394,194,10,2024-03-20 17:00:00,133516.2,Cash
152901,42,26,10,2024-03-20 17:00:00,95554.69999999998,Cash
152902,923,26,10,2024-03-20 17:00:00,626644.0,Cash
152903,679,194,10,2024-03-20 17:00:00,151658.4,Credit Card
152904,700,194,10,2024-03-20 17:00:00,160705.5,Credit Card
152905,293,26,10,2024-03-20 17:00:00,778238.6,Cash
154751,62,54,1,2024-03-20 18:00:00,140324.8,Credit Card
154752,818,54,1,2024-03-20 18:00:00,395020.1,Credit Card
154753,335,54,1,2024-03-20 18:00:00,136565.6,Cash
154754,134,305,1,2024-03-20 18:00:00,816681.2999999999,Cash
154755,454,305,1,2024-03-20 18:00:00,662250.5,Cash
154756,460,305,1,2024-03-20 18:00:00,494660.1,Credit Card
154757,374,305,1,2024-03-20 18:00:00,790574.8,Cash
154758,319,54,1,2024-03-20 18:00:00,897572.4,Cash
154759,901,54,1,2024-03-20 18:00:00,74417.8,Credit Card
154760,37,305,1,2024-03-20 18:00:00,515699.20000000007,Cash
154761,723,305,1,2024-03-20 18:00:00,840207.5,Credit Card
154762,566,305,1,2024-03-20 18:00:00,1087600.1,Credit Card
154763,121,54,1,2024-03-20 18:00:00,141645.3,Credit Card
154764,371,202,2,2024-03-20 18:00:00,156190.59999999998,Credit Card
154765,144,448,2,2024-03-20 18:00:00,682004.1,Credit Card
154766,324,448,2,2024-03-20 18:00:00,166311.6,Credit Card
154767,522,257,2,2024-03-20 18:00:00,562991.1000000001,Credit Card
154768,814,91,2,2024-03-20 18:00:00,468297.7,Credit Card
154769,538,295,2,2024-03-20 18:00:00,492917.9,Cash
154770,794,295,2,2024-03-20 18:00:00,1045368.6,Cash
154771,114,91,2,2024-03-20 18:00:00,525551.8,Credit Card
154772,252,302,2,2024-03-20 18:00:00,142852.30000000002,Credit Card
154773,252,302,2,2024-03-20 18:00:00,138628.4,Cash
154774,313,295,2,2024-03-20 18:00:00,213751.2,Cash
154775,589,31,3,2024-03-20 18:00:00,576998.5,Cash
154776,166,258,3,2024-03-20 18:00:00,152799.4,Cash
154777,304,376,3,2024-03-20 18:00:00,916901.9,Cash
154778,258,299,3,2024-03-20 18:00:00,161211.7,Credit Card
154779,786,216,3,2024-03-20 18:00:00,55968.40000000001,Credit Card
154780,842,258,3,2024-03-20 18:00:00,84500.90000000001,Credit Card
154781,837,376,3,2024-03-20 18:00:00,164535.80000000002,Cash
154782,184,258,3,2024-03-20 18:00:00,650474.2,Cash
154783,59,46,4,2024-03-20 18:00:00,137129.5,Credit Card
154784,853,46,4,2024-03-20 18:00:00,515355.0,Credit Card
154785,916,139,4,2024-03-20 18:00:00,117991.0,Cash
154786,171,139,4,2024-03-20 18:00:00,1127210.7000000002,Credit Card
154787,719,69,4,2024-03-20 18:00:00,174772.59999999998,Cash
154788,388,46,4,2024-03-20 18:00:00,53723.4,Cash
154789,641,46,4,2024-03-20 18:00:00,836330.0,Credit Card
154790,491,480,4,2024-03-20 18:00:00,171912.1,Credit Card
154791,923,69,4,2024-03-20 18:00:00,340675.1,Credit Card
154792,53,139,4,2024-03-20 18:00:00,744459.8,Cash
154793,498,8,5,2024-03-20 18:00:00,1101390.8,Cash
154794,407,190,5,2024-03-20 18:00:00,135520.2,Cash
154795,572,190,5,2024-03-20 18:00:00,181415.6,Credit Card
154796,220,190,5,2024-03-20 18:00:00,743129.7,Credit Card
154797,883,319,5,2024-03-20 18:00:00,175391.90000000002,Credit Card
154798,931,221,5,2024-03-20 18:00:00,130402.80000000002,Cash
154799,257,8,5,2024-03-20 18:00:00,805935.7,Cash
154800,583,146,5,2024-03-20 18:00:00,174952.1,Credit Card
154801,342,190,5,2024-03-20 18:00:00,177348.8,Cash
154802,352,8,5,2024-03-20 18:00:00,451164.7,Credit Card
154803,596,312,6,2024-03-20 18:00:00,480528.5,Credit Card
154804,366,111,6,2024-03-20 18:00:00,850260.2999999999,Cash
154805,149,161,6,2024-03-20 18:00:00,172727.3,Cash
154806,404,275,6,2024-03-20 18:00:00,476424.8,Cash
154807,863,111,6,2024-03-20 18:00:00,911666.7,Credit Card
154808,641,161,6,2024-03-20 18:00:00,683949.9,Credit Card
154809,718,58,6,2024-03-20 18:00:00,583722.3999999999,Cash
154810,946,161,6,2024-03-20 18:00:00,168431.40000000002,Cash
154811,212,312,6,2024-03-20 18:00:00,794336.8999999999,Cash
154812,79,297,6,2024-03-20 18:00:00,155008.5,Cash
154813,124,58,6,2024-03-20 18:00:00,853047.6000000001,Credit Card
154814,92,481,6,2024-03-20 18:00:00,724072.5000000001,Cash
154815,979,161,6,2024-03-20 18:00:00,77953.70000000001,Credit Card
154816,534,111,6,2024-03-20 18:00:00,394286.3,Credit Card
154817,194,13,7,2024-03-20 18:00:00,106743.80000000002,Credit Card
154818,443,251,7,2024-03-20 18:00:00,208569.0,Credit Card
154819,141,262,7,2024-03-20 18:00:00,699680.8,Credit Card
154820,785,343,7,2024-03-20 18:00:00,810819.9000000001,Credit Card
154821,108,13,7,2024-03-20 18:00:00,121713.6,Cash
154822,249,343,7,2024-03-20 18:00:00,119283.5,Credit Card
154823,347,343,7,2024-03-20 18:00:00,418604.6,Credit Card
154824,784,331,7,2024-03-20 18:00:00,408357.00000000006,Cash
154825,620,251,7,2024-03-20 18:00:00,156355.5,Credit Card
154826,189,251,7,2024-03-20 18:00:00,782283.8999999999,Credit Card
154827,609,343,7,2024-03-20 18:00:00,131156.3,Cash
154828,17,382,8,2024-03-20 18:00:00,121337.3,Cash
154829,351,332,8,2024-03-20 18:00:00,166323.5,Credit Card
154830,165,112,8,2024-03-20 18:00:00,664617.2,Credit Card
154831,486,322,8,2024-03-20 18:00:00,161566.7,Cash
154832,600,11,8,2024-03-20 18:00:00,568576.3999999999,Credit Card
154833,606,382,8,2024-03-20 18:00:00,377875.1,Credit Card
154834,738,112,8,2024-03-20 18:00:00,732681.0,Cash
154835,98,382,8,2024-03-20 18:00:00,571508.3,Credit Card
154836,187,193,8,2024-03-20 18:00:00,206625.8,Credit Card
154837,182,147,9,2024-03-20 18:00:00,994712.9,Credit Card
154838,259,186,9,2024-03-20 18:00:00,105196.2,Credit Card
154839,806,147,9,2024-03-20 18:00:00,218312.6,Cash
154840,274,186,9,2024-03-20 18:00:00,657629.8,Cash
154841,178,186,9,2024-03-20 18:00:00,807264.7,Cash
154842,260,147,9,2024-03-20 18:00:00,887470.2,Credit Card
154843,182,147,9,2024-03-20 18:00:00,965382.1,Cash
154844,994,186,9,2024-03-20 18:00:00,539249.1,Cash
154845,114,186,9,2024-03-20 18:00:00,553161.7,Cash
154846,797,147,9,2024-03-20 18:00:00,541714.9000000001,Credit Card
154847,647,147,9,2024-03-20 18:00:00,160175.7,Credit Card
154848,281,194,10,2024-03-20 18:00:00,748751.6,Credit Card
154849,684,26,10,2024-03-20 18:00:00,163518.2,Cash
154850,946,194,10,2024-03-20 18:00:00,140054.4,Credit Card
154851,273,194,10,2024-03-20 18:00:00,814762.3,Credit Card
154852,443,26,10,2024-03-20 18:00:00,133890.7,Credit Card
154853,162,26,10,2024-03-20 18:00:00,78110.1,Cash
154854,871,194,10,2024-03-20 18:00:00,130208.69999999998,Credit Card
156769,110,305,1,2024-03-20 19:00:00,166490.0,Cash
156770,632,305,1,2024-03-20 19:00:00,702203.2,Cash
156771,980,54,1,2024-03-20 19:00:00,194441.1,Cash
156772,707,91,2,2024-03-20 19:00:00,705490.2000000001,Cash
156773,87,302,2,2024-03-20 19:00:00,185265.2,Cash
156774,515,302,2,2024-03-20 19:00:00,69496.3,Cash
156775,98,345,2,2024-03-20 19:00:00,1001163.8,Cash
156776,362,202,2,2024-03-20 19:00:00,151630.8,Cash
156777,83,295,2,2024-03-20 19:00:00,564365.1,Credit Card
156778,105,31,3,2024-03-20 19:00:00,462000.4,Credit Card
156779,990,258,3,2024-03-20 19:00:00,166469.8,Credit Card
156780,972,216,3,2024-03-20 19:00:00,201071.3,Credit Card
156781,627,31,3,2024-03-20 19:00:00,536874.1,Credit Card
156782,230,31,3,2024-03-20 19:00:00,196419.3,Cash
156783,663,31,3,2024-03-20 19:00:00,1163966.6,Cash
156784,325,480,4,2024-03-20 19:00:00,445133.7,Cash
156785,366,480,4,2024-03-20 19:00:00,714783.6000000001,Credit Card
156786,777,480,4,2024-03-20 19:00:00,176683.7,Cash
156787,223,46,4,2024-03-20 19:00:00,104136.4,Cash
156788,902,480,4,2024-03-20 19:00:00,748261.0,Cash
156789,891,480,4,2024-03-20 19:00:00,1091081.9,Credit Card
156790,612,8,5,2024-03-20 19:00:00,144480.9,Cash
156791,989,472,5,2024-03-20 19:00:00,150159.7,Cash
156792,329,319,5,2024-03-20 19:00:00,161248.5,Credit Card
156793,952,190,5,2024-03-20 19:00:00,68945.2,Cash
156794,547,146,5,2024-03-20 19:00:00,162324.90000000002,Cash
156795,811,472,5,2024-03-20 19:00:00,193024.3,Cash
156796,854,472,5,2024-03-20 19:00:00,134977.4,Cash
156797,851,8,5,2024-03-20 19:00:00,115639.2,Credit Card
156798,16,111,6,2024-03-20 19:00:00,139182.2,Cash
156799,428,205,6,2024-03-20 19:00:00,186612.2,Credit Card
156800,919,297,6,2024-03-20 19:00:00,786709.1,Cash
156801,403,297,6,2024-03-20 19:00:00,164176.1,Cash
156802,345,205,6,2024-03-20 19:00:00,161260.59999999998,Cash
156803,320,111,6,2024-03-20 19:00:00,185271.7,Credit Card
156804,343,312,6,2024-03-20 19:00:00,712935.4,Credit Card
156805,292,161,6,2024-03-20 19:00:00,200671.0,Credit Card
156806,228,378,7,2024-03-20 19:00:00,134597.3,Cash
156807,572,490,7,2024-03-20 19:00:00,169714.0,Cash
156808,26,13,7,2024-03-20 19:00:00,117910.9,Cash
156809,624,343,7,2024-03-20 19:00:00,183770.1,Cash
156810,122,343,7,2024-03-20 19:00:00,161645.0,Cash
156811,89,331,7,2024-03-20 19:00:00,767058.5,Cash
156812,513,71,8,2024-03-20 19:00:00,157625.10000000003,Credit Card
156813,11,157,8,2024-03-20 19:00:00,118877.8,Cash
156814,564,382,8,2024-03-20 19:00:00,484946.5,Credit Card
156815,637,382,8,2024-03-20 19:00:00,992395.7,Credit Card
156816,137,332,8,2024-03-20 19:00:00,162742.5,Cash
156817,43,157,8,2024-03-20 19:00:00,552898.2,Cash
156818,336,186,9,2024-03-20 19:00:00,768623.5,Credit Card
156819,606,186,9,2024-03-20 19:00:00,888100.7,Cash
156820,962,147,9,2024-03-20 19:00:00,188856.3,Cash
156821,924,26,10,2024-03-20 19:00:00,289247.4,Credit Card
156822,652,26,10,2024-03-20 19:00:00,562659.2,Credit Card
156823,604,194,10,2024-03-20 19:00:00,108029.3,Credit Card
156824,662,194,10,2024-03-20 19:00:00,871003.5,Cash
156825,890,194,10,2024-03-20 19:00:00,114591.1,Cash
156826,283,26,10,2024-03-20 19:00:00,572818.9,Credit Card
156827,720,194,10,2024-03-20 19:00:00,106833.1,Credit Card
157711,582,305,1,2024-03-20 20:00:00,141661.9,Credit Card
157712,457,305,1,2024-03-20 20:00:00,138621.9,Cash
157713,275,305,1,2024-03-20 20:00:00,219587.0,Cash
157714,985,54,1,2024-03-20 20:00:00,119955.3,Credit Card
157715,935,202,2,2024-03-20 20:00:00,554425.3,Cash
157716,247,295,2,2024-03-20 20:00:00,1043189.1,Cash
157717,820,302,2,2024-03-20 20:00:00,137970.5,Credit Card
157718,928,299,3,2024-03-20 20:00:00,195700.8,Cash
157719,282,299,3,2024-03-20 20:00:00,102607.2,Cash
157720,862,299,3,2024-03-20 20:00:00,750892.5,Cash
157721,302,258,3,2024-03-20 20:00:00,145310.7,Cash
157722,956,376,3,2024-03-20 20:00:00,150725.4,Cash
157723,96,258,3,2024-03-20 20:00:00,544794.2,Cash
157724,796,376,3,2024-03-20 20:00:00,807461.5,Credit Card
157725,692,376,3,2024-03-20 20:00:00,155937.7,Cash
157726,32,69,4,2024-03-20 20:00:00,184890.7,Credit Card
157727,480,46,4,2024-03-20 20:00:00,132086.6,Cash
157728,8,46,4,2024-03-20 20:00:00,845751.1000000001,Cash
157729,586,46,4,2024-03-20 20:00:00,154795.80000000002,Cash
157730,128,480,4,2024-03-20 20:00:00,104773.9,Cash
157731,554,480,4,2024-03-20 20:00:00,646491.1,Credit Card
157732,878,69,4,2024-03-20 20:00:00,188163.4,Cash
157733,554,139,4,2024-03-20 20:00:00,776866.4,Cash
157734,57,221,5,2024-03-20 20:00:00,209045.6,Credit Card
157735,695,146,5,2024-03-20 20:00:00,193624.1,Credit Card
157736,799,221,5,2024-03-20 20:00:00,119814.6,Credit Card
157737,686,319,5,2024-03-20 20:00:00,134352.7,Credit Card
157738,937,319,5,2024-03-20 20:00:00,1221942.9,Cash
157739,122,8,5,2024-03-20 20:00:00,186719.0,Credit Card
157740,767,190,5,2024-03-20 20:00:00,123974.3,Cash
157741,662,221,5,2024-03-20 20:00:00,551595.3999999999,Cash
157742,965,481,6,2024-03-20 20:00:00,214849.4,Credit Card
157743,248,312,6,2024-03-20 20:00:00,1112706.9,Credit Card
157744,264,111,6,2024-03-20 20:00:00,144522.2,Credit Card
157745,336,481,6,2024-03-20 20:00:00,787102.8999999999,Cash
157746,539,161,6,2024-03-20 20:00:00,832824.7000000001,Credit Card
157747,738,312,6,2024-03-20 20:00:00,807175.3,Cash
157748,241,343,7,2024-03-20 20:00:00,131525.4,Cash
157749,14,331,7,2024-03-20 20:00:00,224746.7,Credit Card
157750,636,331,7,2024-03-20 20:00:00,378134.4,Cash
157751,971,262,7,2024-03-20 20:00:00,703558.6000000001,Cash
157752,510,332,8,2024-03-20 20:00:00,121719.0,Credit Card
157753,105,382,8,2024-03-20 20:00:00,455073.6,Cash
157754,937,11,8,2024-03-20 20:00:00,479841.7,Credit Card
157755,697,147,9,2024-03-20 20:00:00,126047.9,Credit Card
157756,678,147,9,2024-03-20 20:00:00,74198.79999999999,Credit Card
157757,565,186,9,2024-03-20 20:00:00,119447.30000000002,Cash
157758,147,147,9,2024-03-20 20:00:00,851834.8,Cash
157759,544,147,9,2024-03-20 20:00:00,685006.5,Cash
157760,1000,186,9,2024-03-20 20:00:00,108901.5,Credit Card
157761,738,26,10,2024-03-20 20:00:00,195961.1,Credit Card
157762,494,26,10,2024-03-20 20:00:00,129341.0,Credit Card
157763,198,26,10,2024-03-20 20:00:00,482913.0,Cash
157764,445,26,10,2024-03-20 20:00:00,984331.7,Cash
158628,615,54,1,2024-03-20 21:00:00,130505.8,Cash
158629,868,305,1,2024-03-20 21:00:00,158390.7,Credit Card
158630,294,54,1,2024-03-20 21:00:00,135168.80000000002,Cash
158631,234,91,2,2024-03-20 21:00:00,174371.4,Credit Card
158632,14,257,2,2024-03-20 21:00:00,88990.9,Cash
158633,541,448,2,2024-03-20 21:00:00,230143.9,Credit Card
158634,676,299,3,2024-03-20 21:00:00,124422.19999999998,Cash
158635,252,216,3,2024-03-20 21:00:00,117230.1,Cash
158636,824,216,3,2024-03-20 21:00:00,981028.8,Cash
158637,747,299,3,2024-03-20 21:00:00,146282.3,Cash
158638,853,299,3,2024-03-20 21:00:00,296272.5,Credit Card
158639,977,480,4,2024-03-20 21:00:00,622256.5,Cash
158640,400,139,4,2024-03-20 21:00:00,761416.2,Cash
158641,970,480,4,2024-03-20 21:00:00,826206.4,Cash
158642,861,319,5,2024-03-20 21:00:00,88467.4,Credit Card
158643,28,221,5,2024-03-20 21:00:00,205884.2,Cash
158644,316,472,5,2024-03-20 21:00:00,124424.2,Credit Card
158645,91,146,5,2024-03-20 21:00:00,69809.1,Cash
158646,894,221,5,2024-03-20 21:00:00,149719.90000000002,Cash
158647,364,472,5,2024-03-20 21:00:00,104469.4,Cash
158648,967,205,6,2024-03-20 21:00:00,155565.2,Credit Card
158649,493,297,6,2024-03-20 21:00:00,543643.1,Credit Card
158650,196,161,6,2024-03-20 21:00:00,193340.7,Cash
158651,680,111,6,2024-03-20 21:00:00,967244.2,Cash
158652,782,111,6,2024-03-20 21:00:00,162072.9,Credit Card
158653,783,312,6,2024-03-20 21:00:00,510034.4,Credit Card
158654,193,378,7,2024-03-20 21:00:00,145384.3,Cash
158655,203,331,7,2024-03-20 21:00:00,592914.8,Cash
158656,752,262,7,2024-03-20 21:00:00,174691.6,Cash
158657,8,382,8,2024-03-20 21:00:00,391764.6,Credit Card
158658,525,157,8,2024-03-20 21:00:00,122203.0,Cash
158659,878,332,8,2024-03-20 21:00:00,103098.6,Cash
158660,776,112,8,2024-03-20 21:00:00,109241.0,Credit Card
158661,354,193,8,2024-03-20 21:00:00,740799.8,Credit Card
158662,703,322,8,2024-03-20 21:00:00,210357.6,Credit Card
158663,621,186,9,2024-03-20 21:00:00,367767.8000000001,Credit Card
158664,333,147,9,2024-03-20 21:00:00,130281.4,Credit Card
158665,87,147,9,2024-03-20 21:00:00,144185.4,Credit Card
158666,70,147,9,2024-03-20 21:00:00,747747.0,Cash
158667,880,194,10,2024-03-20 21:00:00,521481.2,Credit Card
158668,727,194,10,2024-03-20 21:00:00,110507.0,Cash
158669,957,26,10,2024-03-20 21:00:00,141299.09999999998,Credit Card
158670,876,26,10,2024-03-20 21:00:00,56215.9,Cash
158671,666,26,10,2024-03-20 21:00:00,402888.6,Cash
158672,696,26,10,2024-03-20 21:00:00,767852.1,Cash
158673,943,194,10,2024-03-20 21:00:00,61907.5,Credit Card
159557,327,305,1,2024-03-20 22:00:00,888001.2,Credit Card
159558,892,305,1,2024-03-20 22:00:00,123417.4,Credit Card
159559,828,305,1,2024-03-20 22:00:00,882960.2000000001,Cash
159560,384,305,1,2024-03-20 22:00:00,119209.0,Credit Card
159561,56,54,1,2024-03-20 22:00:00,162207.1,Cash
159562,377,54,1,2024-03-20 22:00:00,604040.0,Credit Card
159563,936,54,1,2024-03-20 22:00:00,156899.2,Credit Card
159564,534,305,1,2024-03-20 22:00:00,394692.3000000001,Credit Card
159565,7,202,2,2024-03-20 22:00:00,61522.0,Credit Card
159566,855,257,2,2024-03-20 22:00:00,111295.5,Credit Card
159567,8,257,2,2024-03-20 22:00:00,951692.6,Credit Card
159568,587,91,2,2024-03-20 22:00:00,84634.40000000001,Credit Card
159569,130,202,2,2024-03-20 22:00:00,193091.4,Cash
159570,884,302,2,2024-03-20 22:00:00,774821.7,Credit Card
159571,677,258,3,2024-03-20 22:00:00,156947.0,Cash
159572,155,299,3,2024-03-20 22:00:00,639952.8,Cash
159573,896,258,3,2024-03-20 22:00:00,634605.7,Cash
159574,883,258,3,2024-03-20 22:00:00,215206.4,Credit Card
159575,608,216,3,2024-03-20 22:00:00,361526.6,Credit Card
159576,889,299,3,2024-03-20 22:00:00,145781.0,Credit Card
159577,474,299,3,2024-03-20 22:00:00,1020339.5,Credit Card
159578,528,46,4,2024-03-20 22:00:00,602932.5,Cash
159579,290,139,4,2024-03-20 22:00:00,144932.6,Credit Card
159580,206,69,4,2024-03-20 22:00:00,121033.5,Cash
159581,591,480,4,2024-03-20 22:00:00,61540.4,Cash
159582,978,46,4,2024-03-20 22:00:00,195013.5,Credit Card
159583,290,46,4,2024-03-20 22:00:00,135083.3,Credit Card
159584,615,69,4,2024-03-20 22:00:00,58068.0,Credit Card
159585,918,190,5,2024-03-20 22:00:00,469689.2,Cash
159586,277,8,5,2024-03-20 22:00:00,662207.8999999999,Cash
159587,583,146,5,2024-03-20 22:00:00,100319.8,Credit Card
159588,591,319,5,2024-03-20 22:00:00,131398.2,Credit Card
159589,206,146,5,2024-03-20 22:00:00,123810.3,Cash
159590,190,58,6,2024-03-20 22:00:00,713641.3,Cash
159591,819,275,6,2024-03-20 22:00:00,165148.59999999998,Credit Card
159592,877,297,6,2024-03-20 22:00:00,67497.0,Cash
159593,180,58,6,2024-03-20 22:00:00,525617.2,Cash
159594,405,490,7,2024-03-20 22:00:00,77617.8,Cash
159595,702,331,7,2024-03-20 22:00:00,100601.4,Cash
159596,31,262,7,2024-03-20 22:00:00,156260.6,Credit Card
159597,877,112,8,2024-03-20 22:00:00,160318.2,Cash
159598,533,193,8,2024-03-20 22:00:00,1216425.0,Credit Card
159599,351,11,8,2024-03-20 22:00:00,129872.8,Credit Card
159600,373,147,9,2024-03-20 22:00:00,641317.7,Cash
159601,939,186,9,2024-03-20 22:00:00,605396.6,Credit Card
159602,886,147,9,2024-03-20 22:00:00,157293.0,Cash
159603,556,147,9,2024-03-20 22:00:00,541870.9,Credit Card
159604,437,26,10,2024-03-20 22:00:00,910890.2,Credit Card
159605,915,194,10,2024-03-20 22:00:00,1093828.1,Cash
159606,42,194,10,2024-03-20 22:00:00,134350.9,Cash
159607,965,194,10,2024-03-20 22:00:00,162419.6,Cash
159608,746,26,10,2024-03-20 22:00:00,200146.6,Cash
160480,469,139,4,2024-03-20 23:00:00,312679.9,Cash
160481,538,69,4,2024-03-20 23:00:00,703082.8,Cash
160482,194,319,5,2024-03-20 23:00:00,120952.7,Credit Card
160483,420,111,6,2024-03-20 23:00:00,681912.8,Cash
160484,203,205,6,2024-03-20 23:00:00,889601.3,Cash
160485,116,481,6,2024-03-20 23:00:00,200825.6,Cash
160486,479,332,8,2024-03-20 23:00:00,620236.0,Credit Card
160487,138,147,9,2024-03-20 23:00:00,155759.1,Cash
160488,148,186,9,2024-03-20 23:00:00,173545.2,Credit Card
160489,830,194,10,2024-03-20 23:00:00,154204.3,Credit Card
160780,894,257,2,2024-03-21 00:00:00,128950.8,Cash
160781,11,91,2,2024-03-21 00:00:00,110809.7,Credit Card
160782,362,216,3,2024-03-21 00:00:00,116930.1,Cash
160783,268,69,4,2024-03-21 00:00:00,99557.1,Credit Card
160784,439,69,4,2024-03-21 00:00:00,580724.2000000001,Credit Card
160785,688,161,6,2024-03-21 00:00:00,174566.59999999998,Credit Card
160786,802,186,9,2024-03-21 00:00:00,177111.4,Cash
160787,400,26,10,2024-03-21 00:00:00,759829.2,Credit Card
160788,320,26,10,2024-03-21 00:00:00,141627.6,Credit Card
161058,280,305,1,2024-03-21 01:00:00,805277.8,Cash
161059,116,305,1,2024-03-21 01:00:00,164503.7,Credit Card
161060,394,345,2,2024-03-21 01:00:00,153100.1,Credit Card
161061,29,257,2,2024-03-21 01:00:00,852720.0,Cash
161062,62,448,2,2024-03-21 01:00:00,166985.0,Credit Card
161063,463,299,3,2024-03-21 01:00:00,144551.59999999998,Cash
161064,38,139,4,2024-03-21 01:00:00,627492.1,Cash
161065,442,46,4,2024-03-21 01:00:00,619625.2,Cash
161066,963,319,5,2024-03-21 01:00:00,522058.4,Cash
161067,933,190,5,2024-03-21 01:00:00,159338.3,Cash
161068,911,205,6,2024-03-21 01:00:00,135806.5,Credit Card
161069,210,481,6,2024-03-21 01:00:00,175233.5,Cash
161070,452,58,6,2024-03-21 01:00:00,864712.0000000001,Credit Card
161071,700,343,7,2024-03-21 01:00:00,88405.7,Credit Card
161072,745,157,8,2024-03-21 01:00:00,597045.7,Cash
161073,822,112,8,2024-03-21 01:00:00,173388.80000000002,Cash
161074,149,26,10,2024-03-21 01:00:00,191561.3,Cash
161075,936,26,10,2024-03-21 01:00:00,109439.6,Cash
161323,873,31,3,2024-03-21 02:00:00,125991.8,Cash
161324,698,31,3,2024-03-21 02:00:00,787511.0,Credit Card
161325,415,376,3,2024-03-21 02:00:00,88697.4,Credit Card
161326,205,58,6,2024-03-21 02:00:00,623525.4,Cash
161327,263,275,6,2024-03-21 02:00:00,142251.4,Credit Card
161328,991,147,9,2024-03-21 02:00:00,161219.80000000002,Cash
161329,761,186,9,2024-03-21 02:00:00,105812.8,Cash
161330,212,147,9,2024-03-21 02:00:00,716751.0,Credit Card
161616,323,305,1,2024-03-21 03:00:00,730866.5,Credit Card
161617,292,91,2,2024-03-21 03:00:00,163574.30000000002,Cash
161618,635,319,5,2024-03-21 03:00:00,98923.19999999998,Cash
161619,642,161,6,2024-03-21 03:00:00,1083013.2000000002,Credit Card
161620,15,251,7,2024-03-21 03:00:00,108185.7,Credit Card
161621,399,490,7,2024-03-21 03:00:00,202972.1,Credit Card
161622,356,262,7,2024-03-21 03:00:00,93944.7,Cash
161623,747,11,8,2024-03-21 03:00:00,135869.1,Credit Card
161624,556,147,9,2024-03-21 03:00:00,675968.2999999999,Credit Card
161625,284,147,9,2024-03-21 03:00:00,883304.2,Cash
161626,240,147,9,2024-03-21 03:00:00,129899.5,Credit Card
161627,657,26,10,2024-03-21 03:00:00,51936.6,Credit Card
161909,330,305,1,2024-03-21 04:00:00,552155.2,Credit Card
161910,861,54,1,2024-03-21 04:00:00,155867.7,Credit Card
161911,727,305,1,2024-03-21 04:00:00,137416.5,Credit Card
161912,602,295,2,2024-03-21 04:00:00,746199.7,Cash
161913,741,302,2,2024-03-21 04:00:00,94617.2,Credit Card
161914,608,302,2,2024-03-21 04:00:00,580834.9,Credit Card
161915,912,299,3,2024-03-21 04:00:00,156100.6,Credit Card
161916,306,31,3,2024-03-21 04:00:00,137376.09999999998,Credit Card
161917,273,69,4,2024-03-21 04:00:00,846655.6,Cash
161918,628,480,4,2024-03-21 04:00:00,154833.5,Cash
161919,935,480,4,2024-03-21 04:00:00,782244.3999999999,Credit Card
161920,818,319,5,2024-03-21 04:00:00,953486.5,Cash
161921,495,275,6,2024-03-21 04:00:00,126578.8,Credit Card
161922,297,297,6,2024-03-21 04:00:00,761995.7,Credit Card
161923,334,262,7,2024-03-21 04:00:00,884382.9,Cash
161924,224,71,8,2024-03-21 04:00:00,175459.0,Cash
161925,510,332,8,2024-03-21 04:00:00,182086.3,Cash
161926,221,71,8,2024-03-21 04:00:00,725178.3,Cash
161927,297,147,9,2024-03-21 04:00:00,748251.6000000001,Credit Card
161928,909,186,9,2024-03-21 04:00:00,192843.0,Credit Card
162204,706,305,1,2024-03-21 05:00:00,131885.1,Credit Card
162205,70,258,3,2024-03-21 05:00:00,762013.7,Credit Card
162206,707,258,3,2024-03-21 05:00:00,560564.9,Credit Card
162207,815,190,5,2024-03-21 05:00:00,889983.2,Credit Card
162208,548,472,5,2024-03-21 05:00:00,646222.5,Cash
162209,249,146,5,2024-03-21 05:00:00,172280.1,Cash
162210,88,331,7,2024-03-21 05:00:00,91878.1,Cash
162211,199,490,7,2024-03-21 05:00:00,110805.0,Credit Card
162212,923,490,7,2024-03-21 05:00:00,965295.5,Cash
162213,738,71,8,2024-03-21 05:00:00,894330.7999999999,Credit Card
162214,779,147,9,2024-03-21 05:00:00,786277.3,Cash
162215,384,194,10,2024-03-21 05:00:00,165327.0,Cash
162216,118,26,10,2024-03-21 05:00:00,140128.0,Cash
162217,115,26,10,2024-03-21 05:00:00,519013.3000000001,Cash
162503,80,54,1,2024-03-21 06:00:00,147085.6,Credit Card
162504,555,54,1,2024-03-21 06:00:00,615266.9,Credit Card
162505,75,305,1,2024-03-21 06:00:00,106746.7,Credit Card
162506,249,54,1,2024-03-21 06:00:00,152483.7,Cash
162507,570,305,1,2024-03-21 06:00:00,852816.1000000001,Credit Card
162508,680,54,1,2024-03-21 06:00:00,751020.8,Credit Card
162509,667,305,1,2024-03-21 06:00:00,151945.4,Cash
162510,331,54,1,2024-03-21 06:00:00,132138.90000000002,Cash
162511,651,54,1,2024-03-21 06:00:00,603915.4,Cash
162512,283,91,2,2024-03-21 06:00:00,914295.0,Cash
162513,13,257,2,2024-03-21 06:00:00,1114834.8,Cash
162514,147,448,2,2024-03-21 06:00:00,998754.7,Cash
162515,659,295,2,2024-03-21 06:00:00,1084333.8,Credit Card
162516,452,257,2,2024-03-21 06:00:00,661135.4,Credit Card
162517,43,345,2,2024-03-21 06:00:00,595395.3,Cash
162518,581,302,2,2024-03-21 06:00:00,562974.4,Credit Card
162519,427,91,2,2024-03-21 06:00:00,230025.2,Cash
162520,724,345,2,2024-03-21 06:00:00,721433.4,Credit Card
162521,841,295,2,2024-03-21 06:00:00,149199.09999999998,Credit Card
162522,337,345,2,2024-03-21 06:00:00,160176.59999999998,Credit Card
162523,652,295,2,2024-03-21 06:00:00,617365.6,Credit Card
162524,375,299,3,2024-03-21 06:00:00,812896.8,Cash
162525,609,376,3,2024-03-21 06:00:00,129904.9,Cash
162526,68,299,3,2024-03-21 06:00:00,106002.2,Cash
162527,220,258,3,2024-03-21 06:00:00,852995.8,Cash
162528,667,216,3,2024-03-21 06:00:00,117243.8,Credit Card
162529,511,258,3,2024-03-21 06:00:00,161277.9,Cash
162530,81,216,3,2024-03-21 06:00:00,902187.2,Credit Card
162531,647,258,3,2024-03-21 06:00:00,177295.4,Cash
162532,971,258,3,2024-03-21 06:00:00,336554.4,Cash
162533,361,480,4,2024-03-21 06:00:00,164361.9,Cash
162534,585,69,4,2024-03-21 06:00:00,168205.2,Credit Card
162535,277,480,4,2024-03-21 06:00:00,750593.8999999999,Credit Card
162536,79,46,4,2024-03-21 06:00:00,111482.2,Credit Card
162537,904,46,4,2024-03-21 06:00:00,493411.79999999993,Cash
162538,924,139,4,2024-03-21 06:00:00,770557.3999999999,Cash
162539,57,139,4,2024-03-21 06:00:00,135578.3,Credit Card
162540,261,69,4,2024-03-21 06:00:00,136272.8,Credit Card
162541,65,69,4,2024-03-21 06:00:00,713732.7,Cash
162542,401,480,4,2024-03-21 06:00:00,158141.4,Credit Card
162543,924,46,4,2024-03-21 06:00:00,616754.9,Cash
162544,746,8,5,2024-03-21 06:00:00,184749.1,Cash
162545,428,319,5,2024-03-21 06:00:00,135605.9,Cash
162546,642,8,5,2024-03-21 06:00:00,832887.3999999999,Credit Card
162547,60,146,5,2024-03-21 06:00:00,78477.2,Cash
162548,146,221,5,2024-03-21 06:00:00,103667.2,Credit Card
162549,384,146,5,2024-03-21 06:00:00,80860.20000000001,Cash
162550,952,190,5,2024-03-21 06:00:00,143946.4,Credit Card
162551,836,8,5,2024-03-21 06:00:00,100492.8,Cash
162552,509,146,5,2024-03-21 06:00:00,1070526.9,Credit Card
162553,569,146,5,2024-03-21 06:00:00,629137.9,Credit Card
162554,737,8,5,2024-03-21 06:00:00,131156.3,Cash
162555,1,319,5,2024-03-21 06:00:00,765739.3999999999,Credit Card
162556,691,190,5,2024-03-21 06:00:00,127823.7,Cash
162557,489,297,6,2024-03-21 06:00:00,203520.5,Credit Card
162558,1000,205,6,2024-03-21 06:00:00,129208.6,Credit Card
162559,492,205,6,2024-03-21 06:00:00,145458.8,Credit Card
162560,131,297,6,2024-03-21 06:00:00,129048.4,Cash
162561,469,297,6,2024-03-21 06:00:00,808925.5,Cash
162562,151,297,6,2024-03-21 06:00:00,133336.0,Cash
162563,796,111,6,2024-03-21 06:00:00,356984.4,Credit Card
162564,724,481,6,2024-03-21 06:00:00,553709.3999999999,Cash
162565,72,312,6,2024-03-21 06:00:00,77278.3,Cash
162566,368,481,6,2024-03-21 06:00:00,653248.6,Cash
162567,992,481,6,2024-03-21 06:00:00,761870.3,Cash
162568,879,312,6,2024-03-21 06:00:00,119869.8,Credit Card
162569,573,297,6,2024-03-21 06:00:00,147807.0,Credit Card
162570,252,13,7,2024-03-21 06:00:00,126532.8,Cash
162571,673,251,7,2024-03-21 06:00:00,646464.8,Cash
162572,269,331,7,2024-03-21 06:00:00,150745.6,Cash
162573,461,251,7,2024-03-21 06:00:00,188423.9,Cash
162574,625,490,7,2024-03-21 06:00:00,629245.6,Cash
162575,881,490,7,2024-03-21 06:00:00,111698.5,Cash
162576,294,490,7,2024-03-21 06:00:00,212815.1,Credit Card
162577,221,262,7,2024-03-21 06:00:00,1000683.9,Credit Card
162578,11,378,7,2024-03-21 06:00:00,138368.8,Credit Card
162579,590,262,7,2024-03-21 06:00:00,130838.10000000002,Credit Card
162580,7,343,7,2024-03-21 06:00:00,96066.3,Cash
162581,85,382,8,2024-03-21 06:00:00,1253641.0,Cash
162582,282,382,8,2024-03-21 06:00:00,81374.5,Cash
162583,456,382,8,2024-03-21 06:00:00,398972.7,Credit Card
162584,146,382,8,2024-03-21 06:00:00,160506.69999999998,Cash
162585,85,322,8,2024-03-21 06:00:00,1011602.8,Cash
162586,190,322,8,2024-03-21 06:00:00,966077.1,Credit Card
162587,493,186,9,2024-03-21 06:00:00,846451.3,Cash
162588,953,147,9,2024-03-21 06:00:00,146977.9,Cash
162589,714,186,9,2024-03-21 06:00:00,222784.4,Cash
162590,759,147,9,2024-03-21 06:00:00,545919.9,Cash
162591,512,147,9,2024-03-21 06:00:00,111011.19999999998,Cash
162592,491,186,9,2024-03-21 06:00:00,120111.7,Credit Card
162593,691,194,10,2024-03-21 06:00:00,109786.5,Cash
162594,940,26,10,2024-03-21 06:00:00,163336.9,Credit Card
162595,771,194,10,2024-03-21 06:00:00,117147.30000000002,Cash
162596,76,194,10,2024-03-21 06:00:00,1027830.5,Cash
162597,613,194,10,2024-03-21 06:00:00,214904.60000000003,Credit Card
162598,473,194,10,2024-03-21 06:00:00,112279.0,Credit Card
162599,487,26,10,2024-03-21 06:00:00,885859.9000000001,Cash
162600,518,26,10,2024-03-21 06:00:00,628698.3999999999,Credit Card
162601,182,26,10,2024-03-21 06:00:00,684499.0,Cash
162602,844,194,10,2024-03-21 06:00:00,106817.4,Cash
162603,470,194,10,2024-03-21 06:00:00,69587.4,Cash
162604,727,194,10,2024-03-21 06:00:00,147063.4,Cash
162605,893,26,10,2024-03-21 06:00:00,513915.4,Cash
162606,461,194,10,2024-03-21 06:00:00,192291.9,Cash
162607,750,194,10,2024-03-21 06:00:00,948728.8,Credit Card
164491,969,305,1,2024-03-21 07:00:00,777151.8,Cash
164492,402,305,1,2024-03-21 07:00:00,203164.4,Cash
164493,301,305,1,2024-03-21 07:00:00,141451.0,Credit Card
164494,436,305,1,2024-03-21 07:00:00,154850.3,Cash
164495,218,305,1,2024-03-21 07:00:00,133468.4,Cash
164496,208,54,1,2024-03-21 07:00:00,588246.9,Credit Card
164497,819,305,1,2024-03-21 07:00:00,98429.1,Credit Card
164498,194,54,1,2024-03-21 07:00:00,160315.5,Credit Card
164499,850,54,1,2024-03-21 07:00:00,160069.8,Cash
164500,793,54,1,2024-03-21 07:00:00,145320.8,Credit Card
164501,930,305,1,2024-03-21 07:00:00,1261496.0,Cash
164502,506,257,2,2024-03-21 07:00:00,360184.7,Credit Card
164503,629,302,2,2024-03-21 07:00:00,72622.7,Credit Card
164504,802,202,2,2024-03-21 07:00:00,93735.8,Cash
164505,351,345,2,2024-03-21 07:00:00,98274.5,Credit Card
164506,620,448,2,2024-03-21 07:00:00,167878.5,Cash
164507,412,202,2,2024-03-21 07:00:00,109817.0,Credit Card
164508,409,448,2,2024-03-21 07:00:00,146134.4,Credit Card
164509,306,91,2,2024-03-21 07:00:00,155098.5,Credit Card
164510,377,91,2,2024-03-21 07:00:00,659971.4,Credit Card
164511,222,91,2,2024-03-21 07:00:00,363254.8,Credit Card
164512,735,202,2,2024-03-21 07:00:00,546398.3,Credit Card
164513,232,448,2,2024-03-21 07:00:00,949302.0,Cash
164514,48,257,2,2024-03-21 07:00:00,79061.5,Cash
164515,101,216,3,2024-03-21 07:00:00,173130.3,Cash
164516,870,376,3,2024-03-21 07:00:00,121824.0,Cash
164517,232,376,3,2024-03-21 07:00:00,654056.1,Cash
164518,210,31,3,2024-03-21 07:00:00,96137.2,Cash
164519,537,299,3,2024-03-21 07:00:00,152992.59999999998,Cash
164520,83,299,3,2024-03-21 07:00:00,890193.4,Cash
164521,941,46,4,2024-03-21 07:00:00,140573.4,Cash
164522,748,69,4,2024-03-21 07:00:00,706645.5,Credit Card
164523,919,480,4,2024-03-21 07:00:00,552996.2,Cash
164524,102,46,4,2024-03-21 07:00:00,173279.3,Cash
164525,714,139,4,2024-03-21 07:00:00,836252.3999999999,Cash
164526,540,480,4,2024-03-21 07:00:00,60596.40000000001,Cash
164527,103,472,5,2024-03-21 07:00:00,393704.3000000001,Cash
164528,537,319,5,2024-03-21 07:00:00,129602.2,Credit Card
164529,596,146,5,2024-03-21 07:00:00,487790.8,Credit Card
164530,367,8,5,2024-03-21 07:00:00,138031.1,Credit Card
164531,103,221,5,2024-03-21 07:00:00,486504.9,Credit Card
164532,975,221,5,2024-03-21 07:00:00,180125.6,Credit Card
164533,352,319,5,2024-03-21 07:00:00,166142.5,Credit Card
164534,743,8,5,2024-03-21 07:00:00,296903.7,Credit Card
164535,225,8,5,2024-03-21 07:00:00,669044.7,Credit Card
164536,827,472,5,2024-03-21 07:00:00,124860.2,Cash
164537,482,275,6,2024-03-21 07:00:00,1128941.3,Credit Card
164538,629,58,6,2024-03-21 07:00:00,112989.4,Cash
164539,62,205,6,2024-03-21 07:00:00,84290.20000000001,Credit Card
164540,387,297,6,2024-03-21 07:00:00,160882.1,Credit Card
164541,56,275,6,2024-03-21 07:00:00,125928.5,Cash
164542,789,111,6,2024-03-21 07:00:00,130004.5,Credit Card
164543,205,251,7,2024-03-21 07:00:00,643975.5,Credit Card
164544,479,13,7,2024-03-21 07:00:00,847298.7,Cash
164545,381,343,7,2024-03-21 07:00:00,163205.40000000002,Cash
164546,586,13,7,2024-03-21 07:00:00,149089.6,Credit Card
164547,509,343,7,2024-03-21 07:00:00,221722.2,Credit Card
164548,868,262,7,2024-03-21 07:00:00,134962.59999999998,Cash
164549,109,343,7,2024-03-21 07:00:00,75196.2,Credit Card
164550,383,262,7,2024-03-21 07:00:00,518062.9,Cash
164551,201,331,7,2024-03-21 07:00:00,447457.5,Credit Card
164552,787,343,7,2024-03-21 07:00:00,302805.1,Credit Card
164553,630,343,7,2024-03-21 07:00:00,922592.6,Cash
164554,626,251,7,2024-03-21 07:00:00,675592.6,Cash
164555,881,251,7,2024-03-21 07:00:00,152433.0,Credit Card
164556,224,382,8,2024-03-21 07:00:00,187310.5,Cash
164557,164,157,8,2024-03-21 07:00:00,139916.4,Cash
164558,68,11,8,2024-03-21 07:00:00,199608.3,Credit Card
164559,265,157,8,2024-03-21 07:00:00,621026.3999999999,Cash
164560,769,11,8,2024-03-21 07:00:00,207050.8,Cash
164561,752,322,8,2024-03-21 07:00:00,154366.1,Credit Card
164562,32,157,8,2024-03-21 07:00:00,94937.4,Credit Card
164563,417,112,8,2024-03-21 07:00:00,204208.7,Cash
164564,349,332,8,2024-03-21 07:00:00,102879.6,Credit Card
164565,637,193,8,2024-03-21 07:00:00,609477.1,Credit Card
164566,263,193,8,2024-03-21 07:00:00,120195.4,Cash
164567,208,147,9,2024-03-21 07:00:00,827754.5,Cash
164568,250,147,9,2024-03-21 07:00:00,195939.1,Credit Card
164569,698,147,9,2024-03-21 07:00:00,729351.2,Credit Card
164570,123,186,9,2024-03-21 07:00:00,127079.4,Credit Card
164571,618,147,9,2024-03-21 07:00:00,94448.9,Credit Card
164572,188,186,9,2024-03-21 07:00:00,1012548.4,Cash
164573,585,186,9,2024-03-21 07:00:00,97566.1,Credit Card
164574,140,186,9,2024-03-21 07:00:00,141912.8,Cash
164575,269,186,9,2024-03-21 07:00:00,94441.5,Cash
164576,477,147,9,2024-03-21 07:00:00,743161.0,Credit Card
164577,642,147,9,2024-03-21 07:00:00,754483.9,Credit Card
164578,503,26,10,2024-03-21 07:00:00,639763.8999999999,Credit Card
164579,277,26,10,2024-03-21 07:00:00,444719.9,Cash
164580,310,194,10,2024-03-21 07:00:00,245688.8,Credit Card
164581,700,194,10,2024-03-21 07:00:00,75947.9,Cash
164582,873,26,10,2024-03-21 07:00:00,155540.3,Cash
164583,806,26,10,2024-03-21 07:00:00,116205.1,Credit Card
164584,38,26,10,2024-03-21 07:00:00,803506.6,Credit Card
164585,813,26,10,2024-03-21 07:00:00,954238.7,Cash
164586,890,194,10,2024-03-21 07:00:00,115785.5,Cash
164587,478,194,10,2024-03-21 07:00:00,204270.4,Cash
164588,261,26,10,2024-03-21 07:00:00,203531.5,Cash
164589,685,194,10,2024-03-21 07:00:00,958629.1,Cash
164590,891,26,10,2024-03-21 07:00:00,857851.1000000001,Cash
166552,803,305,1,2024-03-21 08:00:00,865055.3,Cash
166553,836,54,1,2024-03-21 08:00:00,175303.5,Cash
166554,198,54,1,2024-03-21 08:00:00,661012.2000000001,Credit Card
166555,523,305,1,2024-03-21 08:00:00,70605.0,Credit Card
166556,897,305,1,2024-03-21 08:00:00,345794.5,Credit Card
166557,279,305,1,2024-03-21 08:00:00,160974.1,Credit Card
166558,239,54,1,2024-03-21 08:00:00,556506.7000000001,Cash
166559,252,202,2,2024-03-21 08:00:00,169461.1,Credit Card
166560,44,302,2,2024-03-21 08:00:00,698339.6000000001,Cash
166561,345,202,2,2024-03-21 08:00:00,886595.0,Cash
166562,672,91,2,2024-03-21 08:00:00,132753.5,Credit Card
166563,594,202,2,2024-03-21 08:00:00,847649.2999999999,Credit Card
166564,977,257,2,2024-03-21 08:00:00,449552.5,Cash
166565,831,295,2,2024-03-21 08:00:00,1106040.8,Cash
166566,496,448,2,2024-03-21 08:00:00,111246.8,Cash
166567,980,202,2,2024-03-21 08:00:00,139122.3,Credit Card
166568,842,302,2,2024-03-21 08:00:00,176595.3,Cash
166569,882,202,2,2024-03-21 08:00:00,656341.7,Credit Card
166570,22,302,2,2024-03-21 08:00:00,152653.1,Cash
166571,760,448,2,2024-03-21 08:00:00,754611.5,Cash
166572,538,448,2,2024-03-21 08:00:00,461488.4,Cash
166573,14,216,3,2024-03-21 08:00:00,167872.0,Credit Card
166574,652,376,3,2024-03-21 08:00:00,408943.7,Credit Card
166575,531,31,3,2024-03-21 08:00:00,744570.1,Cash
166576,90,299,3,2024-03-21 08:00:00,111677.4,Cash
166577,814,216,3,2024-03-21 08:00:00,654885.4,Cash
166578,781,31,3,2024-03-21 08:00:00,185391.3,Credit Card
166579,458,376,3,2024-03-21 08:00:00,112440.1,Cash
166580,524,216,3,2024-03-21 08:00:00,1103912.2999999998,Credit Card
166581,551,258,3,2024-03-21 08:00:00,130827.8,Cash
166582,423,31,3,2024-03-21 08:00:00,89921.2,Cash
166583,108,139,4,2024-03-21 08:00:00,159231.7,Cash
166584,222,46,4,2024-03-21 08:00:00,801305.5,Cash
166585,213,139,4,2024-03-21 08:00:00,72016.4,Credit Card
166586,75,46,4,2024-03-21 08:00:00,98820.2,Credit Card
166587,795,46,4,2024-03-21 08:00:00,95687.3,Cash
166588,345,480,4,2024-03-21 08:00:00,596039.3,Credit Card
166589,169,69,4,2024-03-21 08:00:00,921377.3,Cash
166590,787,69,4,2024-03-21 08:00:00,976224.8,Cash
166591,413,139,4,2024-03-21 08:00:00,708365.7999999999,Credit Card
166592,64,319,5,2024-03-21 08:00:00,103031.3,Credit Card
166593,629,221,5,2024-03-21 08:00:00,186226.7,Cash
166594,482,221,5,2024-03-21 08:00:00,321925.80000000005,Credit Card
166595,310,8,5,2024-03-21 08:00:00,236173.9,Credit Card
166596,286,221,5,2024-03-21 08:00:00,168466.4,Cash
166597,37,111,6,2024-03-21 08:00:00,1129965.1,Cash
166598,937,275,6,2024-03-21 08:00:00,588793.3,Credit Card
166599,440,297,6,2024-03-21 08:00:00,705595.0,Credit Card
166600,890,161,6,2024-03-21 08:00:00,73759.0,Cash
166601,823,58,6,2024-03-21 08:00:00,980953.4,Cash
166602,962,481,6,2024-03-21 08:00:00,111016.8,Cash
166603,814,111,6,2024-03-21 08:00:00,1118238.2,Credit Card
166604,192,205,6,2024-03-21 08:00:00,102981.7,Credit Card
166605,240,161,6,2024-03-21 08:00:00,194364.8,Credit Card
166606,192,111,6,2024-03-21 08:00:00,136947.3,Credit Card
166607,684,161,6,2024-03-21 08:00:00,80851.0,Cash
166608,330,490,7,2024-03-21 08:00:00,710325.8999999999,Credit Card
166609,434,251,7,2024-03-21 08:00:00,929089.8,Cash
166610,143,262,7,2024-03-21 08:00:00,128327.9,Credit Card
166611,62,251,7,2024-03-21 08:00:00,172485.4,Credit Card
166612,405,262,7,2024-03-21 08:00:00,54786.100000000006,Credit Card
166613,959,331,7,2024-03-21 08:00:00,138895.0,Cash
166614,611,193,8,2024-03-21 08:00:00,88427.9,Cash
166615,214,71,8,2024-03-21 08:00:00,253260.7,Cash
166616,912,157,8,2024-03-21 08:00:00,174761.59999999998,Credit Card
166617,244,193,8,2024-03-21 08:00:00,154358.0,Cash
166618,797,112,8,2024-03-21 08:00:00,817897.2,Cash
166619,862,332,8,2024-03-21 08:00:00,1185168.9,Cash
166620,560,147,9,2024-03-21 08:00:00,208314.1,Cash
166621,154,147,9,2024-03-21 08:00:00,203611.6,Credit Card
166622,865,147,9,2024-03-21 08:00:00,147732.5,Cash
166623,493,186,9,2024-03-21 08:00:00,224722.0,Credit Card
166624,204,186,9,2024-03-21 08:00:00,183807.8,Credit Card
166625,341,147,9,2024-03-21 08:00:00,178073.8,Cash
166626,679,147,9,2024-03-21 08:00:00,142481.4,Cash
166627,763,147,9,2024-03-21 08:00:00,64803.0,Credit Card
166628,357,147,9,2024-03-21 08:00:00,103023.0,Cash
166629,918,147,9,2024-03-21 08:00:00,580381.4,Cash
166630,435,147,9,2024-03-21 08:00:00,49993.4,Cash
166631,504,186,9,2024-03-21 08:00:00,794847.6,Credit Card
166632,657,194,10,2024-03-21 08:00:00,117487.7,Credit Card
166633,685,26,10,2024-03-21 08:00:00,961858.8,Credit Card
166634,389,194,10,2024-03-21 08:00:00,159015.4,Credit Card
166635,193,194,10,2024-03-21 08:00:00,77460.5,Cash
166636,825,26,10,2024-03-21 08:00:00,204319.1,Credit Card
168590,348,54,1,2024-03-21 09:00:00,663652.3999999999,Cash
168591,469,54,1,2024-03-21 09:00:00,350361.3,Cash
168592,864,305,1,2024-03-21 09:00:00,115636.5,Credit Card
168593,646,54,1,2024-03-21 09:00:00,198196.9,Cash
168594,977,305,1,2024-03-21 09:00:00,347524.60000000003,Credit Card
168595,630,305,1,2024-03-21 09:00:00,841934.3,Credit Card
168596,49,54,1,2024-03-21 09:00:00,475971.4,Cash
168597,894,305,1,2024-03-21 09:00:00,152330.0,Cash
168598,856,305,1,2024-03-21 09:00:00,554462.6,Cash
168599,356,257,2,2024-03-21 09:00:00,121831.4,Cash
168600,68,448,2,2024-03-21 09:00:00,176775.7,Credit Card
168601,102,448,2,2024-03-21 09:00:00,134280.0,Cash
168602,625,257,2,2024-03-21 09:00:00,529396.3999999999,Credit Card
168603,973,295,2,2024-03-21 09:00:00,136847.0,Credit Card
168604,359,295,2,2024-03-21 09:00:00,184923.9,Credit Card
168605,870,299,3,2024-03-21 09:00:00,164560.7,Credit Card
168606,271,376,3,2024-03-21 09:00:00,647692.3999999999,Credit Card
168607,4,376,3,2024-03-21 09:00:00,98871.6,Credit Card
168608,597,216,3,2024-03-21 09:00:00,181588.6,Cash
168609,493,31,3,2024-03-21 09:00:00,864068.8,Cash
168610,296,31,3,2024-03-21 09:00:00,185341.5,Credit Card
168611,27,258,3,2024-03-21 09:00:00,779095.0,Cash
168612,619,31,3,2024-03-21 09:00:00,115397.1,Cash
168613,765,31,3,2024-03-21 09:00:00,102491.2,Cash
168614,560,46,4,2024-03-21 09:00:00,153842.8,Cash
168615,860,69,4,2024-03-21 09:00:00,988493.9,Cash
168616,741,69,4,2024-03-21 09:00:00,80830.79999999999,Credit Card
168617,587,139,4,2024-03-21 09:00:00,133873.2,Cash
168618,241,480,4,2024-03-21 09:00:00,156522.9,Credit Card
168619,835,139,4,2024-03-21 09:00:00,91756.7,Credit Card
168620,84,46,4,2024-03-21 09:00:00,65904.29999999999,Cash
168621,326,139,4,2024-03-21 09:00:00,632399.2000000001,Credit Card
168622,618,69,4,2024-03-21 09:00:00,132050.5,Cash
168623,94,480,4,2024-03-21 09:00:00,84645.4,Credit Card
168624,285,319,5,2024-03-21 09:00:00,187080.5,Credit Card
168625,10,190,5,2024-03-21 09:00:00,658341.8,Credit Card
168626,521,221,5,2024-03-21 09:00:00,112404.2,Cash
168627,406,221,5,2024-03-21 09:00:00,794178.8999999999,Credit Card
168628,814,221,5,2024-03-21 09:00:00,768580.2,Credit Card
168629,26,190,5,2024-03-21 09:00:00,149637.8,Cash
168630,839,319,5,2024-03-21 09:00:00,403621.3,Credit Card
168631,981,275,6,2024-03-21 09:00:00,681456.3,Cash
168632,634,275,6,2024-03-21 09:00:00,132768.3,Cash
168633,900,481,6,2024-03-21 09:00:00,577266.5,Credit Card
168634,593,161,6,2024-03-21 09:00:00,755469.5,Cash
168635,326,161,6,2024-03-21 09:00:00,789588.3,Credit Card
168636,315,312,6,2024-03-21 09:00:00,657527.6000000001,Credit Card
168637,737,205,6,2024-03-21 09:00:00,117938.5,Cash
168638,755,13,7,2024-03-21 09:00:00,675416.4,Credit Card
168639,914,378,7,2024-03-21 09:00:00,234067.4,Credit Card
168640,192,262,7,2024-03-21 09:00:00,90058.3,Cash
168641,554,262,7,2024-03-21 09:00:00,509191.7,Cash
168642,987,378,7,2024-03-21 09:00:00,154275.0,Credit Card
168643,325,378,7,2024-03-21 09:00:00,577008.4,Cash
168644,494,331,7,2024-03-21 09:00:00,112189.7,Cash
168645,264,262,7,2024-03-21 09:00:00,120338.1,Cash
168646,919,262,7,2024-03-21 09:00:00,734308.9,Credit Card
168647,826,13,7,2024-03-21 09:00:00,190791.2,Credit Card
168648,6,322,8,2024-03-21 09:00:00,884799.0,Cash
168649,893,193,8,2024-03-21 09:00:00,895699.7000000001,Cash
168650,782,332,8,2024-03-21 09:00:00,110115.9,Credit Card
168651,946,11,8,2024-03-21 09:00:00,147310.90000000002,Credit Card
168652,404,322,8,2024-03-21 09:00:00,315398.6,Credit Card
168653,891,382,8,2024-03-21 09:00:00,184220.1,Cash
168654,454,112,8,2024-03-21 09:00:00,451653.8,Credit Card
168655,957,157,8,2024-03-21 09:00:00,163603.69999999998,Cash
168656,165,71,8,2024-03-21 09:00:00,607479.0,Cash
168657,638,322,8,2024-03-21 09:00:00,835851.6,Cash
168658,255,186,9,2024-03-21 09:00:00,129301.5,Cash
168659,627,186,9,2024-03-21 09:00:00,438084.3000000001,Cash
168660,341,147,9,2024-03-21 09:00:00,114778.9,Credit Card
168661,583,194,10,2024-03-21 09:00:00,143249.7,Cash
168662,759,194,10,2024-03-21 09:00:00,1008336.6,Credit Card
168663,293,26,10,2024-03-21 09:00:00,637094.3,Cash
168664,265,26,10,2024-03-21 09:00:00,745645.4,Credit Card
168665,723,26,10,2024-03-21 09:00:00,1301423.9,Cash
168666,69,194,10,2024-03-21 09:00:00,590458.7,Cash
168667,736,194,10,2024-03-21 09:00:00,191358.0,Cash
168668,189,194,10,2024-03-21 09:00:00,1021358.6,Credit Card
168669,66,194,10,2024-03-21 09:00:00,102219.0,Cash
168670,549,194,10,2024-03-21 09:00:00,151506.7,Cash
169911,486,305,1,2024-03-21 10:00:00,133456.5,Cash
169912,744,54,1,2024-03-21 10:00:00,1055302.7,Credit Card
169913,744,54,1,2024-03-21 10:00:00,885406.3,Cash
169914,916,305,1,2024-03-21 10:00:00,122484.6,Cash
169915,326,54,1,2024-03-21 10:00:00,648734.2000000001,Credit Card
169916,512,54,1,2024-03-21 10:00:00,116867.5,Cash
169917,938,54,1,2024-03-21 10:00:00,1087921.3,Cash
169918,835,202,2,2024-03-21 10:00:00,174320.0,Credit Card
169919,377,295,2,2024-03-21 10:00:00,259857.4,Credit Card
169920,745,448,2,2024-03-21 10:00:00,702788.1000000001,Credit Card
169921,201,302,2,2024-03-21 10:00:00,658983.8,Cash
169922,286,295,2,2024-03-21 10:00:00,149076.6,Credit Card
169923,931,376,3,2024-03-21 10:00:00,148989.3,Credit Card
169924,627,299,3,2024-03-21 10:00:00,663082.4,Cash
169925,864,216,3,2024-03-21 10:00:00,200844.9,Cash
169926,332,216,3,2024-03-21 10:00:00,786417.7,Cash
169927,6,376,3,2024-03-21 10:00:00,1130570.4,Cash
169928,25,258,3,2024-03-21 10:00:00,201805.5,Cash
169929,722,258,3,2024-03-21 10:00:00,776331.7000000001,Credit Card
169930,27,139,4,2024-03-21 10:00:00,1138934.7999999998,Cash
169931,520,69,4,2024-03-21 10:00:00,92039.2,Credit Card
169932,121,69,4,2024-03-21 10:00:00,94264.9,Credit Card
169933,166,480,4,2024-03-21 10:00:00,72696.3,Credit Card
169934,761,480,4,2024-03-21 10:00:00,94627.3,Credit Card
169935,124,472,5,2024-03-21 10:00:00,1057580.1,Credit Card
169936,452,319,5,2024-03-21 10:00:00,500594.29999999993,Credit Card
169937,479,146,5,2024-03-21 10:00:00,920126.8,Credit Card
169938,261,146,5,2024-03-21 10:00:00,139399.19999999998,Credit Card
169939,768,221,5,2024-03-21 10:00:00,141363.7,Cash
169940,972,190,5,2024-03-21 10:00:00,158251.59999999998,Credit Card
169941,264,472,5,2024-03-21 10:00:00,83580.0,Cash
169942,672,190,5,2024-03-21 10:00:00,78879.3,Cash
169943,449,319,5,2024-03-21 10:00:00,92025.3,Credit Card
169944,120,190,5,2024-03-21 10:00:00,897401.9,Credit Card
169945,152,481,6,2024-03-21 10:00:00,738501.6,Cash
169946,731,58,6,2024-03-21 10:00:00,211373.4,Credit Card
169947,819,312,6,2024-03-21 10:00:00,181153.3,Cash
169948,620,275,6,2024-03-21 10:00:00,125713.1,Credit Card
169949,91,275,6,2024-03-21 10:00:00,173501.0,Cash
169950,549,331,7,2024-03-21 10:00:00,212530.8,Cash
169951,927,490,7,2024-03-21 10:00:00,134506.4,Credit Card
169952,16,331,7,2024-03-21 10:00:00,121069.6,Cash
169953,757,331,7,2024-03-21 10:00:00,159262.9,Cash
169954,906,193,8,2024-03-21 10:00:00,673036.8,Cash
169955,279,193,8,2024-03-21 10:00:00,99552.6,Cash
169956,437,332,8,2024-03-21 10:00:00,586767.2,Cash
169957,776,112,8,2024-03-21 10:00:00,89934.0,Cash
169958,150,382,8,2024-03-21 10:00:00,146994.5,Cash
169959,620,382,8,2024-03-21 10:00:00,116931.0,Cash
169960,670,157,8,2024-03-21 10:00:00,127883.6,Credit Card
169961,478,157,8,2024-03-21 10:00:00,69578.2,Cash
169962,804,112,8,2024-03-21 10:00:00,141012.1,Credit Card
169963,155,186,9,2024-03-21 10:00:00,420191.8000000001,Credit Card
169964,403,186,9,2024-03-21 10:00:00,192195.2,Credit Card
169965,291,147,9,2024-03-21 10:00:00,148205.5,Cash
169966,866,147,9,2024-03-21 10:00:00,929076.1,Credit Card
169967,12,147,9,2024-03-21 10:00:00,219660.5,Cash
169968,737,147,9,2024-03-21 10:00:00,171602.90000000002,Credit Card
169969,195,147,9,2024-03-21 10:00:00,571057.3,Cash
169970,230,194,10,2024-03-21 10:00:00,99547.9,Cash
169971,704,26,10,2024-03-21 10:00:00,162957.0,Cash
169972,447,26,10,2024-03-21 10:00:00,604467.8,Credit Card
171235,616,305,1,2024-03-21 11:00:00,182020.1,Credit Card
171236,790,54,1,2024-03-21 11:00:00,136691.5,Cash
171237,509,305,1,2024-03-21 11:00:00,674675.2,Cash
171238,329,54,1,2024-03-21 11:00:00,181673.2,Cash
171239,225,54,1,2024-03-21 11:00:00,478811.5,Credit Card
171240,949,54,1,2024-03-21 11:00:00,136164.4,Cash
171241,996,54,1,2024-03-21 11:00:00,138982.5,Credit Card
171242,692,305,1,2024-03-21 11:00:00,145979.8,Credit Card
171243,914,54,1,2024-03-21 11:00:00,426675.4,Credit Card
171244,513,91,2,2024-03-21 11:00:00,127193.4,Cash
171245,159,345,2,2024-03-21 11:00:00,137272.2,Credit Card
171246,849,302,2,2024-03-21 11:00:00,131547.4,Credit Card
171247,559,448,2,2024-03-21 11:00:00,145127.59999999998,Credit Card
171248,470,448,2,2024-03-21 11:00:00,176540.09999999998,Cash
171249,436,345,2,2024-03-21 11:00:00,172486.3,Credit Card
171250,369,299,3,2024-03-21 11:00:00,150945.3,Credit Card
171251,118,31,3,2024-03-21 11:00:00,139522.6,Cash
171252,450,31,3,2024-03-21 11:00:00,877337.5000000001,Credit Card
171253,426,258,3,2024-03-21 11:00:00,109705.5,Credit Card
171254,732,31,3,2024-03-21 11:00:00,1003887.7,Credit Card
171255,130,299,3,2024-03-21 11:00:00,208166.9,Credit Card
171256,668,31,3,2024-03-21 11:00:00,759844.1000000001,Credit Card
171257,700,258,3,2024-03-21 11:00:00,145102.0,Credit Card
171258,318,46,4,2024-03-21 11:00:00,453734.0,Cash
171259,654,139,4,2024-03-21 11:00:00,103466.6,Credit Card
171260,926,139,4,2024-03-21 11:00:00,145297.0,Cash
171261,544,139,4,2024-03-21 11:00:00,574748.4,Credit Card
171262,16,46,4,2024-03-21 11:00:00,154109.6,Cash
171263,499,139,4,2024-03-21 11:00:00,110415.0,Credit Card
171264,29,480,4,2024-03-21 11:00:00,702703.2000000001,Credit Card
171265,664,139,4,2024-03-21 11:00:00,789890.1,Credit Card
171266,579,221,5,2024-03-21 11:00:00,199744.5,Credit Card
171267,450,221,5,2024-03-21 11:00:00,675163.3,Cash
171268,116,319,5,2024-03-21 11:00:00,123196.80000000002,Credit Card
171269,486,8,5,2024-03-21 11:00:00,162605.6,Cash
171270,943,319,5,2024-03-21 11:00:00,98060.2,Credit Card
171271,609,190,5,2024-03-21 11:00:00,73850.1,Credit Card
171272,206,319,5,2024-03-21 11:00:00,123450.6,Cash
171273,99,8,5,2024-03-21 11:00:00,172972.10000000003,Cash
171274,242,8,5,2024-03-21 11:00:00,534505.7999999999,Credit Card
171275,90,190,5,2024-03-21 11:00:00,139647.6,Cash
171276,878,58,6,2024-03-21 11:00:00,187491.8,Cash
171277,624,297,6,2024-03-21 11:00:00,147626.6,Credit Card
171278,467,275,6,2024-03-21 11:00:00,667558.3,Cash
171279,985,161,6,2024-03-21 11:00:00,124763.5,Credit Card
171280,260,161,6,2024-03-21 11:00:00,990349.8,Credit Card
171281,872,161,6,2024-03-21 11:00:00,591677.3999999999,Credit Card
171282,352,490,7,2024-03-21 11:00:00,875890.1,Credit Card
171283,370,251,7,2024-03-21 11:00:00,746759.8,Cash
171284,24,262,7,2024-03-21 11:00:00,188377.9,Cash
171285,396,262,7,2024-03-21 11:00:00,117264.0,Cash
171286,126,251,7,2024-03-21 11:00:00,99535.1,Cash
171287,71,378,7,2024-03-21 11:00:00,605526.7999999999,Credit Card
171288,786,378,7,2024-03-21 11:00:00,126014.0,Cash
171289,372,13,7,2024-03-21 11:00:00,132553.8,Credit Card
171290,689,262,7,2024-03-21 11:00:00,111151.0,Cash
171291,408,193,8,2024-03-21 11:00:00,134130.09999999998,Cash
171292,238,382,8,2024-03-21 11:00:00,531915.7,Cash
171293,369,112,8,2024-03-21 11:00:00,151057.69999999998,Credit Card
171294,246,332,8,2024-03-21 11:00:00,155355.19999999998,Cash
171295,332,332,8,2024-03-21 11:00:00,713979.0,Cash
171296,486,11,8,2024-03-21 11:00:00,115079.8,Cash
171297,502,112,8,2024-03-21 11:00:00,1006162.5,Credit Card
171298,91,186,9,2024-03-21 11:00:00,126716.1,Cash
171299,110,186,9,2024-03-21 11:00:00,105240.4,Credit Card
171300,608,186,9,2024-03-21 11:00:00,830980.0,Credit Card
171301,362,186,9,2024-03-21 11:00:00,177003.0,Cash
171302,987,147,9,2024-03-21 11:00:00,83432.8,Cash
171303,200,186,9,2024-03-21 11:00:00,786098.9999999999,Credit Card
171304,709,26,10,2024-03-21 11:00:00,564821.8,Credit Card
171305,507,26,10,2024-03-21 11:00:00,135118.3,Cash
171306,891,26,10,2024-03-21 11:00:00,750042.5,Cash
171307,868,194,10,2024-03-21 11:00:00,209148.6,Credit Card
171308,256,26,10,2024-03-21 11:00:00,124718.6,Cash
171309,632,194,10,2024-03-21 11:00:00,788289.4,Cash
172530,478,54,1,2024-03-21 12:00:00,129581.1,Credit Card
172531,530,305,1,2024-03-21 12:00:00,92790.9,Credit Card
172532,757,54,1,2024-03-21 12:00:00,101594.1,Credit Card
172533,2,305,1,2024-03-21 12:00:00,626773.1,Cash
172534,371,54,1,2024-03-21 12:00:00,127099.6,Credit Card
172535,328,305,1,2024-03-21 12:00:00,178953.4,Cash
172536,847,54,1,2024-03-21 12:00:00,623166.7,Credit Card
172537,654,295,2,2024-03-21 12:00:00,119213.7,Credit Card
172538,529,345,2,2024-03-21 12:00:00,802344.7,Cash
172539,950,257,2,2024-03-21 12:00:00,113954.5,Cash
172540,253,295,2,2024-03-21 12:00:00,130950.1,Credit Card
172541,13,257,2,2024-03-21 12:00:00,1112504.9,Cash
172542,809,216,3,2024-03-21 12:00:00,121500.0,Cash
172543,836,31,3,2024-03-21 12:00:00,174147.90000000002,Credit Card
172544,854,31,3,2024-03-21 12:00:00,103143.5,Cash
172545,597,216,3,2024-03-21 12:00:00,100699.9,Cash
172546,183,216,3,2024-03-21 12:00:00,501048.00000000006,Cash
172547,357,376,3,2024-03-21 12:00:00,150025.3,Credit Card
172548,780,299,3,2024-03-21 12:00:00,124999.1,Credit Card
172549,736,216,3,2024-03-21 12:00:00,102505.1,Cash
172550,87,376,3,2024-03-21 12:00:00,183438.0,Credit Card
172551,170,299,3,2024-03-21 12:00:00,111198.8,Cash
172552,696,480,4,2024-03-21 12:00:00,268078.3,Credit Card
172553,946,46,4,2024-03-21 12:00:00,153355.0,Credit Card
172554,364,46,4,2024-03-21 12:00:00,206664.4,Cash
172555,508,472,5,2024-03-21 12:00:00,989180.4,Cash
172556,392,472,5,2024-03-21 12:00:00,186985.8,Credit Card
172557,228,319,5,2024-03-21 12:00:00,159445.1,Cash
172558,346,8,5,2024-03-21 12:00:00,452281.9,Cash
172559,501,319,5,2024-03-21 12:00:00,718247.0,Credit Card
172560,993,472,5,2024-03-21 12:00:00,567889.7,Credit Card
172561,817,111,6,2024-03-21 12:00:00,773007.2,Credit Card
172562,374,275,6,2024-03-21 12:00:00,779195.2,Credit Card
172563,441,58,6,2024-03-21 12:00:00,1083633.0,Cash
172564,220,275,6,2024-03-21 12:00:00,749262.7999999999,Credit Card
172565,946,161,6,2024-03-21 12:00:00,110940.3,Cash
172566,563,58,6,2024-03-21 12:00:00,882917.6,Credit Card
172567,23,251,7,2024-03-21 12:00:00,1145924.2000000002,Credit Card
172568,200,343,7,2024-03-21 12:00:00,557336.1,Cash
172569,895,378,7,2024-03-21 12:00:00,147098.6,Cash
172570,79,262,7,2024-03-21 12:00:00,146527.1,Cash
172571,169,378,7,2024-03-21 12:00:00,670532.5,Cash
172572,951,343,7,2024-03-21 12:00:00,643579.5,Credit Card
172573,159,378,7,2024-03-21 12:00:00,78626.20000000001,Cash
172574,345,322,8,2024-03-21 12:00:00,680657.2999999999,Credit Card
172575,296,322,8,2024-03-21 12:00:00,158113.8,Credit Card
172576,293,382,8,2024-03-21 12:00:00,398011.8000000001,Cash
172577,613,193,8,2024-03-21 12:00:00,142733.8,Credit Card
172578,86,193,8,2024-03-21 12:00:00,516637.20000000007,Credit Card
172579,728,112,8,2024-03-21 12:00:00,168854.6,Cash
172580,292,322,8,2024-03-21 12:00:00,126665.4,Credit Card
172581,513,322,8,2024-03-21 12:00:00,152768.0,Cash
172582,952,186,9,2024-03-21 12:00:00,88468.29999999999,Credit Card
172583,516,186,9,2024-03-21 12:00:00,107595.8,Credit Card
172584,502,186,9,2024-03-21 12:00:00,656684.9,Cash
172585,600,186,9,2024-03-21 12:00:00,849416.2999999998,Cash
172586,227,186,9,2024-03-21 12:00:00,908874.0,Credit Card
172587,32,147,9,2024-03-21 12:00:00,110809.7,Cash
172588,400,194,10,2024-03-21 12:00:00,492041.4,Credit Card
172589,704,26,10,2024-03-21 12:00:00,170405.09999999998,Cash
172590,766,26,10,2024-03-21 12:00:00,89202.5,Credit Card
172591,986,194,10,2024-03-21 12:00:00,590735.2000000001,Credit Card
172592,496,194,10,2024-03-21 12:00:00,136811.09999999998,Cash
172593,14,194,10,2024-03-21 12:00:00,142778.69999999998,Cash
173821,826,305,1,2024-03-21 13:00:00,116112.0,Cash
173822,931,54,1,2024-03-21 13:00:00,207793.3,Credit Card
173823,14,54,1,2024-03-21 13:00:00,137257.19999999998,Credit Card
173824,573,305,1,2024-03-21 13:00:00,147365.4,Cash
173825,401,202,2,2024-03-21 13:00:00,63163.4,Credit Card
173826,735,91,2,2024-03-21 13:00:00,576439.1,Cash
173827,547,202,2,2024-03-21 13:00:00,173894.80000000002,Cash
173828,555,302,2,2024-03-21 13:00:00,519924.5,Credit Card
173829,59,295,2,2024-03-21 13:00:00,202869.1,Credit Card
173830,564,31,3,2024-03-21 13:00:00,535905.9,Cash
173831,993,299,3,2024-03-21 13:00:00,266314.0,Credit Card
173832,304,258,3,2024-03-21 13:00:00,491895.0,Credit Card
173833,11,31,3,2024-03-21 13:00:00,177718.8,Cash
173834,996,376,3,2024-03-21 13:00:00,128530.5,Cash
173835,880,299,3,2024-03-21 13:00:00,596615.7,Credit Card
173836,627,31,3,2024-03-21 13:00:00,1013009.4,Credit Card
173837,306,46,4,2024-03-21 13:00:00,75170.4,Cash
173838,783,480,4,2024-03-21 13:00:00,577327.1,Credit Card
173839,745,46,4,2024-03-21 13:00:00,610101.9,Credit Card
173840,808,69,4,2024-03-21 13:00:00,895419.0,Credit Card
173841,937,69,4,2024-03-21 13:00:00,494280.6,Cash
173842,585,139,4,2024-03-21 13:00:00,112216.4,Cash
173843,604,139,4,2024-03-21 13:00:00,157671.09999999998,Cash
173844,264,472,5,2024-03-21 13:00:00,124616.5,Credit Card
173845,465,190,5,2024-03-21 13:00:00,150435.5,Credit Card
173846,710,190,5,2024-03-21 13:00:00,67258.7,Credit Card
173847,771,472,5,2024-03-21 13:00:00,172640.9,Cash
173848,751,221,5,2024-03-21 13:00:00,99795.4,Credit Card
173849,988,472,5,2024-03-21 13:00:00,116053.2,Credit Card
173850,690,319,5,2024-03-21 13:00:00,129865.4,Cash
173851,610,8,5,2024-03-21 13:00:00,148738.0,Credit Card
173852,199,472,5,2024-03-21 13:00:00,77432.9,Credit Card
173853,555,297,6,2024-03-21 13:00:00,742118.5,Cash
173854,600,297,6,2024-03-21 13:00:00,412272.6,Cash
173855,603,297,6,2024-03-21 13:00:00,557827.0,Cash
173856,317,111,6,2024-03-21 13:00:00,105901.9,Credit Card
173857,366,275,6,2024-03-21 13:00:00,1013378.1,Cash
173858,173,262,7,2024-03-21 13:00:00,170396.8,Cash
173859,297,343,7,2024-03-21 13:00:00,835412.6,Cash
173860,913,262,7,2024-03-21 13:00:00,918888.6,Cash
173861,532,378,7,2024-03-21 13:00:00,722068.0,Credit Card
173862,485,343,7,2024-03-21 13:00:00,141340.6,Credit Card
173863,956,331,7,2024-03-21 13:00:00,87148.9,Credit Card
173864,671,490,7,2024-03-21 13:00:00,472867.3,Credit Card
173865,112,490,7,2024-03-21 13:00:00,94725.80000000002,Cash
173866,640,251,7,2024-03-21 13:00:00,612358.6,Cash
173867,464,331,7,2024-03-21 13:00:00,168722.2,Cash
173868,732,332,8,2024-03-21 13:00:00,798750.0,Cash
173869,1,322,8,2024-03-21 13:00:00,977378.5,Cash
173870,83,71,8,2024-03-21 13:00:00,861341.3999999999,Credit Card
173871,214,193,8,2024-03-21 13:00:00,546728.5,Cash
173872,790,11,8,2024-03-21 13:00:00,85186.4,Cash
173873,436,332,8,2024-03-21 13:00:00,209689.6,Cash
173874,381,322,8,2024-03-21 13:00:00,176949.6,Cash
173875,254,147,9,2024-03-21 13:00:00,137495.5,Cash
173876,985,147,9,2024-03-21 13:00:00,138028.4,Credit Card
173877,142,186,9,2024-03-21 13:00:00,879856.5,Cash
173878,385,147,9,2024-03-21 13:00:00,659578.9,Credit Card
173879,260,147,9,2024-03-21 13:00:00,761046.8999999999,Cash
173880,567,26,10,2024-03-21 13:00:00,201293.9,Cash
173881,122,194,10,2024-03-21 13:00:00,122181.0,Cash
173882,135,194,10,2024-03-21 13:00:00,99000.4,Cash
173883,211,194,10,2024-03-21 13:00:00,96245.8,Cash
173884,201,194,10,2024-03-21 13:00:00,885789.8999999999,Cash
173885,361,26,10,2024-03-21 13:00:00,125380.1,Cash
173886,788,194,10,2024-03-21 13:00:00,484534.1,Cash
175162,848,54,1,2024-03-21 14:00:00,615679.2999999999,Credit Card
175163,331,54,1,2024-03-21 14:00:00,146739.6,Cash
175164,201,305,1,2024-03-21 14:00:00,946389.7,Cash
175165,764,54,1,2024-03-21 14:00:00,628898.1,Cash
175166,540,54,1,2024-03-21 14:00:00,183150.8,Credit Card
175167,175,54,1,2024-03-21 14:00:00,212877.7,Credit Card
175168,610,305,1,2024-03-21 14:00:00,135952.6,Credit Card
175169,451,448,2,2024-03-21 14:00:00,784553.5000000001,Cash
175170,732,202,2,2024-03-21 14:00:00,827096.3,Cash
175171,787,257,2,2024-03-21 14:00:00,384328.6,Cash
175172,320,448,2,2024-03-21 14:00:00,210154.3,Cash
175173,203,91,2,2024-03-21 14:00:00,398548.1,Cash
175174,924,299,3,2024-03-21 14:00:00,820666.7999999999,Cash
175175,580,216,3,2024-03-21 14:00:00,110498.7,Credit Card
175176,801,376,3,2024-03-21 14:00:00,777393.8999999999,Credit Card
175177,371,299,3,2024-03-21 14:00:00,121670.3,Cash
175178,444,216,3,2024-03-21 14:00:00,87405.6,Cash
175179,652,46,4,2024-03-21 14:00:00,832768.9,Cash
175180,323,46,4,2024-03-21 14:00:00,312617.9,Cash
175181,212,69,4,2024-03-21 14:00:00,202218.1,Credit Card
175182,802,480,4,2024-03-21 14:00:00,152434.1,Credit Card
175183,404,46,4,2024-03-21 14:00:00,478619.1,Cash
175184,624,480,4,2024-03-21 14:00:00,149822.9,Credit Card
175185,583,472,5,2024-03-21 14:00:00,155279.80000000002,Cash
175186,639,190,5,2024-03-21 14:00:00,129102.7,Credit Card
175187,802,319,5,2024-03-21 14:00:00,141802.6,Cash
175188,968,297,6,2024-03-21 14:00:00,188263.7,Cash
175189,718,205,6,2024-03-21 14:00:00,596076.9,Cash
175190,423,481,6,2024-03-21 14:00:00,180534.2,Cash
175191,423,481,6,2024-03-21 14:00:00,80449.79999999999,Cash
175192,205,161,6,2024-03-21 14:00:00,840451.7,Credit Card
175193,878,275,6,2024-03-21 14:00:00,131725.8,Credit Card
175194,467,205,6,2024-03-21 14:00:00,559232.1000000001,Credit Card
175195,360,297,6,2024-03-21 14:00:00,877881.3,Credit Card
175196,921,297,6,2024-03-21 14:00:00,164263.40000000002,Cash
175197,639,205,6,2024-03-21 14:00:00,129103.6,Credit Card
175198,430,490,7,2024-03-21 14:00:00,129340.1,Credit Card
175199,831,13,7,2024-03-21 14:00:00,586795.0,Credit Card
175200,290,331,7,2024-03-21 14:00:00,189088.1,Cash
175201,491,251,7,2024-03-21 14:00:00,129032.9,Cash
175202,445,378,7,2024-03-21 14:00:00,576895.9,Credit Card
175203,813,343,7,2024-03-21 14:00:00,625993.0,Credit Card
175204,532,322,8,2024-03-21 14:00:00,793737.0,Credit Card
175205,970,157,8,2024-03-21 14:00:00,455910.6,Cash
175206,907,332,8,2024-03-21 14:00:00,128970.1,Cash
175207,184,193,8,2024-03-21 14:00:00,351438.9,Credit Card
175208,595,11,8,2024-03-21 14:00:00,171445.6,Credit Card
175209,8,193,8,2024-03-21 14:00:00,373254.8000000001,Credit Card
175210,245,112,8,2024-03-21 14:00:00,840713.3000000002,Cash
175211,173,193,8,2024-03-21 14:00:00,176980.8,Cash
175212,7,186,9,2024-03-21 14:00:00,90756.6,Cash
175213,19,147,9,2024-03-21 14:00:00,126339.8,Credit Card
175214,182,186,9,2024-03-21 14:00:00,881616.8999999999,Cash
175215,229,147,9,2024-03-21 14:00:00,290216.1,Cash
175216,163,147,9,2024-03-21 14:00:00,88220.79999999999,Cash
175217,973,186,9,2024-03-21 14:00:00,193971.00000000003,Credit Card
175218,207,147,9,2024-03-21 14:00:00,255613.1,Cash
175219,197,147,9,2024-03-21 14:00:00,941971.7,Credit Card
175220,784,147,9,2024-03-21 14:00:00,354267.8,Credit Card
175221,810,147,9,2024-03-21 14:00:00,1070195.0,Credit Card
175222,502,194,10,2024-03-21 14:00:00,632215.5,Cash
175223,12,194,10,2024-03-21 14:00:00,129384.30000000002,Cash
175224,289,26,10,2024-03-21 14:00:00,492522.9,Cash
176458,569,54,1,2024-03-21 15:00:00,793198.7000000001,Cash
176459,732,54,1,2024-03-21 15:00:00,972793.2,Credit Card
176460,476,54,1,2024-03-21 15:00:00,92552.6,Cash
176461,8,54,1,2024-03-21 15:00:00,1107888.6,Credit Card
176462,255,305,1,2024-03-21 15:00:00,115739.5,Cash
176463,249,54,1,2024-03-21 15:00:00,162420.5,Credit Card
176464,234,305,1,2024-03-21 15:00:00,169829.1,Cash
176465,325,305,1,2024-03-21 15:00:00,707247.3,Credit Card
176466,194,305,1,2024-03-21 15:00:00,102666.9,Cash
176467,791,345,2,2024-03-21 15:00:00,210652.6,Cash
176468,876,345,2,2024-03-21 15:00:00,130569.3,Credit Card
176469,358,345,2,2024-03-21 15:00:00,178026.9,Credit Card
176470,869,202,2,2024-03-21 15:00:00,963203.2,Credit Card
176471,512,257,2,2024-03-21 15:00:00,192461.1,Cash
176472,446,448,2,2024-03-21 15:00:00,620710.5,Cash
176473,247,376,3,2024-03-21 15:00:00,982306.5,Credit Card
176474,801,216,3,2024-03-21 15:00:00,817245.1,Cash
176475,903,216,3,2024-03-21 15:00:00,360116.69999999995,Credit Card
176476,278,216,3,2024-03-21 15:00:00,688381.3,Credit Card
176477,195,299,3,2024-03-21 15:00:00,690908.7,Cash
176478,392,216,3,2024-03-21 15:00:00,113560.7,Credit Card
176479,787,258,3,2024-03-21 15:00:00,565666.5,Credit Card
176480,365,376,3,2024-03-21 15:00:00,155889.9,Credit Card
176481,29,216,3,2024-03-21 15:00:00,412090.5,Credit Card
176482,244,139,4,2024-03-21 15:00:00,125830.0,Cash
176483,796,480,4,2024-03-21 15:00:00,583467.8999999999,Cash
176484,515,139,4,2024-03-21 15:00:00,51469.2,Credit Card
176485,649,221,5,2024-03-21 15:00:00,148072.0,Credit Card
176486,789,8,5,2024-03-21 15:00:00,168366.1,Credit Card
176487,852,8,5,2024-03-21 15:00:00,145480.10000000003,Credit Card
176488,401,205,6,2024-03-21 15:00:00,156433.6,Credit Card
176489,66,481,6,2024-03-21 15:00:00,137592.40000000002,Credit Card
176490,793,205,6,2024-03-21 15:00:00,128860.8,Cash
176491,57,161,6,2024-03-21 15:00:00,173417.3,Cash
176492,226,111,6,2024-03-21 15:00:00,849610.4,Cash
176493,416,481,6,2024-03-21 15:00:00,83298.4,Cash
176494,343,275,6,2024-03-21 15:00:00,273838.2,Credit Card
176495,657,312,6,2024-03-21 15:00:00,134119.1,Cash
176496,19,251,7,2024-03-21 15:00:00,110339.6,Credit Card
176497,675,13,7,2024-03-21 15:00:00,118905.40000000002,Cash
176498,499,331,7,2024-03-21 15:00:00,97941.5,Credit Card
176499,871,331,7,2024-03-21 15:00:00,87342.09999999999,Credit Card
176500,247,490,7,2024-03-21 15:00:00,672645.1,Credit Card
176501,155,382,8,2024-03-21 15:00:00,829637.1000000001,Credit Card
176502,461,332,8,2024-03-21 15:00:00,119291.8,Credit Card
176503,617,71,8,2024-03-21 15:00:00,717299.3,Credit Card
176504,300,11,8,2024-03-21 15:00:00,416219.6,Credit Card
176505,110,322,8,2024-03-21 15:00:00,180331.8,Credit Card
176506,11,11,8,2024-03-21 15:00:00,105496.19999999998,Credit Card
176507,915,157,8,2024-03-21 15:00:00,932085.3,Cash
176508,955,382,8,2024-03-21 15:00:00,659156.3999999999,Cash
176509,420,186,9,2024-03-21 15:00:00,977241.6,Credit Card
176510,840,186,9,2024-03-21 15:00:00,850261.8999999999,Cash
176511,713,147,9,2024-03-21 15:00:00,92413.7,Cash
176512,522,186,9,2024-03-21 15:00:00,727602.2,Cash
176513,495,186,9,2024-03-21 15:00:00,120315.9,Cash
176514,372,194,10,2024-03-21 15:00:00,94508.6,Credit Card
176515,631,194,10,2024-03-21 15:00:00,678723.7,Credit Card
176516,690,26,10,2024-03-21 15:00:00,114297.80000000002,Cash
176517,826,194,10,2024-03-21 15:00:00,165103.5,Credit Card
176518,832,194,10,2024-03-21 15:00:00,183725.9,Credit Card
176519,995,194,10,2024-03-21 15:00:00,137686.0,Cash
176520,444,194,10,2024-03-21 15:00:00,72062.4,Cash
177799,53,54,1,2024-03-21 16:00:00,739862.6,Cash
177800,687,305,1,2024-03-21 16:00:00,83992.2,Credit Card
177801,456,305,1,2024-03-21 16:00:00,595238.3,Credit Card
177802,73,54,1,2024-03-21 16:00:00,174350.30000000002,Cash
177803,359,54,1,2024-03-21 16:00:00,191699.3,Cash
177804,354,305,1,2024-03-21 16:00:00,770900.7,Credit Card
177805,825,305,1,2024-03-21 16:00:00,193176.0,Credit Card
177806,900,54,1,2024-03-21 16:00:00,881528.5,Cash
177807,930,54,1,2024-03-21 16:00:00,625598.8,Credit Card
177808,130,54,1,2024-03-21 16:00:00,212264.9,Credit Card
177809,145,54,1,2024-03-21 16:00:00,113492.7,Credit Card
177810,206,305,1,2024-03-21 16:00:00,124961.4,Cash
177811,376,305,1,2024-03-21 16:00:00,71345.7,Cash
177812,191,91,2,2024-03-21 16:00:00,103430.7,Credit Card
177813,146,257,2,2024-03-21 16:00:00,84276.5,Credit Card
177814,430,448,2,2024-03-21 16:00:00,139609.2,Credit Card
177815,163,302,2,2024-03-21 16:00:00,145743.09999999998,Cash
177816,496,302,2,2024-03-21 16:00:00,180801.0,Credit Card
177817,314,91,2,2024-03-21 16:00:00,139776.4,Credit Card
177818,404,258,3,2024-03-21 16:00:00,730170.2,Cash
177819,291,216,3,2024-03-21 16:00:00,105778.7,Credit Card
177820,611,258,3,2024-03-21 16:00:00,98795.3,Credit Card
177821,399,31,3,2024-03-21 16:00:00,213484.0,Cash
177822,66,258,3,2024-03-21 16:00:00,115806.6,Credit Card
177823,810,31,3,2024-03-21 16:00:00,966736.7,Cash
177824,487,216,3,2024-03-21 16:00:00,722018.1,Cash
177825,143,69,4,2024-03-21 16:00:00,146346.7,Cash
177826,979,46,4,2024-03-21 16:00:00,174996.30000000002,Cash
177827,8,139,4,2024-03-21 16:00:00,622931.0,Cash
177828,525,480,4,2024-03-21 16:00:00,158485.40000000002,Credit Card
177829,715,46,4,2024-03-21 16:00:00,178107.0,Cash
177830,667,69,4,2024-03-21 16:00:00,183332.1,Credit Card
177831,903,480,4,2024-03-21 16:00:00,1102573.0,Cash
177832,750,139,4,2024-03-21 16:00:00,759982.8,Credit Card
177833,316,69,4,2024-03-21 16:00:00,140552.1,Cash
177834,342,69,4,2024-03-21 16:00:00,188511.2,Credit Card
177835,630,190,5,2024-03-21 16:00:00,968589.2,Cash
177836,588,190,5,2024-03-21 16:00:00,997273.7,Credit Card
177837,747,221,5,2024-03-21 16:00:00,173564.5,Cash
177838,28,472,5,2024-03-21 16:00:00,193496.2,Cash
177839,42,8,5,2024-03-21 16:00:00,192393.10000000003,Credit Card
177840,32,221,5,2024-03-21 16:00:00,97079.4,Cash
177841,901,8,5,2024-03-21 16:00:00,144272.0,Credit Card
177842,126,319,5,2024-03-21 16:00:00,172702.40000000002,Credit Card
177843,919,319,5,2024-03-21 16:00:00,789650.3,Credit Card
177844,742,190,5,2024-03-21 16:00:00,98225.8,Cash
177845,910,146,5,2024-03-21 16:00:00,139836.30000000002,Credit Card
177846,648,190,5,2024-03-21 16:00:00,211852.7,Credit Card
177847,409,146,5,2024-03-21 16:00:00,50204.100000000006,Credit Card
177848,952,472,5,2024-03-21 16:00:00,143980.3,Credit Card
177849,496,221,5,2024-03-21 16:00:00,129003.3,Cash
177850,208,297,6,2024-03-21 16:00:00,717158.2,Cash
177851,712,275,6,2024-03-21 16:00:00,185945.1,Credit Card
177852,608,481,6,2024-03-21 16:00:00,584392.8,Cash
177853,49,275,6,2024-03-21 16:00:00,721450.4,Cash
177854,231,312,6,2024-03-21 16:00:00,195110.0,Cash
177855,962,312,6,2024-03-21 16:00:00,105007.7,Credit Card
177856,260,297,6,2024-03-21 16:00:00,694200.2,Credit Card
177857,928,111,6,2024-03-21 16:00:00,133581.5,Cash
177858,496,205,6,2024-03-21 16:00:00,82364.5,Cash
177859,922,481,6,2024-03-21 16:00:00,1027878.8,Cash
177860,670,205,6,2024-03-21 16:00:00,133332.19999999998,Credit Card
177861,779,297,6,2024-03-21 16:00:00,591785.2999999999,Cash
177862,770,111,6,2024-03-21 16:00:00,122109.2,Cash
177863,674,297,6,2024-03-21 16:00:00,153496.80000000002,Credit Card
177864,521,251,7,2024-03-21 16:00:00,175690.8,Cash
177865,571,490,7,2024-03-21 16:00:00,582144.5,Credit Card
177866,387,262,7,2024-03-21 16:00:00,132201.5,Credit Card
177867,605,251,7,2024-03-21 16:00:00,152680.7,Credit Card
177868,567,490,7,2024-03-21 16:00:00,111956.1,Cash
177869,771,378,7,2024-03-21 16:00:00,120064.8,Credit Card
177870,777,251,7,2024-03-21 16:00:00,217213.1,Cash
177871,221,343,7,2024-03-21 16:00:00,420516.5,Cash
177872,70,331,7,2024-03-21 16:00:00,304815.4,Credit Card
177873,332,322,8,2024-03-21 16:00:00,1067929.9,Cash
177874,778,193,8,2024-03-21 16:00:00,69542.29999999999,Credit Card
177875,524,382,8,2024-03-21 16:00:00,439295.7,Credit Card
177876,952,11,8,2024-03-21 16:00:00,108948.4,Credit Card
177877,735,112,8,2024-03-21 16:00:00,919545.3,Credit Card
177878,103,322,8,2024-03-21 16:00:00,764301.0,Cash
177879,799,11,8,2024-03-21 16:00:00,60304.7,Cash
177880,614,332,8,2024-03-21 16:00:00,174549.1,Cash
177881,491,112,8,2024-03-21 16:00:00,213502.4,Cash
177882,266,193,8,2024-03-21 16:00:00,904060.9,Cash
177883,32,147,9,2024-03-21 16:00:00,124949.5,Credit Card
177884,604,147,9,2024-03-21 16:00:00,154961.59999999998,Cash
177885,480,147,9,2024-03-21 16:00:00,108941.9,Cash
177886,368,147,9,2024-03-21 16:00:00,1101259.6,Credit Card
177887,106,147,9,2024-03-21 16:00:00,136287.6,Credit Card
177888,774,147,9,2024-03-21 16:00:00,115622.6,Cash
177889,728,186,9,2024-03-21 16:00:00,170972.8,Cash
177890,624,147,9,2024-03-21 16:00:00,118968.9,Cash
177891,889,147,9,2024-03-21 16:00:00,142630.6,Cash
177892,989,147,9,2024-03-21 16:00:00,113718.9,Cash
177893,747,186,9,2024-03-21 16:00:00,192716.0,Cash
177894,936,186,9,2024-03-21 16:00:00,146725.0,Cash
177895,886,147,9,2024-03-21 16:00:00,68222.9,Credit Card
177896,252,147,9,2024-03-21 16:00:00,166029.1,Credit Card
177897,918,26,10,2024-03-21 16:00:00,451012.8,Cash
177898,502,194,10,2024-03-21 16:00:00,787822.2000000001,Cash
177899,865,26,10,2024-03-21 16:00:00,183622.9,Cash
177900,327,194,10,2024-03-21 16:00:00,306090.80000000005,Credit Card
177901,403,26,10,2024-03-21 16:00:00,118209.8,Credit Card
177902,120,194,10,2024-03-21 16:00:00,901049.3,Cash
179839,292,305,1,2024-03-21 17:00:00,107748.6,Cash
179840,50,54,1,2024-03-21 17:00:00,70642.7,Cash
179841,93,305,1,2024-03-21 17:00:00,195348.3,Credit Card
179842,862,305,1,2024-03-21 17:00:00,642239.7,Cash
179843,671,54,1,2024-03-21 17:00:00,347317.3,Cash
179844,240,54,1,2024-03-21 17:00:00,112406.9,Cash
179845,195,54,1,2024-03-21 17:00:00,429666.1,Cash
179846,279,305,1,2024-03-21 17:00:00,225653.0,Credit Card
179847,495,54,1,2024-03-21 17:00:00,209404.4,Credit Card
179848,354,302,2,2024-03-21 17:00:00,527925.0,Credit Card
179849,503,91,2,2024-03-21 17:00:00,691520.7,Credit Card
179850,416,448,2,2024-03-21 17:00:00,156734.5,Credit Card
179851,73,345,2,2024-03-21 17:00:00,159662.1,Credit Card
179852,222,295,2,2024-03-21 17:00:00,526861.8,Cash
179853,269,202,2,2024-03-21 17:00:00,127230.4,Cash
179854,86,202,2,2024-03-21 17:00:00,424536.3000000001,Cash
179855,364,295,2,2024-03-21 17:00:00,149811.0,Cash
179856,18,448,2,2024-03-21 17:00:00,125814.3,Credit Card
179857,606,302,2,2024-03-21 17:00:00,712993.1,Credit Card
179858,944,257,2,2024-03-21 17:00:00,157755.9,Credit Card
179859,771,295,2,2024-03-21 17:00:00,132847.3,Cash
179860,922,448,2,2024-03-21 17:00:00,1047140.8,Cash
179861,149,202,2,2024-03-21 17:00:00,200120.8,Credit Card
179862,58,202,2,2024-03-21 17:00:00,212363.4,Credit Card
179863,659,376,3,2024-03-21 17:00:00,657805.2000000001,Credit Card
179864,476,299,3,2024-03-21 17:00:00,131535.30000000002,Credit Card
179865,982,376,3,2024-03-21 17:00:00,918234.8,Cash
179866,767,31,3,2024-03-21 17:00:00,141684.8,Cash
179867,195,31,3,2024-03-21 17:00:00,761283.8999999999,Cash
179868,404,31,3,2024-03-21 17:00:00,712401.2000000001,Credit Card
179869,37,31,3,2024-03-21 17:00:00,697379.3999999999,Cash
179870,939,31,3,2024-03-21 17:00:00,548309.2999999999,Cash
179871,586,299,3,2024-03-21 17:00:00,174956.60000000003,Credit Card
179872,410,299,3,2024-03-21 17:00:00,668770.6,Cash
179873,132,480,4,2024-03-21 17:00:00,169280.7,Credit Card
179874,363,69,4,2024-03-21 17:00:00,870106.7,Cash
179875,763,139,4,2024-03-21 17:00:00,142295.59999999998,Credit Card
179876,782,69,4,2024-03-21 17:00:00,148218.30000000002,Credit Card
179877,685,139,4,2024-03-21 17:00:00,667881.3,Cash
179878,930,46,4,2024-03-21 17:00:00,664387.3,Credit Card
179879,953,480,4,2024-03-21 17:00:00,172874.5,Credit Card
179880,160,46,4,2024-03-21 17:00:00,161737.9,Credit Card
179881,630,69,4,2024-03-21 17:00:00,740467.9,Cash
179882,734,46,4,2024-03-21 17:00:00,330847.0,Credit Card
179883,12,480,4,2024-03-21 17:00:00,176081.9,Cash
179884,218,46,4,2024-03-21 17:00:00,151501.1,Credit Card
179885,122,46,4,2024-03-21 17:00:00,164189.80000000002,Credit Card
179886,617,46,4,2024-03-21 17:00:00,696380.2,Credit Card
179887,289,472,5,2024-03-21 17:00:00,721548.5,Credit Card
179888,319,472,5,2024-03-21 17:00:00,963054.7,Credit Card
179889,926,319,5,2024-03-21 17:00:00,118198.8,Credit Card
179890,208,190,5,2024-03-21 17:00:00,1002045.7,Cash
179891,189,146,5,2024-03-21 17:00:00,1150920.9,Credit Card
179892,397,319,5,2024-03-21 17:00:00,111346.2,Credit Card
179893,621,472,5,2024-03-21 17:00:00,453659.7,Cash
179894,634,190,5,2024-03-21 17:00:00,122260.9,Credit Card
179895,558,205,6,2024-03-21 17:00:00,117577.7,Cash
179896,301,481,6,2024-03-21 17:00:00,117800.5,Cash
179897,434,297,6,2024-03-21 17:00:00,272772.7,Cash
179898,162,297,6,2024-03-21 17:00:00,107523.1,Credit Card
179899,562,111,6,2024-03-21 17:00:00,718368.2999999999,Credit Card
179900,929,58,6,2024-03-21 17:00:00,455267.0,Cash
179901,370,481,6,2024-03-21 17:00:00,721629.2000000001,Credit Card
179902,204,58,6,2024-03-21 17:00:00,154804.1,Cash
179903,756,111,6,2024-03-21 17:00:00,162162.90000000002,Credit Card
179904,161,297,6,2024-03-21 17:00:00,494455.2,Credit Card
179905,318,205,6,2024-03-21 17:00:00,524093.6000000001,Cash
179906,563,58,6,2024-03-21 17:00:00,724646.7,Cash
179907,740,205,6,2024-03-21 17:00:00,930446.1,Cash
179908,764,13,7,2024-03-21 17:00:00,483880.6,Cash
179909,264,13,7,2024-03-21 17:00:00,183865.7,Cash
179910,295,262,7,2024-03-21 17:00:00,104156.6,Credit Card
179911,730,343,7,2024-03-21 17:00:00,82455.6,Credit Card
179912,956,331,7,2024-03-21 17:00:00,101255.5,Cash
179913,385,262,7,2024-03-21 17:00:00,721496.6000000001,Credit Card
179914,502,13,7,2024-03-21 17:00:00,578931.5,Credit Card
179915,317,490,7,2024-03-21 17:00:00,119391.2,Cash
179916,548,331,7,2024-03-21 17:00:00,454641.6,Cash
179917,995,378,7,2024-03-21 17:00:00,97980.1,Cash
179918,526,378,7,2024-03-21 17:00:00,191768.4,Credit Card
179919,568,378,7,2024-03-21 17:00:00,180739.0,Cash
179920,624,251,7,2024-03-21 17:00:00,83608.5,Credit Card
179921,664,251,7,2024-03-21 17:00:00,811237.4,Credit Card
179922,936,11,8,2024-03-21 17:00:00,155026.0,Cash
179923,637,71,8,2024-03-21 17:00:00,1164756.1,Credit Card
179924,306,382,8,2024-03-21 17:00:00,135797.30000000002,Cash
179925,553,157,8,2024-03-21 17:00:00,894710.0,Cash
179926,532,322,8,2024-03-21 17:00:00,273834.9,Cash
179927,732,157,8,2024-03-21 17:00:00,824717.2,Credit Card
179928,452,147,9,2024-03-21 17:00:00,398726.1,Credit Card
179929,189,186,9,2024-03-21 17:00:00,1135139.9,Credit Card
179930,476,147,9,2024-03-21 17:00:00,207248.7,Cash
179931,710,186,9,2024-03-21 17:00:00,89455.6,Cash
179932,289,186,9,2024-03-21 17:00:00,821944.1000000001,Cash
179933,454,147,9,2024-03-21 17:00:00,376034.7,Credit Card
179934,418,186,9,2024-03-21 17:00:00,939773.0,Cash
179935,426,186,9,2024-03-21 17:00:00,120875.3,Cash
179936,846,147,9,2024-03-21 17:00:00,203090.8,Cash
179937,578,186,9,2024-03-21 17:00:00,211182.9,Credit Card
179938,414,186,9,2024-03-21 17:00:00,1008693.0,Credit Card
179939,438,147,9,2024-03-21 17:00:00,148694.7,Credit Card
179940,968,147,9,2024-03-21 17:00:00,146864.8,Cash
179941,903,186,9,2024-03-21 17:00:00,539025.5,Credit Card
179942,976,186,9,2024-03-21 17:00:00,427019.2,Cash
179943,713,194,10,2024-03-21 17:00:00,140223.8,Credit Card
179944,689,26,10,2024-03-21 17:00:00,86645.6,Cash
179945,301,26,10,2024-03-21 17:00:00,87873.9,Credit Card
179946,338,194,10,2024-03-21 17:00:00,819178.1,Credit Card
179947,906,194,10,2024-03-21 17:00:00,847974.6000000001,Cash
179948,895,26,10,2024-03-21 17:00:00,207057.3,Credit Card
179949,279,26,10,2024-03-21 17:00:00,106732.8,Credit Card
179950,845,26,10,2024-03-21 17:00:00,149453.1,Credit Card
179951,273,194,10,2024-03-21 17:00:00,680734.2,Credit Card
179952,172,26,10,2024-03-21 17:00:00,122912.5,Credit Card
179953,570,26,10,2024-03-21 17:00:00,904222.0,Credit Card
179954,241,194,10,2024-03-21 17:00:00,146401.2,Cash
179955,632,26,10,2024-03-21 17:00:00,631079.6,Cash
179956,395,26,10,2024-03-21 17:00:00,473094.9,Cash
181864,764,54,1,2024-03-21 18:00:00,435185.9,Credit Card
181865,224,305,1,2024-03-21 18:00:00,87531.70000000001,Cash
181866,56,305,1,2024-03-21 18:00:00,74775.70000000001,Credit Card
181867,577,305,1,2024-03-21 18:00:00,97805.3,Credit Card
181868,92,305,1,2024-03-21 18:00:00,211708.0,Cash
181869,67,54,1,2024-03-21 18:00:00,211511.4,Credit Card
181870,223,448,2,2024-03-21 18:00:00,60423.4,Credit Card
181871,732,345,2,2024-03-21 18:00:00,823455.3,Credit Card
181872,530,302,2,2024-03-21 18:00:00,140307.5,Cash
181873,661,448,2,2024-03-21 18:00:00,662545.8,Cash
181874,871,345,2,2024-03-21 18:00:00,182554.6,Credit Card
181875,55,257,2,2024-03-21 18:00:00,852084.7,Credit Card
181876,692,257,2,2024-03-21 18:00:00,101157.2,Credit Card
181877,685,299,3,2024-03-21 18:00:00,652431.8,Credit Card
181878,227,216,3,2024-03-21 18:00:00,395067.0,Credit Card
181879,931,376,3,2024-03-21 18:00:00,203161.7,Cash
181880,322,31,3,2024-03-21 18:00:00,124801.2,Cash
181881,890,258,3,2024-03-21 18:00:00,174068.7,Credit Card
181882,515,258,3,2024-03-21 18:00:00,133706.69999999998,Credit Card
181883,661,216,3,2024-03-21 18:00:00,314650.5,Cash
181884,195,299,3,2024-03-21 18:00:00,915720.4,Cash
181885,518,299,3,2024-03-21 18:00:00,815427.5,Cash
181886,989,31,3,2024-03-21 18:00:00,172520.2,Cash
181887,319,46,4,2024-03-21 18:00:00,530519.3,Credit Card
181888,579,69,4,2024-03-21 18:00:00,110764.6,Cash
181889,863,139,4,2024-03-21 18:00:00,656240.4,Credit Card
181890,454,139,4,2024-03-21 18:00:00,746890.5,Cash
181891,951,480,4,2024-03-21 18:00:00,1074318.9,Credit Card
181892,151,480,4,2024-03-21 18:00:00,134193.6,Cash
181893,602,69,4,2024-03-21 18:00:00,682493.3999999999,Credit Card
181894,667,480,4,2024-03-21 18:00:00,91699.7,Credit Card
181895,638,480,4,2024-03-21 18:00:00,661371.2999999999,Credit Card
181896,643,480,4,2024-03-21 18:00:00,488869.8,Cash
181897,671,472,5,2024-03-21 18:00:00,526034.8999999999,Credit Card
181898,74,190,5,2024-03-21 18:00:00,170135.4,Credit Card
181899,113,8,5,2024-03-21 18:00:00,895992.9,Credit Card
181900,886,319,5,2024-03-21 18:00:00,160057.90000000002,Cash
181901,676,319,5,2024-03-21 18:00:00,129704.3,Credit Card
181902,604,319,5,2024-03-21 18:00:00,68771.3,Cash
181903,129,190,5,2024-03-21 18:00:00,679232.0,Credit Card
181904,744,275,6,2024-03-21 18:00:00,1082796.6,Credit Card
181905,500,312,6,2024-03-21 18:00:00,162333.2,Cash
181906,385,111,6,2024-03-21 18:00:00,620891.6,Cash
181907,338,58,6,2024-03-21 18:00:00,664724.7000000001,Cash
181908,408,205,6,2024-03-21 18:00:00,187473.4,Credit Card
181909,852,58,6,2024-03-21 18:00:00,95819.7,Cash
181910,15,205,6,2024-03-21 18:00:00,146833.4,Credit Card
181911,781,205,6,2024-03-21 18:00:00,183457.3,Cash
181912,69,58,6,2024-03-21 18:00:00,758013.5,Credit Card
181913,375,312,6,2024-03-21 18:00:00,642521.2,Cash
181914,544,58,6,2024-03-21 18:00:00,284185.9,Cash
181915,603,205,6,2024-03-21 18:00:00,747237.3,Cash
181916,467,58,6,2024-03-21 18:00:00,812900.1,Cash
181917,161,312,6,2024-03-21 18:00:00,605660.0,Credit Card
181918,439,205,6,2024-03-21 18:00:00,665142.8,Credit Card
181919,597,262,7,2024-03-21 18:00:00,189537.1,Cash
181920,690,13,7,2024-03-21 18:00:00,129217.8,Cash
181921,922,331,7,2024-03-21 18:00:00,640765.5,Cash
181922,393,378,7,2024-03-21 18:00:00,719212.2,Credit Card
181923,203,343,7,2024-03-21 18:00:00,823147.3999999999,Cash
181924,653,251,7,2024-03-21 18:00:00,96708.5,Credit Card
181925,873,13,7,2024-03-21 18:00:00,159938.3,Cash
181926,367,262,7,2024-03-21 18:00:00,178375.6,Cash
181927,187,251,7,2024-03-21 18:00:00,84406.2,Cash
181928,824,332,8,2024-03-21 18:00:00,746112.2,Cash
181929,593,382,8,2024-03-21 18:00:00,564573.1,Credit Card
181930,255,157,8,2024-03-21 18:00:00,126506.30000000002,Credit Card
181931,396,382,8,2024-03-21 18:00:00,117872.30000000002,Cash
181932,869,71,8,2024-03-21 18:00:00,554437.2000000001,Credit Card
181933,377,71,8,2024-03-21 18:00:00,670073.0999999999,Cash
181934,863,11,8,2024-03-21 18:00:00,614066.3,Cash
181935,21,382,8,2024-03-21 18:00:00,898246.5,Cash
181936,32,332,8,2024-03-21 18:00:00,83499.0,Cash
181937,641,112,8,2024-03-21 18:00:00,1039332.7,Credit Card
181938,90,332,8,2024-03-21 18:00:00,143360.09999999998,Credit Card
181939,854,332,8,2024-03-21 18:00:00,110628.4,Credit Card
181940,503,186,9,2024-03-21 18:00:00,618046.4,Cash
181941,930,186,9,2024-03-21 18:00:00,820978.7,Credit Card
181942,545,186,9,2024-03-21 18:00:00,825957.8999999999,Cash
181943,539,186,9,2024-03-21 18:00:00,557705.7,Credit Card
181944,753,186,9,2024-03-21 18:00:00,924308.2,Credit Card
181945,772,186,9,2024-03-21 18:00:00,151905.90000000002,Credit Card
181946,291,186,9,2024-03-21 18:00:00,81769.20000000001,Credit Card
181947,293,186,9,2024-03-21 18:00:00,516554.9,Cash
181948,585,147,9,2024-03-21 18:00:00,138254.8,Cash
181949,629,186,9,2024-03-21 18:00:00,137391.8,Credit Card
181950,21,194,10,2024-03-21 18:00:00,833971.6000000001,Cash
181951,345,26,10,2024-03-21 18:00:00,523513.6,Cash
181952,827,26,10,2024-03-21 18:00:00,115396.2,Cash
181953,593,194,10,2024-03-21 18:00:00,291616.7,Credit Card
181954,110,194,10,2024-03-21 18:00:00,158590.2,Cash
181955,450,194,10,2024-03-21 18:00:00,596624.1,Credit Card
181956,171,26,10,2024-03-21 18:00:00,921159.2,Cash
181957,591,26,10,2024-03-21 18:00:00,109420.3,Credit Card
181958,303,26,10,2024-03-21 18:00:00,176692.0,Cash
181959,745,26,10,2024-03-21 18:00:00,722915.7,Cash
181960,548,26,10,2024-03-21 18:00:00,869315.6,Cash
181961,14,26,10,2024-03-21 18:00:00,86790.1,Credit Card
181962,242,26,10,2024-03-21 18:00:00,635806.9,Cash
183843,813,54,1,2024-03-21 19:00:00,875307.8,Cash
183844,997,54,1,2024-03-21 19:00:00,759199.7,Cash
183845,984,305,1,2024-03-21 19:00:00,853246.9,Credit Card
183846,202,54,1,2024-03-21 19:00:00,90943.3,Credit Card
183847,877,54,1,2024-03-21 19:00:00,163218.2,Credit Card
183848,189,54,1,2024-03-21 19:00:00,745125.7,Credit Card
183849,22,305,1,2024-03-21 19:00:00,137163.4,Credit Card
183850,65,295,2,2024-03-21 19:00:00,972151.5,Cash
183851,974,202,2,2024-03-21 19:00:00,748165.2,Credit Card
183852,383,202,2,2024-03-21 19:00:00,956513.1,Credit Card
183853,366,295,2,2024-03-21 19:00:00,755309.0,Cash
183854,536,216,3,2024-03-21 19:00:00,110929.3,Credit Card
183855,54,216,3,2024-03-21 19:00:00,153951.2,Credit Card
183856,141,31,3,2024-03-21 19:00:00,1011271.6,Credit Card
183857,812,376,3,2024-03-21 19:00:00,204528.9,Cash
183858,335,258,3,2024-03-21 19:00:00,205489.5,Cash
183859,634,299,3,2024-03-21 19:00:00,122922.6,Cash
183860,758,139,4,2024-03-21 19:00:00,83069.29999999999,Credit Card
183861,184,69,4,2024-03-21 19:00:00,891082.4,Credit Card
183862,86,480,4,2024-03-21 19:00:00,654948.2,Credit Card
183863,989,46,4,2024-03-21 19:00:00,87763.5,Credit Card
183864,740,69,4,2024-03-21 19:00:00,913043.5,Credit Card
183865,18,46,4,2024-03-21 19:00:00,121656.4,Credit Card
183866,298,139,4,2024-03-21 19:00:00,163927.7,Credit Card
183867,854,190,5,2024-03-21 19:00:00,127521.0,Cash
183868,124,190,5,2024-03-21 19:00:00,643136.3,Credit Card
183869,289,221,5,2024-03-21 19:00:00,570395.9,Cash
183870,557,190,5,2024-03-21 19:00:00,219494.9,Cash
183871,278,205,6,2024-03-21 19:00:00,811090.5,Cash
183872,963,161,6,2024-03-21 19:00:00,743481.7,Cash
183873,257,481,6,2024-03-21 19:00:00,812820.4,Cash
183874,263,58,6,2024-03-21 19:00:00,130511.4,Credit Card
183875,633,481,6,2024-03-21 19:00:00,810189.2999999999,Cash
183876,401,251,7,2024-03-21 19:00:00,115972.2,Credit Card
183877,222,262,7,2024-03-21 19:00:00,923634.1,Cash
183878,125,343,7,2024-03-21 19:00:00,686916.8,Cash
183879,774,251,7,2024-03-21 19:00:00,134587.2,Credit Card
183880,94,331,7,2024-03-21 19:00:00,144170.8,Cash
183881,384,331,7,2024-03-21 19:00:00,95123.2,Credit Card
183882,347,343,7,2024-03-21 19:00:00,833816.7,Cash
183883,109,490,7,2024-03-21 19:00:00,110206.1,Cash
183884,417,11,8,2024-03-21 19:00:00,179086.0,Credit Card
183885,861,112,8,2024-03-21 19:00:00,137227.1,Credit Card
183886,349,157,8,2024-03-21 19:00:00,127847.7,Credit Card
183887,759,71,8,2024-03-21 19:00:00,576111.6000000001,Credit Card
183888,610,157,8,2024-03-21 19:00:00,116988.0,Credit Card
183889,562,11,8,2024-03-21 19:00:00,645669.4,Cash
183890,442,193,8,2024-03-21 19:00:00,683663.8999999999,Credit Card
183891,241,322,8,2024-03-21 19:00:00,185010.3,Cash
183892,768,147,9,2024-03-21 19:00:00,173135.9,Credit Card
183893,981,186,9,2024-03-21 19:00:00,665843.6000000001,Cash
183894,339,186,9,2024-03-21 19:00:00,203181.9,Credit Card
183895,225,147,9,2024-03-21 19:00:00,654512.3,Credit Card
183896,8,147,9,2024-03-21 19:00:00,737491.4,Cash
183897,168,186,9,2024-03-21 19:00:00,628040.4,Credit Card
183898,430,147,9,2024-03-21 19:00:00,109517.0,Cash
183899,571,147,9,2024-03-21 19:00:00,236756.6,Credit Card
183900,457,194,10,2024-03-21 19:00:00,133435.40000000002,Cash
183901,250,194,10,2024-03-21 19:00:00,71724.7,Credit Card
183902,63,194,10,2024-03-21 19:00:00,891518.3,Cash
183903,496,26,10,2024-03-21 19:00:00,142838.4,Cash
184815,349,54,1,2024-03-21 20:00:00,106142.2,Cash
184816,918,54,1,2024-03-21 20:00:00,601166.8,Credit Card
184817,610,54,1,2024-03-21 20:00:00,153432.2,Cash
184818,797,305,1,2024-03-21 20:00:00,314117.5,Credit Card
184819,72,295,2,2024-03-21 20:00:00,171351.8,Credit Card
184820,595,257,2,2024-03-21 20:00:00,170623.9,Cash
184821,802,257,2,2024-03-21 20:00:00,115552.6,Credit Card
184822,750,202,2,2024-03-21 20:00:00,630311.7,Cash
184823,334,448,2,2024-03-21 20:00:00,337355.6,Cash
184824,435,202,2,2024-03-21 20:00:00,75029.7,Credit Card
184825,759,299,3,2024-03-21 20:00:00,845625.3999999999,Credit Card
184826,787,376,3,2024-03-21 20:00:00,865373.7,Cash
184827,809,299,3,2024-03-21 20:00:00,137616.2,Cash
184828,450,480,4,2024-03-21 20:00:00,866735.3999999999,Cash
184829,355,139,4,2024-03-21 20:00:00,713468.8,Credit Card
184830,104,139,4,2024-03-21 20:00:00,116166.5,Credit Card
184831,967,480,4,2024-03-21 20:00:00,153055.9,Cash
184832,223,480,4,2024-03-21 20:00:00,142261.7,Cash
184833,437,139,4,2024-03-21 20:00:00,682315.8999999999,Cash
184834,717,69,4,2024-03-21 20:00:00,739901.8,Credit Card
184835,55,480,4,2024-03-21 20:00:00,685821.7,Cash
184836,276,472,5,2024-03-21 20:00:00,122299.7,Cash
184837,230,146,5,2024-03-21 20:00:00,165578.3,Credit Card
184838,70,472,5,2024-03-21 20:00:00,227696.6,Credit Card
184839,568,8,5,2024-03-21 20:00:00,802724.7999999999,Cash
184840,619,146,5,2024-03-21 20:00:00,151750.40000000002,Credit Card
184841,498,221,5,2024-03-21 20:00:00,352425.7,Credit Card
184842,925,472,5,2024-03-21 20:00:00,777320.5999999999,Cash
184843,286,312,6,2024-03-21 20:00:00,135095.2,Credit Card
184844,471,275,6,2024-03-21 20:00:00,101559.3,Credit Card
184845,459,205,6,2024-03-21 20:00:00,888295.1000000001,Credit Card
184846,34,275,6,2024-03-21 20:00:00,1090366.6999999995,Cash
184847,33,161,6,2024-03-21 20:00:00,130531.6,Credit Card
184848,831,111,6,2024-03-21 20:00:00,728832.8,Cash
184849,439,205,6,2024-03-21 20:00:00,516358.7,Credit Card
184850,158,378,7,2024-03-21 20:00:00,727576.2,Cash
184851,85,343,7,2024-03-21 20:00:00,889105.4,Cash
184852,238,13,7,2024-03-21 20:00:00,868869.2,Credit Card
184853,94,331,7,2024-03-21 20:00:00,71593.2,Credit Card
184854,539,322,8,2024-03-21 20:00:00,1126421.8,Cash
184855,484,112,8,2024-03-21 20:00:00,782370.6000000001,Credit Card
184856,939,112,8,2024-03-21 20:00:00,469334.2,Credit Card
184857,400,193,8,2024-03-21 20:00:00,480453.0,Credit Card
184858,854,147,9,2024-03-21 20:00:00,76637.0,Cash
184859,793,186,9,2024-03-21 20:00:00,148555.09999999998,Cash
184860,431,186,9,2024-03-21 20:00:00,775371.4,Cash
184861,365,147,9,2024-03-21 20:00:00,181567.5,Cash
184862,205,147,9,2024-03-21 20:00:00,798937.3,Cash
184863,413,147,9,2024-03-21 20:00:00,471173.4,Cash
184864,416,194,10,2024-03-21 20:00:00,81567.7,Cash
184865,411,194,10,2024-03-21 20:00:00,58195.9,Credit Card
184866,986,194,10,2024-03-21 20:00:00,639651.1000000001,Credit Card
184867,919,194,10,2024-03-21 20:00:00,240761.2,Cash
184868,628,26,10,2024-03-21 20:00:00,82145.5,Cash
185691,219,305,1,2024-03-21 21:00:00,750998.7,Credit Card
185692,818,305,1,2024-03-21 21:00:00,786235.6000000001,Credit Card
185693,546,54,1,2024-03-21 21:00:00,957741.8,Cash
185694,783,305,1,2024-03-21 21:00:00,387836.1000000001,Credit Card
185695,117,202,2,2024-03-21 21:00:00,95127.9,Cash
185696,16,302,2,2024-03-21 21:00:00,169364.4,Credit Card
185697,146,257,2,2024-03-21 21:00:00,127704.1,Cash
185698,871,202,2,2024-03-21 21:00:00,118297.3,Credit Card
185699,588,376,3,2024-03-21 21:00:00,533030.8,Cash
185700,289,299,3,2024-03-21 21:00:00,521056.0,Credit Card
185701,532,376,3,2024-03-21 21:00:00,668127.8,Credit Card
185702,225,299,3,2024-03-21 21:00:00,430684.1,Credit Card
185703,398,216,3,2024-03-21 21:00:00,681267.3,Credit Card
185704,943,31,3,2024-03-21 21:00:00,157396.0,Credit Card
185705,923,69,4,2024-03-21 21:00:00,851498.6,Cash
185706,828,46,4,2024-03-21 21:00:00,941079.3,Cash
185707,974,480,4,2024-03-21 21:00:00,687544.9999999999,Cash
185708,941,480,4,2024-03-21 21:00:00,152636.5,Cash
185709,906,139,4,2024-03-21 21:00:00,665788.6000000001,Cash
185710,640,8,5,2024-03-21 21:00:00,885936.0,Credit Card
185711,836,146,5,2024-03-21 21:00:00,143945.3,Cash
185712,169,190,5,2024-03-21 21:00:00,736118.0,Credit Card
185713,790,190,5,2024-03-21 21:00:00,179629.7,Credit Card
185714,430,146,5,2024-03-21 21:00:00,73252.09999999999,Cash
185715,255,146,5,2024-03-21 21:00:00,128511.2,Cash
185716,123,205,6,2024-03-21 21:00:00,191518.0,Credit Card
185717,416,275,6,2024-03-21 21:00:00,81564.1,Credit Card
185718,591,312,6,2024-03-21 21:00:00,126612.0,Cash
185719,161,205,6,2024-03-21 21:00:00,910650.2,Cash
185720,161,111,6,2024-03-21 21:00:00,833926.5,Credit Card
185721,998,343,7,2024-03-21 21:00:00,665727.2000000001,Credit Card
185722,237,343,7,2024-03-21 21:00:00,108722.0,Cash
185723,314,331,7,2024-03-21 21:00:00,93504.9,Credit Card
185724,944,251,7,2024-03-21 21:00:00,143565.40000000002,Credit Card
185725,894,343,7,2024-03-21 21:00:00,132497.69999999998,Cash
185726,846,382,8,2024-03-21 21:00:00,172790.8,Credit Card
185727,431,112,8,2024-03-21 21:00:00,608774.0,Cash
185728,660,112,8,2024-03-21 21:00:00,710176.2999999999,Credit Card
185729,39,332,8,2024-03-21 21:00:00,732526.6,Credit Card
185730,242,332,8,2024-03-21 21:00:00,697286.6000000001,Cash
185731,311,147,9,2024-03-21 21:00:00,153063.5,Credit Card
185732,256,147,9,2024-03-21 21:00:00,145608.9,Credit Card
185733,58,147,9,2024-03-21 21:00:00,209146.8,Cash
185734,190,147,9,2024-03-21 21:00:00,808559.6,Credit Card
185735,172,26,10,2024-03-21 21:00:00,129834.2,Credit Card
185736,294,194,10,2024-03-21 21:00:00,183218.1,Credit Card
185737,985,194,10,2024-03-21 21:00:00,135341.59999999998,Cash
185738,892,26,10,2024-03-21 21:00:00,89838.4,Cash
185739,1,26,10,2024-03-21 21:00:00,740088.3,Cash
186624,638,54,1,2024-03-21 22:00:00,946281.6,Cash
186625,535,54,1,2024-03-21 22:00:00,104270.6,Credit Card
186626,574,305,1,2024-03-21 22:00:00,141281.8,Credit Card
186627,875,448,2,2024-03-21 22:00:00,1115956.1,Credit Card
186628,677,448,2,2024-03-21 22:00:00,93830.5,Cash
186629,79,202,2,2024-03-21 22:00:00,100538.80000000002,Cash
186630,474,448,2,2024-03-21 22:00:00,859968.4,Cash
186631,114,448,2,2024-03-21 22:00:00,540230.0,Cash
186632,699,448,2,2024-03-21 22:00:00,578728.0,Cash
186633,608,302,2,2024-03-21 22:00:00,788135.0,Credit Card
186634,943,345,2,2024-03-21 22:00:00,215463.1,Credit Card
186635,629,31,3,2024-03-21 22:00:00,182358.7,Cash
186636,523,216,3,2024-03-21 22:00:00,130420.3,Credit Card
186637,305,376,3,2024-03-21 22:00:00,141808.0,Credit Card
186638,669,139,4,2024-03-21 22:00:00,637642.1,Cash
186639,58,480,4,2024-03-21 22:00:00,146281.4,Credit Card
186640,888,480,4,2024-03-21 22:00:00,180354.7,Cash
186641,115,8,5,2024-03-21 22:00:00,626152.6,Credit Card
186642,867,319,5,2024-03-21 22:00:00,125387.3,Credit Card
186643,750,221,5,2024-03-21 22:00:00,795066.6,Credit Card
186644,944,297,6,2024-03-21 22:00:00,175649.5,Cash
186645,353,111,6,2024-03-21 22:00:00,116262.1,Cash
186646,440,275,6,2024-03-21 22:00:00,813938.6000000001,Credit Card
186647,301,58,6,2024-03-21 22:00:00,182993.5,Cash
186648,992,312,6,2024-03-21 22:00:00,1038732.8,Credit Card
186649,91,111,6,2024-03-21 22:00:00,87713.9,Credit Card
186650,211,297,6,2024-03-21 22:00:00,120067.5,Cash
186651,648,297,6,2024-03-21 22:00:00,153798.6,Credit Card
186652,845,331,7,2024-03-21 22:00:00,81381.0,Cash
186653,696,378,7,2024-03-21 22:00:00,416900.6,Cash
186654,216,251,7,2024-03-21 22:00:00,148291.90000000002,Cash
186655,755,13,7,2024-03-21 22:00:00,642323.7,Cash
186656,732,112,8,2024-03-21 22:00:00,932456.9,Cash
186657,640,382,8,2024-03-21 22:00:00,545433.1,Credit Card
186658,147,322,8,2024-03-21 22:00:00,663113.4,Credit Card
186659,501,157,8,2024-03-21 22:00:00,377833.6,Cash
186660,794,322,8,2024-03-21 22:00:00,527396.6,Credit Card
186661,70,186,9,2024-03-21 22:00:00,878871.6000000001,Cash
186662,703,186,9,2024-03-21 22:00:00,136620.8,Cash
186663,356,186,9,2024-03-21 22:00:00,135475.1,Cash
186664,97,186,9,2024-03-21 22:00:00,127925.80000000002,Cash
186665,491,186,9,2024-03-21 22:00:00,145427.6,Cash
186666,611,147,9,2024-03-21 22:00:00,95357.0,Cash
186667,446,186,9,2024-03-21 22:00:00,437251.1,Credit Card
186668,96,26,10,2024-03-21 22:00:00,431331.3,Credit Card
186669,185,26,10,2024-03-21 22:00:00,145410.1,Credit Card
186670,350,26,10,2024-03-21 22:00:00,540200.6,Credit Card
186671,300,26,10,2024-03-21 22:00:00,480921.7,Cash
186672,104,194,10,2024-03-21 22:00:00,145761.7,Cash
186673,582,194,10,2024-03-21 22:00:00,139631.2,Credit Card
186674,72,26,10,2024-03-21 22:00:00,67157.5,Credit Card
186675,479,194,10,2024-03-21 22:00:00,637269.0,Cash
187584,794,305,1,2024-03-21 23:00:00,756031.2,Credit Card
187585,245,54,1,2024-03-21 23:00:00,302972.4,Credit Card
187586,190,216,3,2024-03-21 23:00:00,914466.9,Cash
187587,903,8,5,2024-03-21 23:00:00,485960.9,Cash
187588,326,161,6,2024-03-21 23:00:00,785213.6000000001,Cash
187589,450,322,8,2024-03-21 23:00:00,710080.4,Cash
187590,807,186,9,2024-03-21 23:00:00,120228.6,Credit Card
187591,821,186,9,2024-03-21 23:00:00,168563.1,Cash
187592,129,194,10,2024-03-21 23:00:00,475749.6,Credit Card
187593,242,194,10,2024-03-21 23:00:00,593052.0,Cash
187594,648,194,10,2024-03-21 23:00:00,200809.9,Cash
