CustomerID,CustomerName,Address,PhoneNumber,Email,Notes,VehicleTypeName,LicensePlate
1,Customer 1,"Nguyen Cong Tru, City",713835327,customer1@example.com,Regular customer,Sedan,HVO-5586
2,Customer 2,"Duong Nguyen Hue, City",297734660,customer2@example.com,Regular customer,Pickup Truck,GUK-1246
3,Customer 3,"Phan Van Tri, City",830444460,customer3@example.com,Regular customer,Motorcycle 50cc,SRZ-9715
4,Customer 4,"Nguyen Hue, City",921031369,customer4@example.com,Regular customer,Motorcycle 110cc,IAK-2233
5,Customer 5,"Nguyen Cong Tru, City",843784783,customer5@example.com,Regular customer,Motorcycle 250cc,AFY-4289
6,Customer 6,"Duong Dien Bien Phu, City",988417604,customer6@example.com,Regular customer,Light Truck,GIG-3662
7,Customer 7,"An Duong Vuong, City",217016611,customer7@example.com,Regular customer,Motorcycle 50cc,OLK-2437
8,Customer 8,"Nguyen Tat Thanh, City",715809869,customer8@example.com,Regular customer,Pickup Truck,YBP-1670
9,Customer 9,"Xa Lo Ha Noi, City",997369486,customer9@example.com,Regular customer,Motorcycle 250cc,MRG-7933
10,Customer 10,"Vo Van Ngan, City",843016381,customer10@example.com,Regular customer,SUV,HWR-9248
11,Customer 11,"Duong Pham Ngoc Thach, City",854327593,customer11@example.com,Regular customer,Motorcycle 50cc,ZNW-2419
12,Customer 12,"Duong Pasteur, City",348240012,customer12@example.com,Regular customer,Motorcycle 150cc,BBM-8408
13,Customer 13,"Duong Hai Ba Trung, City",295954417,customer13@example.com,Regular customer,Pickup Truck,UUG-3971
14,Customer 14,"Xo Viet Nghe Tinh, City",834448837,customer14@example.com,Regular customer,Motorcycle 250cc,ZES-4033
15,Customer 15,"Xa Lo Ha Noi, City",183619754,customer15@example.com,Regular customer,Motorcycle 150cc,UDK-0705
16,Customer 16,"Ha Huy Giap, City",583854762,customer16@example.com,Regular customer,Motorcycle 110cc,IED-1122
17,Customer 17,"Le Van Sy, City",149749163,customer17@example.com,Regular customer,Motorcycle 150cc,WXB-5454
18,Customer 18,"Nguyen Dinh Chieu, City",837593238,customer18@example.com,Regular customer,Motorcycle 125cc,KUL-4465
19,Customer 19,"Nguyen Dinh Chieu, City",719549113,customer19@example.com,Regular customer,Motorcycle 250cc,IEG-5598
20,Customer 20,"Duong Nguyen Tri Phuong, City",798669990,customer20@example.com,Regular customer,SUV,WBS-2711
21,Customer 21,"Ton Duc Thang, City",953431705,customer21@example.com,Regular customer,Sedan,MEM-8527
22,Customer 22,"Duong Le Van Sy, City",470680081,customer22@example.com,Regular customer,Motorcycle 250cc,SDN-8745
23,Customer 23,"Pham Van Dong, City",339718852,customer23@example.com,Regular customer,SUV,BZN-7975
24,Customer 24,"Duong Pasteur, City",674138594,customer24@example.com,Regular customer,Motorcycle 250cc,HOP-6957
25,Customer 25,"Nguyen Thi Thap, City",560552918,customer25@example.com,Regular customer,Motorcycle 125cc,WTQ-5516
26,Customer 26,"Nguyen Hue, City",716517835,customer26@example.com,Regular customer,Motorcycle 110cc,VUH-6465
27,Customer 27,"Vo Van Ngan, City",350060950,customer27@example.com,Regular customer,Pickup Truck,DWM-3595
28,Customer 28,"Duong Vo Thi Sau, City",263843461,customer28@example.com,Regular customer,Motorcycle 50cc,SHW-9692
29,Customer 29,"Ton Duc Thang, City",158067928,customer29@example.com,Regular customer,SUV,VFY-3211
30,Customer 30,"Duong Ton Duc Thang, City",416308336,customer30@example.com,Regular customer,Motorcycle 50cc,MPA-9284
31,Customer 31,"Ky Con, City",143072310,customer31@example.com,Regular customer,Motorcycle 150cc,OAZ-2334
32,Customer 32,"Nguyen Van Cu, City",690359590,customer32@example.com,Regular customer,Motorcycle 50cc,HUL-1461
33,Customer 33,"Xo Viet Nghe Tinh, City",958179830,customer33@example.com,Regular customer,Motorcycle 50cc,VGD-1749
34,Customer 34,"Duong Le Van Sy, City",382202987,customer34@example.com,Regular customer,Light Truck,GWS-8645
35,Customer 35,"Le Lai, City",291093671,customer35@example.com,Regular customer,Motorcycle 125cc,CBT-5342
36,Customer 36,"Duong Nguyen Huu Canh, City",107551574,customer36@example.com,Regular customer,Pickup Truck,ABS-0761
37,Customer 37,"Duong Le Loi, City",534357962,customer37@example.com,Regular customer,Pickup Truck,OKS-5014
38,Customer 38,"Duong Bui Vien, City",810659481,customer38@example.com,Regular customer,Pickup Truck,JQN-4214
39,Customer 39,"Le Van Khuong, City",216939434,customer39@example.com,Regular customer,Light Truck,CSM-4866
40,Customer 40,"Duong Nguyen Binh Khiem, City",585697667,customer40@example.com,Regular customer,Sedan,XOM-5929
41,Customer 41,"Pham Van Dong, City",744593731,customer41@example.com,Regular customer,Motorcycle 150cc,MQH-9645
42,Customer 42,"Duong Nguyen Huu Canh, City",720996063,customer42@example.com,Regular customer,Motorcycle 150cc,APD-0164
43,Customer 43,"Nguyen Tri Phuong, City",689299253,customer43@example.com,Regular customer,Sedan,HFY-1624
44,Customer 44,"Xa Lo Ha Noi, City",983158072,customer44@example.com,Regular customer,Pickup Truck,OOX-2113
45,Customer 45,"Pham Van Dong, City",147187809,customer45@example.com,Regular customer,Light Truck,WOS-6098
46,Customer 46,"Duong Vo Van Kiet, City",217615084,customer46@example.com,Regular customer,Light Truck,QEU-4084
47,Customer 47,"Duong Nam Ky Khoi Nghia, City",935508759,customer47@example.com,Regular customer,Motorcycle 125cc,HTK-0794
48,Customer 48,"Cach Mang Thang Tam, City",776017034,customer48@example.com,Regular customer,Motorcycle 150cc,FJT-8788
49,Customer 49,"Thong Nhat, City",966703868,customer49@example.com,Regular customer,Light Truck,JAB-9562
50,Customer 50,"Duong Hai Ba Trung, City",246426174,customer50@example.com,Regular customer,Motorcycle 125cc,CJV-1139
51,Customer 51,"An Duong Vuong, City",991208257,customer51@example.com,Regular customer,Motorcycle 250cc,TJT-0123
52,Customer 52,"Nguyen Tri Phuong, City",156449550,customer52@example.com,Regular customer,Motorcycle 125cc,PHU-8770
53,Customer 53,"Duong Cach Mang Thang Tam, City",261762817,customer53@example.com,Regular customer,SUV,IKM-0870
54,Customer 54,"Duong Hai Ba Trung, City",706434634,customer54@example.com,Regular customer,Motorcycle 110cc,SVB-8646
55,Customer 55,"Duong Ton Duc Thang, City",572239285,customer55@example.com,Regular customer,Light Truck,XRK-3841
56,Customer 56,"Duong Tran Hung Dao, City",721367633,customer56@example.com,Regular customer,Motorcycle 125cc,MVT-5553
57,Customer 57,"Duong Le Duan, City",474326780,customer57@example.com,Regular customer,Motorcycle 150cc,PNJ-3048
58,Customer 58,"Bach Dang, City",916040469,customer58@example.com,Regular customer,Motorcycle 125cc,WME-9245
59,Customer 59,"Ky Con, City",487649204,customer59@example.com,Regular customer,Motorcycle 150cc,XSC-8624
60,Customer 60,"Duong Nguyen Van Cu, City",971380640,customer60@example.com,Regular customer,Motorcycle 150cc,CCN-7191
61,Customer 61,"Xo Viet Nghe Tinh, City",389875307,customer61@example.com,Regular customer,Motorcycle 150cc,ITT-4490
62,Customer 62,"Nam Ky Khoi Nghia, City",596688572,customer62@example.com,Regular customer,Motorcycle 110cc,VNW-8109
63,Customer 63,"Xo Viet Nghe Tinh, City",513624540,customer63@example.com,Regular customer,Light Truck,HHQ-9117
64,Customer 64,"Nguyen Tat Thanh, City",150184786,customer64@example.com,Regular customer,Motorcycle 50cc,WJO-9092
65,Customer 65,"Nguyen Thi Thap, City",870298133,customer65@example.com,Regular customer,SUV,IMD-4946
66,Customer 66,"Ky Con, City",638046383,customer66@example.com,Regular customer,Motorcycle 150cc,LCY-7783
67,Customer 67,"Phan Van Tri, City",983507883,customer67@example.com,Regular customer,Motorcycle 125cc,UEP-9232
68,Customer 68,"Le Van Khuong, City",574877194,customer68@example.com,Regular customer,Motorcycle 250cc,SWQ-7443
69,Customer 69,"Pham Van Dong, City",546680046,customer69@example.com,Regular customer,Light Truck,WBQ-0171
70,Customer 70,"Duong Nguyen Thi Minh Khai, City",348509813,customer70@example.com,Regular customer,Sedan,ZUU-8126
71,Customer 71,"Duong Nam Ky Khoi Nghia, City",846371061,customer71@example.com,Regular customer,Light Truck,ZUW-6143
72,Customer 72,"Nam Ky Khoi Nghia, City",550701623,customer72@example.com,Regular customer,Motorcycle 150cc,JGR-6250
73,Customer 73,"Duong Le Loi, City",321839435,customer73@example.com,Regular customer,Motorcycle 250cc,GFW-3206
74,Customer 74,"Tran Hung Dao, City",611938093,customer74@example.com,Regular customer,Motorcycle 50cc,IPH-5036
75,Customer 75,"Duong Hung Vuong, City",479802009,customer75@example.com,Regular customer,Motorcycle 150cc,JIR-7329
76,Customer 76,"Duong Phan Xich Long, City",473975041,customer76@example.com,Regular customer,Sedan,DGK-6888
77,Customer 77,"Vo Van Ngan, City",238387910,customer77@example.com,Regular customer,Motorcycle 125cc,KST-3493
78,Customer 78,"Thong Nhat, City",570973370,customer78@example.com,Regular customer,Motorcycle 110cc,SMC-4152
79,Customer 79,"Duong Dien Bien Phu, City",105719251,customer79@example.com,Regular customer,Motorcycle 150cc,TAK-9557
80,Customer 80,"Duong Nguyen Van Cu, City",344279845,customer80@example.com,Regular customer,Motorcycle 110cc,ZGM-3797
81,Customer 81,"Nguyen Dinh Chieu, City",217403183,customer81@example.com,Regular customer,Sedan,PYL-6794
82,Customer 82,"Xo Viet Nghe Tinh, City",845112129,customer82@example.com,Regular customer,Sedan,VCJ-3970
83,Customer 83,"Nguyen Cong Tru, City",503364317,customer83@example.com,Regular customer,Sedan,PTD-7413
84,Customer 84,"An Duong Vuong, City",545735999,customer84@example.com,Regular customer,Motorcycle 50cc,LIW-0298
85,Customer 85,"Duong Nam Ky Khoi Nghia, City",153699027,customer85@example.com,Regular customer,Sedan,KBJ-2543
86,Customer 86,"Duong Cach Mang Thang Tam, City",867115181,customer86@example.com,Regular customer,Sedan,XQS-3252
87,Customer 87,"Ham Nghi, City",352349528,customer87@example.com,Regular customer,Motorcycle 50cc,RZX-7727
88,Customer 88,"Duong Nguyen Hue, City",676443385,customer88@example.com,Regular customer,Motorcycle 125cc,JVG-1875
89,Customer 89,"Nguyen Thi Thap, City",506019113,customer89@example.com,Regular customer,Pickup Truck,WEZ-0612
90,Customer 90,"Nguyen Tat Thanh, City",921890511,customer90@example.com,Regular customer,Motorcycle 150cc,ORZ-7196
91,Customer 91,"Nguyen Cong Tru, City",761433283,customer91@example.com,Regular customer,Motorcycle 110cc,XXL-5698
92,Customer 92,"Tran Hung Dao, City",927223517,customer92@example.com,Regular customer,Sedan,LRI-5214
93,Customer 93,"Duong Vo Thi Sau, City",946794423,customer93@example.com,Regular customer,Motorcycle 50cc,HXP-8690
94,Customer 94,"Nguyen Cong Tru, City",986261457,customer94@example.com,Regular customer,Motorcycle 125cc,XAB-6720
95,Customer 95,"Xa Lo Ha Noi, City",946336828,customer95@example.com,Regular customer,Motorcycle 250cc,FHS-8834
96,Customer 96,"Duong Le Thanh Ton, City",983282389,customer96@example.com,Regular customer,Pickup Truck,YDQ-1020
97,Customer 97,"Duong Vo Thi Sau, City",276131493,customer97@example.com,Regular customer,Motorcycle 250cc,KHJ-3599
98,Customer 98,"Nguyen Tat Thanh, City",448842633,customer98@example.com,Regular customer,Sedan,GFK-9893
99,Customer 99,"Pham Van Dong, City",185826695,customer99@example.com,Regular customer,Motorcycle 50cc,NGQ-0690
100,Customer 100,"Duong Tran Hung Dao, City",414838948,customer100@example.com,Regular customer,Motorcycle 250cc,RLH-5679
101,Customer 101,"Nguyen Cong Tru, City",710063084,customer101@example.com,Regular customer,Motorcycle 110cc,OVG-1789
102,Customer 102,"Xo Viet Nghe Tinh, City",412884013,customer102@example.com,Regular customer,Motorcycle 110cc,SLM-4017
103,Customer 103,"Duong Nguyen Thi Minh Khai, City",197767230,customer103@example.com,Regular customer,Sedan,ASD-0104
104,Customer 104,"Nguyen Hue, City",465795403,customer104@example.com,Regular customer,Motorcycle 250cc,KYO-4567
105,Customer 105,"Nguyen Van Cu, City",508587539,customer105@example.com,Regular customer,SUV,ZWA-9409
106,Customer 106,"Cach Mang Thang Tam, City",588674354,customer106@example.com,Regular customer,Motorcycle 110cc,KUQ-9355
107,Customer 107,"Dai Lo Dong Tay, City",718795218,customer107@example.com,Regular customer,Motorcycle 50cc,VLW-5303
108,Customer 108,"Duong Le Thanh Ton, City",700392973,customer108@example.com,Regular customer,Motorcycle 125cc,TGG-3228
109,Customer 109,"Nguyen Thi Thap, City",390370848,customer109@example.com,Regular customer,Motorcycle 150cc,HYK-1840
110,Customer 110,"Ky Con, City",464242854,customer110@example.com,Regular customer,Motorcycle 125cc,SOS-5019
111,Customer 111,"Duong Vo Van Kiet, City",798867374,customer111@example.com,Regular customer,Motorcycle 250cc,PDY-8870
112,Customer 112,"Duong Vo Thi Sau, City",133050713,customer112@example.com,Regular customer,Motorcycle 125cc,EGW-6832
113,Customer 113,"Tran Xuan Soan, City",974186072,customer113@example.com,Regular customer,Pickup Truck,UWI-0101
114,Customer 114,"Nguyen Tri Phuong, City",195416767,customer114@example.com,Regular customer,Pickup Truck,QNG-8943
115,Customer 115,"Duong Le Van Sy, City",200674021,customer115@example.com,Regular customer,Sedan,NZN-0333
116,Customer 116,"Tran Hung Dao, City",559987984,customer116@example.com,Regular customer,Motorcycle 150cc,KJE-8602
117,Customer 117,"Nguyen Dinh Chieu, City",859603469,customer117@example.com,Regular customer,Motorcycle 125cc,QFY-2983
118,Customer 118,"Tran Quoc Toan, City",981171686,customer118@example.com,Regular customer,Motorcycle 50cc,TAQ-7476
119,Customer 119,"Duong Cach Mang Thang Tam, City",444497268,customer119@example.com,Regular customer,Pickup Truck,XZC-1719
120,Customer 120,"Pham Van Dong, City",321121002,customer120@example.com,Regular customer,Pickup Truck,PJM-7078
121,Customer 121,"Duong Nguyen Van Cu, City",863109261,customer121@example.com,Regular customer,Motorcycle 250cc,SHO-5554
122,Customer 122,"Nguyen Tat Thanh, City",157943502,customer122@example.com,Regular customer,Motorcycle 125cc,RAG-8531
123,Customer 123,"Nguyen Hue, City",445312144,customer123@example.com,Regular customer,Motorcycle 125cc,UIG-4079
124,Customer 124,"Le Van Sy, City",188790607,customer124@example.com,Regular customer,Sedan,WAJ-1822
125,Customer 125,"Duong Hung Vuong, City",144672648,customer125@example.com,Regular customer,SUV,QCX-0749
126,Customer 126,"Duong Le Thanh Ton, City",328428968,customer126@example.com,Regular customer,Motorcycle 150cc,MZM-7031
127,Customer 127,"Cach Mang Thang Tam, City",567914748,customer127@example.com,Regular customer,Motorcycle 250cc,QYL-7116
128,Customer 128,"Duong Nguyen Hue, City",746565357,customer128@example.com,Regular customer,Motorcycle 125cc,LAB-4358
129,Customer 129,"Duong Nguyen Van Cu, City",569365512,customer129@example.com,Regular customer,Light Truck,PFL-6570
130,Customer 130,"Thong Nhat, City",101077827,customer130@example.com,Regular customer,Motorcycle 125cc,JKS-1797
131,Customer 131,"Nguyen Van Cu, City",323323416,customer131@example.com,Regular customer,Motorcycle 110cc,BUG-4034
132,Customer 132,"Duong Nguyen Binh Khiem, City",830530958,customer132@example.com,Regular customer,Motorcycle 110cc,FBK-8525
133,Customer 133,"Phan Van Tri, City",423435176,customer133@example.com,Regular customer,SUV,TAA-4159
134,Customer 134,"Duong Nguyen Hue, City",981034811,customer134@example.com,Regular customer,Sedan,SAO-1622
135,Customer 135,"Duong Nguyen Huu Canh, City",956797704,customer135@example.com,Regular customer,Motorcycle 125cc,STT-1943
136,Customer 136,"Le Lai, City",464561547,customer136@example.com,Regular customer,Motorcycle 250cc,BVJ-1681
137,Customer 137,"Nguyen Van Cu, City",248687980,customer137@example.com,Regular customer,Motorcycle 125cc,IZT-1407
138,Customer 138,"Xa Lo Ha Noi, City",109538831,customer138@example.com,Regular customer,Motorcycle 110cc,GYP-3553
139,Customer 139,"Nguyen Cong Tru, City",920876697,customer139@example.com,Regular customer,Motorcycle 250cc,MKB-0934
140,Customer 140,"Duong Hung Vuong, City",461057909,customer140@example.com,Regular customer,Motorcycle 50cc,EPB-7236
141,Customer 141,"Dien Bien Phu, City",546183958,customer141@example.com,Regular customer,Light Truck,ITF-1097
142,Customer 142,"Duong Hung Vuong, City",502576448,customer142@example.com,Regular customer,Light Truck,CCR-1485
143,Customer 143,"Duong Nguyen Van Cu, City",779507206,customer143@example.com,Regular customer,Motorcycle 50cc,YTV-8429
144,Customer 144,"Cau Sai Gon, City",516146403,customer144@example.com,Regular customer,Sedan,ZSX-0621
145,Customer 145,"Duong Nguyen Van Cu, City",874241672,customer145@example.com,Regular customer,Motorcycle 110cc,IUU-8482
146,Customer 146,"Cach Mang Thang Tam, City",656458456,customer146@example.com,Regular customer,Motorcycle 110cc,NLH-8010
147,Customer 147,"Duong Phan Xich Long, City",680505815,customer147@example.com,Regular customer,SUV,SWR-2476
148,Customer 148,"Vo Van Ngan, City",731416853,customer148@example.com,Regular customer,Motorcycle 150cc,COG-7430
149,Customer 149,"Dai Lo Dong Tay, City",425143666,customer149@example.com,Regular customer,Motorcycle 150cc,IYR-8678
150,Customer 150,"Ly Thai To, City",418644704,customer150@example.com,Regular customer,Motorcycle 150cc,TNY-5715
151,Customer 151,"Duong Le Loi, City",984618336,customer151@example.com,Regular customer,Motorcycle 250cc,UWX-4849
152,Customer 152,"Bach Dang, City",845450193,customer152@example.com,Regular customer,Light Truck,ULA-7445
153,Customer 153,"Nguyen Dinh Chieu, City",806477735,customer153@example.com,Regular customer,Light Truck,OHG-8285
154,Customer 154,"Duong Hai Ba Trung, City",509855552,customer154@example.com,Regular customer,Motorcycle 150cc,HNB-6080
155,Customer 155,"Tran Nao, City",253163116,customer155@example.com,Regular customer,SUV,TUQ-6242
156,Customer 156,"Kinh Duong Vuong, City",934539928,customer156@example.com,Regular customer,SUV,TBL-4410
157,Customer 157,"Tran Xuan Soan, City",525731350,customer157@example.com,Regular customer,Pickup Truck,IKO-0690
158,Customer 158,"Duong Nguyen Huu Canh, City",525414284,customer158@example.com,Regular customer,Pickup Truck,TDL-1798
159,Customer 159,"Hong Bang, City",474685523,customer159@example.com,Regular customer,Motorcycle 125cc,QAH-2224
160,Customer 160,"Cach Mang Thang Tam, City",424148326,customer160@example.com,Regular customer,Motorcycle 250cc,YSW-7084
161,Customer 161,"Nguyen Tat Thanh, City",514303562,customer161@example.com,Regular customer,SUV,BLQ-4390
162,Customer 162,"Xo Viet Nghe Tinh, City",742364761,customer162@example.com,Regular customer,Motorcycle 150cc,MLP-8837
163,Customer 163,"Duong Nguyen Huu Canh, City",939734464,customer163@example.com,Regular customer,Motorcycle 110cc,PJD-4291
164,Customer 164,"Duong Ton Duc Thang, City",689044442,customer164@example.com,Regular customer,Motorcycle 150cc,YQO-8323
165,Customer 165,"Nguyen Cong Tru, City",861667643,customer165@example.com,Regular customer,Sedan,ZOP-9830
166,Customer 166,"Ton Duc Thang, City",306195894,customer166@example.com,Regular customer,Motorcycle 150cc,YRE-8164
167,Customer 167,"Duong Dien Bien Phu, City",359113185,customer167@example.com,Regular customer,Pickup Truck,JII-3724
168,Customer 168,"Duong Nguyen Binh Khiem, City",952922693,customer168@example.com,Regular customer,Light Truck,SQK-2369
169,Customer 169,"Le Lai, City",560986536,customer169@example.com,Regular customer,Sedan,JIJ-7101
170,Customer 170,"Dai Lo Dong Tay, City",483786598,customer170@example.com,Regular customer,Motorcycle 50cc,PDS-0581
171,Customer 171,"Duong Nguyen Tri Phuong, City",660104552,customer171@example.com,Regular customer,Pickup Truck,TRE-2546
172,Customer 172,"Duong Ton Duc Thang, City",773049363,customer172@example.com,Regular customer,Motorcycle 50cc,ZKF-7438
173,Customer 173,"Duong Bui Vien, City",893031586,customer173@example.com,Regular customer,Motorcycle 110cc,ZHQ-9256
174,Customer 174,"Cach Mang Thang Tam, City",828933632,customer174@example.com,Regular customer,SUV,EDO-5347
175,Customer 175,"Duong Le Van Sy, City",833113862,customer175@example.com,Regular customer,Motorcycle 250cc,OXC-8838
176,Customer 176,"Tran Quoc Toan, City",328208553,customer176@example.com,Regular customer,Motorcycle 110cc,LWZ-5855
177,Customer 177,"Phan Van Tri, City",134704639,customer177@example.com,Regular customer,Motorcycle 50cc,YPV-1394
178,Customer 178,"Duong Nguyen Huu Canh, City",905571047,customer178@example.com,Regular customer,Sedan,QFD-7930
179,Customer 179,"Tran Nao, City",699133118,customer179@example.com,Regular customer,Motorcycle 250cc,AEP-3465
180,Customer 180,"Le Van Khuong, City",682723590,customer180@example.com,Regular customer,Sedan,IYV-1874
181,Customer 181,"Bach Dang, City",876356730,customer181@example.com,Regular customer,Pickup Truck,EKN-6016
182,Customer 182,"Phan Van Tri, City",398043416,customer182@example.com,Regular customer,SUV,XAI-0768
183,Customer 183,"Nguyen Tat Thanh, City",715651103,customer183@example.com,Regular customer,Light Truck,TBW-0871
184,Customer 184,"Tran Quoc Toan, City",313898335,customer184@example.com,Regular customer,Pickup Truck,ESF-5885
185,Customer 185,"Tran Quoc Toan, City",160553354,customer185@example.com,Regular customer,Motorcycle 110cc,ISM-2009
186,Customer 186,"Kinh Duong Vuong, City",506462492,customer186@example.com,Regular customer,Motorcycle 110cc,ZKJ-0807
187,Customer 187,"Duong Dien Bien Phu, City",265787998,customer187@example.com,Regular customer,Motorcycle 150cc,YGC-8818
188,Customer 188,"Bach Dang, City",191265353,customer188@example.com,Regular customer,Sedan,DMD-9129
189,Customer 189,"Le Lai, City",713592237,customer189@example.com,Regular customer,Pickup Truck,WFX-5972
190,Customer 190,"Duong Tran Hung Dao, City",922417960,customer190@example.com,Regular customer,SUV,MEZ-0272
191,Customer 191,"Duong Nguyen Hue, City",937656145,customer191@example.com,Regular customer,Motorcycle 150cc,MFS-9279
192,Customer 192,"Duong Le Duan, City",152222917,customer192@example.com,Regular customer,Motorcycle 50cc,TLY-8574
193,Customer 193,"Duong Hai Ba Trung, City",589462582,customer193@example.com,Regular customer,Motorcycle 125cc,WXC-0585
194,Customer 194,"Duong Nguyen Thi Minh Khai, City",475131554,customer194@example.com,Regular customer,Motorcycle 50cc,OGU-0045
195,Customer 195,"Nguyen Dinh Chieu, City",603214552,customer195@example.com,Regular customer,Light Truck,BJC-5220
196,Customer 196,"Duong Vo Van Kiet, City",463077718,customer196@example.com,Regular customer,Motorcycle 125cc,OHH-4947
197,Customer 197,"Nguyen Hong, City",358665186,customer197@example.com,Regular customer,Pickup Truck,BQV-4059
198,Customer 198,"Nguyen Tat Thanh, City",795690887,customer198@example.com,Regular customer,Light Truck,XZA-6852
199,Customer 199,"Cach Mang Thang Tam, City",825348852,customer199@example.com,Regular customer,Motorcycle 110cc,GWJ-1259
200,Customer 200,"Duong Pasteur, City",586603534,customer200@example.com,Regular customer,Pickup Truck,GZS-0574
201,Customer 201,"Le Van Sy, City",314438295,customer201@example.com,Regular customer,SUV,RAC-8692
202,Customer 202,"Hong Bang, City",873917708,customer202@example.com,Regular customer,Motorcycle 50cc,XZN-8935
203,Customer 203,"Duong Nguyen Thi Minh Khai, City",369616125,customer203@example.com,Regular customer,Light Truck,VNW-9282
204,Customer 204,"An Duong Vuong, City",229770877,customer204@example.com,Regular customer,Motorcycle 50cc,MNL-9460
205,Customer 205,"Duong Nguyen Thi Minh Khai, City",297466137,customer205@example.com,Regular customer,SUV,BGI-8363
206,Customer 206,"Le Van Khuong, City",117551016,customer206@example.com,Regular customer,Motorcycle 50cc,ZDD-1346
207,Customer 207,"Pham Van Dong, City",265481382,customer207@example.com,Regular customer,Light Truck,MCD-3031
208,Customer 208,"Nguyen Van Cu, City",489525033,customer208@example.com,Regular customer,Light Truck,BWT-5044
209,Customer 209,"Tran Xuan Soan, City",519806136,customer209@example.com,Regular customer,Sedan,DTX-5807
210,Customer 210,"Duong Nguyen Tri Phuong, City",928549635,customer210@example.com,Regular customer,Motorcycle 125cc,CUK-6280
211,Customer 211,"Duong Hai Ba Trung, City",826794278,customer211@example.com,Regular customer,Motorcycle 110cc,CZR-8398
212,Customer 212,"Duong Tran Hung Dao, City",642944220,customer212@example.com,Regular customer,Light Truck,JJC-1426
213,Customer 213,"Le Van Khuong, City",825417284,customer213@example.com,Regular customer,Motorcycle 50cc,RXS-2719
214,Customer 214,"Vo Van Ngan, City",227471396,customer214@example.com,Regular customer,SUV,BSE-9635
215,Customer 215,"Nguyen Cong Tru, City",130751374,customer215@example.com,Regular customer,Motorcycle 250cc,WKX-9254
216,Customer 216,"Tran Xuan Soan, City",961705480,customer216@example.com,Regular customer,Motorcycle 125cc,AXG-4817
217,Customer 217,"Dai Lo Dong Tay, City",394733931,customer217@example.com,Regular customer,Motorcycle 150cc,FPG-3127
218,Customer 218,"Duong Le Van Sy, City",476931312,customer218@example.com,Regular customer,Motorcycle 250cc,MEX-1260
219,Customer 219,"Nguyen Tat Thanh, City",693848827,customer219@example.com,Regular customer,Light Truck,RKO-9247
220,Customer 220,"Duong Cach Mang Thang Tam, City",961420661,customer220@example.com,Regular customer,SUV,QEK-5314
221,Customer 221,"Nguyen Tri Phuong, City",521182728,customer221@example.com,Regular customer,SUV,POC-0773
222,Customer 222,"Cach Mang Thang Tam, City",726799318,customer222@example.com,Regular customer,Sedan,SSO-9587
223,Customer 223,"Tran Hung Dao, City",180698607,customer223@example.com,Regular customer,Motorcycle 250cc,UNX-2104
224,Customer 224,"Tran Nao, City",509768399,customer224@example.com,Regular customer,Motorcycle 110cc,IUU-2515
225,Customer 225,"Le Van Sy, City",819625677,customer225@example.com,Regular customer,Sedan,FAK-6446
226,Customer 226,"Nguyen Cong Tru, City",386007930,customer226@example.com,Regular customer,Pickup Truck,CAV-8483
227,Customer 227,"Duong Nguyen Huu Canh, City",301879918,customer227@example.com,Regular customer,Sedan,GAZ-6370
228,Customer 228,"Nguyen Van Cu, City",517165637,customer228@example.com,Regular customer,Motorcycle 250cc,KNA-2109
229,Customer 229,"Cau Sai Gon, City",632946037,customer229@example.com,Regular customer,SUV,VAI-5780
230,Customer 230,"Duong Vo Thi Sau, City",976793457,customer230@example.com,Regular customer,Motorcycle 125cc,VKX-6514
231,Customer 231,"Duong Truong Dinh, City",406501813,customer231@example.com,Regular customer,Motorcycle 110cc,NNL-3359
232,Customer 232,"Duong Tran Quoc Thao, City",794125826,customer232@example.com,Regular customer,Pickup Truck,NYQ-0171
233,Customer 233,"Duong Truong Dinh, City",142603870,customer233@example.com,Regular customer,SUV,HRQ-4313
234,Customer 234,"Nguyen Hue, City",493515802,customer234@example.com,Regular customer,Motorcycle 50cc,GYE-3950
235,Customer 235,"Duong Cach Mang Thang Tam, City",524156534,customer235@example.com,Regular customer,Motorcycle 150cc,GOY-5205
236,Customer 236,"Duong Tran Quoc Thao, City",412511558,customer236@example.com,Regular customer,Motorcycle 50cc,PVR-7679
237,Customer 237,"Xa Lo Ha Noi, City",205342588,customer237@example.com,Regular customer,Motorcycle 250cc,WXL-8961
238,Customer 238,"Duong Pham Ngoc Thach, City",593111295,customer238@example.com,Regular customer,Sedan,YKU-7146
239,Customer 239,"Xa Lo Ha Noi, City",753286665,customer239@example.com,Regular customer,Light Truck,DYI-3271
240,Customer 240,"Duong Pham Ngoc Thach, City",859870368,customer240@example.com,Regular customer,Motorcycle 150cc,LTS-3281
241,Customer 241,"Ton Duc Thang, City",753560612,customer241@example.com,Regular customer,Motorcycle 110cc,CYG-3826
242,Customer 242,"Ha Huy Giap, City",313567155,customer242@example.com,Regular customer,Sedan,KKE-3732
243,Customer 243,"Duong Le Loi, City",317941303,customer243@example.com,Regular customer,Motorcycle 50cc,AMQ-0757
244,Customer 244,"Duong Le Loi, City",780038770,customer244@example.com,Regular customer,Motorcycle 110cc,MOX-9357
245,Customer 245,"Tran Nao, City",690874363,customer245@example.com,Regular customer,Light Truck,EGS-6407
246,Customer 246,"Thong Nhat, City",262618922,customer246@example.com,Regular customer,Motorcycle 125cc,VVX-8741
247,Customer 247,"Nguyen Tat Thanh, City",661639510,customer247@example.com,Regular customer,Sedan,OKG-7157
248,Customer 248,"Phan Van Tri, City",917787731,customer248@example.com,Regular customer,SUV,ZMM-3334
249,Customer 249,"Ly Thai To, City",283718844,customer249@example.com,Regular customer,Motorcycle 110cc,PBV-9704
250,Customer 250,"Duong Le Duan, City",689366021,customer250@example.com,Regular customer,Motorcycle 150cc,ROK-0393
251,Customer 251,"Cach Mang Thang Tam, City",976659831,customer251@example.com,Regular customer,Motorcycle 150cc,KTQ-2243
252,Customer 252,"Duong Vo Thi Sau, City",703341438,customer252@example.com,Regular customer,Motorcycle 250cc,TJW-9277
253,Customer 253,"Duong Truong Dinh, City",694041870,customer253@example.com,Regular customer,Motorcycle 150cc,AJO-9969
254,Customer 254,"Cach Mang Thang Tam, City",102563051,customer254@example.com,Regular customer,Motorcycle 150cc,OQB-5338
255,Customer 255,"Tran Nao, City",985930684,customer255@example.com,Regular customer,Motorcycle 50cc,ZXD-5687
256,Customer 256,"Bach Dang, City",691641126,customer256@example.com,Regular customer,Motorcycle 125cc,JVD-3942
257,Customer 257,"Nguyen Dinh Chieu, City",979283872,customer257@example.com,Regular customer,Light Truck,EVH-6766
258,Customer 258,"Le Van Sy, City",191595720,customer258@example.com,Regular customer,Motorcycle 110cc,LWN-8006
259,Customer 259,"Ton Duc Thang, City",592543471,customer259@example.com,Regular customer,Motorcycle 110cc,MET-7862
260,Customer 260,"Xa Lo Ha Noi, City",194661758,customer260@example.com,Regular customer,SUV,IPU-0940
261,Customer 261,"Phan Van Tri, City",501725082,customer261@example.com,Regular customer,Motorcycle 125cc,EYJ-8033
262,Customer 262,"Nguyen Dinh Chieu, City",152005891,customer262@example.com,Regular customer,Pickup Truck,QOT-9581
263,Customer 263,"Duong Truong Dinh, City",926248840,customer263@example.com,Regular customer,Motorcycle 150cc,KGL-2316
264,Customer 264,"Duong Nguyen Huu Canh, City",783861024,customer264@example.com,Regular customer,Motorcycle 50cc,YAS-0442
265,Customer 265,"Nguyen Van Cu, City",182944661,customer265@example.com,Regular customer,Pickup Truck,YDV-7231
266,Customer 266,"Duong Le Duan, City",352584748,customer266@example.com,Regular customer,Light Truck,YYZ-1621
267,Customer 267,"Duong Le Loi, City",481248235,customer267@example.com,Regular customer,Light Truck,QLC-8516
268,Customer 268,"Duong Nguyen Tri Phuong, City",906249475,customer268@example.com,Regular customer,Motorcycle 50cc,MOO-0653
269,Customer 269,"Le Van Khuong, City",954294458,customer269@example.com,Regular customer,Motorcycle 50cc,OZZ-8734
270,Customer 270,"Tran Quoc Toan, City",359966763,customer270@example.com,Regular customer,Motorcycle 125cc,RDY-1867
271,Customer 271,"Duong Pasteur, City",756966819,customer271@example.com,Regular customer,Pickup Truck,JDQ-5543
272,Customer 272,"Ly Thai To, City",754757249,customer272@example.com,Regular customer,Motorcycle 125cc,ZPU-6452
273,Customer 273,"Tran Hung Dao, City",611994132,customer273@example.com,Regular customer,Sedan,SFB-2533
274,Customer 274,"Ton Duc Thang, City",748811183,customer274@example.com,Regular customer,SUV,NCR-1841
275,Customer 275,"Cau Sai Gon, City",376744166,customer275@example.com,Regular customer,Pickup Truck,PZH-5903
276,Customer 276,"Le Lai, City",773993532,customer276@example.com,Regular customer,Motorcycle 125cc,FQY-9220
277,Customer 277,"Vo Van Ngan, City",130900498,customer277@example.com,Regular customer,Light Truck,PPT-4868
278,Customer 278,"Ha Huy Giap, City",587421220,customer278@example.com,Regular customer,Pickup Truck,OJJ-6584
279,Customer 279,"Duong Nguyen Thi Minh Khai, City",742644346,customer279@example.com,Regular customer,Motorcycle 125cc,GGG-4304
280,Customer 280,"Ky Con, City",606372258,customer280@example.com,Regular customer,SUV,HDP-0595
281,Customer 281,"Nguyen Thi Thap, City",218001682,customer281@example.com,Regular customer,Pickup Truck,MXY-1855
282,Customer 282,"An Duong Vuong, City",230065405,customer282@example.com,Regular customer,Motorcycle 150cc,UOB-9440
283,Customer 283,"Hong Bang, City",452784588,customer283@example.com,Regular customer,SUV,QER-9905
284,Customer 284,"Nguyen Tat Thanh, City",379573641,customer284@example.com,Regular customer,SUV,LHJ-7551
285,Customer 285,"Ham Nghi, City",707569480,customer285@example.com,Regular customer,Motorcycle 110cc,XRA-2695
286,Customer 286,"Le Lai, City",105248038,customer286@example.com,Regular customer,Motorcycle 110cc,DGK-4510
287,Customer 287,"Tran Nao, City",555865697,customer287@example.com,Regular customer,Sedan,QCG-4930
288,Customer 288,"Dai Lo Dong Tay, City",743610225,customer288@example.com,Regular customer,Motorcycle 50cc,FJO-1232
289,Customer 289,"Tran Nao, City",262776078,customer289@example.com,Regular customer,SUV,NFF-7301
290,Customer 290,"Duong Nguyen Thi Minh Khai, City",438524921,customer290@example.com,Regular customer,Motorcycle 150cc,BVB-8262
291,Customer 291,"Duong Pasteur, City",141849615,customer291@example.com,Regular customer,Motorcycle 150cc,ZTC-2073
292,Customer 292,"Duong Cach Mang Thang Tam, City",503757651,customer292@example.com,Regular customer,Motorcycle 150cc,LWW-4202
293,Customer 293,"Duong Nam Ky Khoi Nghia, City",364103378,customer293@example.com,Regular customer,Pickup Truck,IWC-3090
294,Customer 294,"Nguyen Van Cu, City",702273939,customer294@example.com,Regular customer,Motorcycle 125cc,NUN-5967
295,Customer 295,"Duong Le Van Sy, City",983655035,customer295@example.com,Regular customer,Motorcycle 125cc,EGF-6436
296,Customer 296,"Bach Dang, City",241446484,customer296@example.com,Regular customer,Motorcycle 250cc,MKC-3690
297,Customer 297,"Bach Dang, City",367030772,customer297@example.com,Regular customer,SUV,NMI-5064
298,Customer 298,"Ton Duc Thang, City",101839472,customer298@example.com,Regular customer,Motorcycle 125cc,IDT-1762
299,Customer 299,"Duong Truong Dinh, City",213091405,customer299@example.com,Regular customer,SUV,IHS-8117
300,Customer 300,"Le Van Khuong, City",656806559,customer300@example.com,Regular customer,SUV,MTP-4293
301,Customer 301,"Phan Van Tri, City",122241679,customer301@example.com,Regular customer,Motorcycle 50cc,GCG-8115
302,Customer 302,"Kinh Duong Vuong, City",313685208,customer302@example.com,Regular customer,Motorcycle 110cc,SVK-2816
303,Customer 303,"Le Van Khuong, City",396540878,customer303@example.com,Regular customer,Motorcycle 125cc,JQI-6709
304,Customer 304,"Duong Pasteur, City",777190611,customer304@example.com,Regular customer,Light Truck,UCM-9274
305,Customer 305,"Phan Van Tri, City",975480232,customer305@example.com,Regular customer,Motorcycle 250cc,OSK-4520
306,Customer 306,"Tran Hung Dao, City",686002944,customer306@example.com,Regular customer,Motorcycle 250cc,IFE-1016
307,Customer 307,"Duong Tran Quoc Thao, City",915600912,customer307@example.com,Regular customer,Motorcycle 150cc,ZRA-9302
308,Customer 308,"Ham Nghi, City",793290363,customer308@example.com,Regular customer,Motorcycle 50cc,DVK-3418
309,Customer 309,"Le Van Khuong, City",430927577,customer309@example.com,Regular customer,Motorcycle 150cc,GDY-9737
310,Customer 310,"Duong Vo Van Kiet, City",647034536,customer310@example.com,Regular customer,Light Truck,YQB-4527
311,Customer 311,"Duong Tran Quoc Thao, City",917093094,customer311@example.com,Regular customer,Motorcycle 250cc,ISD-3656
312,Customer 312,"Duong Truong Dinh, City",636692424,customer312@example.com,Regular customer,SUV,WXT-8345
313,Customer 313,"Ha Huy Giap, City",682106391,customer313@example.com,Regular customer,SUV,ZSY-9687
314,Customer 314,"Duong Le Thanh Ton, City",767515575,customer314@example.com,Regular customer,Motorcycle 50cc,HUW-2238
315,Customer 315,"Tran Xuan Soan, City",261759566,customer315@example.com,Regular customer,Sedan,XJJ-4182
316,Customer 316,"Ham Nghi, City",615257316,customer316@example.com,Regular customer,Motorcycle 250cc,BQN-4704
317,Customer 317,"Dai Lo Dong Tay, City",160298027,customer317@example.com,Regular customer,Motorcycle 50cc,MBS-6120
318,Customer 318,"Le Van Khuong, City",875431423,customer318@example.com,Regular customer,Sedan,OVP-7739
319,Customer 319,"Duong Hung Vuong, City",600035714,customer319@example.com,Regular customer,Sedan,VBN-4593
320,Customer 320,"Xa Lo Ha Noi, City",154298329,customer320@example.com,Regular customer,Motorcycle 150cc,PGJ-9731
321,Customer 321,"Nguyen Hue, City",262108034,customer321@example.com,Regular customer,Motorcycle 110cc,PBF-5056
322,Customer 322,"Le Lai, City",235375195,customer322@example.com,Regular customer,Motorcycle 150cc,FRO-7108
323,Customer 323,"Xa Lo Ha Noi, City",616648428,customer323@example.com,Regular customer,Sedan,XYZ-0647
324,Customer 324,"Nguyen Tri Phuong, City",563626036,customer324@example.com,Regular customer,Motorcycle 250cc,GDY-3091
325,Customer 325,"Duong Hai Ba Trung, City",355335399,customer325@example.com,Regular customer,Pickup Truck,XKN-5319
326,Customer 326,"Nam Ky Khoi Nghia, City",265037062,customer326@example.com,Regular customer,Sedan,RHI-2263
327,Customer 327,"Duong Nguyen Hue, City",755983596,customer327@example.com,Regular customer,Sedan,RJP-6419
328,Customer 328,"Nguyen Van Cu, City",735618645,customer328@example.com,Regular customer,Motorcycle 110cc,VQV-4532
329,Customer 329,"Duong Nguyen Van Cu, City",319473866,customer329@example.com,Regular customer,Motorcycle 150cc,NGO-7910
330,Customer 330,"Tran Quoc Toan, City",360099548,customer330@example.com,Regular customer,Light Truck,KYD-9071
331,Customer 331,"Duong Truong Dinh, City",404497039,customer331@example.com,Regular customer,Motorcycle 250cc,CDR-2732
332,Customer 332,"Ha Huy Giap, City",522648120,customer332@example.com,Regular customer,Sedan,TRV-0188
333,Customer 333,"Nguyen Dinh Chieu, City",873504442,customer333@example.com,Regular customer,Motorcycle 150cc,MAZ-6946
334,Customer 334,"Duong Vo Van Kiet, City",236168321,customer334@example.com,Regular customer,Pickup Truck,LZE-3024
335,Customer 335,"Tran Nao, City",417401199,customer335@example.com,Regular customer,Motorcycle 250cc,KRJ-4581
336,Customer 336,"Tran Nao, City",399238769,customer336@example.com,Regular customer,Light Truck,ZZJ-2498
337,Customer 337,"Duong Bui Vien, City",825505714,customer337@example.com,Regular customer,Motorcycle 150cc,EYP-9151
338,Customer 338,"Duong Le Thanh Ton, City",713190835,customer338@example.com,Regular customer,Light Truck,LTP-3854
339,Customer 339,"Tran Hung Dao, City",100106912,customer339@example.com,Regular customer,Motorcycle 125cc,IIY-5658
340,Customer 340,"Le Van Khuong, City",989992293,customer340@example.com,Regular customer,Pickup Truck,RIQ-6083
341,Customer 341,"Duong Truong Dinh, City",198159698,customer341@example.com,Regular customer,Motorcycle 250cc,MCY-5687
342,Customer 342,"Duong Nguyen Thi Minh Khai, City",525323571,customer342@example.com,Regular customer,Motorcycle 250cc,USO-5442
343,Customer 343,"Duong Vo Van Kiet, City",835700332,customer343@example.com,Regular customer,Pickup Truck,TTH-5110
344,Customer 344,"Duong Nguyen Tri Phuong, City",632871991,customer344@example.com,Regular customer,Light Truck,MYW-2594
345,Customer 345,"Tran Quoc Toan, City",606214341,customer345@example.com,Regular customer,SUV,OZK-6353
346,Customer 346,"Bach Dang, City",280682730,customer346@example.com,Regular customer,Pickup Truck,LRS-0215
347,Customer 347,"Kinh Duong Vuong, City",835354434,customer347@example.com,Regular customer,Light Truck,WNH-0760
348,Customer 348,"Duong Vo Van Kiet, City",732351372,customer348@example.com,Regular customer,Light Truck,DTC-5150
349,Customer 349,"Bach Dang, City",414187504,customer349@example.com,Regular customer,Motorcycle 125cc,CUE-9758
350,Customer 350,"Duong Nguyen Binh Khiem, City",237502898,customer350@example.com,Regular customer,SUV,ZQZ-4136
351,Customer 351,"Duong Truong Dinh, City",646727202,customer351@example.com,Regular customer,Motorcycle 150cc,AXC-4451
352,Customer 352,"Tran Nao, City",278001477,customer352@example.com,Regular customer,SUV,HJT-4997
353,Customer 353,"Duong Nguyen Tri Phuong, City",582209226,customer353@example.com,Regular customer,Motorcycle 110cc,EYA-1599
354,Customer 354,"Vo Van Ngan, City",649109465,customer354@example.com,Regular customer,Sedan,DOD-8315
355,Customer 355,"Duong Bui Vien, City",158103123,customer355@example.com,Regular customer,Pickup Truck,GYH-9548
356,Customer 356,"Ham Nghi, City",620500074,customer356@example.com,Regular customer,Motorcycle 125cc,LWL-0665
357,Customer 357,"Tran Xuan Soan, City",728489282,customer357@example.com,Regular customer,Motorcycle 150cc,PRX-3024
358,Customer 358,"Le Van Khuong, City",251545567,customer358@example.com,Regular customer,Motorcycle 110cc,YOO-0461
359,Customer 359,"Duong Ton Duc Thang, City",280999467,customer359@example.com,Regular customer,Motorcycle 110cc,SFH-2844
360,Customer 360,"Le Van Sy, City",197457219,customer360@example.com,Regular customer,Sedan,IEF-5927
361,Customer 361,"Duong Vo Thi Sau, City",388333648,customer361@example.com,Regular customer,Motorcycle 110cc,GZD-1498
362,Customer 362,"Xa Lo Ha Noi, City",551128619,customer362@example.com,Regular customer,Motorcycle 250cc,TTA-0002
363,Customer 363,"Pham Van Dong, City",412577771,customer363@example.com,Regular customer,Sedan,ZKC-5585
364,Customer 364,"Duong Nguyen Huu Canh, City",602216350,customer364@example.com,Regular customer,Motorcycle 125cc,VLR-3950
365,Customer 365,"Duong Tran Hung Dao, City",974488622,customer365@example.com,Regular customer,Motorcycle 125cc,LMO-4211
366,Customer 366,"Tran Xuan Soan, City",832630583,customer366@example.com,Regular customer,Pickup Truck,GZW-0136
367,Customer 367,"Dien Bien Phu, City",680366546,customer367@example.com,Regular customer,Motorcycle 50cc,VNH-7208
368,Customer 368,"Duong Truong Dinh, City",660385040,customer368@example.com,Regular customer,Light Truck,EOV-5738
369,Customer 369,"Ky Con, City",338983206,customer369@example.com,Regular customer,Motorcycle 50cc,TMV-8614
370,Customer 370,"Hong Bang, City",411917279,customer370@example.com,Regular customer,Pickup Truck,QWX-8593
371,Customer 371,"Ky Con, City",262074758,customer371@example.com,Regular customer,Motorcycle 250cc,MUK-1636
372,Customer 372,"Duong Tran Quoc Thao, City",127685996,customer372@example.com,Regular customer,Motorcycle 125cc,HFK-8050
373,Customer 373,"Duong Nguyen Tri Phuong, City",974891022,customer373@example.com,Regular customer,Light Truck,VRK-3080
374,Customer 374,"Duong Tran Hung Dao, City",388986804,customer374@example.com,Regular customer,SUV,NFR-9965
375,Customer 375,"Duong Vo Thi Sau, City",448497815,customer375@example.com,Regular customer,Sedan,GEU-7962
376,Customer 376,"Nam Ky Khoi Nghia, City",968267703,customer376@example.com,Regular customer,Motorcycle 50cc,KOB-0457
377,Customer 377,"Tran Quoc Toan, City",195898419,customer377@example.com,Regular customer,Pickup Truck,GQJ-1910
378,Customer 378,"Thong Nhat, City",861828699,customer378@example.com,Regular customer,Pickup Truck,BXV-3034
379,Customer 379,"Le Lai, City",302964909,customer379@example.com,Regular customer,Motorcycle 250cc,JIL-7178
380,Customer 380,"Nam Ky Khoi Nghia, City",467129739,customer380@example.com,Regular customer,Motorcycle 110cc,EOQ-9047
381,Customer 381,"Duong Bui Vien, City",175879663,customer381@example.com,Regular customer,Motorcycle 150cc,PEQ-6714
382,Customer 382,"Ky Con, City",150449947,customer382@example.com,Regular customer,Motorcycle 250cc,WEY-6813
383,Customer 383,"Tran Nao, City",271650121,customer383@example.com,Regular customer,Light Truck,PCV-7811
384,Customer 384,"Nam Ky Khoi Nghia, City",577213101,customer384@example.com,Regular customer,Motorcycle 150cc,HHC-5275
385,Customer 385,"Cach Mang Thang Tam, City",819677151,customer385@example.com,Regular customer,Pickup Truck,RMX-1314
386,Customer 386,"Duong Phan Xich Long, City",697007087,customer386@example.com,Regular customer,Motorcycle 50cc,YGP-2646
387,Customer 387,"Ham Nghi, City",839654460,customer387@example.com,Regular customer,Motorcycle 250cc,URX-4383
388,Customer 388,"Duong Nguyen Huu Canh, City",364823737,customer388@example.com,Regular customer,Motorcycle 125cc,OST-3050
389,Customer 389,"Duong Phan Xich Long, City",608518636,customer389@example.com,Regular customer,Motorcycle 110cc,MCP-5959
390,Customer 390,"Vo Van Ngan, City",977126186,customer390@example.com,Regular customer,Pickup Truck,XND-3779
391,Customer 391,"Xa Lo Ha Noi, City",334707010,customer391@example.com,Regular customer,Pickup Truck,NES-8418
392,Customer 392,"Cach Mang Thang Tam, City",576325466,customer392@example.com,Regular customer,Motorcycle 150cc,MOJ-8573
393,Customer 393,"Nam Ky Khoi Nghia, City",739328448,customer393@example.com,Regular customer,Sedan,CXZ-2673
394,Customer 394,"Dien Bien Phu, City",867585291,customer394@example.com,Regular customer,Motorcycle 250cc,UQO-0007
395,Customer 395,"Dai Lo Dong Tay, City",760642699,customer395@example.com,Regular customer,SUV,JYX-3890
396,Customer 396,"Duong Hai Ba Trung, City",418462033,customer396@example.com,Regular customer,Motorcycle 250cc,VOW-5838
397,Customer 397,"Nguyen Thi Thap, City",314542419,customer397@example.com,Regular customer,Motorcycle 110cc,NYQ-1956
398,Customer 398,"Xo Viet Nghe Tinh, City",352451791,customer398@example.com,Regular customer,Light Truck,WXR-5544
399,Customer 399,"Duong Nguyen Binh Khiem, City",788879344,customer399@example.com,Regular customer,Motorcycle 125cc,DLB-5321
400,Customer 400,"Tran Xuan Soan, City",481267533,customer400@example.com,Regular customer,Sedan,JNN-5965
401,Customer 401,"Nam Ky Khoi Nghia, City",508513669,customer401@example.com,Regular customer,Motorcycle 110cc,OQZ-4260
402,Customer 402,"Duong Nguyen Tri Phuong, City",950204227,customer402@example.com,Regular customer,Motorcycle 50cc,GVS-3538
403,Customer 403,"Le Van Sy, City",689365453,customer403@example.com,Regular customer,Motorcycle 250cc,RIN-4354
404,Customer 404,"Ky Con, City",678536994,customer404@example.com,Regular customer,Sedan,JDN-4301
405,Customer 405,"Nguyen Dinh Chieu, City",267670416,customer405@example.com,Regular customer,Motorcycle 150cc,MJK-6212
406,Customer 406,"Pham Van Dong, City",826986855,customer406@example.com,Regular customer,Pickup Truck,OPM-7519
407,Customer 407,"Duong Vo Thi Sau, City",714212040,customer407@example.com,Regular customer,Motorcycle 50cc,RBN-8287
408,Customer 408,"Pham Van Dong, City",139844554,customer408@example.com,Regular customer,Motorcycle 250cc,OIH-1688
409,Customer 409,"Ham Nghi, City",982779791,customer409@example.com,Regular customer,Motorcycle 110cc,BIW-8291
410,Customer 410,"Nguyen Tat Thanh, City",560257318,customer410@example.com,Regular customer,Light Truck,IEP-7611
411,Customer 411,"Duong Hung Vuong, City",395504890,customer411@example.com,Regular customer,Motorcycle 50cc,DKJ-6966
412,Customer 412,"Le Van Khuong, City",976786907,customer412@example.com,Regular customer,Motorcycle 50cc,QWU-9527
413,Customer 413,"Le Van Sy, City",934126774,customer413@example.com,Regular customer,Sedan,EIW-7696
414,Customer 414,"Duong Hai Ba Trung, City",118449275,customer414@example.com,Regular customer,Pickup Truck,EJP-9571
415,Customer 415,"Duong Ton Duc Thang, City",171937640,customer415@example.com,Regular customer,Motorcycle 110cc,FJJ-5636
416,Customer 416,"Duong Nguyen Tri Phuong, City",928099772,customer416@example.com,Regular customer,Motorcycle 125cc,RPA-1625
417,Customer 417,"Duong Vo Thi Sau, City",422209425,customer417@example.com,Regular customer,Motorcycle 110cc,EMB-8898
418,Customer 418,"Le Van Sy, City",123783051,customer418@example.com,Regular customer,Light Truck,CHD-1540
419,Customer 419,"Duong Le Loi, City",693533825,customer419@example.com,Regular customer,Sedan,YRW-3858
420,Customer 420,"Duong Nguyen Van Cu, City",963622322,customer420@example.com,Regular customer,Light Truck,BIF-9894
421,Customer 421,"Duong Pasteur, City",689441328,customer421@example.com,Regular customer,Sedan,NTU-8900
422,Customer 422,"Tran Hung Dao, City",336593457,customer422@example.com,Regular customer,Motorcycle 50cc,XJU-4590
423,Customer 423,"Duong Nguyen Binh Khiem, City",253697245,customer423@example.com,Regular customer,Motorcycle 50cc,AQQ-2980
424,Customer 424,"Duong Dien Bien Phu, City",358228073,customer424@example.com,Regular customer,Motorcycle 150cc,KXH-0608
425,Customer 425,"Duong Nguyen Huu Canh, City",593023227,customer425@example.com,Regular customer,Motorcycle 50cc,CIZ-5296
426,Customer 426,"Le Lai, City",711493113,customer426@example.com,Regular customer,Motorcycle 110cc,PSF-7459
427,Customer 427,"Duong Le Van Sy, City",190714608,customer427@example.com,Regular customer,SUV,WBR-4098
428,Customer 428,"Duong Le Duan, City",640375557,customer428@example.com,Regular customer,Motorcycle 110cc,BLL-8755
429,Customer 429,"Tran Nao, City",256123792,customer429@example.com,Regular customer,Motorcycle 150cc,LOH-7845
430,Customer 430,"Tran Quoc Toan, City",580862969,customer430@example.com,Regular customer,Motorcycle 110cc,NLR-2217
431,Customer 431,"Bach Dang, City",197617440,customer431@example.com,Regular customer,Pickup Truck,LWZ-9822
432,Customer 432,"Duong Vo Thi Sau, City",729562511,customer432@example.com,Regular customer,SUV,UGT-8569
433,Customer 433,"Duong Hai Ba Trung, City",814414300,customer433@example.com,Regular customer,SUV,JZF-7497
434,Customer 434,"Ham Nghi, City",441047636,customer434@example.com,Regular customer,Sedan,FRY-4436
435,Customer 435,"Duong Truong Dinh, City",808021052,customer435@example.com,Regular customer,Motorcycle 250cc,HSL-9694
436,Customer 436,"Le Van Khuong, City",668728820,customer436@example.com,Regular customer,Motorcycle 50cc,PSL-1498
437,Customer 437,"Duong Nguyen Hue, City",438201972,customer437@example.com,Regular customer,SUV,EST-2676
438,Customer 438,"Cach Mang Thang Tam, City",424489998,customer438@example.com,Regular customer,Motorcycle 50cc,DEH-9657
439,Customer 439,"Duong Truong Dinh, City",164597740,customer439@example.com,Regular customer,SUV,ALR-0971
440,Customer 440,"Duong Phan Xich Long, City",321286089,customer440@example.com,Regular customer,Sedan,PGR-5753
441,Customer 441,"Pham Van Dong, City",504962288,customer441@example.com,Regular customer,Pickup Truck,LDY-8735
442,Customer 442,"Ly Thai To, City",734256181,customer442@example.com,Regular customer,SUV,SUF-9735
443,Customer 443,"Duong Vo Van Kiet, City",927726844,customer443@example.com,Regular customer,Motorcycle 110cc,OLU-2501
444,Customer 444,"Duong Nguyen Huu Canh, City",532285587,customer444@example.com,Regular customer,Motorcycle 110cc,RVP-5741
445,Customer 445,"Nguyen Thi Thap, City",314624614,customer445@example.com,Regular customer,Light Truck,GJX-0635
446,Customer 446,"Duong Nguyen Binh Khiem, City",801086775,customer446@example.com,Regular customer,SUV,CUO-5361
447,Customer 447,"Duong Le Duan, City",891709595,customer447@example.com,Regular customer,Pickup Truck,NVH-8103
448,Customer 448,"Nguyen Cong Tru, City",398384305,customer448@example.com,Regular customer,Pickup Truck,IEK-1423
449,Customer 449,"Pham Van Dong, City",610898635,customer449@example.com,Regular customer,Motorcycle 125cc,KRI-0461
450,Customer 450,"Tran Nao, City",570625490,customer450@example.com,Regular customer,Sedan,AMU-0557
451,Customer 451,"Nguyen Van Cu, City",486739401,customer451@example.com,Regular customer,SUV,ZHV-3942
452,Customer 452,"Tran Xuan Soan, City",712085045,customer452@example.com,Regular customer,Pickup Truck,XVJ-8850
453,Customer 453,"Duong Nam Ky Khoi Nghia, City",368825837,customer453@example.com,Regular customer,Motorcycle 250cc,OGX-4653
454,Customer 454,"Duong Nguyen Tri Phuong, City",691586844,customer454@example.com,Regular customer,Sedan,VIZ-2088
455,Customer 455,"Tran Quoc Toan, City",627809304,customer455@example.com,Regular customer,Pickup Truck,DHZ-3284
456,Customer 456,"Duong Vo Van Kiet, City",273644451,customer456@example.com,Regular customer,Light Truck,NVG-5367
457,Customer 457,"Phan Van Tri, City",294992897,customer457@example.com,Regular customer,Motorcycle 50cc,VSD-9418
458,Customer 458,"Duong Phan Xich Long, City",444636626,customer458@example.com,Regular customer,Motorcycle 250cc,OUV-0276
459,Customer 459,"Duong Truong Dinh, City",624477105,customer459@example.com,Regular customer,SUV,PAM-8967
460,Customer 460,"Duong Vo Thi Sau, City",935605361,customer460@example.com,Regular customer,Light Truck,UPF-7292
461,Customer 461,"Nguyen Hue, City",753995217,customer461@example.com,Regular customer,Motorcycle 150cc,SGS-0756
462,Customer 462,"Duong Hai Ba Trung, City",937956505,customer462@example.com,Regular customer,Light Truck,DAS-3473
463,Customer 463,"Phan Van Tri, City",378570261,customer463@example.com,Regular customer,Motorcycle 250cc,MKL-4797
464,Customer 464,"Duong Nguyen Hue, City",953633240,customer464@example.com,Regular customer,Motorcycle 125cc,RXM-0313
465,Customer 465,"Nguyen Cong Tru, City",610797572,customer465@example.com,Regular customer,Motorcycle 250cc,FJG-6934
466,Customer 466,"Duong Phan Xich Long, City",578132780,customer466@example.com,Regular customer,SUV,HXW-9956
467,Customer 467,"Ky Con, City",324183057,customer467@example.com,Regular customer,Sedan,QXG-1491
468,Customer 468,"Duong Phan Xich Long, City",861894574,customer468@example.com,Regular customer,Motorcycle 125cc,RMS-0172
469,Customer 469,"Tran Nao, City",909091635,customer469@example.com,Regular customer,Pickup Truck,SEJ-7839
470,Customer 470,"Nguyen Van Cu, City",419996593,customer470@example.com,Regular customer,Motorcycle 110cc,FJV-6525
471,Customer 471,"Duong Hai Ba Trung, City",324263863,customer471@example.com,Regular customer,Motorcycle 125cc,YHY-7186
472,Customer 472,"Ton Duc Thang, City",517717110,customer472@example.com,Regular customer,SUV,JPB-3255
473,Customer 473,"An Duong Vuong, City",934547071,customer473@example.com,Regular customer,Motorcycle 125cc,TWO-1378
474,Customer 474,"Nguyen Dinh Chieu, City",559828345,customer474@example.com,Regular customer,Pickup Truck,WTM-8370
475,Customer 475,"Nam Ky Khoi Nghia, City",730450676,customer475@example.com,Regular customer,Sedan,GLJ-6123
476,Customer 476,"Nguyen Hue, City",572320172,customer476@example.com,Regular customer,Motorcycle 125cc,MGD-7270
477,Customer 477,"Tran Quoc Toan, City",573568990,customer477@example.com,Regular customer,SUV,YZT-9667
478,Customer 478,"Le Van Sy, City",500133616,customer478@example.com,Regular customer,Motorcycle 110cc,VZQ-4002
479,Customer 479,"Cach Mang Thang Tam, City",196942969,customer479@example.com,Regular customer,Light Truck,SNS-4901
480,Customer 480,"Tran Hung Dao, City",639702624,customer480@example.com,Regular customer,Motorcycle 50cc,LMS-1146
481,Customer 481,"Duong Nguyen Hue, City",294004588,customer481@example.com,Regular customer,Light Truck,NDN-3925
482,Customer 482,"Kinh Duong Vuong, City",711851138,customer482@example.com,Regular customer,Light Truck,XWW-2136
483,Customer 483,"Nguyen Hue, City",618117722,customer483@example.com,Regular customer,Sedan,FQL-2474
484,Customer 484,"Thong Nhat, City",140808240,customer484@example.com,Regular customer,Pickup Truck,BCY-9934
485,Customer 485,"Nguyen Hue, City",525367232,customer485@example.com,Regular customer,Motorcycle 150cc,ZZF-6887
486,Customer 486,"Nguyen Dinh Chieu, City",477052939,customer486@example.com,Regular customer,Motorcycle 110cc,VBX-3815
487,Customer 487,"Ha Huy Giap, City",498828256,customer487@example.com,Regular customer,Light Truck,KSH-2369
488,Customer 488,"Tran Xuan Soan, City",849877620,customer488@example.com,Regular customer,Motorcycle 250cc,QTZ-1711
489,Customer 489,"Tran Nao, City",580355990,customer489@example.com,Regular customer,Motorcycle 110cc,REN-9034
490,Customer 490,"Nguyen Hong, City",435027522,customer490@example.com,Regular customer,Pickup Truck,HYC-6664
491,Customer 491,"Duong Pasteur, City",461624031,customer491@example.com,Regular customer,Motorcycle 150cc,YTW-7815
492,Customer 492,"Nam Ky Khoi Nghia, City",185360347,customer492@example.com,Regular customer,Motorcycle 250cc,MAO-7286
493,Customer 493,"Xa Lo Ha Noi, City",883869352,customer493@example.com,Regular customer,SUV,TGK-3588
494,Customer 494,"Duong Hung Vuong, City",702522024,customer494@example.com,Regular customer,Motorcycle 250cc,VAH-7864
495,Customer 495,"Nguyen Dinh Chieu, City",335711756,customer495@example.com,Regular customer,Motorcycle 125cc,KLB-2406
496,Customer 496,"Nguyen Dinh Chieu, City",678381522,customer496@example.com,Regular customer,Motorcycle 50cc,KZC-8130
497,Customer 497,"Duong Pham Ngoc Thach, City",807393257,customer497@example.com,Regular customer,Motorcycle 110cc,QRH-8204
498,Customer 498,"Tran Nao, City",347795103,customer498@example.com,Regular customer,Light Truck,QYU-5918
499,Customer 499,"Phan Van Tri, City",615709059,customer499@example.com,Regular customer,Motorcycle 125cc,MRA-8915
500,Customer 500,"Nguyen Tat Thanh, City",532693553,customer500@example.com,Regular customer,Motorcycle 125cc,PFR-3840
501,Customer 501,"Duong Vo Thi Sau, City",361810107,customer501@example.com,Regular customer,Pickup Truck,FXF-7622
502,Customer 502,"Duong Tran Hung Dao, City",856142112,customer502@example.com,Regular customer,Pickup Truck,BXD-0265
503,Customer 503,"Dien Bien Phu, City",965650631,customer503@example.com,Regular customer,Sedan,AQI-5004
504,Customer 504,"Duong Hai Ba Trung, City",594454621,customer504@example.com,Regular customer,Sedan,OQI-5842
505,Customer 505,"Dien Bien Phu, City",584497408,customer505@example.com,Regular customer,Motorcycle 150cc,OPP-3157
506,Customer 506,"Ly Thai To, City",491441501,customer506@example.com,Regular customer,SUV,VWH-5031
507,Customer 507,"Nguyen Tat Thanh, City",691107466,customer507@example.com,Regular customer,Motorcycle 50cc,CRK-8744
508,Customer 508,"Ha Huy Giap, City",311540967,customer508@example.com,Regular customer,SUV,OTA-9765
509,Customer 509,"Le Van Sy, City",295021872,customer509@example.com,Regular customer,Pickup Truck,USJ-5764
510,Customer 510,"Tran Nao, City",943176210,customer510@example.com,Regular customer,Motorcycle 110cc,RJU-6631
511,Customer 511,"Tran Nao, City",201870121,customer511@example.com,Regular customer,Motorcycle 125cc,NTW-0670
512,Customer 512,"Nguyen Tat Thanh, City",720487882,customer512@example.com,Regular customer,Motorcycle 125cc,MPY-0154
513,Customer 513,"Thong Nhat, City",776405805,customer513@example.com,Regular customer,Motorcycle 125cc,ZYK-0636
514,Customer 514,"Duong Tran Quoc Thao, City",386020765,customer514@example.com,Regular customer,Motorcycle 50cc,LLX-1462
515,Customer 515,"Duong Nguyen Van Cu, City",677144937,customer515@example.com,Regular customer,Motorcycle 125cc,YIJ-1444
516,Customer 516,"Duong Nguyen Hue, City",169479332,customer516@example.com,Regular customer,Motorcycle 150cc,ZIL-0314
517,Customer 517,"Tran Hung Dao, City",845151476,customer517@example.com,Regular customer,Sedan,XKT-1091
518,Customer 518,"Xa Lo Ha Noi, City",367451244,customer518@example.com,Regular customer,SUV,FGM-9337
519,Customer 519,"Bach Dang, City",529182090,customer519@example.com,Regular customer,Motorcycle 110cc,CDJ-7939
520,Customer 520,"Duong Hai Ba Trung, City",735700025,customer520@example.com,Regular customer,Motorcycle 50cc,SWN-1575
521,Customer 521,"Ly Thai To, City",106220397,customer521@example.com,Regular customer,Motorcycle 50cc,YCY-8191
522,Customer 522,"Tran Xuan Soan, City",786028124,customer522@example.com,Regular customer,Sedan,ZRE-7083
523,Customer 523,"Ham Nghi, City",949559242,customer523@example.com,Regular customer,Motorcycle 110cc,MEL-8329
524,Customer 524,"Ly Thai To, City",933654172,customer524@example.com,Regular customer,SUV,WKN-5459
525,Customer 525,"Duong Nam Ky Khoi Nghia, City",918132052,customer525@example.com,Regular customer,Motorcycle 125cc,BJD-1551
526,Customer 526,"Xo Viet Nghe Tinh, City",881958895,customer526@example.com,Regular customer,Motorcycle 150cc,GKW-4621
527,Customer 527,"Nguyen Dinh Chieu, City",514850267,customer527@example.com,Regular customer,Motorcycle 250cc,PCT-7738
528,Customer 528,"Duong Nam Ky Khoi Nghia, City",393656228,customer528@example.com,Regular customer,SUV,XON-0038
529,Customer 529,"Dien Bien Phu, City",317515034,customer529@example.com,Regular customer,Light Truck,PPC-7230
530,Customer 530,"Duong Tran Quoc Thao, City",183311478,customer530@example.com,Regular customer,Motorcycle 250cc,CKB-4961
531,Customer 531,"Ham Nghi, City",593032107,customer531@example.com,Regular customer,Pickup Truck,AGF-0951
532,Customer 532,"Duong Nguyen Hue, City",839700031,customer532@example.com,Regular customer,Pickup Truck,NBB-6623
533,Customer 533,"Duong Nguyen Binh Khiem, City",929620473,customer533@example.com,Regular customer,Sedan,WFD-1946
534,Customer 534,"Duong Vo Thi Sau, City",709961369,customer534@example.com,Regular customer,Sedan,FXO-5114
535,Customer 535,"Duong Ton Duc Thang, City",984753211,customer535@example.com,Regular customer,Motorcycle 50cc,ITB-7235
536,Customer 536,"Duong Pham Ngoc Thach, City",752908227,customer536@example.com,Regular customer,Motorcycle 125cc,JCH-1663
537,Customer 537,"Duong Ton Duc Thang, City",897815010,customer537@example.com,Regular customer,Motorcycle 250cc,PLV-9940
538,Customer 538,"Xa Lo Ha Noi, City",353415839,customer538@example.com,Regular customer,Sedan,ORI-7433
539,Customer 539,"Ky Con, City",521496050,customer539@example.com,Regular customer,Pickup Truck,PZT-6788
540,Customer 540,"Dai Lo Dong Tay, City",188488582,customer540@example.com,Regular customer,Motorcycle 150cc,JYM-1830
541,Customer 541,"Ly Thai To, City",433579525,customer541@example.com,Regular customer,Motorcycle 125cc,GUL-4180
542,Customer 542,"Bach Dang, City",820123666,customer542@example.com,Regular customer,Light Truck,NGZ-7401
543,Customer 543,"Dien Bien Phu, City",485519391,customer543@example.com,Regular customer,SUV,PSO-2627
544,Customer 544,"Duong Nam Ky Khoi Nghia, City",437034400,customer544@example.com,Regular customer,SUV,KDO-6034
545,Customer 545,"Duong Hung Vuong, City",963803152,customer545@example.com,Regular customer,SUV,MYL-1377
546,Customer 546,"Duong Pasteur, City",489424721,customer546@example.com,Regular customer,Sedan,JMS-4408
547,Customer 547,"Nguyen Hong, City",922775157,customer547@example.com,Regular customer,Motorcycle 250cc,IKI-2090
548,Customer 548,"Duong Vo Thi Sau, City",978863563,customer548@example.com,Regular customer,Sedan,COD-4005
549,Customer 549,"Nguyen Cong Tru, City",393202013,customer549@example.com,Regular customer,Motorcycle 50cc,YZU-3784
550,Customer 550,"Ham Nghi, City",518248796,customer550@example.com,Regular customer,Light Truck,IPQ-0227
551,Customer 551,"Duong Nguyen Binh Khiem, City",961087508,customer551@example.com,Regular customer,Motorcycle 150cc,BLM-6286
552,Customer 552,"Duong Hai Ba Trung, City",418076986,customer552@example.com,Regular customer,SUV,XUR-8245
553,Customer 553,"Ly Thai To, City",546059151,customer553@example.com,Regular customer,Sedan,TSB-2492
554,Customer 554,"Tran Nao, City",690482607,customer554@example.com,Regular customer,Light Truck,IXH-8788
555,Customer 555,"Nguyen Dinh Chieu, City",816663948,customer555@example.com,Regular customer,Pickup Truck,EEX-9756
556,Customer 556,"Duong Nguyen Hue, City",200363389,customer556@example.com,Regular customer,Light Truck,PYL-2487
557,Customer 557,"Nguyen Dinh Chieu, City",331895000,customer557@example.com,Regular customer,Motorcycle 110cc,LYI-1795
558,Customer 558,"Vo Van Ngan, City",792026039,customer558@example.com,Regular customer,Motorcycle 50cc,SJY-1206
559,Customer 559,"Ha Huy Giap, City",608060057,customer559@example.com,Regular customer,Motorcycle 125cc,VNA-3497
560,Customer 560,"Ly Thai To, City",947407491,customer560@example.com,Regular customer,Motorcycle 110cc,HAX-6801
561,Customer 561,"Kinh Duong Vuong, City",959876277,customer561@example.com,Regular customer,Pickup Truck,OOF-1053
562,Customer 562,"Duong Nguyen Binh Khiem, City",596803291,customer562@example.com,Regular customer,Pickup Truck,YJF-9930
563,Customer 563,"Le Lai, City",660174576,customer563@example.com,Regular customer,Light Truck,QXL-9983
564,Customer 564,"Duong Le Duan, City",931722801,customer564@example.com,Regular customer,Light Truck,CNS-6988
565,Customer 565,"Duong Nguyen Van Cu, City",157170082,customer565@example.com,Regular customer,Motorcycle 50cc,YUH-0819
566,Customer 566,"Le Lai, City",832929006,customer566@example.com,Regular customer,Sedan,NBQ-3012
567,Customer 567,"Duong Tran Hung Dao, City",540269446,customer567@example.com,Regular customer,Motorcycle 110cc,MAM-1080
568,Customer 568,"Duong Pham Ngoc Thach, City",178761734,customer568@example.com,Regular customer,Light Truck,POI-0069
569,Customer 569,"Duong Nguyen Hue, City",309316359,customer569@example.com,Regular customer,SUV,BJM-6532
570,Customer 570,"Duong Bui Vien, City",158283606,customer570@example.com,Regular customer,Light Truck,OBS-0844
571,Customer 571,"Duong Nguyen Tri Phuong, City",279249603,customer571@example.com,Regular customer,SUV,TNJ-4181
572,Customer 572,"Pham Van Dong, City",938597252,customer572@example.com,Regular customer,Motorcycle 250cc,JPH-5574
573,Customer 573,"Duong Hung Vuong, City",619757563,customer573@example.com,Regular customer,Motorcycle 125cc,LAW-2693
574,Customer 574,"Ha Huy Giap, City",972968820,customer574@example.com,Regular customer,Motorcycle 150cc,XNG-7352
575,Customer 575,"Duong Cach Mang Thang Tam, City",686367963,customer575@example.com,Regular customer,Pickup Truck,APG-1694
576,Customer 576,"Le Lai, City",592541543,customer576@example.com,Regular customer,Pickup Truck,TNA-7722
577,Customer 577,"Duong Le Thanh Ton, City",473460016,customer577@example.com,Regular customer,Motorcycle 150cc,SXR-6762
578,Customer 578,"Kinh Duong Vuong, City",671248716,customer578@example.com,Regular customer,Motorcycle 250cc,YLU-8108
579,Customer 579,"Thong Nhat, City",233699610,customer579@example.com,Regular customer,Motorcycle 50cc,NWH-1665
580,Customer 580,"Dien Bien Phu, City",806832304,customer580@example.com,Regular customer,Motorcycle 110cc,DAS-8840
581,Customer 581,"Kinh Duong Vuong, City",469238502,customer581@example.com,Regular customer,Sedan,HST-8106
582,Customer 582,"Tran Xuan Soan, City",968751721,customer582@example.com,Regular customer,Motorcycle 110cc,CJZ-4950
583,Customer 583,"Duong Nguyen Hue, City",829537736,customer583@example.com,Regular customer,Motorcycle 50cc,DYZ-6202
584,Customer 584,"Duong Nguyen Huu Canh, City",420068924,customer584@example.com,Regular customer,Sedan,VCS-5120
585,Customer 585,"Duong Cach Mang Thang Tam, City",141456881,customer585@example.com,Regular customer,Motorcycle 150cc,USC-4449
586,Customer 586,"Dien Bien Phu, City",904223026,customer586@example.com,Regular customer,Motorcycle 250cc,RFD-2507
587,Customer 587,"Ky Con, City",554814915,customer587@example.com,Regular customer,Motorcycle 110cc,LKL-7742
588,Customer 588,"Duong Le Loi, City",872643975,customer588@example.com,Regular customer,Light Truck,YLA-3558
589,Customer 589,"Ham Nghi, City",804896781,customer589@example.com,Regular customer,Sedan,QEV-3731
590,Customer 590,"Le Van Khuong, City",465861605,customer590@example.com,Regular customer,Motorcycle 50cc,BVR-0026
591,Customer 591,"Duong Nguyen Binh Khiem, City",943826233,customer591@example.com,Regular customer,Motorcycle 125cc,HEM-2203
592,Customer 592,"Le Van Khuong, City",818240623,customer592@example.com,Regular customer,Pickup Truck,VGI-0207
593,Customer 593,"Nam Ky Khoi Nghia, City",633917565,customer593@example.com,Regular customer,Sedan,TMG-8193
594,Customer 594,"Le Lai, City",433019465,customer594@example.com,Regular customer,SUV,TIO-6356
595,Customer 595,"Nguyen Hong, City",174801508,customer595@example.com,Regular customer,Motorcycle 50cc,QQS-5050
596,Customer 596,"Tran Hung Dao, City",162325837,customer596@example.com,Regular customer,Light Truck,JCL-6172
597,Customer 597,"Vo Van Ngan, City",799256426,customer597@example.com,Regular customer,Motorcycle 110cc,DZO-3801
598,Customer 598,"Nguyen Van Cu, City",495135853,customer598@example.com,Regular customer,Pickup Truck,GKH-8635
599,Customer 599,"Duong Nguyen Thi Minh Khai, City",339700780,customer599@example.com,Regular customer,Motorcycle 50cc,IIM-3502
600,Customer 600,"Vo Van Ngan, City",300124729,customer600@example.com,Regular customer,SUV,JOP-3262
601,Customer 601,"Ham Nghi, City",333403890,customer601@example.com,Regular customer,Motorcycle 250cc,YQE-1873
602,Customer 602,"Cach Mang Thang Tam, City",737996688,customer602@example.com,Regular customer,Light Truck,IQX-5847
603,Customer 603,"Duong Le Duan, City",932985030,customer603@example.com,Regular customer,Sedan,GIL-4322
604,Customer 604,"Duong Nguyen Thi Minh Khai, City",630632743,customer604@example.com,Regular customer,Motorcycle 110cc,UYJ-9246
605,Customer 605,"Duong Nguyen Thi Minh Khai, City",870347718,customer605@example.com,Regular customer,Motorcycle 250cc,NUB-5643
606,Customer 606,"Nguyen Van Cu, City",852094681,customer606@example.com,Regular customer,Sedan,YRI-2797
607,Customer 607,"Duong Ton Duc Thang, City",161469897,customer607@example.com,Regular customer,Sedan,GHC-5659
608,Customer 608,"Duong Tran Hung Dao, City",851369429,customer608@example.com,Regular customer,Pickup Truck,HTA-5225
609,Customer 609,"Nam Ky Khoi Nghia, City",714208405,customer609@example.com,Regular customer,Motorcycle 150cc,UZD-0307
610,Customer 610,"Le Lai, City",936541026,customer610@example.com,Regular customer,Motorcycle 150cc,GEO-2446
611,Customer 611,"Duong Bui Vien, City",560965499,customer611@example.com,Regular customer,Motorcycle 125cc,ROY-9481
612,Customer 612,"Duong Phan Xich Long, City",241788581,customer612@example.com,Regular customer,Motorcycle 125cc,BPQ-8131
613,Customer 613,"Duong Vo Van Kiet, City",180558694,customer613@example.com,Regular customer,Motorcycle 250cc,SFK-1271
614,Customer 614,"Nam Ky Khoi Nghia, City",696991299,customer614@example.com,Regular customer,Motorcycle 150cc,QGV-0297
615,Customer 615,"Duong Nguyen Van Cu, City",971384819,customer615@example.com,Regular customer,Motorcycle 150cc,FUB-4710
616,Customer 616,"Ha Huy Giap, City",604895586,customer616@example.com,Regular customer,Motorcycle 125cc,MOH-9081
617,Customer 617,"Duong Nam Ky Khoi Nghia, City",404391014,customer617@example.com,Regular customer,Light Truck,TPV-0886
618,Customer 618,"Le Van Sy, City",875108037,customer618@example.com,Regular customer,Motorcycle 125cc,DPX-1416
619,Customer 619,"An Duong Vuong, City",987572211,customer619@example.com,Regular customer,Motorcycle 110cc,IVF-3071
620,Customer 620,"Pham Van Dong, City",896563992,customer620@example.com,Regular customer,Motorcycle 250cc,XTK-7452
621,Customer 621,"Xo Viet Nghe Tinh, City",784907673,customer621@example.com,Regular customer,SUV,BUQ-6516
622,Customer 622,"Nguyen Tat Thanh, City",710613640,customer622@example.com,Regular customer,Motorcycle 150cc,BKD-8538
623,Customer 623,"Le Lai, City",409272235,customer623@example.com,Regular customer,Motorcycle 50cc,XHB-0069
624,Customer 624,"An Duong Vuong, City",744499576,customer624@example.com,Regular customer,Motorcycle 110cc,IUO-9280
625,Customer 625,"Duong Hai Ba Trung, City",289684954,customer625@example.com,Regular customer,Pickup Truck,XBY-0904
626,Customer 626,"Duong Le Loi, City",532678386,customer626@example.com,Regular customer,Pickup Truck,VLL-4817
627,Customer 627,"Bach Dang, City",575973965,customer627@example.com,Regular customer,Sedan,TKS-2099
628,Customer 628,"Le Van Sy, City",964742701,customer628@example.com,Regular customer,Motorcycle 150cc,AOL-6703
629,Customer 629,"Phan Van Tri, City",714998412,customer629@example.com,Regular customer,Motorcycle 250cc,RGN-3735
630,Customer 630,"Duong Nguyen Huu Canh, City",805144236,customer630@example.com,Regular customer,SUV,TEH-4920
631,Customer 631,"Duong Le Duan, City",271501599,customer631@example.com,Regular customer,Sedan,YBD-8885
632,Customer 632,"Nguyen Hong, City",823863730,customer632@example.com,Regular customer,Light Truck,HAZ-5157
633,Customer 633,"Nguyen Hong, City",423788467,customer633@example.com,Regular customer,Light Truck,VUJ-6653
634,Customer 634,"Duong Hung Vuong, City",522231923,customer634@example.com,Regular customer,Motorcycle 110cc,YOE-1833
635,Customer 635,"Dien Bien Phu, City",713621952,customer635@example.com,Regular customer,Motorcycle 110cc,FIH-8538
636,Customer 636,"Pham Van Dong, City",276244691,customer636@example.com,Regular customer,SUV,DAE-2928
637,Customer 637,"Duong Nam Ky Khoi Nghia, City",988154775,customer637@example.com,Regular customer,Sedan,LOW-9179
638,Customer 638,"Duong Nguyen Hue, City",106781763,customer638@example.com,Regular customer,Pickup Truck,AZG-7956
639,Customer 639,"Tran Nao, City",118804049,customer639@example.com,Regular customer,Motorcycle 150cc,LUP-8335
640,Customer 640,"Nguyen Hong, City",603596782,customer640@example.com,Regular customer,SUV,SUZ-0455
641,Customer 641,"Hong Bang, City",358613616,customer641@example.com,Regular customer,Light Truck,ZMA-8675
642,Customer 642,"Le Lai, City",956441770,customer642@example.com,Regular customer,Pickup Truck,ZYM-9742
643,Customer 643,"An Duong Vuong, City",955786749,customer643@example.com,Regular customer,Light Truck,ATX-5047
644,Customer 644,"Tran Nao, City",500738215,customer644@example.com,Regular customer,Sedan,FSY-8911
645,Customer 645,"Duong Dien Bien Phu, City",529430614,customer645@example.com,Regular customer,Light Truck,QYL-1636
646,Customer 646,"Hong Bang, City",814529283,customer646@example.com,Regular customer,Motorcycle 50cc,XQW-5251
647,Customer 647,"Duong Cach Mang Thang Tam, City",326022303,customer647@example.com,Regular customer,Motorcycle 250cc,ERP-4844
648,Customer 648,"Cach Mang Thang Tam, City",636943944,customer648@example.com,Regular customer,Motorcycle 50cc,DOG-5202
649,Customer 649,"Nguyen Dinh Chieu, City",922165094,customer649@example.com,Regular customer,Motorcycle 110cc,FFA-6326
650,Customer 650,"Tran Nao, City",597533826,customer650@example.com,Regular customer,Motorcycle 50cc,BAG-4966
651,Customer 651,"Cau Sai Gon, City",109795834,customer651@example.com,Regular customer,SUV,DOG-0748
652,Customer 652,"Ham Nghi, City",529423962,customer652@example.com,Regular customer,Sedan,MTL-9189
653,Customer 653,"Cau Sai Gon, City",310654265,customer653@example.com,Regular customer,Motorcycle 125cc,MDM-2014
654,Customer 654,"Duong Le Thanh Ton, City",778147528,customer654@example.com,Regular customer,Motorcycle 110cc,GDK-6556
655,Customer 655,"Ly Thai To, City",940806889,customer655@example.com,Regular customer,Motorcycle 110cc,JRI-4976
656,Customer 656,"Duong Truong Dinh, City",508939912,customer656@example.com,Regular customer,Motorcycle 50cc,AVH-0140
657,Customer 657,"Duong Hung Vuong, City",386781499,customer657@example.com,Regular customer,Motorcycle 110cc,LWP-4804
658,Customer 658,"Dai Lo Dong Tay, City",449787796,customer658@example.com,Regular customer,Motorcycle 125cc,ZID-3895
659,Customer 659,"Tran Nao, City",515241444,customer659@example.com,Regular customer,Sedan,TVK-1162
660,Customer 660,"Le Van Sy, City",830387448,customer660@example.com,Regular customer,Sedan,SLY-1949
661,Customer 661,"Duong Nguyen Binh Khiem, City",813985600,customer661@example.com,Regular customer,SUV,XOI-3507
662,Customer 662,"Xo Viet Nghe Tinh, City",452406105,customer662@example.com,Regular customer,SUV,YZU-9107
663,Customer 663,"Tran Hung Dao, City",820337564,customer663@example.com,Regular customer,Pickup Truck,TDS-1361
664,Customer 664,"Xa Lo Ha Noi, City",129475347,customer664@example.com,Regular customer,Sedan,LPE-1993
665,Customer 665,"Dai Lo Dong Tay, City",821725259,customer665@example.com,Regular customer,Motorcycle 125cc,LJE-3739
666,Customer 666,"Le Van Khuong, City",846020896,customer666@example.com,Regular customer,Light Truck,CNZ-2901
667,Customer 667,"Nguyen Dinh Chieu, City",821843101,customer667@example.com,Regular customer,Motorcycle 110cc,TSZ-2738
668,Customer 668,"Duong Hung Vuong, City",322934124,customer668@example.com,Regular customer,SUV,VSX-0754
669,Customer 669,"Phan Van Tri, City",787830558,customer669@example.com,Regular customer,SUV,GVG-2638
670,Customer 670,"Thong Nhat, City",636083931,customer670@example.com,Regular customer,Motorcycle 250cc,TUJ-3665
671,Customer 671,"Dai Lo Dong Tay, City",456898245,customer671@example.com,Regular customer,Pickup Truck,KQU-2663
672,Customer 672,"Duong Le Duan, City",139489192,customer672@example.com,Regular customer,Motorcycle 110cc,KGB-1057
673,Customer 673,"Duong Cach Mang Thang Tam, City",869886221,customer673@example.com,Regular customer,Sedan,VPP-9043
674,Customer 674,"Nguyen Thi Thap, City",440342548,customer674@example.com,Regular customer,Motorcycle 50cc,VAP-7895
675,Customer 675,"Duong Hai Ba Trung, City",582990820,customer675@example.com,Regular customer,Motorcycle 125cc,RAN-3858
676,Customer 676,"Hong Bang, City",667362446,customer676@example.com,Regular customer,Motorcycle 250cc,QLO-1121
677,Customer 677,"Kinh Duong Vuong, City",224025908,customer677@example.com,Regular customer,Motorcycle 250cc,YTE-0939
678,Customer 678,"Ky Con, City",278219215,customer678@example.com,Regular customer,Motorcycle 150cc,OCM-8461
679,Customer 679,"Duong Ton Duc Thang, City",400002180,customer679@example.com,Regular customer,Motorcycle 250cc,UIS-5134
680,Customer 680,"Duong Nguyen Binh Khiem, City",397515017,customer680@example.com,Regular customer,Pickup Truck,SKL-8797
681,Customer 681,"Nguyen Dinh Chieu, City",905674177,customer681@example.com,Regular customer,Motorcycle 50cc,HHF-5709
682,Customer 682,"Dai Lo Dong Tay, City",587246034,customer682@example.com,Regular customer,Light Truck,CVI-8936
683,Customer 683,"Cach Mang Thang Tam, City",371597560,customer683@example.com,Regular customer,Sedan,IFA-9232
684,Customer 684,"Duong Dien Bien Phu, City",919068861,customer684@example.com,Regular customer,Motorcycle 150cc,VCF-7632
685,Customer 685,"Tran Nao, City",436085306,customer685@example.com,Regular customer,Pickup Truck,AYG-5996
686,Customer 686,"Tran Hung Dao, City",615727937,customer686@example.com,Regular customer,Motorcycle 150cc,UWJ-5417
687,Customer 687,"An Duong Vuong, City",369323432,customer687@example.com,Regular customer,Motorcycle 150cc,UVJ-0877
688,Customer 688,"Nam Ky Khoi Nghia, City",765225967,customer688@example.com,Regular customer,Motorcycle 250cc,NCO-8887
689,Customer 689,"Vo Van Ngan, City",894252006,customer689@example.com,Regular customer,Motorcycle 125cc,AOS-8127
690,Customer 690,"Duong Nguyen Binh Khiem, City",716479678,customer690@example.com,Regular customer,Motorcycle 125cc,LEK-6296
691,Customer 691,"Xo Viet Nghe Tinh, City",461794392,customer691@example.com,Regular customer,Motorcycle 110cc,FAU-0453
692,Customer 692,"Tran Quoc Toan, City",912457108,customer692@example.com,Regular customer,Motorcycle 150cc,WDI-9985
693,Customer 693,"Hong Bang, City",168526052,customer693@example.com,Regular customer,SUV,UYK-7404
694,Customer 694,"Cach Mang Thang Tam, City",847544890,customer694@example.com,Regular customer,Motorcycle 150cc,VOU-6599
695,Customer 695,"Duong Pham Ngoc Thach, City",659512559,customer695@example.com,Regular customer,Motorcycle 125cc,DWX-0924
696,Customer 696,"Le Lai, City",908942823,customer696@example.com,Regular customer,Pickup Truck,PVF-1931
697,Customer 697,"Duong Cach Mang Thang Tam, City",462147345,customer697@example.com,Regular customer,Motorcycle 125cc,VNP-3377
698,Customer 698,"Duong Le Van Sy, City",665983251,customer698@example.com,Regular customer,Light Truck,KBY-5912
699,Customer 699,"Duong Ton Duc Thang, City",297158199,customer699@example.com,Regular customer,Pickup Truck,UBI-7610
700,Customer 700,"Duong Nguyen Thi Minh Khai, City",499689155,customer700@example.com,Regular customer,Motorcycle 50cc,MLU-7827
701,Customer 701,"Xa Lo Ha Noi, City",515227678,customer701@example.com,Regular customer,SUV,XGK-2309
702,Customer 702,"Le Lai, City",762678893,customer702@example.com,Regular customer,Motorcycle 125cc,EOS-3027
703,Customer 703,"Tran Hung Dao, City",614119096,customer703@example.com,Regular customer,Motorcycle 150cc,JCJ-3721
704,Customer 704,"Nguyen Thi Thap, City",202693998,customer704@example.com,Regular customer,Motorcycle 110cc,PHK-7105
705,Customer 705,"Duong Tran Hung Dao, City",981375361,customer705@example.com,Regular customer,Motorcycle 125cc,KRX-0827
706,Customer 706,"Cach Mang Thang Tam, City",522216120,customer706@example.com,Regular customer,Motorcycle 150cc,FDZ-6138
707,Customer 707,"Ham Nghi, City",724054847,customer707@example.com,Regular customer,Sedan,AHL-6074
708,Customer 708,"Duong Hai Ba Trung, City",397360300,customer708@example.com,Regular customer,Motorcycle 110cc,YUP-8884
709,Customer 709,"Nam Ky Khoi Nghia, City",446697496,customer709@example.com,Regular customer,Light Truck,SII-2840
710,Customer 710,"Duong Hai Ba Trung, City",414804771,customer710@example.com,Regular customer,Motorcycle 150cc,GCU-2716
711,Customer 711,"Cach Mang Thang Tam, City",388879459,customer711@example.com,Regular customer,Sedan,ITF-0969
712,Customer 712,"Phan Van Tri, City",902794367,customer712@example.com,Regular customer,Motorcycle 125cc,JUB-5949
713,Customer 713,"Vo Van Ngan, City",252734433,customer713@example.com,Regular customer,Motorcycle 250cc,STK-2317
714,Customer 714,"Duong Nguyen Van Cu, City",363293871,customer714@example.com,Regular customer,Sedan,KGL-2999
715,Customer 715,"Nam Ky Khoi Nghia, City",895848031,customer715@example.com,Regular customer,Motorcycle 125cc,CJG-5739
716,Customer 716,"Thong Nhat, City",449677354,customer716@example.com,Regular customer,Motorcycle 150cc,PXX-1481
717,Customer 717,"Hong Bang, City",215930960,customer717@example.com,Regular customer,Pickup Truck,HTV-3352
718,Customer 718,"Nguyen Hong, City",190767679,customer718@example.com,Regular customer,Light Truck,AXT-0381
719,Customer 719,"Duong Hai Ba Trung, City",874830207,customer719@example.com,Regular customer,Motorcycle 50cc,STG-3484
720,Customer 720,"Duong Nguyen Thi Minh Khai, City",596915421,customer720@example.com,Regular customer,Motorcycle 250cc,ULS-3935
721,Customer 721,"Nguyen Hue, City",337957018,customer721@example.com,Regular customer,Motorcycle 50cc,ADQ-7538
722,Customer 722,"Nguyen Hue, City",803940822,customer722@example.com,Regular customer,Light Truck,BYV-8917
723,Customer 723,"Tran Nao, City",847665284,customer723@example.com,Regular customer,Pickup Truck,DPV-4427
724,Customer 724,"Duong Bui Vien, City",922317123,customer724@example.com,Regular customer,Sedan,LMT-2780
725,Customer 725,"Cach Mang Thang Tam, City",238291887,customer725@example.com,Regular customer,SUV,EZO-9929
726,Customer 726,"Duong Cach Mang Thang Tam, City",315738892,customer726@example.com,Regular customer,Motorcycle 50cc,KRX-9593
727,Customer 727,"Duong Nguyen Thi Minh Khai, City",860429006,customer727@example.com,Regular customer,Motorcycle 50cc,GII-2316
728,Customer 728,"Duong Hai Ba Trung, City",639740411,customer728@example.com,Regular customer,Motorcycle 125cc,FXX-7883
729,Customer 729,"Xo Viet Nghe Tinh, City",793505249,customer729@example.com,Regular customer,Sedan,UWG-7670
730,Customer 730,"Cach Mang Thang Tam, City",141326147,customer730@example.com,Regular customer,Motorcycle 150cc,WCW-8268
731,Customer 731,"Duong Dien Bien Phu, City",187019375,customer731@example.com,Regular customer,Motorcycle 50cc,NGG-4734
732,Customer 732,"Ton Duc Thang, City",302120879,customer732@example.com,Regular customer,Pickup Truck,JSL-2420
733,Customer 733,"Nguyen Hue, City",597305506,customer733@example.com,Regular customer,Motorcycle 110cc,KAJ-6250
734,Customer 734,"Xa Lo Ha Noi, City",789933881,customer734@example.com,Regular customer,Pickup Truck,XBC-5499
735,Customer 735,"Kinh Duong Vuong, City",253667209,customer735@example.com,Regular customer,Light Truck,UGW-8599
736,Customer 736,"Nam Ky Khoi Nghia, City",574510601,customer736@example.com,Regular customer,Motorcycle 50cc,VLK-1431
737,Customer 737,"Duong Nguyen Huu Canh, City",167868465,customer737@example.com,Regular customer,Motorcycle 150cc,GPP-0823
738,Customer 738,"Bach Dang, City",516490262,customer738@example.com,Regular customer,Pickup Truck,BMY-1050
739,Customer 739,"Le Van Sy, City",418874593,customer739@example.com,Regular customer,Light Truck,IGY-4025
740,Customer 740,"Nguyen Hong, City",565890484,customer740@example.com,Regular customer,Sedan,AUR-4495
741,Customer 741,"Tran Hung Dao, City",960886733,customer741@example.com,Regular customer,Motorcycle 150cc,JGW-5753
742,Customer 742,"Thong Nhat, City",396700028,customer742@example.com,Regular customer,Motorcycle 125cc,BXJ-2358
743,Customer 743,"Tran Nao, City",725482227,customer743@example.com,Regular customer,Pickup Truck,PLA-2357
744,Customer 744,"Nguyen Tri Phuong, City",771925281,customer744@example.com,Regular customer,Sedan,RSV-2602
745,Customer 745,"Tran Nao, City",379425187,customer745@example.com,Regular customer,Light Truck,ZOJ-7728
746,Customer 746,"Cach Mang Thang Tam, City",447327094,customer746@example.com,Regular customer,Motorcycle 125cc,AER-8639
747,Customer 747,"Vo Van Ngan, City",776286190,customer747@example.com,Regular customer,Motorcycle 110cc,UYC-9482
748,Customer 748,"Phan Van Tri, City",644440420,customer748@example.com,Regular customer,Sedan,SYM-6766
749,Customer 749,"Duong Nguyen Thi Minh Khai, City",645647957,customer749@example.com,Regular customer,Pickup Truck,CSZ-2704
750,Customer 750,"Duong Nguyen Thi Minh Khai, City",428581266,customer750@example.com,Regular customer,Light Truck,HOQ-9034
751,Customer 751,"Duong Tran Quoc Thao, City",994338507,customer751@example.com,Regular customer,Motorcycle 125cc,DGB-5819
752,Customer 752,"Le Van Sy, City",888885063,customer752@example.com,Regular customer,Motorcycle 250cc,QIL-1857
753,Customer 753,"Nguyen Tat Thanh, City",740092414,customer753@example.com,Regular customer,Pickup Truck,TRS-8231
754,Customer 754,"Duong Nam Ky Khoi Nghia, City",772027294,customer754@example.com,Regular customer,Motorcycle 110cc,KTF-4337
755,Customer 755,"Duong Ton Duc Thang, City",501650328,customer755@example.com,Regular customer,Sedan,YVR-4003
756,Customer 756,"Ly Thai To, City",862620684,customer756@example.com,Regular customer,Motorcycle 250cc,EMT-0838
757,Customer 757,"Dai Lo Dong Tay, City",175831180,customer757@example.com,Regular customer,Motorcycle 50cc,RAN-4657
758,Customer 758,"Nam Ky Khoi Nghia, City",372950784,customer758@example.com,Regular customer,Motorcycle 50cc,DSF-4014
759,Customer 759,"Cach Mang Thang Tam, City",306519361,customer759@example.com,Regular customer,Sedan,JEN-8786
760,Customer 760,"Xa Lo Ha Noi, City",715316206,customer760@example.com,Regular customer,Sedan,NAX-7669
761,Customer 761,"Tran Quoc Toan, City",695706217,customer761@example.com,Regular customer,Motorcycle 110cc,TUX-2432
762,Customer 762,"Duong Bui Vien, City",720305770,customer762@example.com,Regular customer,Motorcycle 125cc,WPQ-5802
763,Customer 763,"Duong Hung Vuong, City",587456875,customer763@example.com,Regular customer,Motorcycle 110cc,SMY-9272
764,Customer 764,"Nam Ky Khoi Nghia, City",809900103,customer764@example.com,Regular customer,SUV,SJT-5539
765,Customer 765,"Le Van Khuong, City",408823645,customer765@example.com,Regular customer,Motorcycle 125cc,GSZ-2766
766,Customer 766,"Xo Viet Nghe Tinh, City",930942833,customer766@example.com,Regular customer,Motorcycle 125cc,VBD-0488
767,Customer 767,"Nguyen Cong Tru, City",657670006,customer767@example.com,Regular customer,Motorcycle 150cc,YXV-0850
768,Customer 768,"Ha Huy Giap, City",794441645,customer768@example.com,Regular customer,Motorcycle 125cc,BEI-6887
769,Customer 769,"Duong Ton Duc Thang, City",523896286,customer769@example.com,Regular customer,Motorcycle 125cc,XEQ-8141
770,Customer 770,"Ky Con, City",855908090,customer770@example.com,Regular customer,Motorcycle 250cc,AGQ-8537
771,Customer 771,"Bach Dang, City",975721566,customer771@example.com,Regular customer,Motorcycle 110cc,BRW-8068
772,Customer 772,"Thong Nhat, City",783364330,customer772@example.com,Regular customer,Motorcycle 110cc,EBI-7370
773,Customer 773,"Nam Ky Khoi Nghia, City",306712817,customer773@example.com,Regular customer,Motorcycle 150cc,TXU-4871
774,Customer 774,"Tran Xuan Soan, City",685693653,customer774@example.com,Regular customer,Motorcycle 110cc,JNA-4901
775,Customer 775,"Duong Le Loi, City",203234540,customer775@example.com,Regular customer,Motorcycle 125cc,YGM-9798
776,Customer 776,"Duong Bui Vien, City",553117607,customer776@example.com,Regular customer,Motorcycle 50cc,XDD-9194
777,Customer 777,"Thong Nhat, City",572922275,customer777@example.com,Regular customer,Motorcycle 125cc,NGN-8221
778,Customer 778,"Duong Nguyen Van Cu, City",963608205,customer778@example.com,Regular customer,Motorcycle 250cc,BGS-4881
779,Customer 779,"Nam Ky Khoi Nghia, City",156193192,customer779@example.com,Regular customer,SUV,LDP-2232
780,Customer 780,"Duong Ton Duc Thang, City",948643907,customer780@example.com,Regular customer,Motorcycle 150cc,GPL-8920
781,Customer 781,"Nguyen Dinh Chieu, City",921396296,customer781@example.com,Regular customer,Motorcycle 250cc,DAS-6491
782,Customer 782,"Duong Pham Ngoc Thach, City",924155688,customer782@example.com,Regular customer,Motorcycle 50cc,ZPC-7997
783,Customer 783,"Nam Ky Khoi Nghia, City",761761688,customer783@example.com,Regular customer,Sedan,KUJ-4100
784,Customer 784,"Duong Le Duan, City",998085673,customer784@example.com,Regular customer,Light Truck,UUU-6072
785,Customer 785,"Tran Hung Dao, City",878443842,customer785@example.com,Regular customer,Sedan,BLS-4607
786,Customer 786,"Duong Truong Dinh, City",547691643,customer786@example.com,Regular customer,Motorcycle 110cc,VED-8837
787,Customer 787,"Duong Nguyen Huu Canh, City",167657571,customer787@example.com,Regular customer,Pickup Truck,KDE-6314
788,Customer 788,"Duong Nguyen Tri Phuong, City",456668893,customer788@example.com,Regular customer,Pickup Truck,DMR-6847
789,Customer 789,"Nguyen Tri Phuong, City",162574355,customer789@example.com,Regular customer,Motorcycle 150cc,ZHC-6826
790,Customer 790,"Nguyen Tat Thanh, City",742445998,customer790@example.com,Regular customer,Motorcycle 110cc,VDG-7736
791,Customer 791,"Ha Huy Giap, City",126135919,customer791@example.com,Regular customer,Sedan,EQI-1602
792,Customer 792,"Duong Pham Ngoc Thach, City",479659048,customer792@example.com,Regular customer,Sedan,URJ-3328
793,Customer 793,"Phan Van Tri, City",702704567,customer793@example.com,Regular customer,Motorcycle 110cc,MIY-9608
794,Customer 794,"Duong Nguyen Hue, City",489242205,customer794@example.com,Regular customer,SUV,EPY-2487
795,Customer 795,"Duong Nguyen Tri Phuong, City",308713747,customer795@example.com,Regular customer,Motorcycle 150cc,BZV-8753
796,Customer 796,"Duong Vo Thi Sau, City",275474151,customer796@example.com,Regular customer,Light Truck,ADD-2458
797,Customer 797,"Duong Nguyen Huu Canh, City",382842315,customer797@example.com,Regular customer,Pickup Truck,BDJ-6209
798,Customer 798,"Duong Nam Ky Khoi Nghia, City",193541231,customer798@example.com,Regular customer,Motorcycle 110cc,XYA-5115
799,Customer 799,"Duong Bui Vien, City",504301394,customer799@example.com,Regular customer,Motorcycle 110cc,DGY-9887
800,Customer 800,"Duong Le Loi, City",597701858,customer800@example.com,Regular customer,Motorcycle 150cc,PWV-1755
801,Customer 801,"Le Van Khuong, City",440109855,customer801@example.com,Regular customer,Sedan,LNE-1199
802,Customer 802,"Cach Mang Thang Tam, City",497574767,customer802@example.com,Regular customer,Motorcycle 50cc,OFQ-6493
803,Customer 803,"Dai Lo Dong Tay, City",773426756,customer803@example.com,Regular customer,Sedan,OZH-4175
804,Customer 804,"Tran Nao, City",100294502,customer804@example.com,Regular customer,Motorcycle 110cc,JVG-4600
805,Customer 805,"Duong Cach Mang Thang Tam, City",655005800,customer805@example.com,Regular customer,Motorcycle 50cc,XES-9901
806,Customer 806,"Phan Van Tri, City",759926778,customer806@example.com,Regular customer,Motorcycle 150cc,ZGT-5468
807,Customer 807,"Duong Tran Quoc Thao, City",172774997,customer807@example.com,Regular customer,Motorcycle 250cc,VAE-3720
808,Customer 808,"Duong Nam Ky Khoi Nghia, City",345408806,customer808@example.com,Regular customer,Pickup Truck,ZBB-3413
809,Customer 809,"Cach Mang Thang Tam, City",887733843,customer809@example.com,Regular customer,Motorcycle 110cc,LYG-1785
810,Customer 810,"Ton Duc Thang, City",873006966,customer810@example.com,Regular customer,SUV,YNY-5376
811,Customer 811,"Cach Mang Thang Tam, City",837177673,customer811@example.com,Regular customer,Motorcycle 50cc,SUL-7067
812,Customer 812,"Duong Tran Hung Dao, City",926959771,customer812@example.com,Regular customer,Motorcycle 50cc,ZRZ-2694
813,Customer 813,"Nguyen Thi Thap, City",180197484,customer813@example.com,Regular customer,SUV,LPG-2383
814,Customer 814,"Thong Nhat, City",979571890,customer814@example.com,Regular customer,Light Truck,QEH-7775
815,Customer 815,"Phan Van Tri, City",991213351,customer815@example.com,Regular customer,Light Truck,EXP-1986
816,Customer 816,"Nam Ky Khoi Nghia, City",693211287,customer816@example.com,Regular customer,Motorcycle 50cc,BJI-8221
817,Customer 817,"An Duong Vuong, City",385505112,customer817@example.com,Regular customer,SUV,ZFV-0295
818,Customer 818,"Duong Hai Ba Trung, City",886598112,customer818@example.com,Regular customer,Sedan,SNO-0453
819,Customer 819,"Duong Nguyen Huu Canh, City",228680035,customer819@example.com,Regular customer,Motorcycle 50cc,HOY-7711
820,Customer 820,"Duong Le Duan, City",777074417,customer820@example.com,Regular customer,Motorcycle 250cc,BYU-3112
821,Customer 821,"Ky Con, City",700323308,customer821@example.com,Regular customer,Motorcycle 50cc,QHQ-3059
822,Customer 822,"Phan Van Tri, City",353250120,customer822@example.com,Regular customer,Motorcycle 110cc,KZA-7506
823,Customer 823,"Duong Le Duan, City",614141130,customer823@example.com,Regular customer,Pickup Truck,SGT-7726
824,Customer 824,"Tran Hung Dao, City",992857459,customer824@example.com,Regular customer,Sedan,UML-2410
825,Customer 825,"Nguyen Van Cu, City",349676321,customer825@example.com,Regular customer,Motorcycle 50cc,EYX-1256
826,Customer 826,"Duong Le Duan, City",896728389,customer826@example.com,Regular customer,Motorcycle 110cc,OQN-3922
827,Customer 827,"Duong Nguyen Van Cu, City",532777773,customer827@example.com,Regular customer,Motorcycle 110cc,APJ-5413
828,Customer 828,"Duong Le Duan, City",965512457,customer828@example.com,Regular customer,SUV,GRO-7092
829,Customer 829,"Duong Nguyen Hue, City",755250066,customer829@example.com,Regular customer,Motorcycle 150cc,RVB-5242
830,Customer 830,"Pham Van Dong, City",434770394,customer830@example.com,Regular customer,Motorcycle 250cc,NSW-3027
831,Customer 831,"Thong Nhat, City",654256559,customer831@example.com,Regular customer,SUV,ZQI-0701
832,Customer 832,"Kinh Duong Vuong, City",250030466,customer832@example.com,Regular customer,Motorcycle 50cc,EHT-6295
833,Customer 833,"Nam Ky Khoi Nghia, City",144447195,customer833@example.com,Regular customer,Pickup Truck,ABJ-4069
834,Customer 834,"Cach Mang Thang Tam, City",521934117,customer834@example.com,Regular customer,Motorcycle 250cc,CZH-9156
835,Customer 835,"Xa Lo Ha Noi, City",774239635,customer835@example.com,Regular customer,Motorcycle 50cc,CTQ-0847
836,Customer 836,"Le Van Khuong, City",719755748,customer836@example.com,Regular customer,Motorcycle 110cc,HBY-4604
837,Customer 837,"Duong Tran Hung Dao, City",534242389,customer837@example.com,Regular customer,Motorcycle 125cc,MPM-6964
838,Customer 838,"Ton Duc Thang, City",804877700,customer838@example.com,Regular customer,Motorcycle 150cc,YNL-6276
839,Customer 839,"Duong Le Van Sy, City",497754475,customer839@example.com,Regular customer,Pickup Truck,OLH-2228
840,Customer 840,"Duong Tran Quoc Thao, City",544041336,customer840@example.com,Regular customer,Light Truck,WKF-6563
841,Customer 841,"Nguyen Cong Tru, City",513694383,customer841@example.com,Regular customer,Motorcycle 150cc,CKA-7383
842,Customer 842,"Nguyen Tri Phuong, City",213521000,customer842@example.com,Regular customer,Motorcycle 50cc,QGW-8494
843,Customer 843,"Ton Duc Thang, City",655810460,customer843@example.com,Regular customer,SUV,TQX-6595
844,Customer 844,"Ham Nghi, City",117171783,customer844@example.com,Regular customer,Motorcycle 250cc,TYW-6094
845,Customer 845,"Hong Bang, City",576988491,customer845@example.com,Regular customer,Motorcycle 50cc,BRU-8515
846,Customer 846,"Nam Ky Khoi Nghia, City",225063488,customer846@example.com,Regular customer,Motorcycle 50cc,GOY-0230
847,Customer 847,"Nguyen Tat Thanh, City",170146663,customer847@example.com,Regular customer,Pickup Truck,XIV-2255
848,Customer 848,"Duong Hai Ba Trung, City",785178577,customer848@example.com,Regular customer,Sedan,KPD-1872
849,Customer 849,"Duong Vo Van Kiet, City",437727977,customer849@example.com,Regular customer,Motorcycle 125cc,XXU-9334
850,Customer 850,"Le Van Sy, City",182050582,customer850@example.com,Regular customer,Motorcycle 250cc,JXH-2248
851,Customer 851,"Duong Ton Duc Thang, City",239142099,customer851@example.com,Regular customer,Motorcycle 50cc,NIU-0165
852,Customer 852,"Ham Nghi, City",957265469,customer852@example.com,Regular customer,Motorcycle 50cc,IGZ-0994
853,Customer 853,"Duong Pham Ngoc Thach, City",697478605,customer853@example.com,Regular customer,SUV,CBP-7047
854,Customer 854,"Duong Bui Vien, City",590455795,customer854@example.com,Regular customer,Motorcycle 110cc,FKY-7334
855,Customer 855,"Nguyen Cong Tru, City",865858156,customer855@example.com,Regular customer,Motorcycle 110cc,JAZ-3090
856,Customer 856,"Le Van Khuong, City",140192216,customer856@example.com,Regular customer,Sedan,LIY-3275
857,Customer 857,"Duong Nguyen Van Cu, City",618832071,customer857@example.com,Regular customer,Sedan,HUY-2325
858,Customer 858,"Nguyen Dinh Chieu, City",922514454,customer858@example.com,Regular customer,Sedan,CMJ-0315
859,Customer 859,"Nguyen Cong Tru, City",757719737,customer859@example.com,Regular customer,Motorcycle 125cc,LYO-2512
860,Customer 860,"Cach Mang Thang Tam, City",208162744,customer860@example.com,Regular customer,Sedan,DPF-3921
861,Customer 861,"Nam Ky Khoi Nghia, City",234939644,customer861@example.com,Regular customer,Motorcycle 150cc,IBW-7465
862,Customer 862,"Duong Tran Hung Dao, City",268572216,customer862@example.com,Regular customer,Light Truck,GHS-9885
863,Customer 863,"Ham Nghi, City",264183226,customer863@example.com,Regular customer,Sedan,JOX-8745
864,Customer 864,"Nam Ky Khoi Nghia, City",142089461,customer864@example.com,Regular customer,Motorcycle 150cc,VIN-6693
865,Customer 865,"Duong Le Van Sy, City",287660468,customer865@example.com,Regular customer,Motorcycle 250cc,HGD-7074
866,Customer 866,"Duong Ton Duc Thang, City",399911476,customer866@example.com,Regular customer,SUV,ULR-5645
867,Customer 867,"Tran Nao, City",578708321,customer867@example.com,Regular customer,Motorcycle 110cc,NWB-5240
868,Customer 868,"Tran Nao, City",962967725,customer868@example.com,Regular customer,Motorcycle 110cc,FQP-0297
869,Customer 869,"Tran Xuan Soan, City",457114497,customer869@example.com,Regular customer,Sedan,WWA-0988
870,Customer 870,"Tran Hung Dao, City",385048253,customer870@example.com,Regular customer,Motorcycle 110cc,GIH-5102
871,Customer 871,"Vo Van Ngan, City",273782532,customer871@example.com,Regular customer,Motorcycle 250cc,JPZ-8540
872,Customer 872,"Duong Truong Dinh, City",420514000,customer872@example.com,Regular customer,Pickup Truck,LNN-1975
873,Customer 873,"Tran Nao, City",756167605,customer873@example.com,Regular customer,Motorcycle 50cc,NIZ-1674
874,Customer 874,"Tran Nao, City",864628020,customer874@example.com,Regular customer,Motorcycle 150cc,MMQ-8028
875,Customer 875,"Dien Bien Phu, City",987775127,customer875@example.com,Regular customer,Light Truck,VUA-5657
876,Customer 876,"Duong Hung Vuong, City",763044157,customer876@example.com,Regular customer,Motorcycle 250cc,KFA-8361
877,Customer 877,"Duong Vo Thi Sau, City",939824738,customer877@example.com,Regular customer,Motorcycle 110cc,DWW-6222
878,Customer 878,"Tran Xuan Soan, City",439168195,customer878@example.com,Regular customer,Motorcycle 110cc,BGM-9235
879,Customer 879,"Le Lai, City",110521645,customer879@example.com,Regular customer,Motorcycle 50cc,GBL-1020
880,Customer 880,"Nguyen Van Cu, City",361797279,customer880@example.com,Regular customer,Sedan,ZXU-5140
881,Customer 881,"Tran Quoc Toan, City",872714180,customer881@example.com,Regular customer,Motorcycle 110cc,NXF-5374
882,Customer 882,"Nguyen Hong, City",619209602,customer882@example.com,Regular customer,SUV,USH-7589
883,Customer 883,"Duong Hai Ba Trung, City",824042585,customer883@example.com,Regular customer,Motorcycle 125cc,GYY-2124
884,Customer 884,"Cau Sai Gon, City",494201726,customer884@example.com,Regular customer,SUV,BKI-5456
885,Customer 885,"Nguyen Tat Thanh, City",939289905,customer885@example.com,Regular customer,Motorcycle 50cc,TUU-5961
886,Customer 886,"Duong Pham Ngoc Thach, City",898438141,customer886@example.com,Regular customer,Motorcycle 125cc,LZN-3502
887,Customer 887,"Thong Nhat, City",848479548,customer887@example.com,Regular customer,Motorcycle 110cc,FNO-5646
888,Customer 888,"Le Van Sy, City",973339982,customer888@example.com,Regular customer,Motorcycle 250cc,CGO-8610
889,Customer 889,"Ham Nghi, City",650758915,customer889@example.com,Regular customer,Motorcycle 50cc,FFU-9148
890,Customer 890,"Duong Pham Ngoc Thach, City",219361350,customer890@example.com,Regular customer,Motorcycle 125cc,MIM-2682
891,Customer 891,"Duong Le Thanh Ton, City",242632827,customer891@example.com,Regular customer,Sedan,RUT-7874
892,Customer 892,"Nguyen Cong Tru, City",335179777,customer892@example.com,Regular customer,Motorcycle 150cc,HRK-1702
893,Customer 893,"Duong Hung Vuong, City",313008053,customer893@example.com,Regular customer,Light Truck,MGI-4327
894,Customer 894,"Nguyen Hong, City",982935588,customer894@example.com,Regular customer,Motorcycle 110cc,MWU-2580
895,Customer 895,"Nguyen Tat Thanh, City",842683952,customer895@example.com,Regular customer,Motorcycle 110cc,DVI-0017
896,Customer 896,"Nguyen Hong, City",829485881,customer896@example.com,Regular customer,Pickup Truck,OIU-6748
897,Customer 897,"Tran Nao, City",414867692,customer897@example.com,Regular customer,Light Truck,EYR-7152
898,Customer 898,"Cach Mang Thang Tam, City",822503909,customer898@example.com,Regular customer,Sedan,LZD-4213
899,Customer 899,"Tran Nao, City",808351036,customer899@example.com,Regular customer,Motorcycle 125cc,KUG-2538
900,Customer 900,"Thong Nhat, City",985986582,customer900@example.com,Regular customer,Light Truck,LGI-7763
901,Customer 901,"Nguyen Tri Phuong, City",762051841,customer901@example.com,Regular customer,Motorcycle 110cc,SAV-6744
902,Customer 902,"Duong Le Thanh Ton, City",353527023,customer902@example.com,Regular customer,Pickup Truck,YZX-5474
903,Customer 903,"Tran Nao, City",772417786,customer903@example.com,Regular customer,Pickup Truck,QJZ-8880
904,Customer 904,"Duong Le Loi, City",901763222,customer904@example.com,Regular customer,Sedan,DKJ-9453
905,Customer 905,"Ha Huy Giap, City",111798109,customer905@example.com,Regular customer,Pickup Truck,IIM-5682
906,Customer 906,"Le Van Sy, City",663145889,customer906@example.com,Regular customer,Pickup Truck,EON-4519
907,Customer 907,"Duong Hai Ba Trung, City",644818279,customer907@example.com,Regular customer,Motorcycle 110cc,ZWP-4762
908,Customer 908,"Nguyen Tat Thanh, City",967456430,customer908@example.com,Regular customer,Pickup Truck,ZBW-8588
909,Customer 909,"Duong Nguyen Thi Minh Khai, City",199514006,customer909@example.com,Regular customer,Motorcycle 125cc,FMG-1199
910,Customer 910,"Le Van Sy, City",779837543,customer910@example.com,Regular customer,Motorcycle 110cc,ILE-7563
911,Customer 911,"Le Van Khuong, City",484703543,customer911@example.com,Regular customer,Motorcycle 110cc,YNH-1048
912,Customer 912,"Nguyen Tat Thanh, City",641575007,customer912@example.com,Regular customer,Motorcycle 125cc,LYF-4126
913,Customer 913,"Duong Hung Vuong, City",735346775,customer913@example.com,Regular customer,Sedan,YYL-9188
914,Customer 914,"Le Van Khuong, City",696491219,customer914@example.com,Regular customer,Light Truck,GJD-3947
915,Customer 915,"Ham Nghi, City",970780207,customer915@example.com,Regular customer,Light Truck,QDE-6835
916,Customer 916,"Phan Van Tri, City",462967658,customer916@example.com,Regular customer,Motorcycle 125cc,IMX-0568
917,Customer 917,"Nguyen Tat Thanh, City",409643363,customer917@example.com,Regular customer,Motorcycle 150cc,JYR-1860
918,Customer 918,"Ham Nghi, City",656252834,customer918@example.com,Regular customer,Light Truck,CRK-9358
919,Customer 919,"Thong Nhat, City",224931031,customer919@example.com,Regular customer,Pickup Truck,EOM-6801
920,Customer 920,"Duong Pasteur, City",631853879,customer920@example.com,Regular customer,SUV,HVK-0906
921,Customer 921,"Duong Nguyen Tri Phuong, City",193632900,customer921@example.com,Regular customer,Motorcycle 50cc,NQJ-7041
922,Customer 922,"Duong Nguyen Hue, City",983259650,customer922@example.com,Regular customer,Sedan,RQG-5255
923,Customer 923,"Duong Hai Ba Trung, City",410553716,customer923@example.com,Regular customer,Pickup Truck,FWS-7742
924,Customer 924,"Duong Pasteur, City",699115468,customer924@example.com,Regular customer,SUV,FOZ-6149
925,Customer 925,"Duong Nguyen Thi Minh Khai, City",955059534,customer925@example.com,Regular customer,Sedan,EDH-4844
926,Customer 926,"Duong Vo Van Kiet, City",856052594,customer926@example.com,Regular customer,Motorcycle 110cc,FWU-9714
927,Customer 927,"Duong Nguyen Van Cu, City",427338549,customer927@example.com,Regular customer,Motorcycle 110cc,HFC-9687
928,Customer 928,"Duong Nguyen Thi Minh Khai, City",366924190,customer928@example.com,Regular customer,Motorcycle 125cc,AUR-5041
929,Customer 929,"Duong Nguyen Tri Phuong, City",882610703,customer929@example.com,Regular customer,SUV,XJL-0501
930,Customer 930,"Duong Le Duan, City",625904883,customer930@example.com,Regular customer,SUV,XJU-4647
931,Customer 931,"Duong Hai Ba Trung, City",303781740,customer931@example.com,Regular customer,Motorcycle 125cc,CBZ-8331
932,Customer 932,"An Duong Vuong, City",286858425,customer932@example.com,Regular customer,Motorcycle 50cc,LSK-3868
933,Customer 933,"Hong Bang, City",445716861,customer933@example.com,Regular customer,Motorcycle 50cc,SSV-0924
934,Customer 934,"Xa Lo Ha Noi, City",254567653,customer934@example.com,Regular customer,Light Truck,CDH-6893
935,Customer 935,"Duong Hai Ba Trung, City",516258862,customer935@example.com,Regular customer,Sedan,DWV-7114
936,Customer 936,"Duong Dien Bien Phu, City",126647541,customer936@example.com,Regular customer,Motorcycle 125cc,RUR-6708
937,Customer 937,"Duong Tran Hung Dao, City",533698346,customer937@example.com,Regular customer,Pickup Truck,EZG-8542
938,Customer 938,"Duong Nguyen Tri Phuong, City",884217615,customer938@example.com,Regular customer,SUV,URW-6548
939,Customer 939,"Duong Nguyen Thi Minh Khai, City",382003110,customer939@example.com,Regular customer,Pickup Truck,KAD-7464
940,Customer 940,"Duong Vo Van Kiet, City",740534616,customer940@example.com,Regular customer,Motorcycle 150cc,XNP-8351
941,Customer 941,"Duong Hai Ba Trung, City",483905739,customer941@example.com,Regular customer,Motorcycle 50cc,JUX-3261
942,Customer 942,"Nam Ky Khoi Nghia, City",849996845,customer942@example.com,Regular customer,Motorcycle 110cc,KWU-7583
943,Customer 943,"Phan Van Tri, City",851812441,customer943@example.com,Regular customer,Motorcycle 150cc,DBL-9197
944,Customer 944,"Duong Truong Dinh, City",374360674,customer944@example.com,Regular customer,Motorcycle 250cc,QZD-3722
945,Customer 945,"Bach Dang, City",144899290,customer945@example.com,Regular customer,Sedan,PTR-4932
946,Customer 946,"Duong Cach Mang Thang Tam, City",725401568,customer946@example.com,Regular customer,Motorcycle 50cc,AAB-4357
947,Customer 947,"Duong Nguyen Huu Canh, City",987863092,customer947@example.com,Regular customer,Light Truck,PBB-0386
948,Customer 948,"Phan Van Tri, City",860859839,customer948@example.com,Regular customer,Motorcycle 110cc,XPF-2875
949,Customer 949,"Vo Van Ngan, City",297164797,customer949@example.com,Regular customer,Motorcycle 50cc,CDK-8932
950,Customer 950,"Ton Duc Thang, City",621419811,customer950@example.com,Regular customer,Motorcycle 125cc,DCQ-1158
951,Customer 951,"Phan Van Tri, City",915918532,customer951@example.com,Regular customer,Pickup Truck,USM-5850
952,Customer 952,"Cach Mang Thang Tam, City",908705285,customer952@example.com,Regular customer,Motorcycle 250cc,SMM-1934
953,Customer 953,"Vo Van Ngan, City",869623637,customer953@example.com,Regular customer,Motorcycle 150cc,JRB-9358
954,Customer 954,"Nguyen Cong Tru, City",341655115,customer954@example.com,Regular customer,Light Truck,LBM-5203
955,Customer 955,"Tran Nao, City",231554548,customer955@example.com,Regular customer,Pickup Truck,GZK-0427
956,Customer 956,"Thong Nhat, City",649850689,customer956@example.com,Regular customer,Motorcycle 50cc,FNU-7888
957,Customer 957,"Cach Mang Thang Tam, City",631046274,customer957@example.com,Regular customer,Motorcycle 50cc,YAF-0620
958,Customer 958,"Phan Van Tri, City",923592509,customer958@example.com,Regular customer,Light Truck,FXJ-5886
959,Customer 959,"Le Van Sy, City",472689545,customer959@example.com,Regular customer,Motorcycle 50cc,OVO-3336
960,Customer 960,"Cach Mang Thang Tam, City",627812587,customer960@example.com,Regular customer,Motorcycle 250cc,NJL-3637
961,Customer 961,"Vo Van Ngan, City",267759374,customer961@example.com,Regular customer,Motorcycle 150cc,TVI-6658
962,Customer 962,"Duong Hung Vuong, City",684912417,customer962@example.com,Regular customer,Motorcycle 125cc,OQH-1100
963,Customer 963,"Nguyen Hong, City",639759430,customer963@example.com,Regular customer,Light Truck,GJI-9943
964,Customer 964,"Duong Pham Ngoc Thach, City",397836358,customer964@example.com,Regular customer,Motorcycle 125cc,CLP-6080
965,Customer 965,"Nam Ky Khoi Nghia, City",468514799,customer965@example.com,Regular customer,Motorcycle 125cc,UVH-4513
966,Customer 966,"Nguyen Hue, City",877839189,customer966@example.com,Regular customer,Motorcycle 110cc,YXI-5843
967,Customer 967,"Nam Ky Khoi Nghia, City",121293200,customer967@example.com,Regular customer,Motorcycle 50cc,JBV-5994
968,Customer 968,"An Duong Vuong, City",995991456,customer968@example.com,Regular customer,Motorcycle 250cc,DIE-8370
969,Customer 969,"An Duong Vuong, City",956601337,customer969@example.com,Regular customer,Pickup Truck,FMP-3145
970,Customer 970,"Duong Pasteur, City",276331174,customer970@example.com,Regular customer,SUV,KTD-8969
971,Customer 971,"Le Van Sy, City",273707801,customer971@example.com,Regular customer,SUV,ONJ-9339
972,Customer 972,"Hong Bang, City",969491651,customer972@example.com,Regular customer,Motorcycle 125cc,ESM-5415
973,Customer 973,"Duong Le Thanh Ton, City",902506484,customer973@example.com,Regular customer,Motorcycle 125cc,KUW-4422
974,Customer 974,"Nguyen Hue, City",558732276,customer974@example.com,Regular customer,SUV,CHU-0969
975,Customer 975,"Nguyen Tat Thanh, City",299791120,customer975@example.com,Regular customer,Motorcycle 150cc,IEK-8904
976,Customer 976,"Cach Mang Thang Tam, City",985295318,customer976@example.com,Regular customer,Pickup Truck,RGM-0300
977,Customer 977,"Duong Pham Ngoc Thach, City",215348016,customer977@example.com,Regular customer,Pickup Truck,QWB-7864
978,Customer 978,"Ton Duc Thang, City",786193128,customer978@example.com,Regular customer,Motorcycle 125cc,GJJ-0010
979,Customer 979,"Phan Van Tri, City",335151864,customer979@example.com,Regular customer,Motorcycle 250cc,BVV-3991
980,Customer 980,"Cau Sai Gon, City",549357054,customer980@example.com,Regular customer,Motorcycle 110cc,POQ-3575
981,Customer 981,"Tran Quoc Toan, City",833630569,customer981@example.com,Regular customer,SUV,LIZ-4436
982,Customer 982,"Le Van Sy, City",342174051,customer982@example.com,Regular customer,Sedan,ASD-5597
983,Customer 983,"Bach Dang, City",498279586,customer983@example.com,Regular customer,Motorcycle 50cc,ETW-6173
984,Customer 984,"Nguyen Dinh Chieu, City",668442940,customer984@example.com,Regular customer,Sedan,GIF-3680
985,Customer 985,"Duong Le Thanh Ton, City",939538023,customer985@example.com,Regular customer,Motorcycle 125cc,IBA-6863
986,Customer 986,"Duong Nguyen Tri Phuong, City",296412877,customer986@example.com,Regular customer,SUV,WHA-7909
987,Customer 987,"Cau Sai Gon, City",404734344,customer987@example.com,Regular customer,Motorcycle 150cc,XRF-1936
988,Customer 988,"Xo Viet Nghe Tinh, City",646030885,customer988@example.com,Regular customer,Motorcycle 110cc,GQT-7697
989,Customer 989,"Le Van Khuong, City",948395820,customer989@example.com,Regular customer,Motorcycle 250cc,OFK-3068
990,Customer 990,"Le Van Sy, City",853100815,customer990@example.com,Regular customer,Motorcycle 250cc,JHR-3456
991,Customer 991,"Duong Nguyen Huu Canh, City",866659562,customer991@example.com,Regular customer,Motorcycle 50cc,LIU-8085
992,Customer 992,"Cau Sai Gon, City",709692720,customer992@example.com,Regular customer,SUV,YTR-6398
993,Customer 993,"Duong Dien Bien Phu, City",491508956,customer993@example.com,Regular customer,Pickup Truck,QQH-5447
994,Customer 994,"Duong Nguyen Hue, City",571221266,customer994@example.com,Regular customer,Light Truck,ERD-7090
995,Customer 995,"Xa Lo Ha Noi, City",143494717,customer995@example.com,Regular customer,Motorcycle 110cc,QXL-2294
996,Customer 996,"Duong Le Van Sy, City",588812051,customer996@example.com,Regular customer,Motorcycle 50cc,MHX-6676
997,Customer 997,"Le Van Khuong, City",305427804,customer997@example.com,Regular customer,Light Truck,MJT-3509
998,Customer 998,"Duong Nguyen Tri Phuong, City",177196467,customer998@example.com,Regular customer,Pickup Truck,EBF-6075
999,Customer 999,"Duong Le Thanh Ton, City",533155969,customer999@example.com,Regular customer,Light Truck,PMK-1933
1000,Customer 1000,"Thong Nhat, City",722028333,customer1000@example.com,Regular customer,Motorcycle 50cc,XAB-7522
