InvoiceDetailID,InvoiceID,ProductID,QuantitySold,SellingPrice,TotalPrice
1,1,1,4.98,23830,118673.4
2,1,2,3.1,22910,71021.0
3,2,1,13.68,23830,325994.4
4,2,2,13.17,22910,301724.7
5,2,3,6.8,20790,141372.0
6,3,1,1.91,23830,45515.3
7,3,2,3.63,22910,83163.3
8,4,1,1.5,23830,35745.0
9,4,2,1.04,22910,23826.4
10,5,1,1.74,23830,41464.2
11,5,2,2.19,22910,50172.9
12,6,1,2.59,23830,61719.7
13,6,2,1.25,22910,28637.5
14,7,1,5.46,23830,130111.8
15,7,2,8.27,22910,189465.7
16,7,3,16.01,20790,332847.9
17,8,1,2.57,23830,61243.1
18,8,2,2.74,22910,62773.4
19,9,1,1.66,23830,39557.8
20,9,2,3.22,22910,73770.20000000001
21,10,1,3.11,23830,74111.3
22,10,2,4.27,22910,97825.7
23,11,1,5.12,23830,122009.6
24,11,2,17.24,22910,394968.4
25,11,3,18.77,20790,390228.3
725,301,1,1.19,23830,28357.7
726,301,2,6.12,22910,140209.2
727,301,3,1.34,20790,27858.6
728,302,1,6.07,23830,144648.1
729,302,2,19.03,22910,435977.3000000001
730,302,3,6.1,20790,126819.0
731,303,1,2.74,23830,65294.2
732,303,2,2.68,22910,61398.8
733,304,1,4.1,23830,97703.0
734,304,2,1.37,22910,31386.7
735,305,1,16.96,23830,404156.8000000001
736,305,2,12.96,22910,296913.60000000003
737,305,3,13.94,20790,289812.6
738,306,1,1.59,23830,37889.7
739,306,2,1.95,22910,44674.5
740,307,1,3.91,23830,93175.3
741,307,2,3.94,22910,90265.4
742,308,1,9.23,23830,219950.9
743,308,2,19.21,22910,440101.1
744,308,3,11.76,20790,244490.4
745,309,1,10.41,23830,248070.3
746,309,2,9.91,22910,227038.1
747,309,3,4.71,20790,97920.9
748,310,1,3.15,23830,75064.5
749,310,2,4.73,22910,108364.3
750,311,1,10.79,23830,257125.7
751,311,2,13.65,22910,312721.5
752,311,3,15.57,20790,323700.3
753,312,1,2.22,23830,52902.600000000006
754,312,2,3.04,22910,69646.4
755,313,1,15.12,23830,360309.6
756,313,2,15.13,22910,346628.30000000005
757,313,3,14.44,20790,300207.6
1460,602,1,4.38,23830,104375.4
1461,602,2,3.87,22910,88661.7
1462,603,1,3.96,23830,94366.8
1463,603,2,16.75,22910,383742.5
1464,603,3,3.07,20790,63825.3
1465,604,1,4.83,23830,115098.9
1466,604,2,2.4,22910,54984.0
1467,605,1,1.47,23830,35030.1
1468,605,2,3.81,22910,87287.1
1469,606,1,4.3,23830,102469.0
1470,606,2,1.2,22910,27492.0
1471,607,1,4.34,23830,103422.2
1472,607,2,2.66,22910,60940.600000000006
1473,608,1,13.37,23830,318607.1
1474,608,2,15.99,22910,366330.9
1475,608,3,15.08,20790,313513.2
1476,609,1,4.48,23830,106758.4
1477,609,2,2.74,22910,62773.4
1478,610,1,1.52,23830,36221.6
1479,610,2,4.79,22910,109738.9
1480,611,1,4.38,23830,104375.4
1481,611,2,2.55,22910,58420.49999999999
1482,612,1,2.89,23830,68868.7
1483,612,2,4.65,22910,106531.5
1484,613,1,3.02,23830,71966.6
1485,613,2,9.52,22910,218103.2
1486,613,3,19.09,20790,396881.1
1487,614,1,7.12,23830,169669.6
1488,614,2,5.58,22910,127837.8
1489,614,3,14.66,20790,304781.4
1490,615,1,3.39,23830,80783.7
1491,615,2,1.82,22910,41696.2
2116,871,1,2.06,23830,49089.8
2117,871,2,3.53,22910,80872.29999999999
2118,872,1,8.86,23830,211133.8
2119,872,2,2.58,22910,59107.8
2120,872,3,5.17,20790,107484.3
2121,873,1,1.07,23830,25498.1
2122,873,2,18.37,22910,420856.7
2123,873,3,16.16,20790,335966.4
2124,874,1,9.51,23830,226623.3
2125,874,2,2.64,22910,60482.4
2126,874,3,10.58,20790,219958.2
2127,875,1,1.36,23830,32408.800000000003
2128,875,2,4.55,22910,104240.5
2129,876,1,7.83,23830,186588.9
2130,876,2,14.45,22910,331049.5
2131,876,3,5.87,20790,122037.3
2132,877,1,1.89,23830,45038.7
2133,877,2,4.39,22910,100574.9
2134,878,1,3.98,23830,94843.4
2135,878,2,3.85,22910,88203.5
2136,879,1,15.85,23830,377705.5
2137,879,2,16.97,22910,388782.7
2138,879,3,8.89,20790,184823.1
2139,880,1,3.92,23830,93413.6
2140,880,2,1.66,22910,38030.6
2141,881,1,10.76,23830,256410.8
2142,881,2,12.6,22910,288666.0
2143,881,3,14.69,20790,305405.1
2144,882,1,3.45,23830,82213.5
2145,882,2,14.75,22910,337922.5
2146,882,3,3.73,20790,77546.7
2147,883,1,10.15,23830,241874.5
2148,883,2,6.26,22910,143416.6
2149,883,3,2.33,20790,48440.7
2150,884,1,9.43,23830,224716.9
2151,884,2,11.84,22910,271254.4
2152,884,3,3.71,20790,77130.9
2153,885,1,3.18,23830,75779.40000000001
2154,885,2,1.41,22910,32303.1
2890,1185,1,1.02,23830,24306.6
2891,1185,2,3.17,22910,72624.7
2892,1186,1,3.02,23830,71966.6
2893,1186,2,14.04,22910,321656.4
2894,1186,3,4.7,20790,97713.0
2895,1187,1,2.99,23830,71251.70000000001
2896,1187,2,4.35,22910,99658.5
2897,1188,1,10.51,23830,250453.3
2898,1188,2,10.44,22910,239180.4
2899,1188,3,5.88,20790,122245.2
2900,1189,1,2.49,23830,59336.7
2901,1189,2,8.71,22910,199546.1
2902,1189,3,3.59,20790,74636.09999999999
2903,1190,1,6.62,23830,157754.6
2904,1190,2,18.84,22910,431624.4
2905,1190,3,11.63,20790,241787.7
2906,1191,1,3.41,23830,81260.3
2907,1191,2,3.42,22910,78352.2
2908,1192,1,12.04,23830,286913.19999999995
2909,1192,2,11.21,22910,256821.1
2910,1192,3,3.86,20790,80249.4
2911,1193,1,2.51,23830,59813.3
2912,1193,2,3.95,22910,90494.5
2913,1194,1,1.51,23830,35983.3
2914,1194,2,1.8,22910,41238.0
2915,1194,3,3.81,20790,79209.9
2916,1195,1,1.22,23830,29072.6
2917,1195,2,3.95,22910,90494.5
2918,1196,1,19.02,23830,453246.6
2919,1196,2,13.83,22910,316845.3
2920,1196,3,16.62,20790,345529.80000000005
2921,1197,1,1.63,23830,38842.9
2922,1197,2,3.31,22910,75832.1
2923,1198,1,8.45,23830,201363.5
2924,1198,2,11.75,22910,269192.5
2925,1198,3,8.53,20790,177338.69999999998
2926,1199,1,19.29,23830,459680.7
2927,1199,2,19.58,22910,448577.8
2928,1199,3,19.31,20790,401454.9
2929,1200,1,16.34,23830,389382.2
2930,1200,2,10.76,22910,246511.6
2931,1200,3,17.25,20790,358627.5
2932,1201,1,3.78,23830,90077.4
2933,1201,2,4.36,22910,99887.6
2934,1202,1,11.64,23830,277381.2
2935,1202,2,9.67,22910,221539.7
2936,1202,3,8.87,20790,184407.3
2937,1203,1,2.0,23830,47660.0
2938,1203,2,4.13,22910,94618.3
2939,1204,1,11.28,23830,268802.4
2940,1204,2,18.29,22910,419023.9
2941,1204,3,4.74,20790,98544.6
2942,1205,1,4.77,23830,113669.1
2943,1205,2,4.7,22910,107677.0
3634,1486,1,2.23,23830,53140.9
3635,1486,2,4.51,22910,103324.1
3636,1487,1,17.61,23830,419646.3
3637,1487,2,7.19,22910,164722.90000000002
3638,1487,3,17.51,20790,364032.9
3639,1488,1,8.29,23830,197550.7
3640,1488,2,17.06,22910,390844.6
3641,1488,3,3.39,20790,70478.1
3642,1489,1,15.07,23830,359118.10000000003
3643,1489,2,1.86,22910,42612.600000000006
3644,1489,3,9.64,20790,200415.6
3645,1490,1,4.89,23830,116528.7
3646,1490,2,3.48,22910,79726.8
3647,1491,1,2.93,23830,69821.90000000001
3648,1491,2,19.61,22910,449265.1
3649,1491,3,9.07,20790,188565.3
3650,1492,1,13.71,23830,326709.30000000005
3651,1492,2,2.79,22910,63918.9
3652,1492,3,2.11,20790,43866.9
3653,1493,1,17.94,23830,427510.2
3654,1493,2,6.26,22910,143416.6
3655,1493,3,2.07,20790,43035.3
3656,1494,1,1.65,23830,39319.5
3657,1494,2,5.1,22910,116841.0
3658,1494,3,9.41,20790,195633.9
3659,1495,1,2.12,23830,50519.600000000006
3660,1495,2,1.64,22910,37572.4
3661,1496,1,2.67,23830,63626.1
3662,1496,2,4.08,22910,93472.8
3663,1497,1,10.36,23830,246878.8
3664,1497,2,9.96,22910,228183.6
3665,1497,3,12.77,20790,265488.3
3666,1498,1,1.43,23830,34076.9
3667,1498,2,4.97,22910,113862.7
3668,1499,1,4.22,23830,100562.6
3669,1499,2,3.82,22910,87516.2
3670,1500,1,4.38,23830,104375.4
3671,1500,2,4.09,22910,93701.9
3672,1501,1,13.02,23830,310266.6
3673,1501,2,14.07,22910,322343.7
3674,1501,3,4.56,20790,94802.4
3675,1502,1,1.62,23830,38604.600000000006
3676,1502,2,1.57,22910,35968.700000000004
4355,1781,1,11.95,23830,284768.5
4356,1781,2,5.62,22910,128754.2
4357,1781,3,14.19,20790,295010.1
4358,1782,1,3.15,23830,75064.5
4359,1782,2,2.65,22910,60711.5
4360,1783,1,2.7,23830,64341.00000000001
4361,1783,2,15.74,22910,360603.4
4362,1783,3,19.51,20790,405612.9
4363,1784,1,17.34,23830,413212.2
4364,1784,2,2.77,22910,63460.7
4365,1784,3,19.72,20790,409978.8
4366,1785,1,1.14,23830,27166.2
4367,1785,2,4.42,22910,101262.2
4368,1786,1,3.72,23830,88647.6
4369,1786,2,4.46,22910,102178.6
4370,1787,1,4.58,23830,109141.4
4371,1787,2,3.62,22910,82934.2
4372,1788,1,2.99,23830,71251.70000000001
4373,1788,2,4.37,22910,100116.7
4374,1789,1,4.44,23830,105805.2
4375,1789,2,11.49,22910,263235.9
4376,1789,3,17.42,20790,362161.8000000001
4377,1790,1,10.51,23830,250453.3
4378,1790,2,5.35,22910,122568.5
4379,1790,3,16.79,20790,349064.1
4380,1791,1,3.07,23830,73158.09999999999
4381,1791,2,3.72,22910,85225.20000000001
4382,1792,1,5.53,23830,131779.9
4383,1792,2,16.18,22910,370683.8
4384,1792,3,8.55,20790,177754.50000000003
4385,1793,1,19.25,23830,458727.5
4386,1793,2,6.91,22910,158308.1
4387,1793,3,7.93,20790,164864.69999999998
4388,1794,1,3.23,23830,76970.9
4389,1794,2,1.55,22910,35510.5
4390,1795,1,13.21,23830,314794.30000000005
4391,1795,2,18.15,22910,415816.5
4392,1795,3,15.62,20790,324739.8
4393,1796,1,6.04,23830,143933.2
4394,1796,2,10.91,22910,249948.1
4395,1796,3,11.68,20790,242827.2
4396,1797,1,4.5,23830,107235.0
4397,1797,2,2.88,22910,65980.8
4398,1798,1,2.67,23830,63626.1
4399,1798,2,3.88,22910,88890.8
4400,1799,1,1.82,23830,43370.6
4401,1799,2,2.89,22910,66209.90000000001
4402,1800,1,2.02,23830,48136.6
4403,1800,2,8.87,22910,203211.7
4404,1800,3,8.55,20790,177754.50000000003
4405,1801,1,2.54,23830,60528.2
4406,1801,2,3.07,22910,70333.7
4407,1802,1,8.06,23830,192069.8
4408,1802,2,19.5,22910,446745.0
4409,1802,3,13.1,20790,272349.0
4410,1803,1,4.9,23830,116767.0
4411,1803,2,16.35,22910,374578.50000000006
4412,1803,3,15.05,20790,312889.5
4413,1804,1,3.76,23830,89600.79999999999
4414,1804,2,19.84,22910,454534.4
4415,1804,3,1.06,20790,22037.4
4416,1805,1,1.64,23830,39081.2
4417,1805,2,3.39,22910,77664.90000000001
4418,1806,1,4.19,23830,99847.7
4419,1806,2,2.71,22910,62086.1
4420,1807,1,4.53,23830,107949.9
4421,1807,2,3.97,22910,90952.7
4422,1808,1,19.63,23830,467782.9
4423,1808,2,8.16,22910,186945.6
4424,1808,3,9.93,20790,206444.7
4425,1809,1,3.37,23830,80307.1
4426,1809,2,4.51,22910,103324.1
4427,1810,1,11.13,23830,265227.9
4428,1810,2,11.7,22910,268047.0
4429,1810,3,6.4,20790,133056.0
4430,1811,1,1.57,23830,37413.1
4431,1811,2,4.9,22910,112259.0
4432,1812,1,1.14,23830,27166.2
4433,1812,2,4.95,22910,113404.5
4434,1813,1,1.27,23830,30264.1
4435,1813,2,3.65,22910,83621.5
4436,1814,1,4.54,23830,108188.2
4437,1814,2,4.2,22910,96222.0
4438,1815,1,5.36,23830,127728.8
4439,1815,2,9.4,22910,215354.0
4440,1815,3,12.79,20790,265904.1
4441,1816,1,3.84,23830,91507.2
4442,1816,2,1.48,22910,33906.8
4443,1817,1,13.42,23830,319798.6
4444,1817,2,11.19,22910,256362.9
4445,1817,3,9.5,20790,197505.0
4446,1818,1,3.49,23830,83166.70000000001
4447,1818,2,10.19,22910,233452.9
4448,1818,3,10.14,20790,210810.6
4449,1819,1,10.21,23830,243304.3
4450,1819,2,19.72,22910,451785.2
4451,1819,3,10.25,20790,213097.5
4452,1820,1,10.19,23830,242827.7
4453,1820,2,19.39,22910,444224.9
4454,1820,3,11.54,20790,239916.6
4455,1821,1,1.36,23830,32408.800000000003
4456,1821,2,4.11,22910,94160.1
4457,1822,1,4.57,23830,108903.1
4458,1822,2,2.86,22910,65522.6
4459,1823,1,7.1,23830,169193.0
4460,1823,2,17.1,22910,391761.00000000006
4461,1823,3,15.07,20790,313305.3
4462,1824,1,3.59,23830,85549.7
4463,1824,2,9.79,22910,224288.9
4464,1824,3,17.87,20790,371517.3000000001
4465,1825,1,10.25,23830,244257.5
4466,1825,2,8.71,22910,199546.1
4467,1825,3,13.28,20790,276091.2
4468,1826,1,3.33,23830,79353.90000000001
4469,1826,2,1.48,22910,33906.8
4470,1827,1,2.16,23830,51472.8
4471,1827,2,3.02,22910,69188.2
4472,1828,1,3.23,23830,76970.9
4473,1828,2,1.58,22910,36197.8
4474,1829,1,1.07,23830,25498.1
4475,1829,2,15.31,22910,350752.10000000003
4476,1829,3,14.2,20790,295218.0
4477,1830,1,4.12,23830,98179.6
4478,1830,2,1.54,22910,35281.4
4479,1831,1,4.88,23830,116290.4
4480,1831,2,4.55,22910,104240.5
4481,1832,1,4.48,23830,106758.4
4482,1832,2,4.32,22910,98971.2
4483,1833,1,2.41,23830,57430.3
4484,1833,2,1.28,22910,29324.8
4485,1834,1,2.61,23830,62196.3
4486,1834,2,1.39,22910,31844.9
4487,1835,1,3.89,23830,92698.7
4488,1835,2,1.14,22910,26117.4
4489,1836,1,4.66,23830,111047.8
4490,1836,2,12.14,22910,278127.4
4491,1836,3,3.92,20790,81496.8
4492,1837,1,1.08,23830,25736.4
4493,1837,2,4.48,22910,102636.8
4494,1838,1,15.54,23830,370318.2
4495,1838,2,1.93,22910,44216.3
4496,1838,3,4.37,20790,90852.3
4497,1839,1,4.03,23830,96034.9
4498,1839,2,4.59,22910,105156.9
4499,1840,1,3.27,23830,77924.1
4500,1840,2,3.9,22910,89349.0
4501,1841,1,2.26,23830,53855.8
4502,1841,2,18.94,22910,433915.4
4503,1841,3,16.6,20790,345114.00000000006
4504,1842,1,1.77,23830,42179.1
4505,1842,2,2.77,22910,63460.7
4506,1843,1,1.2,23830,28596.0
4507,1843,2,1.58,22910,36197.8
4508,1844,1,9.87,23830,235202.1
4509,1844,2,2.34,22910,53609.4
4510,1844,3,19.85,20790,412681.50000000006
4511,1845,1,12.78,23830,304547.4
4512,1845,2,1.38,22910,31615.8
4513,1845,3,2.88,20790,59875.2
4514,1846,1,4.4,23830,104852.0
4515,1846,2,3.74,22910,85683.40000000001
4516,1847,1,1.04,23830,24783.2
4517,1847,2,1.31,22910,30012.1
4518,1848,1,2.45,23830,58383.50000000001
4519,1848,2,2.72,22910,62315.2
4520,1849,1,5.44,23830,129635.2
4521,1849,2,7.53,22910,172512.30000000002
4522,1849,3,11.97,20790,248856.3
4523,1850,1,1.71,23830,40749.3
4524,1850,2,2.61,22910,59795.1
4525,1851,1,13.88,23830,330760.4
4526,1851,2,12.31,22910,282022.10000000003
4527,1851,3,6.88,20790,143035.2
4528,1852,1,4.49,23830,106996.7
4529,1852,2,3.23,22910,73999.3
4530,1853,1,8.4,23830,200172.0
4531,1853,2,3.54,22910,81101.4
4532,1853,3,19.19,20790,398960.1
4533,1854,1,1.06,23830,25259.800000000003
4534,1854,2,2.73,22910,62544.3
4535,1855,1,4.76,23830,113430.8
4536,1855,2,1.36,22910,31157.6
4537,1856,1,3.68,23830,87694.40000000001
4538,1856,2,4.86,22910,111342.6
4539,1857,1,3.11,23830,74111.3
4540,1857,2,4.99,22910,114320.9
4541,1858,1,1.21,23830,28834.3
4542,1858,2,3.11,22910,71250.09999999999
4543,1859,1,14.38,23830,342675.4
4544,1859,2,2.48,22910,56816.8
4545,1859,3,1.62,20790,33679.8
4546,1860,1,3.48,23830,82928.4
4547,1860,2,2.31,22910,52922.1
4548,1861,1,18.07,23830,430608.1
4549,1861,2,3.43,22910,78581.3
4550,1861,3,7.0,20790,145530.0
4551,1862,1,5.31,23830,126537.3
4552,1862,2,2.48,22910,56816.8
4553,1862,3,17.37,20790,361122.3000000001
4554,1863,1,2.74,23830,65294.2
4555,1863,2,3.53,22910,80872.29999999999
9128,3741,1,4.05,23830,96511.5
9129,3741,2,1.33,22910,30470.300000000003
9130,3742,1,10.42,23830,248308.6
9131,3742,2,10.07,22910,230703.7
9132,3742,3,4.86,20790,101039.4
9133,3743,1,13.98,23830,333143.4
9134,3743,2,11.52,22910,263923.2
9135,3743,3,6.47,20790,134511.3
9136,3744,1,4.11,23830,97941.3
9137,3744,2,3.02,22910,69188.2
9138,3744,3,5.94,20790,123492.6
9139,3745,1,3.04,23830,72443.2
9140,3745,2,1.23,22910,28179.3
9141,3746,1,8.3,23830,197789.00000000003
9142,3746,2,9.37,22910,214666.7
9143,3746,3,14.94,20790,310602.6
9144,3747,1,3.32,23830,79115.59999999999
9145,3747,2,3.75,22910,85912.5
9146,3748,1,11.97,23830,285245.10000000003
9147,3748,2,17.74,22910,406423.4
9148,3748,3,5.88,20790,122245.2
9149,3749,1,5.33,23830,127013.9
9150,3749,2,7.23,22910,165639.30000000002
9151,3749,3,10.11,20790,210186.9
9152,3750,1,4.91,23830,117005.3
9153,3750,2,4.43,22910,101491.3
9154,3751,1,4.88,23830,116290.4
9155,3751,2,4.66,22910,106760.6
9156,3752,1,2.89,23830,68868.7
9157,3752,2,1.8,22910,41238.0
9158,3753,1,19.0,23830,452770.0
9159,3753,2,17.89,22910,409859.9
9160,3753,3,4.18,20790,86902.2
9161,3754,1,18.16,23830,432752.8
9162,3754,2,12.3,22910,281793.0
9163,3754,3,16.23,20790,337421.7
9164,3755,1,4.86,23830,115813.8
9165,3755,2,1.61,22910,36885.100000000006
9166,3756,1,18.1,23830,431323.00000000006
9167,3756,2,5.08,22910,116382.8
9168,3756,3,17.41,20790,361953.9
9169,3757,1,1.08,23830,25736.4
9170,3757,2,11.93,22910,273316.3
9171,3757,3,13.45,20790,279625.5
9172,3758,1,3.45,23830,82213.5
9173,3758,2,2.9,22910,66439.0
9174,3759,1,11.12,23830,264989.6
9175,3759,2,15.15,22910,347086.5
9176,3759,3,17.63,20790,366527.7
9177,3760,1,19.64,23830,468021.2
9178,3760,2,13.45,22910,308139.5
9179,3760,3,13.08,20790,271933.2
9180,3761,1,4.16,23830,99132.8
9181,3761,2,1.68,22910,38488.8
9182,3762,1,13.39,23830,319083.7
9183,3762,2,11.92,22910,273087.2
9184,3762,3,11.81,20790,245529.9
9185,3763,1,3.64,23830,86741.2
9186,3763,2,2.36,22910,54067.6
9187,3764,1,12.69,23830,302402.7
9188,3764,2,2.81,22910,64377.1
9189,3764,3,16.21,20790,337005.9
9190,3765,1,12.47,23830,297160.10000000003
9191,3765,2,9.34,22910,213979.4
9192,3765,3,6.97,20790,144906.3
9193,3766,1,18.23,23830,434420.9
9194,3766,2,8.86,22910,202982.6
9195,3766,3,10.46,20790,217463.4
9196,3767,1,1.36,23830,32408.800000000003
9197,3767,2,2.12,22910,48569.2
9198,3768,1,3.23,23830,76970.9
9199,3768,2,1.37,22910,31386.7
9200,3769,1,2.56,23830,61004.8
9201,3769,2,2.75,22910,63002.5
9202,3770,1,18.36,23830,437518.8
9203,3770,2,7.36,22910,168617.6
9204,3770,3,2.77,20790,57588.3
9205,3771,1,15.22,23830,362692.6
9206,3771,2,12.12,22910,277669.19999999995
9207,3771,3,18.23,20790,379001.7
9208,3772,1,8.81,23830,209942.3
9209,3772,2,13.3,22910,304703.0
9210,3772,3,19.09,20790,396881.1
9211,3773,1,2.83,23830,67438.90000000001
9212,3773,2,1.77,22910,40550.7
9213,3774,1,4.5,23830,107235.0
9214,3774,2,11.03,22910,252697.3
9215,3774,3,15.44,20790,320997.6
9216,3775,1,18.86,23830,449433.8
9217,3775,2,18.3,22910,419253.0
9218,3775,3,12.44,20790,258627.6
9219,3776,1,1.03,23830,24544.9
9220,3776,2,1.94,22910,44445.4
9221,3777,1,3.94,23830,93890.2
9222,3777,2,1.81,22910,41467.1
9223,3778,1,18.02,23830,429416.6
9224,3778,2,15.87,22910,363581.7
9225,3778,3,18.65,20790,387733.5
9226,3779,1,2.14,23830,50996.2
9227,3779,2,2.23,22910,51089.3
9228,3780,1,16.6,23830,395578.00000000006
9229,3780,2,15.65,22910,358541.5
9230,3780,3,6.2,20790,128898.0
9231,3781,1,4.35,23830,103660.5
9232,3781,2,1.02,22910,23368.2
9233,3782,1,3.99,23830,95081.7
9234,3782,2,1.17,22910,26804.7
9235,3783,1,5.81,23830,138452.3
9236,3783,2,6.8,22910,155788.0
9237,3783,3,18.97,20790,394386.3
9238,3784,1,3.18,23830,75779.40000000001
9239,3784,2,2.7,22910,61857.00000000001
9240,3785,1,1.56,23830,37174.8
9241,3785,2,3.5,22910,80185.0
9242,3786,1,11.5,23830,274045.0
9243,3786,2,10.28,22910,235514.8
9244,3786,3,2.26,20790,46985.4
9245,3787,1,3.3,23830,78639.0
9246,3787,2,3.71,22910,84996.1
9247,3788,1,12.09,23830,288104.7
9248,3788,2,5.84,22910,133794.4
9249,3788,3,4.79,20790,99584.1
9250,3789,1,1.33,23830,31693.9
9251,3789,2,1.03,22910,23597.3
9252,3790,1,4.88,23830,116290.4
9253,3790,2,3.25,22910,74457.5
9254,3791,1,3.12,23830,74349.6
9255,3791,2,1.45,22910,33219.5
9256,3792,1,13.91,23830,331475.3
9257,3792,2,12.68,22910,290498.8
9258,3792,3,13.92,20790,289396.8
9259,3793,1,4.52,23830,107711.6
9260,3793,2,8.73,22910,200004.3
9261,3793,3,15.47,20790,321621.3
9262,3794,1,2.72,23830,64817.600000000006
9263,3794,2,2.89,22910,66209.90000000001
9264,3795,1,3.87,23830,92222.1
9265,3795,2,3.81,22910,87287.1
9266,3796,1,17.11,23830,407731.3
9267,3796,2,18.11,22910,414900.1
9268,3796,3,5.83,20790,121205.7
9269,3797,1,3.67,23830,87456.09999999999
9270,3797,2,1.4,22910,32074.0
9271,3798,1,3.79,23830,90315.7
9272,3798,2,1.92,22910,43987.2
9273,3799,1,2.92,23830,69583.59999999999
9274,3799,2,7.78,22910,178239.80000000002
9275,3799,3,7.03,20790,146153.7
9276,3800,1,3.02,23830,71966.6
9277,3800,2,3.54,22910,81101.4
9278,3801,1,1.05,23830,25021.5
9279,3801,2,1.93,22910,44216.3
9280,3802,1,18.79,23830,447765.7
9281,3802,2,18.01,22910,412609.1
9282,3802,3,13.03,20790,270893.7
9283,3803,1,2.16,23830,51472.8
9284,3803,2,1.06,22910,24284.6
9285,3804,1,4.42,23830,105328.6
9286,3804,2,1.21,22910,27721.1
9287,3805,1,2.13,23830,50757.9
9288,3805,2,2.67,22910,61169.7
9289,3806,1,2.33,23830,55523.9
9290,3806,2,3.43,22910,78581.3
9291,3807,1,2.1,23830,50043.0
9292,3807,2,3.65,22910,83621.5
9293,3808,1,1.81,23830,43132.3
9294,3808,2,4.26,22910,97596.6
9295,3809,1,3.77,23830,89839.1
9296,3809,2,3.36,22910,76977.59999999999
9297,3810,1,4.34,23830,103422.2
9298,3810,2,2.53,22910,57962.3
9299,3811,1,4.65,23830,110809.5
9300,3811,2,1.82,22910,41696.2
9301,3812,1,7.83,23830,186588.9
9302,3812,2,9.43,22910,216041.3
9303,3812,3,1.9,20790,39501.0
9304,3813,1,2.92,23830,69583.59999999999
9305,3813,2,2.9,22910,66439.0
9306,3814,1,4.07,23830,96988.1
9307,3814,2,1.36,22910,31157.6
9308,3815,1,13.83,23830,329568.9
9309,3815,2,16.15,22910,369996.5
9310,3815,3,17.46,20790,362993.4
9311,3816,1,9.74,23830,232104.2
9312,3816,2,7.59,22910,173886.9
9313,3816,3,16.78,20790,348856.2
9314,3817,1,1.55,23830,36936.5
9315,3817,2,4.57,22910,104698.7
9316,3818,1,1.19,23830,28357.7
9317,3818,2,11.63,22910,266443.30000000005
9318,3818,3,3.24,20790,67359.6
9319,3819,1,1.16,23830,27642.8
9320,3819,2,11.44,22910,262090.4
9321,3819,3,2.07,20790,43035.3
9322,3820,1,5.87,23830,139882.1
9323,3820,2,14.07,22910,322343.7
9324,3820,3,13.65,20790,283783.5
9325,3821,1,1.08,23830,25736.4
9326,3821,2,1.88,22910,43070.8
9327,3822,1,2.58,23830,61481.4
9328,3822,2,1.3,22910,29783.0
9329,3823,1,2.12,23830,50519.600000000006
9330,3823,2,1.15,22910,26346.5
9331,3824,1,3.7,23830,88171.0
9332,3824,2,4.5,22910,103095.0
9333,3825,1,1.74,23830,41464.2
9334,3825,2,10.61,22910,243075.1
9335,3825,3,4.53,20790,94178.7
9336,3826,1,4.73,23830,112715.9
9337,3826,2,2.76,22910,63231.6
9338,3827,1,4.83,23830,115098.9
9339,3827,2,2.7,22910,61857.00000000001
9340,3827,3,7.76,20790,161330.4
9341,3828,1,4.79,23830,114145.7
9342,3828,2,4.43,22910,101491.3
9343,3829,1,4.8,23830,114384.0
9344,3829,2,3.45,22910,79039.5
9345,3830,1,17.54,23830,417978.2
9346,3830,2,1.78,22910,40779.8
9347,3830,3,9.17,20790,190644.3
9348,3831,1,1.79,23830,42655.7
9349,3831,2,3.15,22910,72166.5
9350,3832,1,18.01,23830,429178.3000000001
9351,3832,2,10.48,22910,240096.8
9352,3832,3,1.19,20790,24740.1
9353,3833,1,4.38,23830,104375.4
9354,3833,2,4.52,22910,103553.2
9355,3834,1,4.21,23830,100324.3
9356,3834,2,2.16,22910,49485.600000000006
9357,3835,1,5.48,23830,130588.4
9358,3835,2,14.2,22910,325322.0
9359,3835,3,15.27,20790,317463.3
9360,3836,1,13.52,23830,322181.6
9361,3836,2,15.91,22910,364498.1
9362,3836,3,11.37,20790,236382.3
9363,3837,1,5.98,23830,142503.40000000002
9364,3837,2,17.44,22910,399550.4
9365,3837,3,7.67,20790,159459.3
9366,3838,1,1.61,23830,38366.3
9367,3838,2,1.6,22910,36656.0
9368,3839,1,3.43,23830,81736.90000000001
9369,3839,2,12.66,22910,290040.6
9370,3839,3,5.45,20790,113305.5
9371,3840,1,11.15,23830,265704.5
9372,3840,2,19.37,22910,443766.7
9373,3840,3,8.46,20790,175883.40000000002
14037,5760,1,3.66,23830,87217.8
14038,5760,2,3.68,22910,84308.8
14039,5761,1,16.91,23830,402965.3
14040,5761,2,9.94,22910,227725.4
14041,5761,3,8.36,20790,173804.4
14042,5762,1,1.7,23830,40511.0
14043,5762,2,10.83,22910,248115.3
14044,5762,3,17.36,20790,360914.4
14045,5763,1,14.98,23830,356973.4
14046,5763,2,15.44,22910,353730.4
14047,5763,3,7.92,20790,164656.8
14048,5764,1,18.06,23830,430369.8
14049,5764,2,19.23,22910,440559.3
14050,5764,3,17.75,20790,369022.5
14051,5765,1,10.79,23830,257125.7
14052,5765,2,12.61,22910,288895.1
14053,5765,3,11.58,20790,240748.2
14054,5766,1,12.58,23830,299781.4
14055,5766,2,7.78,22910,178239.80000000002
14056,5766,3,19.46,20790,404573.4
14057,5767,1,7.87,23830,187542.1
14058,5767,2,2.67,22910,61169.7
14059,5767,3,2.47,20790,51351.3
14060,5768,1,2.66,23830,63387.8
14061,5768,2,1.25,22910,28637.5
14062,5769,1,1.21,23830,28834.3
14063,5769,2,15.9,22910,364269.0
14064,5769,3,6.56,20790,136382.4
14065,5770,1,2.02,23830,48136.6
14066,5770,2,3.57,22910,81788.7
14067,5770,3,12.06,20790,250727.4
14068,5771,1,2.89,23830,68868.7
14069,5771,2,3.1,22910,71021.0
14070,5772,1,1.56,23830,37174.8
14071,5772,2,4.91,22910,112488.1
14072,5773,1,4.42,23830,105328.6
14073,5773,2,13.67,22910,313179.7
14074,5773,3,2.67,20790,55509.3
14075,5774,1,1.71,23830,40749.3
14076,5774,2,4.94,22910,113175.4
14077,5775,1,1.77,23830,42179.1
14078,5775,2,1.81,22910,41467.1
14079,5776,1,14.39,23830,342913.7
14080,5776,2,17.25,22910,395197.5
14081,5776,3,12.96,20790,269438.4
14082,5777,1,1.95,23830,46468.5
14083,5777,2,2.04,22910,46736.4
14084,5778,1,13.94,23830,332190.2
14085,5778,2,3.11,22910,71250.09999999999
14086,5778,3,1.25,20790,25987.5
14087,5779,1,2.69,23830,64102.7
14088,5779,2,10.64,22910,243762.4
14089,5779,3,12.18,20790,253222.2
14090,5780,1,9.25,23830,220427.5
14091,5780,2,12.91,22910,295768.1
14092,5780,3,18.83,20790,391475.7
14093,5781,1,14.63,23830,348632.9
14094,5781,2,6.32,22910,144791.2
14095,5781,3,13.06,20790,271517.4
14096,5782,1,4.81,23830,114622.3
14097,5782,2,3.25,22910,74457.5
14098,5783,1,3.43,23830,81736.90000000001
14099,5783,2,2.16,22910,49485.600000000006
14100,5784,1,6.75,23830,160852.5
14101,5784,2,10.42,22910,238722.2
14102,5784,3,17.93,20790,372764.7
14103,5785,1,1.94,23830,46230.2
14104,5785,2,4.29,22910,98283.9
14105,5786,1,1.55,23830,36936.5
14106,5786,2,4.44,22910,101720.4
14107,5787,1,3.64,23830,86741.2
14108,5787,2,3.84,22910,87974.4
14109,5788,1,11.66,23830,277857.8
14110,5788,2,7.42,22910,169992.2
14111,5788,3,10.96,20790,227858.4
14112,5789,1,1.67,23830,39796.1
14113,5789,2,18.49,22910,423605.9
14114,5789,3,10.09,20790,209771.1
14115,5790,1,8.52,23830,203031.6
14116,5790,2,10.42,22910,238722.2
14117,5790,3,11.6,20790,241164.0
14118,5791,1,1.76,23830,41940.8
14119,5791,2,3.78,22910,86599.79999999999
14120,5792,1,13.59,23830,323849.7
14121,5792,2,12.2,22910,279502.0
14122,5792,3,2.44,20790,50727.6
14123,5793,1,15.05,23830,358641.5
14124,5793,2,1.86,22910,42612.600000000006
14125,5793,3,17.23,20790,358211.7
14126,5794,1,3.71,23830,88409.3
14127,5794,2,4.12,22910,94389.2
14128,5795,1,2.91,23830,69345.3
14129,5795,2,1.85,22910,42383.5
14130,5796,1,8.86,23830,211133.8
14131,5796,2,7.54,22910,172741.4
14132,5796,3,11.36,20790,236174.4
14133,5797,1,7.96,23830,189686.8
14134,5797,2,14.7,22910,336777.0
14135,5797,3,19.06,20790,396257.4
14136,5798,1,6.09,23830,145124.69999999998
14137,5798,2,3.48,22910,79726.8
14138,5798,3,15.52,20790,322660.8
14139,5799,1,2.89,23830,68868.7
14140,5799,2,3.19,22910,73082.9
14141,5800,1,1.56,23830,37174.8
14142,5800,2,1.81,22910,41467.1
14143,5801,1,14.54,23830,346488.19999999995
14144,5801,2,14.8,22910,339068.0
14145,5801,3,2.09,20790,43451.1
14146,5802,1,11.21,23830,267134.30000000005
14147,5802,2,6.4,22910,146624.0
14148,5802,3,17.64,20790,366735.6
14149,5803,1,3.76,23830,89600.79999999999
14150,5803,2,2.36,22910,54067.6
14151,5804,1,1.84,23830,43847.2
14152,5804,2,3.92,22910,89807.2
14153,5805,1,8.31,23830,198027.3
14154,5805,2,12.92,22910,295997.2
14155,5805,3,9.71,20790,201870.9
14156,5806,1,5.73,23830,136545.90000000002
14157,5806,2,18.18,22910,416503.8
14158,5806,3,1.16,20790,24116.4
14159,5807,1,7.06,23830,168239.8
14160,5807,2,7.09,22910,162431.9
14161,5807,3,11.32,20790,235342.8
14162,5808,1,4.02,23830,95796.6
14163,5808,2,7.48,22910,171366.80000000002
14164,5808,3,8.79,20790,182744.1
14165,5809,1,9.75,23830,232342.5
14166,5809,2,1.32,22910,30241.2
14167,5809,3,16.03,20790,333263.7
14168,5810,1,2.04,23830,48613.2
14169,5810,2,3.46,22910,79268.6
14170,5811,1,1.42,23830,33838.6
14171,5811,2,15.72,22910,360145.2
14172,5811,3,8.93,20790,185654.7
14173,5812,1,4.99,23830,118911.7
14174,5812,2,3.39,22910,77664.90000000001
14175,5813,1,4.16,23830,99132.8
14176,5813,2,1.16,22910,26575.6
14177,5814,1,2.0,23830,47660.0
14178,5814,2,2.42,22910,55442.2
14179,5815,1,4.51,23830,107473.3
14180,5815,2,4.63,22910,106073.3
14181,5816,1,1.96,23830,46706.8
14182,5816,2,3.52,22910,80643.2
14183,5817,1,14.86,23830,354113.8
14184,5817,2,5.0,22910,114550.0
14185,5817,3,18.85,20790,391891.50000000006
14186,5818,1,3.38,23830,80545.4
14187,5818,2,3.39,22910,77664.90000000001
14188,5819,1,4.15,23830,98894.5
14189,5819,2,2.63,22910,60253.3
14190,5820,1,1.86,23830,44323.8
14191,5820,2,4.87,22910,111571.7
14192,5821,1,2.65,23830,63149.5
14193,5821,2,1.76,22910,40321.6
14194,5822,1,4.87,23830,116052.1
14195,5822,2,4.66,22910,106760.6
14196,5823,1,2.6,23830,61958.0
14197,5823,2,1.79,22910,41008.9
14198,5824,1,4.51,23830,107473.3
14199,5824,2,1.54,22910,35281.4
14200,5825,1,2.95,23830,70298.5
14201,5825,2,2.66,22910,60940.600000000006
14202,5826,1,2.29,23830,54570.7
14203,5826,2,1.53,22910,35052.3
14204,5827,1,2.2,23830,52426.00000000001
14205,5827,2,1.03,22910,23597.3
14206,5828,1,14.57,23830,347203.10000000003
14207,5828,2,19.16,22910,438955.6
14208,5828,3,9.96,20790,207068.4
14209,5829,1,4.75,23830,113192.5
14210,5829,2,4.45,22910,101949.5
14211,5830,1,2.95,23830,70298.5
14212,5830,2,1.56,22910,35739.6
14213,5831,1,2.55,23830,60766.49999999999
14214,5831,2,3.58,22910,82017.8
14215,5832,1,18.15,23830,432514.5
14216,5832,2,12.35,22910,282938.5
14217,5832,3,11.38,20790,236590.2
14218,5833,1,2.46,23830,58621.8
14219,5833,2,4.72,22910,108135.2
14220,5834,1,4.77,23830,113669.1
14221,5834,2,17.58,22910,402757.8
14222,5834,3,11.44,20790,237837.6
14223,5835,1,5.86,23830,139643.80000000002
14224,5835,2,15.04,22910,344566.4
14225,5835,3,3.14,20790,65280.600000000006
14226,5836,1,17.95,23830,427748.5
14227,5836,2,11.12,22910,254759.2
14228,5836,3,14.23,20790,295841.7
14229,5837,1,1.42,23830,33838.6
14230,5837,2,2.45,22910,56129.50000000001
14231,5837,3,8.58,20790,178378.2
14232,5838,1,1.8,23830,42894.0
14233,5838,2,4.91,22910,112488.1
14234,5839,1,2.48,23830,59098.4
14235,5839,2,2.53,22910,57962.3
14236,5840,1,1.33,23830,31693.9
14237,5840,2,1.55,22910,35510.5
14238,5841,1,14.18,23830,337909.4
14239,5841,2,19.25,22910,441017.5
14240,5841,3,5.78,20790,120166.2
14241,5842,1,4.41,23830,105090.3
14242,5842,2,3.2,22910,73312.0
14243,5843,1,17.16,23830,408922.8
14244,5843,2,14.86,22910,340442.6
14245,5843,3,16.82,20790,349687.8
14246,5844,1,4.27,23830,101754.1
14247,5844,2,4.65,22910,106531.5
14248,5845,1,1.07,23830,25498.1
14249,5845,2,1.54,22910,35281.4
14250,5846,1,18.37,23830,437757.1
14251,5846,2,2.2,22910,50402.00000000001
14252,5846,3,2.03,20790,42203.7
14253,5847,1,4.65,23830,110809.5
14254,5847,2,4.94,22910,113175.4
14255,5848,1,3.22,23830,76732.6
14256,5848,2,2.2,22910,50402.00000000001
14257,5849,1,18.03,23830,429654.9
14258,5849,2,2.93,22910,67126.3
14259,5849,3,1.56,20790,32432.4
14260,5850,1,5.16,23830,122962.8
14261,5850,2,3.48,22910,79726.8
14262,5850,3,5.7,20790,118503.0
14263,5851,1,3.74,23830,89124.20000000001
14264,5851,2,2.63,22910,60253.3
14265,5852,1,1.26,23830,30025.8
14266,5852,2,1.34,22910,30699.4
14267,5853,1,1.03,23830,24544.9
14268,5853,2,3.02,22910,69188.2
14269,5854,1,10.77,23830,256649.1
14270,5854,2,1.67,22910,38259.7
14271,5854,3,17.67,20790,367359.3000000001
14272,5855,1,1.12,23830,26689.6
14273,5855,2,2.15,22910,49256.5
14274,5856,1,1.11,23830,26451.300000000003
14275,5856,2,3.94,22910,90265.4
14276,5857,1,1.98,23830,47183.4
14277,5857,2,4.93,22910,112946.3
14278,5858,1,1.52,23830,36221.6
14279,5858,2,4.1,22910,93931.0
14280,5859,1,1.93,23830,45991.9
14281,5859,2,2.46,22910,56358.6
14282,5860,1,2.91,23830,69345.3
14283,5860,2,3.53,22910,80872.29999999999
14284,5861,1,1.82,23830,43370.6
14285,5861,2,1.16,22910,26575.6
14286,5861,3,11.74,20790,244074.6
14287,5862,1,1.54,23830,36698.2
14288,5862,2,2.23,22910,51089.3
14289,5863,1,1.1,23830,26213.000000000004
14290,5863,2,1.13,22910,25888.3
14291,5864,1,5.36,23830,127728.8
14292,5864,2,19.95,22910,457054.5
14293,5864,3,19.53,20790,406028.7
14294,5865,1,1.11,23830,26451.300000000003
14295,5865,2,1.06,22910,24284.6
14296,5866,1,3.33,23830,79353.90000000001
14297,5866,2,1.3,22910,29783.0
14298,5867,1,14.02,23830,334096.6
14299,5867,2,5.82,22910,133336.2
14300,5867,3,14.14,20790,293970.60000000003
14301,5868,1,2.62,23830,62434.600000000006
14302,5868,2,3.59,22910,82246.9
18914,7746,1,2.79,23830,66485.7
18915,7746,2,1.18,22910,27033.8
18916,7747,1,4.11,23830,97941.3
18917,7747,2,15.36,22910,351897.6
18918,7747,3,8.86,20790,184199.4
18919,7748,1,1.91,23830,45515.3
18920,7748,2,2.03,22910,46507.3
18921,7749,1,2.89,23830,68868.7
18922,7749,2,17.14,22910,392677.4
18923,7749,3,10.38,20790,215800.2
18924,7750,1,2.28,23830,54332.4
18925,7750,2,1.43,22910,32761.3
18926,7751,1,18.2,23830,433706.0
18927,7751,2,14.42,22910,330362.2
18928,7751,3,12.75,20790,265072.5
18929,7752,1,2.7,23830,64341.00000000001
18930,7752,2,1.74,22910,39863.4
18931,7753,1,3.58,23830,85311.40000000001
18932,7753,2,4.9,22910,112259.0
18933,7754,1,2.44,23830,58145.2
18934,7754,2,10.38,22910,237805.8
18935,7754,3,1.76,20790,36590.4
18936,7755,1,11.7,23830,278811.0
18937,7755,2,8.9,22910,203899.0
18938,7755,3,4.18,20790,86902.2
18939,7756,1,16.72,23830,398437.6
18940,7756,2,18.03,22910,413067.3000000001
18941,7756,3,6.74,20790,140124.6
18942,7757,1,3.66,23830,87217.8
18943,7757,2,4.5,22910,103095.0
18944,7758,1,1.53,23830,36459.9
18945,7758,2,3.69,22910,84537.9
18946,7759,1,16.66,23830,397007.8
18947,7759,2,15.75,22910,360832.5
18948,7759,3,10.09,20790,209771.1
18949,7760,1,4.82,23830,114860.6
18950,7760,2,4.86,22910,111342.6
18951,7761,1,4.38,23830,104375.4
18952,7761,2,3.21,22910,73541.1
18953,7762,1,4.46,23830,106281.8
18954,7762,2,3.25,22910,74457.5
18955,7763,1,2.07,23830,49328.1
18956,7763,2,1.37,22910,31386.7
18957,7764,1,1.57,23830,37413.1
18958,7764,2,3.16,22910,72395.6
18959,7765,1,11.4,23830,271662.0
18960,7765,2,15.34,22910,351439.4
18961,7765,3,10.47,20790,217671.3
18962,7766,1,1.62,23830,38604.600000000006
18963,7766,2,3.22,22910,73770.20000000001
18964,7767,1,5.03,23830,119864.9
18965,7767,2,7.62,22910,174574.2
18966,7767,3,11.15,20790,231808.5
18967,7768,1,9.44,23830,224955.2
18968,7768,2,15.39,22910,352584.9
18969,7768,3,8.96,20790,186278.4
18970,7769,1,18.61,23830,443476.3
18971,7769,2,3.51,22910,80414.09999999999
18972,7769,3,12.56,20790,261122.4
18973,7770,1,1.75,23830,41702.5
18974,7770,2,3.42,22910,78352.2
18975,7771,1,9.11,23830,217091.3
18976,7771,2,4.17,22910,95534.7
18977,7771,3,15.97,20790,332016.3
18978,7772,1,2.93,23830,69821.90000000001
18979,7772,2,3.19,22910,73082.9
18980,7772,3,7.54,20790,156756.6
18981,7773,1,14.91,23830,355305.3
18982,7773,2,6.99,22910,160140.9
18983,7773,3,16.94,20790,352182.60000000003
18984,7774,1,8.87,23830,211372.1
18985,7774,2,7.89,22910,180759.9
18986,7774,3,10.27,20790,213513.3
18987,7775,1,3.59,23830,85549.7
18988,7775,2,18.71,22910,428646.1
18989,7775,3,9.09,20790,188981.1
18990,7776,1,15.64,23830,372701.2
18991,7776,2,14.48,22910,331736.8
18992,7776,3,12.75,20790,265072.5
18993,7777,1,2.25,23830,53617.5
18994,7777,2,3.78,22910,86599.79999999999
18995,7778,1,5.34,23830,127252.2
18996,7778,2,14.71,22910,337006.10000000003
18997,7778,3,2.99,20790,62162.100000000006
18998,7779,1,2.47,23830,58860.100000000006
18999,7779,2,2.34,22910,53609.4
19000,7780,1,4.73,23830,112715.9
19001,7780,2,4.31,22910,98742.1
19002,7781,1,18.62,23830,443714.6
19003,7781,2,6.63,22910,151893.3
19004,7781,3,1.53,20790,31808.7
19005,7782,1,2.74,23830,65294.2
19006,7782,2,1.75,22910,40092.5
19007,7783,1,3.89,23830,92698.7
19008,7783,2,1.77,22910,40550.7
19009,7784,1,2.83,23830,67438.90000000001
19010,7784,2,2.1,22910,48111.0
19011,7785,1,14.14,23830,336956.2
19012,7785,2,9.5,22910,217645.0
19013,7785,3,1.71,20790,35550.9
19014,7786,1,4.73,23830,112715.9
19015,7786,2,3.72,22910,85225.20000000001
19016,7787,1,1.61,23830,38366.3
19017,7787,2,3.98,22910,91181.8
19018,7788,1,1.09,23830,25974.7
19019,7788,2,1.15,22910,26346.5
19020,7789,1,2.2,23830,52426.00000000001
19021,7789,2,2.42,22910,55442.2
19022,7790,1,4.33,23830,103183.9
19023,7790,2,18.39,22910,421314.9
19024,7790,3,11.85,20790,246361.5
19025,7791,1,2.0,23830,47660.0
19026,7791,2,2.0,22910,45820.0
19027,7792,1,11.16,23830,265942.8
19028,7792,2,19.63,22910,449723.3
19029,7792,3,14.98,20790,311434.2
19030,7793,1,4.05,23830,96511.5
19031,7793,2,1.85,22910,42383.5
19032,7794,1,15.64,23830,372701.2
19033,7794,2,11.09,22910,254071.9
19034,7794,3,13.44,20790,279417.6
19035,7795,1,7.96,23830,189686.8
19036,7795,2,11.02,22910,252468.2
19037,7795,3,7.28,20790,151351.2
19038,7796,1,3.0,23830,71490.0
19039,7796,2,8.11,22910,185800.1
19040,7796,3,14.58,20790,303118.2
19041,7797,1,4.53,23830,107949.9
19042,7797,2,3.19,22910,73082.9
19043,7798,1,4.15,23830,98894.5
19044,7798,2,1.11,22910,25430.1
19045,7799,1,8.27,23830,197074.1
19046,7799,2,17.05,22910,390615.5
19047,7799,3,4.38,20790,91060.2
19048,7800,1,1.79,23830,42655.7
19049,7800,2,1.44,22910,32990.4
19050,7801,1,4.74,23830,112954.2
19051,7801,2,3.95,22910,90494.5
19052,7802,1,4.77,23830,113669.1
19053,7802,2,3.4,22910,77894.0
19054,7803,1,13.53,23830,322419.9
19055,7803,2,18.54,22910,424751.4
19056,7803,3,17.89,20790,371933.1
19057,7804,1,4.06,23830,96749.8
19058,7804,2,3.24,22910,74228.40000000001
22033,9035,1,9.79,23830,233295.7
22034,9035,2,9.44,22910,216270.4
22035,9035,3,15.67,20790,325779.3
22036,9036,1,1.65,23830,39319.5
22037,9036,2,1.65,22910,37801.5
22038,9037,1,16.44,23830,391765.2
22039,9037,2,11.63,22910,266443.30000000005
22040,9037,3,4.76,20790,98960.4
22041,9038,1,15.59,23830,371509.7
22042,9038,2,9.18,22910,210313.8
22043,9038,3,1.3,20790,27027.0
22044,9039,1,5.84,23830,139167.19999999998
22045,9039,2,16.18,22910,370683.8
22046,9039,3,8.35,20790,173596.5
22047,9040,1,19.88,23830,473740.4
22048,9040,2,7.12,22910,163119.2
22049,9040,3,5.67,20790,117879.3
22050,9041,1,3.59,23830,85549.7
22051,9041,2,1.9,22910,43529.0
22052,9042,1,4.14,23830,98656.2
22053,9042,2,19.38,22910,443995.8
22054,9042,3,14.06,20790,292307.4
22055,9043,1,2.27,23830,54094.1
22056,9043,2,19.56,22910,448119.6
22057,9043,3,4.35,20790,90436.5
22058,9044,1,2.37,23830,56477.100000000006
22059,9044,2,3.39,22910,77664.90000000001
22060,9045,1,4.25,23830,101277.5
22061,9045,2,12.56,22910,287749.60000000003
22062,9045,3,12.82,20790,266527.8
22063,9046,1,4.49,23830,106996.7
22064,9046,2,4.86,22910,111342.6
22065,9047,1,19.22,23830,458012.6
22066,9047,2,3.5,22910,80185.0
22067,9047,3,17.62,20790,366319.8000000001
22068,9048,1,1.21,23830,28834.3
22069,9048,2,4.92,22910,112717.2
22070,9049,1,4.83,23830,115098.9
22071,9049,2,5.82,22910,133336.2
22072,9049,3,3.46,20790,71933.4
22073,9050,1,2.08,23830,49566.4
22074,9050,2,4.11,22910,94160.1
22075,9051,1,16.69,23830,397722.7
22076,9051,2,1.57,22910,35968.700000000004
22077,9051,3,5.99,20790,124532.1
22078,9052,1,14.12,23830,336479.6
22079,9052,2,12.79,22910,293018.9
22080,9052,3,15.89,20790,330353.10000000003
22081,9053,1,3.6,23830,85788.0
22082,9053,2,2.33,22910,53380.3
22083,9054,1,11.66,23830,277857.8
22084,9054,2,19.47,22910,446057.7
22085,9054,3,19.76,20790,410810.4
22086,9055,1,11.56,23830,275474.8
22087,9055,2,4.99,22910,114320.9
22088,9055,3,13.58,20790,282328.2
22089,9056,1,1.52,23830,36221.6
22090,9056,2,2.18,22910,49943.8
22091,9057,1,4.87,23830,116052.1
22092,9057,2,4.12,22910,94389.2
22093,9058,1,1.73,23830,41225.9
22094,9058,2,3.65,22910,83621.5
22095,9058,3,11.98,20790,249064.2
22096,9059,1,18.34,23830,437042.2
22097,9059,2,4.71,22910,107906.1
22098,9059,3,5.33,20790,110810.7
22099,9060,1,2.22,23830,52902.600000000006
22100,9060,2,1.18,22910,27033.8
22101,9061,1,12.79,23830,304785.69999999995
22102,9061,2,2.9,22910,66439.0
22103,9061,3,17.16,20790,356756.4
22104,9062,1,15.57,23830,371033.1
22105,9062,2,12.59,22910,288436.9
22106,9062,3,11.96,20790,248648.4
22107,9063,1,3.88,23830,92460.4
22108,9063,2,2.1,22910,48111.0
22109,9064,1,1.5,23830,35745.0
22110,9064,2,1.59,22910,36426.9
22111,9065,1,2.44,23830,58145.2
22112,9065,2,1.46,22910,33448.6
22113,9066,1,1.15,23830,27404.5
22114,9066,2,3.07,22910,70333.7
22115,9067,1,3.04,23830,72443.2
22116,9067,2,3.86,22910,88432.59999999999
22117,9068,1,2.31,23830,55047.3
22118,9068,2,3.13,22910,71708.3
22119,9069,1,19.23,23830,458250.9
22120,9069,2,16.66,22910,381680.6
22121,9069,3,13.33,20790,277130.7
22122,9070,1,1.35,23830,32170.500000000004
22123,9070,2,3.11,22910,71250.09999999999
22124,9071,1,7.81,23830,186112.3
22125,9071,2,15.03,22910,344337.3
22126,9071,3,3.25,20790,67567.5
22127,9072,1,19.33,23830,460633.9
22128,9072,2,12.91,22910,295768.1
22129,9072,3,16.1,20790,334719.00000000006
22130,9073,1,5.19,23830,123677.7
22131,9073,2,6.22,22910,142500.19999999998
22132,9073,3,19.12,20790,397504.8000000001
22133,9074,1,7.51,23830,178963.3
22134,9074,2,18.71,22910,428646.1
22135,9074,3,14.66,20790,304781.4
22136,9075,1,1.94,23830,46230.2
22137,9075,2,4.48,22910,102636.8
22138,9076,1,17.67,23830,421076.1
22139,9076,2,5.53,22910,126692.3
22140,9076,3,17.72,20790,368398.8
22141,9077,1,2.37,23830,56477.100000000006
22142,9077,2,1.55,22910,35510.5
22143,9078,1,3.97,23830,94605.1
22144,9078,2,4.04,22910,92556.4
22145,9079,1,3.77,23830,89839.1
22146,9079,2,2.77,22910,63460.7
22147,9080,1,1.75,23830,41702.5
22148,9080,2,1.64,22910,37572.4
22149,9081,1,10.4,23830,247832.0
22150,9081,2,9.28,22910,212604.8
22151,9081,3,15.25,20790,317047.5
22152,9082,1,4.03,23830,96034.9
22153,9082,2,3.73,22910,85454.3
22154,9083,1,2.83,23830,67438.90000000001
22155,9083,2,3.82,22910,87516.2
22156,9084,1,13.56,23830,323134.8
22157,9084,2,16.19,22910,370912.9
22158,9084,3,1.49,20790,30977.1
22159,9085,1,1.04,23830,24783.2
22160,9085,2,1.32,22910,30241.2
22161,9086,1,3.69,23830,87932.7
22162,9086,2,9.41,22910,215583.1
22163,9086,3,1.28,20790,26611.2
22164,9087,1,1.79,23830,42655.7
22165,9087,2,2.9,22910,66439.0
22166,9088,1,2.67,23830,63626.1
22167,9088,2,13.68,22910,313408.8
22168,9088,3,18.3,20790,380457.0
22169,9089,1,8.33,23830,198503.9
22170,9089,2,15.66,22910,358770.6
22171,9089,3,15.12,20790,314344.8
22172,9090,1,1.87,23830,44562.100000000006
22173,9090,2,4.2,22910,96222.0
22174,9091,1,1.92,23830,45753.6
22175,9091,2,4.8,22910,109968.0
22176,9092,1,4.22,23830,100562.6
22177,9092,2,2.28,22910,52234.8
22178,9093,1,18.39,23830,438233.7
22179,9093,2,14.17,22910,324634.7
22180,9093,3,15.91,20790,330768.9
22181,9094,1,2.04,23830,48613.2
22182,9094,2,2.27,22910,52005.7
22183,9095,1,8.43,23830,200886.9
22184,9095,2,19.34,22910,443079.4
22185,9095,3,1.62,20790,33679.8
22186,9096,1,2.58,23830,61481.4
22187,9096,2,3.21,22910,73541.1
22188,9097,1,1.01,23830,24068.3
22189,9097,2,1.69,22910,38717.9
22190,9098,1,1.86,23830,44323.8
22191,9098,2,4.72,22910,108135.2
22192,9099,1,1.91,23830,45515.3
22193,9099,2,4.96,22910,113633.6
22194,9100,1,1.4,23830,33362.0
22195,9100,2,2.69,22910,61627.9
22196,9101,1,1.87,23830,44562.100000000006
22197,9101,2,1.55,22910,35510.5
22198,9102,1,2.63,23830,62672.9
22199,9102,2,4.26,22910,97596.6
22200,9103,1,2.98,23830,71013.4
22201,9103,2,2.78,22910,63689.8
22202,9104,1,15.41,23830,367220.3
22203,9104,2,9.91,22910,227038.1
22204,9104,3,1.87,20790,38877.3
22205,9105,1,4.85,23830,115575.5
22206,9105,2,1.9,22910,43529.0
22207,9106,1,3.21,23830,76494.3
22208,9106,2,2.56,22910,58649.6
22209,9107,1,3.94,23830,93890.2
22210,9107,2,3.89,22910,89119.90000000001
22211,9107,3,13.53,20790,281288.7
25284,10369,1,2.25,23830,53617.5
25285,10369,2,1.88,22910,43070.8
25286,10370,1,7.48,23830,178248.40000000002
25287,10370,2,10.46,22910,239638.6
25288,10370,3,8.65,20790,179833.5
25289,10371,1,1.8,23830,42894.0
25290,10371,2,1.54,22910,35281.4
25291,10372,1,10.62,23830,253074.6
25292,10372,2,2.31,22910,52922.1
25293,10372,3,18.75,20790,389812.5
25294,10373,1,2.63,23830,62672.9
25295,10373,2,3.57,22910,81788.7
25296,10373,3,16.88,20790,350935.19999999995
25297,10374,1,2.17,23830,51711.1
25298,10374,2,3.36,22910,76977.59999999999
25299,10375,1,4.19,23830,99847.7
25300,10375,2,2.74,22910,62773.4
25301,10376,1,2.02,23830,48136.6
25302,10376,2,3.98,22910,91181.8
25303,10377,1,10.61,23830,252836.3
25304,10377,2,4.5,22910,103095.0
25305,10377,3,16.88,20790,350935.19999999995
25306,10378,1,10.67,23830,254266.1
25307,10378,2,11.62,22910,266214.19999999995
25308,10378,3,2.36,20790,49064.4
25309,10379,1,2.23,23830,53140.9
25310,10379,2,3.93,22910,90036.3
25311,10380,1,6.19,23830,147507.7
25312,10380,2,19.94,22910,456825.4
25313,10380,3,13.0,20790,270270.0
25314,10381,1,19.53,23830,465399.9
25315,10381,2,2.4,22910,54984.0
25316,10381,3,19.87,20790,413097.3000000001
25317,10382,1,3.07,23830,73158.09999999999
25318,10382,2,3.14,22910,71937.40000000001
25319,10383,1,4.17,23830,99371.1
25320,10383,2,3.68,22910,84308.8
25321,10384,1,3.3,23830,78639.0
25322,10384,2,2.98,22910,68271.8
25323,10385,1,12.93,23830,308121.9
25324,10385,2,4.99,22910,114320.9
25325,10385,3,18.5,20790,384615.0
25326,10386,1,3.55,23830,84596.5
25327,10386,2,1.05,22910,24055.5
25328,10387,1,2.01,23830,47898.3
25329,10387,2,4.32,22910,98971.2
25330,10388,1,3.86,23830,91983.8
25331,10388,2,8.68,22910,198858.8
25332,10388,3,13.98,20790,290644.2
25333,10389,1,6.48,23830,154418.40000000002
25334,10389,2,19.91,22910,456138.1
25335,10389,3,9.03,20790,187733.7
25336,10390,1,1.82,23830,43370.6
25337,10390,2,2.42,22910,55442.2
25338,10391,1,4.46,23830,106281.8
25339,10391,2,2.01,22910,46049.1
25340,10392,1,5.46,23830,130111.8
25341,10392,2,4.66,22910,106760.6
25342,10392,3,4.39,20790,91268.1
25343,10393,1,2.72,23830,64817.600000000006
25344,10393,2,3.16,22910,72395.6
25345,10394,1,17.59,23830,419169.7
25346,10394,2,18.78,22910,430249.8000000001
25347,10394,3,3.77,20790,78378.3
25348,10395,1,13.13,23830,312887.9
25349,10395,2,15.52,22910,355563.2
25350,10395,3,6.74,20790,140124.6
25351,10396,1,4.48,23830,106758.4
25352,10396,2,4.17,22910,95534.7
25353,10397,1,3.69,23830,87932.7
25354,10397,2,1.63,22910,37343.3
25355,10398,1,1.31,23830,31217.300000000003
25356,10398,2,4.29,22910,98283.9
25357,10399,1,4.63,23830,110332.9
25358,10399,2,3.54,22910,81101.4
25359,10400,1,9.58,23830,228291.4
25360,10400,2,8.38,22910,191985.8
25361,10400,3,4.06,20790,84407.4
25362,10401,1,3.29,23830,78400.7
25363,10401,2,4.6,22910,105386.0
25364,10402,1,6.42,23830,152988.6
25365,10402,2,12.18,22910,279043.8
25366,10402,3,16.9,20790,351350.99999999994
25367,10403,1,9.65,23830,229959.5
25368,10403,2,5.25,22910,120277.5
25369,10403,3,4.55,20790,94594.5
25370,10404,1,3.15,23830,75064.5
25371,10404,2,4.41,22910,101033.1
25372,10405,1,1.2,23830,28596.0
25373,10405,2,1.33,22910,30470.300000000003
25374,10406,1,9.2,23830,219236.0
25375,10406,2,8.51,22910,194964.1
25376,10406,3,3.32,20790,69022.8
25377,10407,1,9.86,23830,234963.8
25378,10407,2,17.46,22910,400008.6
25379,10407,3,5.76,20790,119750.4
25380,10408,1,2.22,23830,52902.600000000006
25381,10408,2,9.77,22910,223830.7
25382,10408,3,15.32,20790,318502.8
25383,10409,1,6.17,23830,147031.1
25384,10409,2,12.32,22910,282251.2
25385,10409,3,19.42,20790,403741.8000000001
25386,10410,1,2.64,23830,62911.2
25387,10410,2,4.61,22910,105615.1
25388,10411,1,14.77,23830,351969.1
25389,10411,2,9.3,22910,213063.00000000003
25390,10411,3,6.09,20790,126611.1
25391,10412,1,3.82,23830,91030.6
25392,10412,2,2.11,22910,48340.1
25393,10413,1,2.83,23830,67438.90000000001
25394,10413,2,3.57,22910,81788.7
25395,10414,1,1.1,23830,26213.000000000004
25396,10414,2,4.64,22910,106302.4
25397,10415,1,9.8,23830,233534.00000000003
25398,10415,2,1.32,22910,30241.2
25399,10415,3,19.61,20790,407691.9
25400,10416,1,1.69,23830,40272.7
25401,10416,2,4.6,22910,105386.0
25402,10417,1,8.2,23830,195406.0
25403,10417,2,17.04,22910,390386.4
25404,10417,3,5.25,20790,109147.5
25405,10418,1,10.88,23830,259270.4
25406,10418,2,10.4,22910,238264.0
25407,10418,3,19.29,20790,401039.1
25408,10419,1,3.99,23830,95081.7
25409,10419,2,1.91,22910,43758.1
25410,10420,1,4.27,23830,101754.1
25411,10420,2,11.21,22910,256821.1
25412,10420,3,8.4,20790,174636.0
25413,10421,1,4.23,23830,100800.9
25414,10421,2,2.67,22910,61169.7
25415,10422,1,3.45,23830,82213.5
25416,10422,2,3.22,22910,73770.20000000001
25417,10423,1,3.23,23830,76970.9
25418,10423,2,3.1,22910,71021.0
25419,10424,1,2.78,23830,66247.4
25420,10424,2,3.83,22910,87745.3
25421,10425,1,1.73,23830,41225.9
25422,10425,2,3.9,22910,89349.0
25423,10426,1,4.16,23830,99132.8
25424,10426,2,2.53,22910,57962.3
25425,10427,1,6.51,23830,155133.3
25426,10427,2,10.45,22910,239409.5
25427,10427,3,18.02,20790,374635.8
25428,10428,1,1.84,23830,43847.2
25429,10428,2,6.9,22910,158079.0
25430,10428,3,7.11,20790,147816.9
25431,10429,1,3.02,23830,71966.6
25432,10429,2,3.63,22910,83163.3
25433,10430,1,4.02,23830,95796.6
25434,10430,2,3.39,22910,77664.90000000001
25435,10431,1,2.08,23830,49566.4
25436,10431,2,3.21,22910,73541.1
25437,10432,1,4.28,23830,101992.4
25438,10432,2,2.16,22910,49485.600000000006
28311,11601,1,4.63,23830,110332.9
28312,11601,2,4.22,22910,96680.2
28313,11602,1,1.02,23830,24306.6
28314,11602,2,11.77,22910,269650.7
28315,11602,3,19.55,20790,406444.5
28316,11603,1,8.75,23830,208512.5
28317,11603,2,18.52,22910,424293.2
28318,11603,3,19.02,20790,395425.8
28319,11604,1,10.4,23830,247832.0
28320,11604,2,2.94,22910,67355.4
28321,11604,3,12.2,20790,253638.0
28322,11605,1,7.46,23830,177771.8
28323,11605,2,5.82,22910,133336.2
28324,11605,3,6.66,20790,138461.4
28325,11606,1,10.03,23830,239014.9
28326,11606,2,2.73,22910,62544.3
28327,11606,3,7.82,20790,162577.80000000002
28328,11607,1,12.45,23830,296683.5
28329,11607,2,17.9,22910,410089.0
28330,11607,3,12.39,20790,257588.1
28331,11608,1,2.37,23830,56477.100000000006
28332,11608,2,18.18,22910,416503.8
28333,11608,3,12.91,20790,268398.9
28334,11609,1,1.27,23830,30264.1
28335,11609,2,1.64,22910,37572.4
28336,11610,1,6.75,23830,160852.5
28337,11610,2,5.43,22910,124401.3
28338,11610,3,8.81,20790,183159.9
28339,11611,1,3.84,23830,91507.2
28340,11611,2,1.43,22910,32761.3
28341,11612,1,2.89,23830,68868.7
28342,11612,2,2.25,22910,51547.5
28343,11613,1,3.89,23830,92698.7
28344,11613,2,2.1,22910,48111.0
28345,11614,1,4.07,23830,96988.1
28346,11614,2,3.02,22910,69188.2
28347,11615,1,2.39,23830,56953.7
28348,11615,2,4.6,22910,105386.0
28349,11616,1,3.23,23830,76970.9
28350,11616,2,2.47,22910,56587.7
28351,11617,1,2.22,23830,52902.600000000006
28352,11617,2,3.46,22910,79268.6
28353,11618,1,1.84,23830,43847.2
28354,11618,2,1.52,22910,34823.2
28355,11619,1,4.7,23830,112001.0
28356,11619,2,3.67,22910,84079.7
28357,11620,1,17.48,23830,416548.4
28358,11620,2,19.56,22910,448119.6
28359,11620,3,16.12,20790,335134.80000000005
28360,11621,1,19.57,23830,466353.1
28361,11621,2,10.71,22910,245366.1
28362,11621,3,10.02,20790,208315.8
28363,11622,1,3.76,23830,89600.79999999999
28364,11622,2,3.89,22910,89119.90000000001
28365,11623,1,1.86,23830,44323.8
28366,11623,2,3.66,22910,83850.6
28367,11624,1,4.34,23830,103422.2
28368,11624,2,1.32,22910,30241.2
28369,11625,1,8.01,23830,190878.3
28370,11625,2,12.01,22910,275149.1
28371,11625,3,11.99,20790,249272.1
28372,11626,1,6.12,23830,145839.6
28373,11626,2,10.57,22910,242158.7
28374,11626,3,3.57,20790,74220.3
28375,11627,1,2.12,23830,50519.600000000006
28376,11627,2,2.47,22910,56587.7
28377,11628,1,4.61,23830,109856.3
28378,11628,2,3.31,22910,75832.1
28379,11629,1,3.77,23830,89839.1
28380,11629,2,4.73,22910,108364.3
28381,11630,1,19.25,23830,458727.5
28382,11630,2,19.38,22910,443995.8
28383,11630,3,13.7,20790,284823.0
28384,11631,1,9.73,23830,231865.9
28385,11631,2,12.06,22910,276294.60000000003
28386,11631,3,19.09,20790,396881.1
28387,11632,1,3.85,23830,91745.5
28388,11632,2,2.77,22910,63460.7
28389,11633,1,15.18,23830,361739.4
28390,11633,2,5.81,22910,133107.09999999998
28391,11633,3,8.03,20790,166943.69999999998
28392,11634,1,2.57,23830,61243.1
28393,11634,2,3.72,22910,85225.20000000001
28394,11635,1,9.57,23830,228053.1
28395,11635,2,15.49,22910,354875.9
28396,11635,3,4.8,20790,99792.0
28397,11636,1,3.78,23830,90077.4
28398,11636,2,3.68,22910,84308.8
28399,11637,1,2.46,23830,58621.8
28400,11637,2,1.62,22910,37114.2
28401,11638,1,4.01,23830,95558.3
28402,11638,2,2.63,22910,60253.3
28403,11639,1,1.96,23830,46706.8
28404,11639,2,3.89,22910,89119.90000000001
28405,11640,1,2.37,23830,56477.100000000006
28406,11640,2,1.61,22910,36885.100000000006
28407,11641,1,15.02,23830,357926.6
28408,11641,2,11.93,22910,273316.3
28409,11641,3,13.29,20790,276299.1
28410,11642,1,6.74,23830,160614.2
28411,11642,2,13.83,22910,316845.3
28412,11642,3,1.83,20790,38045.7
28413,11643,1,3.63,23830,86502.9
28414,11643,2,4.73,22910,108364.3
28415,11644,1,1.55,23830,36936.5
28416,11644,2,4.05,22910,92785.5
28417,11645,1,12.33,23830,293823.9
28418,11645,2,8.53,22910,195422.3
28419,11645,3,18.24,20790,379209.6
28420,11646,1,2.43,23830,57906.9
28421,11646,2,2.33,22910,53380.3
28422,11647,1,2.29,23830,54570.7
28423,11647,2,4.7,22910,107677.0
28424,11648,1,3.56,23830,84834.8
28425,11648,2,3.66,22910,83850.6
28426,11649,1,6.04,23830,143933.2
28427,11649,2,5.11,22910,117070.1
28428,11649,3,15.72,20790,326818.8
28429,11650,1,12.83,23830,305738.9
28430,11650,2,2.99,22910,68500.90000000001
28431,11650,3,17.16,20790,356756.4
28432,11651,1,1.42,23830,33838.6
28433,11651,2,4.37,22910,100116.7
28434,11652,1,5.12,23830,122009.6
28435,11652,2,6.03,22910,138147.30000000002
28436,11652,3,14.44,20790,300207.6
28437,11653,1,2.27,23830,54094.1
28438,11653,2,1.76,22910,40321.6
28439,11654,1,3.65,23830,86979.5
28440,11654,2,2.61,22910,59795.1
28441,11655,1,13.23,23830,315270.9
28442,11655,2,11.73,22910,268734.3
28443,11655,3,2.35,20790,48856.5
28444,11656,1,4.92,23830,117243.6
28445,11656,2,1.27,22910,29095.7
28446,11657,1,3.79,23830,90315.7
28447,11657,2,3.69,22910,84537.9
28448,11658,1,4.88,23830,116290.4
28449,11658,2,2.35,22910,53838.5
28450,11659,1,8.14,23830,193976.2
28451,11659,2,6.2,22910,142042.0
28452,11659,3,2.89,20790,60083.100000000006
28453,11660,1,5.9,23830,140597.0
28454,11660,2,7.0,22910,160370.0
28455,11660,3,1.06,20790,22037.4
28456,11661,1,11.81,23830,281432.3
28457,11661,2,19.12,22910,438039.2
28458,11661,3,5.48,20790,113929.2
31374,12858,1,3.13,23830,74587.9
31375,12858,2,4.29,22910,98283.9
31376,12859,1,4.31,23830,102707.3
31377,12859,2,1.69,22910,38717.9
31378,12860,1,2.56,23830,61004.8
31379,12860,2,2.75,22910,63002.5
31380,12861,1,13.96,23830,332666.80000000005
31381,12861,2,14.71,22910,337006.10000000003
31382,12861,3,1.18,20790,24532.2
31383,12862,1,10.42,23830,248308.6
31384,12862,2,1.86,22910,42612.600000000006
31385,12862,3,17.16,20790,356756.4
31386,12863,1,1.98,23830,47183.4
31387,12863,2,17.45,22910,399779.5
31388,12863,3,1.27,20790,26403.3
31389,12864,1,4.75,23830,113192.5
31390,12864,2,2.31,22910,52922.1
31391,12865,1,2.05,23830,48851.49999999999
31392,12865,2,3.69,22910,84537.9
31393,12866,1,1.95,23830,46468.5
31394,12866,2,18.34,22910,420169.4
31395,12866,3,3.77,20790,78378.3
31396,12867,1,5.94,23830,141550.2
31397,12867,2,3.01,22910,68959.09999999999
31398,12867,3,4.03,20790,83783.70000000001
31399,12868,1,4.94,23830,117720.2
31400,12868,2,2.99,22910,68500.90000000001
31401,12869,1,1.42,23830,33838.6
31402,12869,2,1.03,22910,23597.3
31403,12870,1,1.99,23830,47421.7
31404,12870,2,2.9,22910,66439.0
31405,12871,1,2.27,23830,54094.1
31406,12871,2,2.71,22910,62086.1
31407,12872,1,15.52,23830,369841.6
31408,12872,2,1.6,22910,36656.0
31409,12872,3,5.12,20790,106444.8
31410,12873,1,15.26,23830,363645.8
31411,12873,2,13.32,22910,305161.2
31412,12873,3,13.11,20790,272556.9
31413,12874,1,4.75,23830,113192.5
31414,12874,2,4.27,22910,97825.7
31415,12875,1,1.34,23830,31932.2
31416,12875,2,2.99,22910,68500.90000000001
31417,12876,1,19.74,23830,470404.2
31418,12876,2,10.63,22910,243533.3
31419,12876,3,6.62,20790,137629.8
31420,12877,1,4.03,23830,96034.9
31421,12877,2,1.72,22910,39405.2
31422,12877,3,18.98,20790,394594.2
31423,12878,1,1.85,23830,44085.5
31424,12878,2,4.37,22910,100116.7
31425,12879,1,4.67,23830,111286.1
31426,12879,2,4.0,22910,91640.0
31427,12880,1,4.44,23830,105805.2
31428,12880,2,1.35,22910,30928.500000000004
31429,12881,1,2.07,23830,49328.1
31430,12881,2,2.14,22910,49027.4
31431,12882,1,8.1,23830,193023.0
31432,12882,2,16.92,22910,387637.2
31433,12882,3,16.58,20790,344698.19999999995
31434,12883,1,1.79,23830,42655.7
31435,12883,2,4.64,22910,106302.4
31436,12883,3,12.95,20790,269230.5
31437,12884,1,4.36,23830,103898.8
31438,12884,2,1.82,22910,41696.2
31439,12885,1,11.1,23830,264513.0
31440,12885,2,6.31,22910,144562.09999999998
31441,12885,3,8.61,20790,179001.9
31442,12886,1,14.84,23830,353637.2
31443,12886,2,1.68,22910,38488.8
31444,12886,3,5.39,20790,112058.1
31445,12887,1,1.96,23830,46706.8
31446,12887,2,2.31,22910,52922.1
31447,12888,1,18.34,23830,437042.2
31448,12888,2,17.14,22910,392677.4
31449,12888,3,10.05,20790,208939.50000000003
31450,12889,1,3.22,23830,76732.6
31451,12889,2,2.89,22910,66209.90000000001
31452,12890,1,13.51,23830,321943.3
31453,12890,2,2.4,22910,54984.0
31454,12890,3,6.64,20790,138045.6
31455,12891,1,16.92,23830,403203.6
31456,12891,2,3.23,22910,73999.3
31457,12891,3,5.38,20790,111850.2
31458,12892,1,4.96,23830,118196.8
31459,12892,2,4.81,22910,110197.1
31460,12893,1,17.67,23830,421076.1
31461,12893,2,12.13,22910,277898.30000000005
31462,12893,3,1.6,20790,33264.0
31463,12894,1,3.66,23830,87217.8
31464,12894,2,2.15,22910,49256.5
31465,12895,1,1.64,23830,39081.2
31466,12895,2,2.11,22910,48340.1
31467,12896,1,16.3,23830,388429.0
31468,12896,2,12.78,22910,292789.8
31469,12896,3,13.15,20790,273388.5
31470,12897,1,5.15,23830,122724.5
31471,12897,2,3.9,22910,89349.0
31472,12897,3,2.7,20790,56133.00000000001
31473,12898,1,4.1,23830,97703.0
31474,12898,2,2.14,22910,49027.4
31475,12899,1,12.89,23830,307168.7
31476,12899,2,5.78,22910,132419.80000000002
31477,12899,3,5.81,20790,120789.9
31478,12900,1,1.93,23830,45991.9
31479,12900,2,1.02,22910,23368.2
31480,12900,3,8.44,20790,175467.59999999998
31481,12901,1,3.67,23830,87456.09999999999
31482,12901,2,4.52,22910,103553.2
31483,12902,1,5.42,23830,129158.6
31484,12902,2,18.58,22910,425667.8
31485,12902,3,17.58,20790,365488.2
31486,12903,1,1.05,23830,25021.5
31487,12903,2,5.0,22910,114550.0
31488,12904,1,1.14,23830,27166.2
31489,12904,2,1.4,22910,32074.0
31490,12905,1,18.91,23830,450625.3
31491,12905,2,14.76,22910,338151.6
31492,12905,3,7.46,20790,155093.4
31493,12906,1,1.16,23830,27642.8
31494,12906,2,3.01,22910,68959.09999999999
31495,12907,1,2.2,23830,52426.00000000001
31496,12907,2,4.04,22910,92556.4
31497,12908,1,1.01,23830,24068.3
31498,12908,2,2.05,22910,46965.49999999999
31499,12909,1,1.47,23830,35030.1
31500,12909,2,2.39,22910,54754.9
31501,12910,1,1.09,23830,25974.7
31502,12910,2,3.45,22910,79039.5
31503,12911,1,3.57,23830,85073.09999999999
31504,12911,2,2.16,22910,49485.600000000006
31505,12912,1,1.31,23830,31217.300000000003
31506,12912,2,17.04,22910,390386.4
31507,12912,3,12.17,20790,253014.3
31508,12913,1,19.79,23830,471595.7
31509,12913,2,16.3,22910,373433.0
31510,12913,3,18.16,20790,377546.4
31511,12914,1,15.14,23830,360786.2
31512,12914,2,12.39,22910,283854.9
31513,12914,3,7.71,20790,160290.9
31514,12915,1,4.37,23830,104137.1
31515,12915,2,2.52,22910,57733.2
31516,12916,1,11.2,23830,266896.0
31517,12916,2,11.33,22910,259570.3
31518,12916,3,7.43,20790,154469.69999999998
31519,12917,1,3.42,23830,81498.59999999999
31520,12917,2,3.72,22910,85225.20000000001
31521,12918,1,4.7,23830,112001.0
31522,12918,2,8.34,22910,191069.4
31523,12918,3,8.92,20790,185446.8
31524,12919,1,4.66,23830,111047.8
31525,12919,2,3.92,22910,89807.2
31526,12920,1,2.64,23830,62911.2
31527,12920,2,2.77,22910,63460.7
31528,12921,1,6.63,23830,157992.9
31529,12921,2,12.99,22910,297600.9
31530,12921,3,7.18,20790,149272.19999999998
31531,12922,1,5.45,23830,129873.5
31532,12922,2,6.09,22910,139521.9
31533,12922,3,8.19,20790,170270.09999999998
31534,12923,1,17.97,23830,428225.1
31535,12923,2,16.44,22910,376640.4
31536,12923,3,10.7,20790,222453.0
34530,14144,1,7.7,23830,183491.0
34531,14144,2,10.63,22910,243533.3
34532,14144,3,18.56,20790,385862.4
34533,14145,1,2.92,23830,69583.59999999999
34534,14145,2,4.91,22910,112488.1
34535,14146,1,1.53,23830,36459.9
34536,14146,2,1.57,22910,35968.700000000004
34537,14147,1,9.07,23830,216138.1
34538,14147,2,7.7,22910,176407.0
34539,14147,3,17.85,20790,371101.50000000006
34540,14148,1,17.57,23830,418693.1
34541,14148,2,3.88,22910,88890.8
34542,14148,3,18.37,20790,381912.3000000001
34543,14149,1,2.75,23830,65532.5
34544,14149,2,19.81,22910,453847.1
34545,14149,3,13.16,20790,273596.4
34546,14150,1,15.91,23830,379135.3
34547,14150,2,18.37,22910,420856.7
34548,14150,3,6.91,20790,143658.9
34549,14151,1,3.4,23830,81022.0
34550,14151,2,1.58,22910,36197.8
34551,14152,1,3.19,23830,76017.7
34552,14152,2,4.41,22910,101033.1
34553,14153,1,8.91,23830,212325.3
34554,14153,2,14.91,22910,341588.1
34555,14153,3,9.16,20790,190436.4
34556,14154,1,1.64,23830,39081.2
34557,14154,2,1.88,22910,43070.8
34558,14155,1,6.35,23830,151320.5
34559,14155,2,12.5,22910,286375.0
34560,14155,3,6.78,20790,140956.2
34561,14156,1,17.89,23830,426318.7
34562,14156,2,15.47,22910,354417.7
34563,14156,3,13.35,20790,277546.5
34564,14157,1,7.9,23830,188257.0
34565,14157,2,8.12,22910,186029.2
34566,14157,3,17.19,20790,357380.10000000003
34567,14158,1,4.38,23830,104375.4
34568,14158,2,3.79,22910,86828.9
34569,14159,1,4.47,23830,106520.1
34570,14159,2,1.38,22910,31615.8
34571,14160,1,3.26,23830,77685.79999999999
34572,14160,2,3.63,22910,83163.3
34573,14161,1,4.79,23830,114145.7
34574,14161,2,18.82,22910,431166.2
34575,14161,3,15.48,20790,321829.2
34576,14162,1,3.26,23830,77685.79999999999
34577,14162,2,4.46,22910,102178.6
34578,14163,1,2.03,23830,48374.9
34579,14163,2,1.9,22910,43529.0
34580,14164,1,14.17,23830,337671.1
34581,14164,2,16.5,22910,378015.0
34582,14164,3,10.45,20790,217255.5
34583,14165,1,12.49,23830,297636.7
34584,14165,2,11.63,22910,266443.30000000005
34585,14165,3,17.76,20790,369230.4
34586,14166,1,2.87,23830,68392.1
34587,14166,2,14.35,22910,328758.5
34588,14166,3,12.34,20790,256548.6
34589,14167,1,4.69,23830,111762.7
34590,14167,2,4.08,22910,93472.8
34591,14168,1,1.5,23830,35745.0
34592,14168,2,5.0,22910,114550.0
34593,14169,1,4.47,23830,106520.1
34594,14169,2,2.2,22910,50402.00000000001
34595,14170,1,3.43,23830,81736.90000000001
34596,14170,2,2.79,22910,63918.9
34597,14171,1,10.12,23830,241159.6
34598,14171,2,19.25,22910,441017.5
34599,14171,3,15.02,20790,312265.8
34600,14172,1,1.18,23830,28119.4
34601,14172,2,3.5,22910,80185.0
34602,14173,1,15.31,23830,364837.3
34603,14173,2,6.29,22910,144103.9
34604,14173,3,17.08,20790,355093.19999999995
34605,14174,1,5.44,23830,129635.2
34606,14174,2,15.06,22910,345024.60000000003
34607,14174,3,6.51,20790,135342.9
34608,14175,1,9.85,23830,234725.5
34609,14175,2,2.77,22910,63460.7
34610,14175,3,1.19,20790,24740.1
34611,14176,1,4.21,23830,100324.3
34612,14176,2,1.03,22910,23597.3
34613,14177,1,3.73,23830,88885.9
34614,14177,2,3.83,22910,87745.3
34615,14178,1,2.14,23830,50996.2
34616,14178,2,1.74,22910,39863.4
34617,14179,1,3.73,23830,88885.9
34618,14179,2,4.09,22910,93701.9
34619,14180,1,8.94,23830,213040.2
34620,14180,2,15.77,22910,361290.7
34621,14180,3,18.64,20790,387525.6
34622,14181,1,1.08,23830,25736.4
34623,14181,2,1.72,22910,39405.2
34624,14182,1,3.05,23830,72681.5
34625,14182,2,2.02,22910,46278.2
34626,14183,1,8.45,23830,201363.5
34627,14183,2,17.87,22910,409401.7
34628,14183,3,7.47,20790,155301.3
34629,14184,1,7.52,23830,179201.59999999998
34630,14184,2,14.54,22910,333111.4
34631,14184,3,4.24,20790,88149.6
34632,14185,1,10.06,23830,239729.8
34633,14185,2,13.88,22910,317990.80000000005
34634,14185,3,5.91,20790,122868.9
34635,14186,1,17.7,23830,421791.0
34636,14186,2,16.07,22910,368163.7
34637,14186,3,14.91,20790,309978.9
34638,14187,1,9.29,23830,221380.7
34639,14187,2,5.27,22910,120735.7
34640,14187,3,14.42,20790,299791.8
34641,14188,1,6.65,23830,158469.5
34642,14188,2,7.82,22910,179156.2
34643,14188,3,9.41,20790,195633.9
34644,14189,1,18.39,23830,438233.7
34645,14189,2,14.49,22910,331965.9
34646,14189,3,4.29,20790,89189.1
34647,14190,1,3.45,23830,82213.5
34648,14190,2,1.1,22910,25201.000000000004
34649,14191,1,2.7,23830,64341.00000000001
34650,14191,2,4.37,22910,100116.7
34651,14192,1,2.4,23830,57192.0
34652,14192,2,4.99,22910,114320.9
34653,14193,1,8.92,23830,212563.6
34654,14193,2,15.89,22910,364039.9
34655,14193,3,10.15,20790,211018.5
34656,14194,1,10.78,23830,256887.4
34657,14194,2,6.86,22910,157162.6
34658,14194,3,7.58,20790,157588.2
34659,14195,1,2.46,23830,58621.8
34660,14195,2,2.17,22910,49714.7
34661,14196,1,3.71,23830,88409.3
34662,14196,2,2.02,22910,46278.2
34663,14197,1,3.47,23830,82690.1
34664,14197,2,1.82,22910,41696.2
34665,14198,1,3.83,23830,91268.9
34666,14198,2,1.19,22910,27262.9
34667,14199,1,4.79,23830,114145.7
34668,14199,2,4.23,22910,96909.3
34669,14200,1,7.04,23830,167763.2
34670,14200,2,5.77,22910,132190.69999999998
34671,14200,3,1.36,20790,28274.4
34672,14201,1,19.78,23830,471357.4
34673,14201,2,5.24,22910,120048.4
34674,14201,3,11.85,20790,246361.5
34675,14202,1,3.36,23830,80068.8
34676,14202,2,1.56,22910,35739.6
34677,14203,1,2.83,23830,67438.90000000001
34678,14203,2,3.88,22910,88890.8
34679,14204,1,10.59,23830,252359.7
34680,14204,2,17.85,22910,408943.50000000006
34681,14204,3,17.22,20790,358003.8
34682,14205,1,4.45,23830,106043.5
34683,14205,2,2.75,22910,63002.5
34684,14206,1,3.19,23830,76017.7
34685,14206,2,2.76,22910,63231.6
34686,14207,1,11.65,23830,277619.5
34687,14207,2,11.98,22910,274461.8
34688,14207,3,6.33,20790,131600.7
34689,14208,1,5.86,23830,139643.80000000002
34690,14208,2,17.17,22910,393364.7
34691,14208,3,12.73,20790,264656.7
34692,14209,1,4.42,23830,105328.6
34693,14209,2,4.91,22910,112488.1
34694,14210,1,15.77,23830,375799.1
34695,14210,2,10.42,22910,238722.2
34696,14210,3,12.98,20790,269854.2
34697,14211,1,3.44,23830,81975.2
34698,14211,2,1.72,22910,39405.2
34699,14212,1,3.94,23830,93890.2
34700,14212,2,2.57,22910,58878.7
34701,14213,1,4.68,23830,111524.4
34702,14213,2,4.92,22910,112717.2
34703,14214,1,3.98,23830,94843.4
34704,14214,2,1.3,22910,29783.0
34705,14215,1,10.43,23830,248546.9
34706,14215,2,2.07,22910,47423.7
34707,14215,3,5.73,20790,119126.7
34708,14216,1,1.6,23830,38128.0
34709,14216,2,11.23,22910,257279.3
34710,14216,3,9.5,20790,197505.0
34711,14217,1,6.94,23830,165380.2
34712,14217,2,17.7,22910,405507.0
34713,14217,3,17.26,20790,358835.4
34714,14218,1,17.06,23830,406539.8
34715,14218,2,2.26,22910,51776.6
34716,14218,3,17.81,20790,370269.9
34717,14219,1,6.85,23830,163235.5
34718,14219,2,3.41,22910,78123.1
34719,14219,3,4.14,20790,86070.59999999999
37572,15381,1,4.65,23830,110809.5
37573,15381,2,4.17,22910,95534.7
37574,15382,1,1.89,23830,45038.7
37575,15382,2,4.48,22910,102636.8
37576,15383,1,3.37,23830,80307.1
37577,15383,2,3.47,22910,79497.70000000001
37578,15384,1,5.32,23830,126775.6
37579,15384,2,14.13,22910,323718.30000000005
37580,15384,3,4.87,20790,101247.3
37581,15385,1,3.7,23830,88171.0
37582,15385,2,14.96,22910,342733.60000000003
37583,15385,3,12.46,20790,259043.4
37584,15386,1,2.66,23830,63387.8
37585,15386,2,1.23,22910,28179.3
37586,15387,1,1.61,23830,38366.3
37587,15387,2,4.8,22910,109968.0
37588,15388,1,4.99,23830,118911.7
37589,15388,2,4.68,22910,107218.8
37590,15389,1,7.9,23830,188257.0
37591,15389,2,3.54,22910,81101.4
37592,15389,3,9.23,20790,191891.7
37593,15390,1,12.16,23830,289772.8
37594,15390,2,8.75,22910,200462.5
37595,15390,3,9.88,20790,205405.2
37596,15391,1,8.12,23830,193499.6
37597,15391,2,14.23,22910,326009.3
37598,15391,3,6.87,20790,142827.3
37599,15392,1,10.43,23830,248546.9
37600,15392,2,17.47,22910,400237.7
37601,15392,3,5.51,20790,114552.9
37602,15393,1,6.22,23830,148222.6
37603,15393,2,17.05,22910,390615.5
37604,15393,3,1.95,20790,40540.5
37605,15394,1,2.98,23830,71013.4
37606,15394,2,13.28,22910,304244.8
37607,15394,3,13.57,20790,282120.3
37608,15395,1,3.21,23830,76494.3
37609,15395,2,3.46,22910,79268.6
37610,15396,1,1.15,23830,27404.5
37611,15396,2,4.65,22910,106531.5
37612,15397,1,4.09,23830,97464.7
37613,15397,2,2.24,22910,51318.4
37614,15398,1,8.84,23830,210657.2
37615,15398,2,19.31,22910,442392.1
37616,15398,3,3.77,20790,78378.3
37617,15399,1,6.88,23830,163950.4
37618,15399,2,19.93,22910,456596.3
37619,15399,3,2.72,20790,56548.8
37620,15400,1,2.77,23830,66009.1
37621,15400,2,3.09,22910,70791.9
37622,15401,1,7.59,23830,180869.7
37623,15401,2,10.26,22910,235056.6
37624,15401,3,3.99,20790,82952.1
37625,15402,1,8.81,23830,209942.3
37626,15402,2,14.04,22910,321656.4
37627,15402,3,12.58,20790,261538.2
37628,15403,1,3.06,23830,72919.8
37629,15403,2,4.38,22910,100345.8
37630,15404,1,1.06,23830,25259.800000000003
37631,15404,2,17.02,22910,389928.2
37632,15404,3,2.26,20790,46985.4
37633,15405,1,2.68,23830,63864.4
37634,15405,2,4.45,22910,101949.5
37635,15406,1,10.2,23830,243066.0
37636,15406,2,16.46,22910,377098.6
37637,15406,3,15.55,20790,323284.5
37638,15407,1,4.23,23830,100800.9
37639,15407,2,2.53,22910,57962.3
37640,15408,1,7.48,23830,178248.40000000002
37641,15408,2,16.94,22910,388095.4
37642,15408,3,12.12,20790,251974.8
37643,15409,1,2.24,23830,53379.2
37644,15409,2,4.6,22910,105386.0
37645,15410,1,3.81,23830,90792.3
37646,15410,2,2.28,22910,52234.8
37647,15411,1,3.77,23830,89839.1
37648,15411,2,15.44,22910,353730.4
37649,15411,3,7.38,20790,153430.2
37650,15412,1,13.79,23830,328615.69999999995
37651,15412,2,4.06,22910,93014.6
37652,15412,3,19.19,20790,398960.1
37653,15413,1,4.44,23830,105805.2
37654,15413,2,1.04,22910,23826.4
37655,15414,1,3.27,23830,77924.1
37656,15414,2,3.35,22910,76748.5
37657,15415,1,4.94,23830,117720.2
37658,15415,2,3.31,22910,75832.1
37659,15416,1,3.05,23830,72681.5
37660,15416,2,1.06,22910,24284.6
37661,15417,1,16.8,23830,400344.0
37662,15417,2,18.54,22910,424751.4
37663,15417,3,8.24,20790,171309.6
37664,15418,1,3.82,23830,91030.6
37665,15418,2,2.6,22910,59566.0
37666,15419,1,2.6,23830,61958.0
37667,15419,2,1.55,22910,35510.5
37668,15420,1,4.81,23830,114622.3
37669,15420,2,1.35,22910,30928.500000000004
37670,15421,1,2.36,23830,56238.8
37671,15421,2,2.36,22910,54067.6
37672,15422,1,1.36,23830,32408.800000000003
37673,15422,2,2.2,22910,50402.00000000001
37674,15423,1,7.85,23830,187065.5
37675,15423,2,9.12,22910,208939.2
37676,15423,3,7.96,20790,165488.4
37677,15424,1,4.34,23830,103422.2
37678,15424,2,3.02,22910,69188.2
37679,15425,1,2.34,23830,55762.2
37680,15425,2,3.67,22910,84079.7
37681,15426,1,3.09,23830,73634.7
37682,15426,2,3.72,22910,85225.20000000001
37683,15427,1,4.88,23830,116290.4
37684,15427,2,4.44,22910,101720.4
37685,15428,1,3.73,23830,88885.9
37686,15428,2,3.95,22910,90494.5
37687,15429,1,4.23,23830,100800.9
37688,15429,2,4.36,22910,99887.6
37689,15430,1,18.22,23830,434182.6
37690,15430,2,6.39,22910,146394.9
37691,15430,3,4.47,20790,92931.3
37692,15431,1,1.29,23830,30740.7
37693,15431,2,8.53,22910,195422.3
37694,15431,3,13.47,20790,280041.3
37695,15432,1,2.63,23830,62672.9
37696,15432,2,12.41,22910,284313.1
37697,15432,3,15.52,20790,322660.8
37698,15433,1,12.84,23830,305977.2
37699,15433,2,13.56,22910,310659.60000000003
37700,15433,3,10.34,20790,214968.6
37701,15434,1,3.58,23830,85311.40000000001
37702,15434,2,3.16,22910,72395.6
37703,15435,1,3.77,23830,89839.1
37704,15435,2,8.03,22910,183967.3
37705,15435,3,4.12,20790,85654.8
37706,15436,1,3.88,23830,92460.4
37707,15436,2,1.9,22910,43529.0
37708,15437,1,2.05,23830,48851.49999999999
37709,15437,2,3.03,22910,69417.29999999999
37710,15438,1,6.29,23830,149890.7
37711,15438,2,7.59,22910,173886.9
37712,15438,3,16.35,20790,339916.50000000006
37713,15439,1,1.53,23830,36459.9
37714,15439,2,3.48,22910,79726.8
37715,15440,1,9.46,23830,225431.8
37716,15440,2,11.74,22910,268963.4
37717,15440,3,8.03,20790,166943.69999999998
37718,15441,1,1.01,23830,24068.3
37719,15441,2,5.68,22910,130128.8
37720,15441,3,11.85,20790,246361.5
37721,15442,1,10.15,23830,241874.5
37722,15442,2,7.86,22910,180072.6
37723,15442,3,19.49,20790,405197.1
37724,15443,1,2.81,23830,66962.3
37725,15443,2,2.61,22910,59795.1
37726,15444,1,4.35,23830,103660.5
37727,15444,2,4.52,22910,103553.2
37728,15445,1,3.17,23830,75541.09999999999
37729,15445,2,1.14,22910,26117.4
37730,15446,1,1.03,23830,24544.9
37731,15446,2,1.88,22910,43070.8
37732,15447,1,7.51,23830,178963.3
37733,15447,2,15.29,22910,350293.9
37734,15447,3,18.42,20790,382951.8000000001
37735,15448,1,10.73,23830,255695.9
37736,15448,2,1.65,22910,37801.5
37737,15448,3,3.69,20790,76715.1
37738,15449,1,2.67,23830,63626.1
37739,15449,2,3.24,22910,74228.40000000001
37740,15450,1,1.21,23830,28834.3
37741,15450,2,3.64,22910,83392.40000000001
37742,15451,1,12.33,23830,293823.9
37743,15451,2,3.98,22910,91181.8
37744,15451,3,16.66,20790,346361.4
37745,15452,1,14.88,23830,354590.4
37746,15452,2,10.13,22910,232078.3
37747,15452,3,12.57,20790,261330.3
40921,16749,1,3.88,23830,92460.4
40922,16749,2,1.17,22910,26804.7
40923,16750,1,2.49,23830,59336.7
40924,16750,2,1.02,22910,23368.2
40925,16751,1,4.81,23830,114622.3
40926,16751,2,1.07,22910,24513.7
40927,16752,1,4.05,23830,96511.5
40928,16752,2,13.52,22910,309743.2
40929,16752,3,16.04,20790,333471.6
40930,16753,1,14.97,23830,356735.10000000003
40931,16753,2,15.6,22910,357396.0
40932,16753,3,9.39,20790,195218.1
40933,16754,1,4.15,23830,98894.5
40934,16754,2,3.78,22910,86599.79999999999
40935,16755,1,2.26,23830,53855.8
40936,16755,2,4.48,22910,102636.8
40937,16756,1,4.0,23830,95320.0
40938,16756,2,3.29,22910,75373.9
40939,16757,1,4.57,23830,108903.1
40940,16757,2,3.44,22910,78810.4
40941,16758,1,18.46,23830,439901.8000000001
40942,16758,2,11.38,22910,260715.8
40943,16758,3,13.2,20790,274428.0
40944,16759,1,3.23,23830,76970.9
40945,16759,2,2.3,22910,52692.99999999999
40946,16760,1,11.89,23830,283338.7
40947,16760,2,13.6,22910,311576.0
40948,16760,3,15.38,20790,319750.2
40949,16761,1,3.82,23830,91030.6
40950,16761,2,1.32,22910,30241.2
40951,16762,1,1.06,23830,25259.800000000003
40952,16762,2,3.93,22910,90036.3
40953,16763,1,4.04,23830,96273.2
40954,16763,2,1.64,22910,37572.4
40955,16764,1,2.07,23830,49328.1
40956,16764,2,4.93,22910,112946.3
40957,16765,1,19.67,23830,468736.1
40958,16765,2,15.25,22910,349377.5
40959,16765,3,8.56,20790,177962.40000000002
40960,16766,1,1.1,23830,26213.000000000004
40961,16766,2,2.65,22910,60711.5
40962,16767,1,5.16,23830,122962.8
40963,16767,2,6.42,22910,147082.2
40964,16767,3,17.8,20790,370062.0
40965,16768,1,2.51,23830,59813.3
40966,16768,2,2.15,22910,49256.5
40967,16769,1,4.35,23830,103660.5
40968,16769,2,1.58,22910,36197.8
40969,16770,1,3.71,23830,88409.3
40970,16770,2,4.81,22910,110197.1
40971,16771,1,4.39,23830,104613.7
40972,16771,2,4.69,22910,107447.9
40973,16772,1,18.7,23830,445621.0
40974,16772,2,18.01,22910,412609.1
40975,16772,3,13.26,20790,275675.4
40976,16773,1,3.51,23830,83643.29999999999
40977,16773,2,2.36,22910,54067.6
40978,16774,1,1.28,23830,30502.4
40979,16774,2,4.62,22910,105844.2
40980,16775,1,17.21,23830,410114.3000000001
40981,16775,2,18.13,22910,415358.3
40982,16775,3,15.3,20790,318087.0
40983,16776,1,13.79,23830,328615.69999999995
40984,16776,2,7.51,22910,172054.1
40985,16776,3,15.34,20790,318918.6
40986,16777,1,18.28,23830,435612.4
40987,16777,2,19.75,22910,452472.5
40988,16777,3,17.31,20790,359874.9
40989,16778,1,13.27,23830,316224.1
40990,16778,2,15.36,22910,351897.6
40991,16778,3,2.88,20790,59875.2
40992,16779,1,2.07,23830,49328.1
40993,16779,2,4.21,22910,96451.1
40994,16780,1,3.63,23830,86502.9
40995,16780,2,1.18,22910,27033.8
40996,16781,1,3.02,23830,71966.6
40997,16781,2,3.91,22910,89578.1
40998,16782,1,4.1,23830,97703.0
40999,16782,2,1.5,22910,34365.0
41000,16783,1,4.02,23830,95796.6
41001,16783,2,9.74,22910,223143.4
41002,16783,3,8.2,20790,170477.99999999997
41003,16784,1,1.29,23830,30740.7
41004,16784,2,1.64,22910,37572.4
41005,16785,1,17.07,23830,406778.1
41006,16785,2,2.05,22910,46965.49999999999
41007,16785,3,8.93,20790,185654.7
41008,16786,1,2.47,23830,58860.100000000006
41009,16786,2,4.74,22910,108593.4
41010,16787,1,4.45,23830,106043.5
41011,16787,2,2.89,22910,66209.90000000001
41012,16788,1,9.62,23830,229244.6
41013,16788,2,8.82,22910,202066.2
41014,16788,3,15.15,20790,314968.5
41015,16789,1,3.13,23830,74587.9
41016,16789,2,2.66,22910,60940.600000000006
41017,16790,1,3.35,23830,79830.5
41018,16790,2,2.35,22910,53838.5
41019,16791,1,3.16,23830,75302.8
41020,16791,2,1.52,22910,34823.2
41021,16792,1,2.34,23830,55762.2
41022,16792,2,9.11,22910,208710.1
41023,16792,3,9.68,20790,201247.2
41024,16793,1,2.21,23830,52664.3
41025,16793,2,4.54,22910,104011.4
41026,16794,1,1.57,23830,37413.1
41027,16794,2,4.22,22910,96680.2
41028,16795,1,4.49,23830,106996.7
41029,16795,2,2.81,22910,64377.1
41030,16796,1,3.34,23830,79592.2
41031,16796,2,2.22,22910,50860.2
41032,16796,3,16.34,20790,339708.6
41033,16797,1,1.89,23830,45038.7
41034,16797,2,4.58,22910,104927.8
41035,16798,1,9.61,23830,229006.3
41036,16798,2,12.34,22910,282709.4
41037,16798,3,7.23,20790,150311.7
41038,16799,1,11.25,23830,268087.5
41039,16799,2,15.03,22910,344337.3
41040,16799,3,1.04,20790,21621.6
41041,16800,1,4.69,23830,111762.7
41042,16800,2,1.07,22910,24513.7
41043,16801,1,19.24,23830,458489.2
41044,16801,2,4.57,22910,104698.7
41045,16801,3,2.28,20790,47401.2
41046,16802,1,5.75,23830,137022.5
41047,16802,2,7.32,22910,167701.2
41048,16802,3,6.24,20790,129729.6
41049,16803,1,1.99,23830,47421.7
41050,16803,2,4.4,22910,100804.0
41051,16804,1,9.87,23830,235202.1
41052,16804,2,3.99,22910,91410.9
41053,16804,3,17.11,20790,355716.9
41054,16805,1,4.81,23830,114622.3
41055,16805,2,2.86,22910,65522.6
41056,16806,1,1.4,23830,33362.0
41057,16806,2,2.55,22910,58420.49999999999
41058,16807,1,8.42,23830,200648.6
41059,16807,2,12.14,22910,278127.4
41060,16807,3,11.7,20790,243243.0
41061,16808,1,2.55,23830,60766.49999999999
41062,16808,2,3.01,22910,68959.09999999999
41063,16809,1,3.42,23830,81498.59999999999
41064,16809,2,4.06,22910,93014.6
41065,16810,1,1.48,23830,35268.4
41066,16810,2,1.36,22910,31157.6
41067,16811,1,16.22,23830,386522.6
41068,16811,2,10.56,22910,241929.6
41069,16811,3,18.86,20790,392099.4
41070,16812,1,2.35,23830,56000.5
41071,16812,2,1.34,22910,30699.4
41072,16813,1,2.8,23830,66724.0
41073,16813,2,2.48,22910,56816.8
41074,16814,1,10.88,23830,259270.4
41075,16814,2,7.01,22910,160599.1
41076,16814,3,8.85,20790,183991.5
41077,16815,1,19.48,23830,464208.4
41078,16815,2,11.02,22910,252468.2
41079,16815,3,4.36,20790,90644.4
41080,16816,1,12.5,23830,297875.0
41081,16816,2,7.04,22910,161286.4
41082,16816,3,12.11,20790,251766.9
41083,16817,1,2.16,23830,51472.8
41084,16817,2,2.39,22910,54754.9
41085,16818,1,16.85,23830,401535.50000000006
41086,16818,2,13.22,22910,302870.2
41087,16818,3,11.61,20790,241371.9
41088,16819,1,12.09,23830,288104.7
41089,16819,2,4.09,22910,93701.9
41090,16819,3,1.53,20790,31808.7
41091,16820,1,4.98,23830,118673.4
41092,16820,2,3.49,22910,79955.90000000001
41093,16821,1,3.99,23830,95081.7
41094,16821,2,4.23,22910,96909.3
41095,16822,1,2.1,23830,50043.0
41096,16822,2,2.0,22910,45820.0
41097,16823,1,1.61,23830,38366.3
41098,16823,2,1.23,22910,28179.3
41099,16824,1,1.32,23830,31455.6
41100,16824,2,4.86,22910,111342.6
41101,16825,1,1.79,23830,42655.7
41102,16825,2,1.89,22910,43299.9
41103,16826,1,17.57,23830,418693.1
41104,16826,2,16.63,22910,380993.3
41105,16826,3,17.45,20790,362785.5
41106,16827,1,3.95,23830,94128.5
41107,16827,2,2.51,22910,57504.1
41108,16828,1,9.16,23830,218282.8
41109,16828,2,17.81,22910,408027.1
41110,16828,3,10.27,20790,213513.3
41111,16829,1,3.9,23830,92937.0
41112,16829,2,3.84,22910,87974.4
41113,16830,1,1.88,23830,44800.4
41114,16830,2,2.36,22910,54067.6
41115,16831,1,18.16,23830,432752.8
41116,16831,2,7.18,22910,164493.8
41117,16831,3,3.88,20790,80665.2
41118,16832,1,1.48,23830,35268.4
41119,16832,2,2.88,22910,65980.8
41120,16833,1,1.58,23830,37651.4
41121,16833,2,17.04,22910,390386.4
41122,16833,3,3.06,20790,63617.4
41123,16834,1,3.44,23830,81975.2
41124,16834,2,1.33,22910,30470.300000000003
41125,16835,1,1.85,23830,44085.5
41126,16835,2,1.87,22910,42841.7
41127,16836,1,1.08,23830,25736.4
41128,16836,2,2.83,22910,64835.3
41129,16837,1,2.99,23830,71251.70000000001
41130,16837,2,3.72,22910,85225.20000000001
41131,16838,1,3.88,23830,92460.4
41132,16838,2,3.99,22910,91410.9
41133,16839,1,4.48,23830,106758.4
41134,16839,2,1.4,22910,32074.0
41135,16840,1,2.5,23830,59575.0
41136,16840,2,4.57,22910,104698.7
41137,16841,1,4.95,23830,117958.5
41138,16841,2,2.75,22910,63002.5
41139,16841,3,8.05,20790,167359.50000000003
41140,16842,1,6.55,23830,156086.5
41141,16842,2,16.1,22910,368851.00000000006
41142,16842,3,17.88,20790,371725.2
41143,16843,1,4.98,23830,118673.4
41144,16843,2,1.17,22910,26804.7
41145,16844,1,4.0,23830,95320.0
41146,16844,2,1.13,22910,25888.3
41147,16845,1,3.31,23830,78877.3
41148,16845,2,3.87,22910,88661.7
41149,16846,1,9.45,23830,225193.5
41150,16846,2,5.93,22910,135856.3
41151,16846,3,13.23,20790,275051.7
41152,16847,1,4.85,23830,115575.5
41153,16847,2,3.25,22910,74457.5
41154,16848,1,3.81,23830,90792.3
41155,16848,2,4.22,22910,96680.2
45807,18750,1,6.81,23830,162282.3
45808,18750,2,11.51,22910,263694.1
45809,18750,3,9.98,20790,207484.2
45810,18751,1,2.21,23830,52664.3
45811,18751,2,3.72,22910,85225.20000000001
45812,18752,1,15.46,23830,368411.8000000001
45813,18752,2,14.22,22910,325780.2
45814,18752,3,10.66,20790,221621.4
45815,18753,1,3.32,23830,79115.59999999999
45816,18753,2,4.12,22910,94389.2
45817,18754,1,10.94,23830,260700.2
45818,18754,2,7.87,22910,180301.7
45819,18754,3,2.29,20790,47609.1
45820,18755,1,4.0,23830,95320.0
45821,18755,2,2.27,22910,52005.7
45822,18756,1,3.99,23830,95081.7
45823,18756,2,4.95,22910,113404.5
45824,18757,1,2.45,23830,58383.50000000001
45825,18757,2,16.22,22910,371600.2
45826,18757,3,9.01,20790,187317.9
45827,18758,1,11.28,23830,268802.4
45828,18758,2,4.48,22910,102636.8
45829,18758,3,10.36,20790,215384.4
45830,18759,1,4.47,23830,106520.1
45831,18759,2,3.78,22910,86599.79999999999
45832,18760,1,15.75,23830,375322.5
45833,18760,2,14.02,22910,321198.2
45834,18760,3,10.25,20790,213097.5
45835,18761,1,2.54,23830,60528.2
45836,18761,2,1.7,22910,38947.0
45837,18762,1,1.3,23830,30979.0
45838,18762,2,1.02,22910,23368.2
45839,18763,1,1.81,23830,43132.3
45840,18763,2,3.98,22910,91181.8
45841,18764,1,9.64,23830,229721.2
45842,18764,2,15.4,22910,352814.0
45843,18764,3,5.9,20790,122661.0
45844,18765,1,4.76,23830,113430.8
45845,18765,2,3.07,22910,70333.7
45846,18766,1,17.45,23830,415833.5
45847,18766,2,5.49,22910,125775.9
45848,18766,3,19.31,20790,401454.9
45849,18767,1,1.59,23830,37889.7
45850,18767,2,2.2,22910,50402.00000000001
45851,18768,1,3.05,23830,72681.5
45852,18768,2,4.71,22910,107906.1
45853,18769,1,10.14,23830,241636.2
45854,18769,2,5.67,22910,129899.7
45855,18769,3,15.6,20790,324324.0
45856,18770,1,2.53,23830,60289.9
45857,18770,2,19.9,22910,455909.0
45858,18770,3,1.5,20790,31185.0
45859,18771,1,1.28,23830,30502.4
45860,18771,2,3.05,22910,69875.5
45861,18772,1,19.72,23830,469927.6
45862,18772,2,5.73,22910,131274.30000000002
45863,18772,3,12.14,20790,252390.6
45864,18773,1,1.62,23830,38604.600000000006
45865,18773,2,3.87,22910,88661.7
45866,18774,1,1.93,23830,45991.9
45867,18774,2,2.48,22910,56816.8
45868,18775,1,4.12,23830,98179.6
45869,18775,2,1.8,22910,41238.0
45870,18776,1,2.65,23830,63149.5
45871,18776,2,3.69,22910,84537.9
45872,18777,1,4.67,23830,111286.1
45873,18777,2,4.12,22910,94389.2
45874,18778,1,3.82,23830,91030.6
45875,18778,2,10.72,22910,245595.2
45876,18778,3,14.62,20790,303949.8
45877,18779,1,11.72,23830,279287.60000000003
45878,18779,2,13.91,22910,318678.1
45879,18779,3,9.77,20790,203118.3
45880,18780,1,3.98,23830,94843.4
45881,18780,2,1.41,22910,32303.1
45882,18781,1,1.32,23830,31455.6
45883,18781,2,2.2,22910,50402.00000000001
45884,18782,1,3.92,23830,93413.6
45885,18782,2,1.11,22910,25430.1
45886,18783,1,11.72,23830,279287.60000000003
45887,18783,2,18.6,22910,426126.00000000006
45888,18783,3,6.37,20790,132432.3
45889,18784,1,9.72,23830,231627.6
45890,18784,2,6.48,22910,148456.80000000002
45891,18784,3,8.65,20790,179833.5
45892,18785,1,14.41,23830,343390.3
45893,18785,2,10.4,22910,238264.0
45894,18785,3,13.52,20790,281080.8
45895,18786,1,3.62,23830,86264.6
45896,18786,2,2.67,22910,61169.7
45897,18787,1,1.4,23830,33362.0
45898,18787,2,1.59,22910,36426.9
45899,18788,1,19.97,23830,475885.1
45900,18788,2,17.27,22910,395655.7
45901,18788,3,5.16,20790,107276.4
45902,18789,1,18.54,23830,441808.2
45903,18789,2,18.17,22910,416274.7
45904,18789,3,4.73,20790,98336.7
45905,18790,1,3.83,23830,91268.9
45906,18790,2,11.02,22910,252468.2
45907,18790,3,12.59,20790,261746.1
45908,18791,1,6.29,23830,149890.7
45909,18791,2,12.67,22910,290269.7
45910,18791,3,14.5,20790,301455.0
45911,18792,1,1.59,23830,37889.7
45912,18792,2,1.76,22910,40321.6
45913,18793,1,4.21,23830,100324.3
45914,18793,2,3.51,22910,80414.09999999999
45915,18794,1,5.34,23830,127252.2
45916,18794,2,14.11,22910,323260.1
45917,18794,3,2.6,20790,54054.0
45918,18795,1,14.48,23830,345058.4
45919,18795,2,13.66,22910,312950.6
45920,18795,3,8.59,20790,178586.1
45921,18796,1,2.45,23830,58383.50000000001
45922,18796,2,4.03,22910,92327.3
45923,18797,1,4.92,23830,117243.6
45924,18797,2,2.23,22910,51089.3
45925,18798,1,7.93,23830,188971.9
45926,18798,2,5.62,22910,128754.2
45927,18798,3,9.31,20790,193554.9
45928,18799,1,6.97,23830,166095.1
45929,18799,2,7.55,22910,172970.5
45930,18799,3,9.11,20790,189396.9
45931,18800,1,4.09,23830,97464.7
45932,18800,2,2.48,22910,56816.8
45933,18801,1,1.39,23830,33123.7
45934,18801,2,3.33,22910,76290.3
45935,18802,1,1.49,23830,35506.7
45936,18802,2,2.93,22910,67126.3
45937,18803,1,3.84,23830,91507.2
45938,18803,2,1.61,22910,36885.100000000006
45939,18803,3,4.31,20790,89604.9
45940,18804,1,3.98,23830,94843.4
45941,18804,2,2.69,22910,61627.9
45942,18805,1,4.44,23830,105805.2
45943,18805,2,3.52,22910,80643.2
45944,18806,1,4.18,23830,99609.4
45945,18806,2,4.8,22910,109968.0
45946,18807,1,4.47,23830,106520.1
45947,18807,2,3.96,22910,90723.6
45948,18808,1,17.28,23830,411782.4
45949,18808,2,10.54,22910,241471.4
45950,18808,3,4.34,20790,90228.6
45951,18809,1,2.91,23830,69345.3
45952,18809,2,1.89,22910,43299.9
45953,18810,1,7.3,23830,173959.0
45954,18810,2,16.97,22910,388782.7
45955,18810,3,16.39,20790,340748.10000000003
45956,18811,1,3.81,23830,90792.3
45957,18811,2,2.27,22910,52005.7
45958,18812,1,3.89,23830,92698.7
45959,18812,2,3.1,22910,71021.0
45960,18813,1,4.64,23830,110571.2
45961,18813,2,2.5,22910,57275.0
45962,18814,1,4.19,23830,99847.7
45963,18814,2,2.9,22910,66439.0
45964,18815,1,3.16,23830,75302.8
45965,18815,2,1.58,22910,36197.8
45966,18816,1,1.91,23830,45515.3
45967,18816,2,3.04,22910,69646.4
45968,18817,1,2.73,23830,65055.9
45969,18817,2,3.9,22910,89349.0
45970,18818,1,3.94,23830,93890.2
45971,18818,2,1.64,22910,37572.4
45972,18819,1,1.71,23830,40749.3
45973,18819,2,1.27,22910,29095.7
45974,18820,1,6.46,23830,153941.8
45975,18820,2,2.51,22910,57504.1
45976,18820,3,16.54,20790,343866.6
45977,18821,1,4.22,23830,100562.6
45978,18821,2,3.87,22910,88661.7
45979,18822,1,3.84,23830,91507.2
45980,18822,2,3.51,22910,80414.09999999999
45981,18823,1,15.0,23830,357450.0
45982,18823,2,15.29,22910,350293.9
45983,18823,3,6.82,20790,141787.80000000002
45984,18824,1,4.91,23830,117005.3
45985,18824,2,3.15,22910,72166.5
45986,18825,1,5.36,23830,127728.8
45987,18825,2,12.71,22910,291186.10000000003
45988,18825,3,9.4,20790,195426.0
45989,18826,1,3.0,23830,71490.0
45990,18826,2,1.51,22910,34594.1
45991,18827,1,2.63,23830,62672.9
45992,18827,2,2.24,22910,51318.4
45993,18828,1,1.47,23830,35030.1
45994,18828,2,2.45,22910,56129.50000000001
45995,18829,1,3.27,23830,77924.1
45996,18829,2,2.19,22910,50172.9
45997,18830,1,2.78,23830,66247.4
45998,18830,2,4.17,22910,95534.7
45999,18831,1,16.65,23830,396769.5
46000,18831,2,14.56,22910,333569.60000000003
46001,18831,3,3.79,20790,78794.1
46002,18832,1,1.18,23830,28119.4
46003,18832,2,4.17,22910,95534.7
46004,18833,1,8.17,23830,194691.1
46005,18833,2,6.88,22910,157620.8
46006,18833,3,12.1,20790,251559.0
46007,18834,1,2.59,23830,61719.7
46008,18834,2,3.56,22910,81559.6
46009,18835,1,16.3,23830,388429.0
46010,18835,2,18.93,22910,433686.3
46011,18835,3,5.86,20790,121829.4
46012,18836,1,3.12,23830,74349.6
46013,18836,2,2.7,22910,61857.00000000001
46014,18837,1,12.54,23830,298828.19999999995
46015,18837,2,9.84,22910,225434.4
46016,18837,3,1.77,20790,36798.3
46017,18838,1,4.92,23830,117243.6
46018,18838,2,10.83,22910,248115.3
46019,18838,3,1.32,20790,27442.800000000003
46020,18839,1,2.08,23830,49566.4
46021,18839,2,3.11,22910,71250.09999999999
46022,18839,3,17.71,20790,368190.9
46023,18840,1,4.9,23830,116767.0
46024,18840,2,1.76,22910,40321.6
46025,18841,1,2.45,23830,58383.50000000001
46026,18841,2,1.25,22910,28637.5
46027,18842,1,3.91,23830,93175.3
46028,18842,2,1.18,22910,27033.8
46029,18843,1,19.08,23830,454676.4
46030,18843,2,13.18,22910,301953.8
46031,18843,3,4.1,20790,85238.99999999999
46032,18844,1,2.51,23830,59813.3
46033,18844,2,5.0,22910,114550.0
46034,18845,1,1.26,23830,30025.8
46035,18845,2,2.01,22910,46049.1
46036,18846,1,10.36,23830,246878.8
46037,18846,2,5.94,22910,136085.40000000002
46038,18846,3,3.11,20790,64656.9
46039,18847,1,1.78,23830,42417.4
46040,18847,2,4.15,22910,95076.5
46041,18848,1,3.57,23830,85073.09999999999
46042,18848,2,2.05,22910,46965.49999999999
46043,18849,1,5.18,23830,123439.4
46044,18849,2,15.1,22910,345941.0
46045,18849,3,13.05,20790,271309.5
46046,18850,1,11.2,23830,266896.0
46047,18850,2,13.45,22910,308139.5
46048,18850,3,4.18,20790,86902.2
46049,18851,1,12.17,23830,290011.1
46050,18851,2,1.97,22910,45132.7
46051,18851,3,3.53,20790,73388.7
46052,18852,1,3.4,23830,81022.0
46053,18852,2,9.54,22910,218561.4
46054,18852,3,16.1,20790,334719.00000000006
46055,18853,1,4.33,23830,103183.9
46056,18853,2,3.76,22910,86141.59999999999
46057,18854,1,10.55,23830,251406.50000000003
46058,18854,2,14.54,22910,333111.4
46059,18854,3,4.59,20790,95426.1
46060,18855,1,2.23,23830,53140.9
46061,18855,2,2.63,22910,60253.3
46062,18856,1,5.05,23830,120341.5
46063,18856,2,10.76,22910,246511.6
46064,18856,3,3.24,20790,67359.6
46065,18857,1,2.39,23830,56953.7
46066,18857,2,4.43,22910,101491.3
46067,18858,1,7.85,23830,187065.5
46068,18858,2,12.03,22910,275607.3
46069,18858,3,5.33,20790,110810.7
46070,18859,1,13.13,23830,312887.9
46071,18859,2,9.06,22910,207564.6
46072,18859,3,1.0,20790,20790.0
46073,18860,1,4.84,23830,115337.2
46074,18860,2,1.13,22910,25888.3
46075,18861,1,14.55,23830,346726.5
46076,18861,2,10.99,22910,251780.9
46077,18861,3,19.32,20790,401662.8
46078,18862,1,2.3,23830,54808.99999999999
46079,18862,2,3.46,22910,79268.6
46080,18863,1,3.0,23830,71490.0
46081,18863,2,2.82,22910,64606.2
46082,18864,1,15.61,23830,371986.3
46083,18864,2,3.65,22910,83621.5
46084,18864,3,10.74,20790,223284.6
46085,18865,1,4.58,23830,109141.4
46086,18865,2,3.4,22910,77894.0
50873,20822,1,2.8,23830,66724.0
50874,20822,2,4.87,22910,111571.7
50875,20823,1,3.57,23830,85073.09999999999
50876,20823,2,4.85,22910,111113.5
50877,20824,1,1.78,23830,42417.4
50878,20824,2,2.72,22910,62315.2
50879,20825,1,15.88,23830,378420.4
50880,20825,2,12.43,22910,284771.3
50881,20825,3,7.17,20790,149064.3
50882,20826,1,4.8,23830,114384.0
50883,20826,2,2.79,22910,63918.9
50884,20827,1,13.43,23830,320036.9
50885,20827,2,19.45,22910,445599.5
50886,20827,3,6.74,20790,140124.6
50887,20828,1,17.79,23830,423935.7
50888,20828,2,17.34,22910,397259.4
50889,20828,3,2.63,20790,54677.7
50890,20829,1,4.66,23830,111047.8
50891,20829,2,2.7,22910,61857.00000000001
50892,20830,1,1.05,23830,25021.5
50893,20830,2,8.02,22910,183738.2
50894,20830,3,19.93,20790,414344.7
50895,20831,1,19.61,23830,467306.3
50896,20831,2,8.27,22910,189465.7
50897,20831,3,11.7,20790,243243.0
50898,20832,1,4.93,23830,117481.9
50899,20832,2,3.52,22910,80643.2
50900,20833,1,3.19,23830,76017.7
50901,20833,2,2.86,22910,65522.6
50902,20834,1,3.56,23830,84834.8
50903,20834,2,4.16,22910,95305.6
50904,20835,1,4.15,23830,98894.5
50905,20835,2,4.5,22910,103095.0
50906,20836,1,10.57,23830,251883.1
50907,20836,2,11.09,22910,254071.9
50908,20836,3,8.24,20790,171309.6
50909,20837,1,4.08,23830,97226.4
50910,20837,2,2.96,22910,67813.6
50911,20838,1,4.36,23830,103898.8
50912,20838,2,1.12,22910,25659.2
50913,20839,1,4.71,23830,112239.3
50914,20839,2,4.29,22910,98283.9
50915,20840,1,12.27,23830,292394.1
50916,20840,2,16.58,22910,379847.8
50917,20840,3,6.57,20790,136590.30000000002
50918,20841,1,15.92,23830,379373.6
50919,20841,2,7.12,22910,163119.2
50920,20841,3,17.69,20790,367775.1
50921,20842,1,4.87,23830,116052.1
50922,20842,2,1.63,22910,37343.3
50923,20843,1,1.49,23830,35506.7
50924,20843,2,4.71,22910,107906.1
50925,20844,1,3.27,23830,77924.1
50926,20844,2,4.45,22910,101949.5
50927,20845,1,1.82,23830,43370.6
50928,20845,2,3.28,22910,75144.79999999999
50929,20846,1,9.34,23830,222572.2
50930,20846,2,13.84,22910,317074.4
50931,20846,3,15.83,20790,329105.7
50932,20847,1,5.86,23830,139643.80000000002
50933,20847,2,7.13,22910,163348.3
50934,20847,3,13.71,20790,285030.9
50935,20848,1,1.74,23830,41464.2
50936,20848,2,3.59,22910,82246.9
50937,20849,1,14.02,23830,334096.6
50938,20849,2,10.3,22910,235973.00000000003
50939,20849,3,15.46,20790,321413.4
50940,20850,1,2.21,23830,52664.3
50941,20850,2,3.4,22910,77894.0
50942,20851,1,17.94,23830,427510.2
50943,20851,2,16.61,22910,380535.1
50944,20851,3,2.8,20790,58211.99999999999
50945,20852,1,2.52,23830,60051.6
50946,20852,2,1.59,22910,36426.9
50947,20853,1,4.27,23830,101754.1
50948,20853,2,1.71,22910,39176.1
50949,20854,1,1.93,23830,45991.9
50950,20854,2,1.29,22910,29553.9
50951,20855,1,4.61,23830,109856.3
50952,20855,2,4.53,22910,103782.3
50953,20856,1,2.19,23830,52187.7
50954,20856,2,1.81,22910,41467.1
50955,20857,1,11.2,23830,266896.0
50956,20857,2,19.65,22910,450181.5
50957,20857,3,8.11,20790,168606.9
50958,20858,1,8.64,23830,205891.2
50959,20858,2,18.67,22910,427729.7
50960,20858,3,1.32,20790,27442.800000000003
50961,20859,1,15.36,23830,366028.8
50962,20859,2,1.7,22910,38947.0
50963,20859,3,10.22,20790,212473.8
50964,20860,1,14.39,23830,342913.7
50965,20860,2,7.41,22910,169763.1
50966,20860,3,2.8,20790,58211.99999999999
50967,20861,1,11.49,23830,273806.7
50968,20861,2,7.25,22910,166097.5
50969,20861,3,7.63,20790,158627.7
50970,20862,1,13.34,23830,317892.2
50971,20862,2,16.05,22910,367705.5
50972,20862,3,13.07,20790,271725.3
50973,20863,1,4.59,23830,109379.7
50974,20863,2,4.99,22910,114320.9
50975,20864,1,3.13,23830,74587.9
50976,20864,2,2.46,22910,56358.6
50977,20865,1,2.73,23830,65055.9
50978,20865,2,4.54,22910,104011.4
50979,20866,1,11.0,23830,262130.0
50980,20866,2,8.01,22910,183509.1
50981,20866,3,9.27,20790,192723.3
50982,20867,1,1.8,23830,42894.0
50983,20867,2,2.49,22910,57045.9
50984,20868,1,3.43,23830,81736.90000000001
50985,20868,2,1.52,22910,34823.2
50986,20868,3,19.14,20790,397920.6
50987,20869,1,1.59,23830,37889.7
50988,20869,2,2.15,22910,49256.5
50989,20870,1,10.07,23830,239968.1
50990,20870,2,17.4,22910,398634.0
50991,20870,3,16.88,20790,350935.19999999995
50992,20871,1,2.44,23830,58145.2
50993,20871,2,2.61,22910,59795.1
50994,20872,1,13.55,23830,322896.5
50995,20872,2,4.57,22910,104698.7
50996,20872,3,17.73,20790,368606.7
50997,20873,1,2.32,23830,55285.6
50998,20873,2,3.95,22910,90494.5
50999,20874,1,3.75,23830,89362.5
51000,20874,2,3.17,22910,72624.7
51001,20874,3,18.86,20790,392099.4
51002,20875,1,7.91,23830,188495.3
51003,20875,2,4.86,22910,111342.6
51004,20875,3,17.99,20790,374012.1
51005,20876,1,1.04,23830,24783.2
51006,20876,2,4.81,22910,110197.1
51007,20877,1,11.79,23830,280955.69999999995
51008,20877,2,6.68,22910,153038.8
51009,20877,3,15.75,20790,327442.5
51010,20878,1,12.31,23830,293347.3
51011,20878,2,16.15,22910,369996.5
51012,20878,3,8.76,20790,182120.4
51013,20879,1,6.72,23830,160137.6
51014,20879,2,3.06,22910,70104.6
51015,20879,3,7.13,20790,148232.7
51016,20880,1,13.28,23830,316462.4
51017,20880,2,5.06,22910,115924.6
51018,20880,3,15.76,20790,327650.4
51019,20881,1,8.84,23830,210657.2
51020,20881,2,13.06,22910,299204.60000000003
51021,20881,3,6.39,20790,132848.1
51022,20882,1,2.61,23830,62196.3
51023,20882,2,3.18,22910,72853.8
51024,20883,1,14.91,23830,355305.3
51025,20883,2,9.02,22910,206648.2
51026,20883,3,19.2,20790,399168.0
51027,20884,1,3.07,23830,73158.09999999999
51028,20884,2,2.76,22910,63231.6
51029,20885,1,4.0,23830,95320.0
51030,20885,2,1.89,22910,43299.9
51031,20886,1,13.55,23830,322896.5
51032,20886,2,16.33,22910,374120.3
51033,20886,3,16.22,20790,337213.8
51034,20887,1,16.2,23830,386046.0
51035,20887,2,17.29,22910,396113.9
51036,20887,3,16.6,20790,345114.00000000006
51037,20888,1,17.77,23830,423459.1
51038,20888,2,4.86,22910,111342.6
51039,20888,3,19.18,20790,398752.2
51040,20889,1,1.49,23830,35506.7
51041,20889,2,16.35,22910,374578.50000000006
51042,20889,3,12.42,20790,258211.8
51043,20890,1,19.56,23830,466114.8
51044,20890,2,9.43,22910,216041.3
51045,20890,3,16.38,20790,340540.19999999995
51046,20891,1,2.83,23830,67438.90000000001
51047,20891,2,1.27,22910,29095.7
51048,20892,1,9.11,23830,217091.3
51049,20892,2,2.53,22910,57962.3
51050,20892,3,1.11,20790,23076.9
51051,20893,1,14.41,23830,343390.3
51052,20893,2,2.12,22910,48569.2
51053,20893,3,17.42,20790,362161.8000000001
51054,20894,1,18.58,23830,442761.4
51055,20894,2,15.04,22910,344566.4
51056,20894,3,14.56,20790,302702.4
51057,20895,1,14.11,23830,336241.3
51058,20895,2,2.47,22910,56587.7
51059,20895,3,14.85,20790,308731.5
51060,20896,1,2.37,23830,56477.100000000006
51061,20896,2,2.85,22910,65293.5
51062,20897,1,2.04,23830,48613.2
51063,20897,2,1.41,22910,32303.1
51064,20898,1,2.67,23830,63626.1
51065,20898,2,4.31,22910,98742.1
51066,20899,1,7.92,23830,188733.6
51067,20899,2,14.39,22910,329674.9
51068,20899,3,16.89,20790,351143.10000000003
51069,20900,1,2.99,23830,71251.70000000001
51070,20900,2,1.03,22910,23597.3
51071,20901,1,3.12,23830,74349.6
51072,20901,2,4.91,22910,112488.1
51073,20902,1,3.78,23830,90077.4
51074,20902,2,2.09,22910,47881.9
51075,20903,1,4.23,23830,100800.9
51076,20903,2,2.86,22910,65522.6
51077,20904,1,13.69,23830,326232.7
51078,20904,2,8.0,22910,183280.0
51079,20904,3,16.75,20790,348232.5
51080,20905,1,3.15,23830,75064.5
51081,20905,2,4.86,22910,111342.6
51082,20906,1,2.2,23830,52426.00000000001
51083,20906,2,4.5,22910,103095.0
51084,20907,1,8.18,23830,194929.4
51085,20907,2,1.92,22910,43987.2
51086,20907,3,19.54,20790,406236.6
51087,20908,1,16.36,23830,389858.8
51088,20908,2,6.86,22910,157162.6
51089,20908,3,4.02,20790,83575.79999999999
51090,20909,1,2.66,23830,63387.8
51091,20909,2,3.52,22910,80643.2
51092,20910,1,3.5,23830,83405.0
51093,20910,2,1.69,22910,38717.9
51094,20911,1,1.72,23830,40987.6
51095,20911,2,4.05,22910,92785.5
51096,20912,1,2.55,23830,60766.49999999999
51097,20912,2,3.3,22910,75603.0
51098,20913,1,4.24,23830,101039.2
51099,20913,2,3.16,22910,72395.6
51100,20914,1,1.38,23830,32885.399999999994
51101,20914,2,3.4,22910,77894.0
51102,20915,1,1.36,23830,32408.800000000003
51103,20915,2,2.56,22910,58649.6
51104,20916,1,16.51,23830,393433.3000000001
51105,20916,2,3.35,22910,76748.5
51106,20916,3,5.94,20790,123492.6
51107,20917,1,3.45,23830,82213.5
51108,20917,2,2.92,22910,66897.2
51109,20918,1,13.22,23830,315032.60000000003
51110,20918,2,5.74,22910,131503.4
51111,20918,3,19.37,20790,402702.3000000001
51112,20919,1,12.54,23830,298828.19999999995
51113,20919,2,17.69,22910,405277.9
51114,20919,3,1.01,20790,20997.9
51115,20920,1,3.89,23830,92698.7
51116,20920,2,15.28,22910,350064.8
51117,20920,3,12.41,20790,258003.9
51118,20921,1,12.36,23830,294538.8
51119,20921,2,6.28,22910,143874.80000000002
51120,20921,3,9.39,20790,195218.1
51121,20922,1,3.15,23830,75064.5
51122,20922,2,3.69,22910,84537.9
55785,22827,1,18.77,23830,447289.1
55786,22827,2,10.8,22910,247428.00000000003
55787,22827,3,6.84,20790,142203.6
55788,22828,1,1.18,23830,28119.4
55789,22828,2,1.26,22910,28866.6
55790,22829,1,4.45,23830,106043.5
55791,22829,2,4.27,22910,97825.7
55792,22830,1,2.77,23830,66009.1
55793,22830,2,2.29,22910,52463.9
55794,22831,1,4.04,23830,96273.2
55795,22831,2,4.45,22910,101949.5
55796,22832,1,11.08,23830,264036.4
55797,22832,2,19.38,22910,443995.8
55798,22832,3,3.25,20790,67567.5
55799,22833,1,1.75,23830,41702.5
55800,22833,2,2.24,22910,51318.4
55801,22834,1,8.03,23830,191354.9
55802,22834,2,3.43,22910,78581.3
55803,22834,3,6.09,20790,126611.1
55804,22835,1,2.6,23830,61958.0
55805,22835,2,1.16,22910,26575.6
55806,22836,1,3.53,23830,84119.9
55807,22836,2,4.22,22910,96680.2
55808,22837,1,3.1,23830,73873.0
55809,22837,2,4.16,22910,95305.6
55810,22838,1,4.21,23830,100324.3
55811,22838,2,4.83,22910,110655.3
55812,22839,1,17.36,23830,413688.8
55813,22839,2,12.21,22910,279731.10000000003
55814,22839,3,12.29,20790,255509.1
55815,22840,1,8.84,23830,210657.2
55816,22840,2,2.58,22910,59107.8
55817,22840,3,2.66,20790,55301.4
55818,22841,1,4.16,23830,99132.8
55819,22841,2,1.46,22910,33448.6
55820,22842,1,3.54,23830,84358.2
55821,22842,2,18.27,22910,418565.7
55822,22842,3,19.53,20790,406028.7
55823,22843,1,4.13,23830,98417.9
55824,22843,2,3.16,22910,72395.6
55825,22844,1,1.71,23830,40749.3
55826,22844,2,2.52,22910,57733.2
55827,22845,1,1.76,23830,41940.8
55828,22845,2,3.3,22910,75603.0
55829,22846,1,19.76,23830,470880.8000000001
55830,22846,2,4.59,22910,105156.9
55831,22846,3,7.49,20790,155717.1
55832,22847,1,4.04,23830,96273.2
55833,22847,2,4.27,22910,97825.7
55834,22848,1,2.62,23830,62434.600000000006
55835,22848,2,13.63,22910,312263.30000000005
55836,22848,3,10.67,20790,221829.3
55837,22849,1,16.21,23830,386284.3000000001
55838,22849,2,13.79,22910,315928.9
55839,22849,3,14.45,20790,300415.5
55840,22850,1,2.76,23830,65770.79999999999
55841,22850,2,1.19,22910,27262.9
55842,22851,1,3.94,23830,93890.2
55843,22851,2,2.25,22910,51547.5
55844,22852,1,4.15,23830,98894.5
55845,22852,2,3.64,22910,83392.40000000001
55846,22853,1,2.16,23830,51472.8
55847,22853,2,2.57,22910,58878.7
55848,22854,1,9.76,23830,232580.8
55849,22854,2,17.21,22910,394281.1
55850,22854,3,15.78,20790,328066.2
55851,22855,1,4.14,23830,98656.2
55852,22855,2,15.46,22910,354188.60000000003
55853,22855,3,11.67,20790,242619.3
55854,22856,1,9.5,23830,226385.0
55855,22856,2,16.57,22910,379618.7
55856,22856,3,3.27,20790,67983.3
55857,22857,1,18.59,23830,442999.7
55858,22857,2,14.88,22910,340900.80000000005
55859,22857,3,5.01,20790,104157.9
55860,22858,1,3.28,23830,78162.4
55861,22858,2,9.16,22910,209855.6
55862,22858,3,13.01,20790,270477.9
55863,22859,1,13.92,23830,331713.6
55864,22859,2,15.66,22910,358770.6
55865,22859,3,4.03,20790,83783.70000000001
55866,22860,1,2.68,23830,63864.4
55867,22860,2,4.72,22910,108135.2
55868,22861,1,19.15,23830,456344.5
55869,22861,2,5.36,22910,122797.6
55870,22861,3,8.59,20790,178586.1
55871,22862,1,3.2,23830,76256.0
55872,22862,2,3.48,22910,79726.8
55873,22863,1,6.59,23830,157039.69999999998
55874,22863,2,18.83,22910,431395.3
55875,22863,3,19.14,20790,397920.6
55876,22864,1,3.43,23830,81736.90000000001
55877,22864,2,2.6,22910,59566.0
55878,22865,1,14.56,23830,346964.8
55879,22865,2,10.72,22910,245595.2
55880,22865,3,8.87,20790,184407.3
55881,22866,1,2.44,23830,58145.2
55882,22866,2,1.6,22910,36656.0
55883,22867,1,1.04,23830,24783.2
55884,22867,2,2.57,22910,58878.7
55885,22868,1,15.84,23830,377467.2
55886,22868,2,19.8,22910,453618.0
55887,22868,3,6.18,20790,128482.2
55888,22869,1,3.82,23830,91030.6
55889,22869,2,4.83,22910,110655.3
55890,22870,1,16.94,23830,403680.2
55891,22870,2,8.86,22910,202982.6
55892,22870,3,12.93,20790,268814.7
55893,22871,1,2.4,23830,57192.0
55894,22871,2,2.82,22910,64606.2
55895,22872,1,1.62,23830,38604.600000000006
55896,22872,2,4.59,22910,105156.9
55897,22873,1,9.83,23830,234248.9
55898,22873,2,7.89,22910,180759.9
55899,22873,3,18.52,20790,385030.8
55900,22874,1,4.02,23830,95796.6
55901,22874,2,3.07,22910,70333.7
55902,22875,1,4.37,23830,104137.1
55903,22875,2,1.89,22910,43299.9
55904,22876,1,2.22,23830,52902.600000000006
55905,22876,2,4.59,22910,105156.9
55906,22877,1,19.48,23830,464208.4
55907,22877,2,10.49,22910,240325.9
55908,22877,3,6.36,20790,132224.4
55909,22878,1,2.37,23830,56477.100000000006
55910,22878,2,1.4,22910,32074.0
55911,22879,1,1.0,23830,23830.0
55912,22879,2,3.94,22910,90265.4
55913,22880,1,4.53,23830,107949.9
55914,22880,2,3.94,22910,90265.4
55915,22881,1,14.01,23830,333858.3
55916,22881,2,19.78,22910,453159.8000000001
55917,22881,3,8.07,20790,167775.30000000002
55918,22882,1,4.41,23830,105090.3
55919,22882,2,3.59,22910,82246.9
55920,22883,1,2.03,23830,48374.9
55921,22883,2,3.93,22910,90036.3
55922,22884,1,2.12,23830,50519.600000000006
55923,22884,2,2.12,22910,48569.2
55924,22885,1,4.95,23830,117958.5
55925,22885,2,2.98,22910,68271.8
58150,23786,1,13.63,23830,324802.9
58151,23786,2,16.46,22910,377098.6
58152,23786,3,14.45,20790,300415.5
58153,23787,1,4.64,23830,110571.2
58154,23787,2,1.1,22910,25201.000000000004
58155,23787,3,5.87,20790,122037.3
58156,23788,1,4.13,23830,98417.9
58157,23788,2,1.18,22910,27033.8
58158,23789,1,3.68,23830,87694.40000000001
58159,23789,2,3.37,22910,77206.7
58160,23789,3,12.26,20790,254885.4
58161,23790,1,4.86,23830,115813.8
58162,23790,2,6.37,22910,145936.7
58163,23790,3,9.97,20790,207276.3
58164,23791,1,7.32,23830,174435.6
58165,23791,2,11.43,22910,261861.3
58166,23791,3,1.1,20790,22869.000000000004
58167,23792,1,7.67,23830,182776.1
58168,23792,2,2.2,22910,50402.00000000001
58169,23792,3,9.77,20790,203118.3
58170,23793,1,14.63,23830,348632.9
58171,23793,2,16.61,22910,380535.1
58172,23793,3,15.99,20790,332432.1
58173,23794,1,3.46,23830,82451.8
58174,23794,2,3.86,22910,88432.59999999999
58175,23795,1,1.73,23830,41225.9
58176,23795,2,2.24,22910,51318.4
58177,23796,1,2.78,23830,66247.4
58178,23796,2,3.5,22910,80185.0
58179,23797,1,9.49,23830,226146.7
58180,23797,2,7.63,22910,174803.3
58181,23797,3,6.49,20790,134927.1
58182,23798,1,9.92,23830,236393.6
58183,23798,2,11.72,22910,268505.2
58184,23798,3,4.06,20790,84407.4
58185,23799,1,2.17,23830,51711.1
58186,23799,2,3.99,22910,91410.9
58187,23800,1,15.48,23830,368888.4
58188,23800,2,4.1,22910,93931.0
58189,23800,3,1.74,20790,36174.6
58190,23801,1,9.46,23830,225431.8
58191,23801,2,6.16,22910,141125.6
58192,23801,3,12.8,20790,266112.0
58193,23802,1,8.81,23830,209942.3
58194,23802,2,4.56,22910,104469.6
58195,23802,3,13.47,20790,280041.3
58196,23803,1,1.77,23830,42179.1
58197,23803,2,4.18,22910,95763.8
58198,23804,1,11.42,23830,272138.6
58199,23804,2,3.09,22910,70791.9
58200,23804,3,10.36,20790,215384.4
58201,23805,1,4.94,23830,117720.2
58202,23805,2,3.58,22910,82017.8
58203,23806,1,13.45,23830,320513.5
58204,23806,2,2.98,22910,68271.8
58205,23806,3,14.88,20790,309355.2
58206,23807,1,4.69,23830,111762.7
58207,23807,2,4.17,22910,95534.7
58208,23808,1,3.23,23830,76970.9
58209,23808,2,3.5,22910,80185.0
58210,23809,1,4.73,23830,112715.9
58211,23809,2,2.3,22910,52692.99999999999
58212,23810,1,4.68,23830,111524.4
58213,23810,2,4.41,22910,101033.1
58214,23811,1,1.07,23830,25498.1
58215,23811,2,15.99,22910,366330.9
58216,23811,3,10.9,20790,226611.0
58217,23812,1,1.24,23830,29549.2
58218,23812,2,9.13,22910,209168.3
58219,23812,3,16.6,20790,345114.00000000006
58220,23813,1,3.16,23830,75302.8
58221,23813,2,2.09,22910,47881.9
58222,23814,1,9.92,23830,236393.6
58223,23814,2,6.93,22910,158766.3
58224,23814,3,2.94,20790,61122.6
58225,23815,1,2.13,23830,50757.9
58226,23815,2,1.89,22910,43299.9
58227,23816,1,13.71,23830,326709.30000000005
58228,23816,2,15.5,22910,355105.0
58229,23816,3,16.71,20790,347400.9
58230,23817,1,1.96,23830,46706.8
58231,23817,2,2.17,22910,49714.7
58232,23818,1,7.78,23830,185397.4
58233,23818,2,16.55,22910,379160.5
58234,23818,3,7.06,20790,146777.4
58235,23819,1,15.04,23830,358403.19999999995
58236,23819,2,14.03,22910,321427.3
58237,23819,3,15.32,20790,318502.8
58238,23820,1,4.37,23830,104137.1
58239,23820,2,4.37,22910,100116.7
58240,23821,1,4.18,23830,99609.4
58241,23821,2,3.29,22910,75373.9
58242,23822,1,1.63,23830,38842.9
58243,23822,2,1.74,22910,39863.4
58244,23823,1,3.71,23830,88409.3
58245,23823,2,4.21,22910,96451.1
58246,23824,1,6.5,23830,154895.0
58247,23824,2,4.48,22910,102636.8
58248,23824,3,10.53,20790,218918.7
58249,23825,1,2.39,23830,56953.7
58250,23825,2,1.48,22910,33906.8
58251,23826,1,2.32,23830,55285.6
58252,23826,2,1.33,22910,30470.300000000003
58253,23827,1,4.5,23830,107235.0
58254,23827,2,2.67,22910,61169.7
58255,23827,3,11.37,20790,236382.3
58256,23828,1,6.48,23830,154418.40000000002
58257,23828,2,18.61,22910,426355.1
58258,23828,3,17.04,20790,354261.6
58259,23829,1,4.26,23830,101515.8
58260,23829,2,2.85,22910,65293.5
58261,23830,1,4.73,23830,112715.9
58262,23830,2,13.49,22910,309055.9
58263,23830,3,7.06,20790,146777.4
60336,24678,1,1.88,23830,44800.4
60337,24678,2,1.55,22910,35510.5
60338,24679,1,3.56,23830,84834.8
60339,24679,2,2.45,22910,56129.50000000001
60340,24680,1,1.33,23830,31693.9
60341,24680,2,1.63,22910,37343.3
60342,24681,1,2.13,23830,50757.9
60343,24681,2,2.18,22910,49943.8
60344,24682,1,9.55,23830,227576.50000000003
60345,24682,2,12.71,22910,291186.10000000003
60346,24682,3,17.8,20790,370062.0
60347,24683,1,3.66,23830,87217.8
60348,24683,2,4.29,22910,98283.9
60349,24684,1,4.27,23830,101754.1
60350,24684,2,2.3,22910,52692.99999999999
60351,24685,1,9.57,23830,228053.1
60352,24685,2,14.63,22910,335173.30000000005
60353,24685,3,9.08,20790,188773.2
60354,24686,1,1.94,23830,46230.2
60355,24686,2,1.17,22910,26804.7
60356,24687,1,3.52,23830,83881.6
60357,24687,2,1.94,22910,44445.4
60358,24688,1,4.31,23830,102707.3
60359,24688,2,3.04,22910,69646.4
60360,24689,1,13.2,23830,314556.0
60361,24689,2,3.86,22910,88432.59999999999
60362,24689,3,7.09,20790,147401.1
60363,24690,1,9.99,23830,238061.7
60364,24690,2,3.49,22910,79955.90000000001
60365,24690,3,16.71,20790,347400.9
60366,24691,1,6.72,23830,160137.6
60367,24691,2,4.09,22910,93701.9
60368,24691,3,16.31,20790,339084.9
60369,24692,1,2.67,23830,63626.1
60370,24692,2,2.26,22910,51776.6
60371,24693,1,3.37,23830,80307.1
60372,24693,2,3.84,22910,87974.4
60373,24694,1,3.96,23830,94366.8
60374,24694,2,2.05,22910,46965.49999999999
60375,24695,1,11.59,23830,276189.7
60376,24695,2,12.65,22910,289811.5
60377,24695,3,3.3,20790,68607.0
60378,24696,1,4.04,23830,96273.2
60379,24696,2,3.8,22910,87058.0
60380,24697,1,1.9,23830,45277.0
60381,24697,2,2.18,22910,49943.8
60382,24698,1,4.21,23830,100324.3
60383,24698,2,3.61,22910,82705.09999999999
60384,24699,1,3.8,23830,90554.0
60385,24699,2,3.4,22910,77894.0
60386,24700,1,3.53,23830,84119.9
60387,24700,2,11.22,22910,257050.2
60388,24700,3,15.91,20790,330768.9
60389,24701,1,1.22,23830,29072.6
60390,24701,2,3.46,22910,79268.6
60391,24702,1,2.58,23830,61481.4
60392,24702,2,4.99,22910,114320.9
60393,24703,1,3.52,23830,83881.6
60394,24703,2,3.72,22910,85225.20000000001
60395,24704,1,17.59,23830,419169.7
60396,24704,2,19.16,22910,438955.6
60397,24704,3,17.24,20790,358419.6
60398,24705,1,3.11,23830,74111.3
60399,24705,2,4.89,22910,112029.9
60400,24706,1,11.65,23830,277619.5
60401,24706,2,15.47,22910,354417.7
60402,24706,3,14.77,20790,307068.3
60403,24707,1,14.4,23830,343152.0
60404,24707,2,11.77,22910,269650.7
60405,24707,3,5.12,20790,106444.8
60406,24708,1,1.29,23830,30740.7
60407,24708,2,6.94,22910,158995.40000000002
60408,24708,3,9.0,20790,187110.0
60409,24709,1,4.85,23830,115575.5
60410,24709,2,2.69,22910,61627.9
60411,24710,1,1.17,23830,27881.1
60412,24710,2,3.27,22910,74915.7
60413,24711,1,5.35,23830,127490.5
60414,24711,2,14.4,22910,329904.0
60415,24711,3,16.15,20790,335758.49999999994
60416,24712,1,4.07,23830,96988.1
60417,24712,2,3.88,22910,88890.8
60418,24712,3,12.68,20790,263617.2
60419,24713,1,2.33,23830,55523.9
60420,24713,2,2.06,22910,47194.6
60421,24714,1,1.52,23830,36221.6
60422,24714,2,2.0,22910,45820.0
60423,24715,1,17.1,23830,407493.00000000006
60424,24715,2,6.85,22910,156933.5
60425,24715,3,9.8,20790,203742.00000000003
60426,24716,1,4.32,23830,102945.6
60427,24716,2,2.4,22910,54984.0
60428,24717,1,1.21,23830,28834.3
60429,24717,2,3.45,22910,79039.5
60430,24718,1,8.89,23830,211848.7
60431,24718,2,16.32,22910,373891.2
60432,24718,3,5.67,20790,117879.3
60433,24719,1,4.85,23830,115575.5
60434,24719,2,16.96,22910,388553.6
60435,24719,3,11.91,20790,247608.9
60436,24720,1,1.33,23830,31693.9
60437,24720,2,3.87,22910,88661.7
60438,24721,1,2.4,23830,57192.0
60439,24721,2,11.96,22910,274003.60000000003
60440,24721,3,13.49,20790,280457.1
60441,24722,1,19.75,23830,470642.5
60442,24722,2,5.78,22910,132419.80000000002
60443,24722,3,10.37,20790,215592.3
60444,24723,1,4.34,23830,103422.2
60445,24723,2,1.42,22910,32532.2
60446,24724,1,3.0,23830,71490.0
60447,24724,2,2.84,22910,65064.4
60448,24725,1,3.14,23830,74826.2
60449,24725,2,1.68,22910,38488.8
60450,24726,1,10.26,23830,244495.8
60451,24726,2,3.89,22910,89119.90000000001
60452,24726,3,18.67,20790,388149.3000000001
60453,24727,1,1.64,23830,39081.2
60454,24727,2,4.47,22910,102407.7
60455,24728,1,11.14,23830,265466.2
60456,24728,2,5.1,22910,116841.0
60457,24728,3,3.64,20790,75675.6
60458,24729,1,18.09,23830,431084.7
60459,24729,2,7.04,22910,161286.4
60460,24729,3,3.27,20790,67983.3
60461,24730,1,1.45,23830,34553.5
60462,24730,2,4.62,22910,105844.2
60463,24731,1,4.21,23830,100324.3
60464,24731,2,4.97,22910,113862.7
60465,24732,1,11.93,23830,284291.9
60466,24732,2,15.69,22910,359457.9
60467,24732,3,1.12,20790,23284.800000000003
60468,24733,1,5.61,23830,133686.30000000002
60469,24733,2,19.87,22910,455221.7
60470,24733,3,11.99,20790,249272.1
60471,24734,1,1.2,23830,28596.0
60472,24734,2,4.17,22910,95534.7
60473,24735,1,9.88,23830,235440.4
60474,24735,2,18.38,22910,421085.8
60475,24735,3,4.87,20790,101247.3
60476,24736,1,16.66,23830,397007.8
60477,24736,2,7.67,22910,175719.7
60478,24736,3,5.51,20790,114552.9
62478,25560,1,4.19,23830,99847.7
62479,25560,2,3.6,22910,82476.0
62480,25561,1,1.9,23830,45277.0
62481,25561,2,1.79,22910,41008.9
62482,25562,1,2.38,23830,56715.4
62483,25562,2,1.03,22910,23597.3
62484,25563,1,1.68,23830,40034.4
62485,25563,2,4.61,22910,105615.1
62486,25564,1,2.95,23830,70298.5
62487,25564,2,15.15,22910,347086.5
62488,25564,3,17.97,20790,373596.3
62489,25565,1,3.72,23830,88647.6
62490,25565,2,2.0,22910,45820.0
62491,25566,1,2.59,23830,61719.7
62492,25566,2,1.71,22910,39176.1
62493,25567,1,16.54,23830,394148.2
62494,25567,2,10.55,22910,241700.50000000003
62495,25567,3,17.36,20790,360914.4
62496,25568,1,3.76,23830,89600.79999999999
62497,25568,2,1.2,22910,27492.0
62498,25569,1,3.82,23830,91030.6
62499,25569,2,4.46,22910,102178.6
62500,25570,1,4.54,23830,108188.2
62501,25570,2,2.69,22910,61627.9
62502,25571,1,1.13,23830,26927.9
62503,25571,2,15.21,22910,348461.10000000003
62504,25571,3,5.37,20790,111642.3
62505,25572,1,7.9,23830,188257.0
62506,25572,2,19.71,22910,451556.1
62507,25572,3,6.43,20790,133679.69999999998
62508,25573,1,16.79,23830,400105.7
62509,25573,2,13.21,22910,302641.10000000003
62510,25573,3,1.52,20790,31600.8
62511,25574,1,17.35,23830,413450.50000000006
62512,25574,2,19.48,22910,446286.8
62513,25574,3,13.35,20790,277546.5
62514,25575,1,1.28,23830,30502.4
62515,25575,2,1.06,22910,24284.6
62516,25576,1,1.81,23830,43132.3
62517,25576,2,11.67,22910,267359.7
62518,25576,3,6.3,20790,130977.0
62519,25577,1,13.54,23830,322658.19999999995
62520,25577,2,17.02,22910,389928.2
62521,25577,3,2.21,20790,45945.9
62522,25578,1,2.59,23830,61719.7
62523,25578,2,4.13,22910,94618.3
62524,25579,1,3.55,23830,84596.5
62525,25579,2,3.72,22910,85225.20000000001
62526,25580,1,2.54,23830,60528.2
62527,25580,2,1.3,22910,29783.0
62528,25581,1,4.75,23830,113192.5
62529,25581,2,16.66,22910,381680.6
62530,25581,3,7.58,20790,157588.2
62531,25582,1,2.76,23830,65770.79999999999
62532,25582,2,2.36,22910,54067.6
62533,25583,1,3.14,23830,74826.2
62534,25583,2,8.27,22910,189465.7
62535,25583,3,19.21,20790,399375.9
62536,25584,1,2.79,23830,66485.7
62537,25584,2,2.75,22910,63002.5
62538,25585,1,12.09,23830,288104.7
62539,25585,2,3.49,22910,79955.90000000001
62540,25585,3,13.72,20790,285238.8
62541,25586,1,17.63,23830,420122.9
62542,25586,2,4.48,22910,102636.8
62543,25586,3,3.06,20790,63617.4
62544,25587,1,3.54,23830,84358.2
62545,25587,2,1.2,22910,27492.0
62546,25588,1,3.15,23830,75064.5
62547,25588,2,3.91,22910,89578.1
62548,25589,1,6.05,23830,144171.5
62549,25589,2,13.5,22910,309285.0
62550,25589,3,5.45,20790,113305.5
62551,25590,1,18.38,23830,437995.4
62552,25590,2,12.42,22910,284542.2
62553,25590,3,19.41,20790,403533.9
62554,25591,1,19.2,23830,457536.0
62555,25591,2,19.92,22910,456367.2
62556,25591,3,14.73,20790,306236.7
62557,25592,1,4.37,23830,104137.1
62558,25592,2,4.1,22910,93931.0
62559,25593,1,5.17,23830,123201.1
62560,25593,2,17.31,22910,396572.1
62561,25593,3,3.92,20790,81496.8
62562,25594,1,4.11,23830,97941.3
62563,25594,2,1.77,22910,40550.7
62564,25595,1,2.43,23830,57906.9
62565,25595,2,4.26,22910,97596.6
62566,25596,1,4.57,23830,108903.1
62567,25596,2,3.86,22910,88432.59999999999
62568,25597,1,4.67,23830,111286.1
62569,25597,2,1.34,22910,30699.4
62570,25598,1,17.83,23830,424888.9
62571,25598,2,15.81,22910,362207.1
62572,25598,3,3.25,20790,67567.5
62573,25599,1,1.77,23830,42179.1
62574,25599,2,3.22,22910,73770.20000000001
62575,25600,1,4.41,23830,105090.3
62576,25600,2,1.93,22910,44216.3
62577,25601,1,1.98,23830,47183.4
62578,25601,2,2.11,22910,48340.1
62579,25602,1,4.31,23830,102707.3
62580,25602,2,2.33,22910,53380.3
62581,25602,3,17.82,20790,370477.8
62582,25603,1,18.07,23830,430608.1
62583,25603,2,11.41,22910,261403.1
62584,25603,3,12.4,20790,257796.0
62585,25604,1,15.78,23830,376037.4
62586,25604,2,16.29,22910,373203.9
62587,25604,3,12.42,20790,258211.8
62588,25605,1,14.32,23830,341245.60000000003
62589,25605,2,8.0,22910,183280.0
62590,25605,3,7.83,20790,162785.7
62591,25606,1,6.79,23830,161805.7
62592,25606,2,18.75,22910,429562.5
62593,25606,3,1.89,20790,39293.1
62594,25607,1,2.04,23830,48613.2
62595,25607,2,2.06,22910,47194.6
62596,25608,1,4.47,23830,106520.1
62597,25608,2,2.07,22910,47423.7
62598,25609,1,2.11,23830,50281.3
62599,25609,2,3.62,22910,82934.2
62600,25610,1,17.36,23830,413688.8
62601,25610,2,8.68,22910,198858.8
62602,25610,3,14.16,20790,294386.4
62603,25611,1,3.87,23830,92222.1
62604,25611,2,9.35,22910,214208.5
62605,25611,3,4.43,20790,92099.7
62606,25612,1,4.63,23830,110332.9
62607,25612,2,3.47,22910,79497.70000000001
62608,25613,1,11.61,23830,276666.3
62609,25613,2,9.56,22910,219019.6
62610,25613,3,11.83,20790,245945.7
62611,25614,1,10.79,23830,257125.7
62612,25614,2,9.97,22910,228412.7
62613,25614,3,18.59,20790,386486.1
62614,25615,1,1.36,23830,32408.800000000003
62615,25615,2,4.79,22910,109738.9
62616,25616,1,3.48,23830,82928.4
62617,25616,2,2.43,22910,55671.3
64859,26530,1,4.83,23830,115098.9
64860,26530,2,3.12,22910,71479.2
64861,26531,1,6.83,23830,162758.9
64862,26531,2,10.18,22910,233223.8
64863,26531,3,5.7,20790,118503.0
64864,26532,1,5.89,23830,140358.69999999998
64865,26532,2,10.79,22910,247198.9
64866,26532,3,13.49,20790,280457.1
64867,26533,1,2.62,23830,62434.600000000006
64868,26533,2,7.05,22910,161515.5
64869,26533,3,18.56,20790,385862.4
64870,26534,1,8.01,23830,190878.3
64871,26534,2,19.55,22910,447890.5
64872,26534,3,4.77,20790,99168.3
65515,26799,1,3.04,23830,72443.2
65516,26799,2,3.87,22910,88661.7
65517,26800,1,5.65,23830,134639.5
65518,26800,2,8.77,22910,200920.7
65519,26800,3,15.48,20790,321829.2
65520,26801,1,2.91,23830,69345.3
65521,26801,2,4.16,22910,95305.6
65522,26802,1,3.84,23830,91507.2
65523,26802,2,3.55,22910,81330.5
65524,26803,1,18.32,23830,436565.6
65525,26803,2,8.41,22910,192673.1
65526,26803,3,17.68,20790,367567.2
65527,26804,1,3.3,23830,78639.0
65528,26804,2,3.41,22910,78123.1
65529,26805,1,4.77,23830,113669.1
65530,26805,2,1.78,22910,40779.8
65531,26806,1,1.71,23830,40749.3
65532,26806,2,4.58,22910,104927.8
65533,26807,1,15.2,23830,362216.0
65534,26807,2,3.46,22910,79268.6
65535,26807,3,13.58,20790,282328.2
65536,26808,1,1.73,23830,41225.9
65537,26808,2,4.75,22910,108822.5
65538,26809,1,2.42,23830,57668.6
65539,26809,2,2.35,22910,53838.5
65540,26810,1,1.78,23830,42417.4
65541,26810,2,4.4,22910,100804.0
65542,26811,1,1.65,23830,39319.5
65543,26811,2,1.59,22910,36426.9
65544,26812,1,13.61,23830,324326.3
65545,26812,2,2.66,22910,60940.600000000006
65546,26812,3,17.05,20790,354469.5
65547,26813,1,3.58,23830,85311.40000000001
65548,26813,2,3.51,22910,80414.09999999999
65549,26814,1,3.0,23830,71490.0
65550,26814,2,4.66,22910,106760.6
65551,26815,1,2.53,23830,60289.9
65552,26815,2,2.84,22910,65064.4
65553,26816,1,16.54,23830,394148.2
65554,26816,2,2.53,22910,57962.3
65555,26816,3,6.76,20790,140540.4
66274,27115,1,19.34,23830,460872.2
66275,27115,2,10.0,22910,229100.0
66276,27115,3,7.3,20790,151767.0
66277,27116,1,1.36,23830,32408.800000000003
66278,27116,2,3.63,22910,83163.3
66279,27117,1,15.76,23830,375560.8
66280,27117,2,11.33,22910,259570.3
66281,27117,3,17.48,20790,363409.2
66282,27118,1,3.45,23830,82213.5
66283,27118,2,3.08,22910,70562.8
66284,27119,1,4.14,23830,98656.2
66285,27119,2,7.01,22910,160599.1
66286,27119,3,13.42,20790,279001.8
66287,27120,1,4.12,23830,98179.6
66288,27120,2,1.27,22910,29095.7
66289,27121,1,1.06,23830,25259.800000000003
66290,27121,2,1.76,22910,40321.6
66291,27122,1,1.7,23830,40511.0
66292,27122,2,4.82,22910,110426.2
66293,27123,1,1.4,23830,33362.0
66294,27123,2,1.68,22910,38488.8
66295,27124,1,8.81,23830,209942.3
66296,27124,2,12.37,22910,283396.69999999995
66297,27124,3,6.84,20790,142203.6
66298,27125,1,3.48,23830,82928.4
66299,27125,2,3.26,22910,74686.59999999999
66300,27126,1,3.76,23830,89600.79999999999
66301,27126,2,3.02,22910,69188.2
66302,27127,1,2.28,23830,54332.4
66303,27127,2,2.52,22910,57733.2
66304,27128,1,1.31,23830,31217.300000000003
66305,27128,2,4.58,22910,104927.8
66306,27129,1,3.44,23830,81975.2
66307,27129,2,3.41,22910,78123.1
66308,27130,1,3.42,23830,81498.59999999999
66309,27130,2,1.22,22910,27950.2
66310,27131,1,4.52,23830,107711.6
66311,27131,2,1.23,22910,28179.3
66312,27132,1,14.62,23830,348394.6
66313,27132,2,3.89,22910,89119.90000000001
66314,27132,3,18.33,20790,381080.7
66315,27133,1,18.37,23830,437757.1
66316,27133,2,16.21,22910,371371.1
66317,27133,3,9.16,20790,190436.4
66318,27134,1,1.29,23830,30740.7
66319,27134,2,2.24,22910,51318.4
66320,27135,1,3.25,23830,77447.5
66321,27135,2,1.95,22910,44674.5
66322,27136,1,18.04,23830,429893.2
66323,27136,2,2.05,22910,46965.49999999999
66324,27136,3,19.58,20790,407068.2
66325,27137,1,3.68,23830,87694.40000000001
66326,27137,2,1.86,22910,42612.600000000006
66327,27138,1,3.86,23830,91983.8
66328,27138,2,2.49,22910,57045.9
67025,27422,1,4.96,23830,118196.8
67026,27422,2,4.32,22910,98971.2
67027,27423,1,1.08,23830,25736.4
67028,27423,2,2.2,22910,50402.00000000001
67029,27424,1,3.27,23830,77924.1
67030,27424,2,2.02,22910,46278.2
67031,27425,1,20.0,23830,476600.0
67032,27425,2,12.57,22910,287978.7
67033,27425,3,2.94,20790,61122.6
67034,27426,1,17.98,23830,428463.4
67035,27426,2,14.34,22910,328529.4
67036,27426,3,19.2,20790,399168.0
67037,27427,1,4.25,23830,101277.5
67038,27427,2,2.47,22910,56587.7
67039,27428,1,3.21,23830,76494.3
67040,27428,2,2.67,22910,61169.7
67041,27429,1,7.47,23830,178010.1
67042,27429,2,13.68,22910,313408.8
67043,27429,3,6.43,20790,133679.69999999998
67044,27430,1,4.27,23830,101754.1
67045,27430,2,4.86,22910,111342.6
67046,27431,1,5.15,23830,122724.5
67047,27431,2,9.5,22910,217645.0
67048,27431,3,15.87,20790,329937.3
67049,27432,1,8.53,23830,203269.9
67050,27432,2,12.88,22910,295080.80000000005
67051,27432,3,5.23,20790,108731.7
67052,27433,1,8.71,23830,207559.3
67053,27433,2,12.18,22910,279043.8
67054,27433,3,10.78,20790,224116.2
67055,27434,1,1.37,23830,32647.1
67056,27434,2,3.36,22910,76977.59999999999
67057,27435,1,16.56,23830,394624.8
67058,27435,2,19.45,22910,445599.5
67059,27435,3,11.6,20790,241164.0
67060,27436,1,1.46,23830,34791.8
67061,27436,2,2.42,22910,55442.2
67062,27437,1,2.63,23830,62672.9
67063,27437,2,3.19,22910,73082.9
67064,27438,1,2.86,23830,68153.8
67065,27438,2,1.72,22910,39405.2
67764,27725,1,2.26,23830,53855.8
67765,27725,2,4.43,22910,101491.3
67766,27726,1,3.92,23830,93413.6
67767,27726,2,15.18,22910,347773.8
67768,27726,3,4.11,20790,85446.90000000001
67769,27727,1,1.42,23830,33838.6
67770,27727,2,3.34,22910,76519.4
67771,27728,1,16.82,23830,400820.6
67772,27728,2,2.11,22910,48340.1
67773,27728,3,7.86,20790,163409.4
67774,27729,1,18.48,23830,440378.4
67775,27729,2,5.11,22910,117070.1
67776,27729,3,9.09,20790,188981.1
67777,27730,1,15.76,23830,375560.8
67778,27730,2,15.62,22910,357854.19999999995
67779,27730,3,13.95,20790,290020.5
67780,27731,1,11.18,23830,266419.4
67781,27731,2,17.3,22910,396343.0
67782,27731,3,8.95,20790,186070.5
67783,27732,1,4.91,23830,117005.3
67784,27732,2,1.68,22910,38488.8
67785,27733,1,1.11,23830,26451.300000000003
67786,27733,2,1.81,22910,41467.1
67787,27734,1,6.6,23830,157278.0
67788,27734,2,14.96,22910,342733.60000000003
67789,27734,3,16.69,20790,346985.10000000003
67790,27735,1,3.75,23830,89362.5
67791,27735,2,2.74,22910,62773.4
67792,27736,1,1.96,23830,46706.8
67793,27736,2,3.06,22910,70104.6
67794,27737,1,1.47,23830,35030.1
67795,27737,2,1.27,22910,29095.7
67796,27738,1,1.4,23830,33362.0
67797,27738,2,1.41,22910,32303.1
68501,28030,1,3.85,23830,91745.5
68502,28030,2,1.99,22910,45590.9
68503,28031,1,3.63,23830,86502.9
68504,28031,2,3.6,22910,82476.0
68505,28032,1,2.83,23830,67438.90000000001
68506,28032,2,3.2,22910,73312.0
68507,28033,1,14.83,23830,353398.9
68508,28033,2,17.04,22910,390386.4
68509,28033,3,3.28,20790,68191.2
68510,28034,1,16.46,23830,392241.8000000001
68511,28034,2,4.55,22910,104240.5
68512,28034,3,9.16,20790,190436.4
68513,28035,1,2.79,23830,66485.7
68514,28035,2,3.85,22910,88203.5
68515,28036,1,8.59,23830,204699.7
68516,28036,2,18.62,22910,426584.2
68517,28036,3,13.14,20790,273180.60000000003
68518,28037,1,1.97,23830,46945.1
68519,28037,2,9.61,22910,220165.1
68520,28037,3,12.11,20790,251766.9
68521,28038,1,3.14,23830,74826.2
68522,28038,2,1.24,22910,28408.4
68523,28039,1,17.65,23830,420599.5
68524,28039,2,13.62,22910,312034.19999999995
68525,28039,3,7.82,20790,162577.80000000002
68526,28040,1,1.43,23830,34076.9
68527,28040,2,13.15,22910,301266.5
68528,28040,3,2.34,20790,48648.6
69238,28328,1,9.54,23830,227338.2
69239,28328,2,1.57,22910,35968.700000000004
69240,28328,3,2.23,20790,46361.7
69241,28329,1,1.16,23830,27642.8
69242,28329,2,4.88,22910,111800.8
69243,28329,3,5.0,20790,103950.0
69244,28330,1,1.12,23830,26689.6
69245,28330,2,1.78,22910,40779.8
69246,28331,1,1.72,23830,40987.6
69247,28331,2,1.08,22910,24742.800000000003
69248,28332,1,2.65,23830,63149.5
69249,28332,2,3.93,22910,90036.3
69250,28333,1,2.98,23830,71013.4
69251,28333,2,2.59,22910,59336.9
69252,28334,1,3.46,23830,82451.8
69253,28334,2,2.64,22910,60482.4
69254,28335,1,2.72,23830,64817.600000000006
69255,28335,2,10.89,22910,249489.9
69256,28335,3,14.83,20790,308315.7
69257,28336,1,3.49,23830,83166.70000000001
69258,28336,2,8.82,22910,202066.2
69259,28336,3,17.42,20790,362161.8000000001
69260,28337,1,4.26,23830,101515.8
69261,28337,2,4.95,22910,113404.5
69262,28338,1,15.93,23830,379611.9
69263,28338,2,12.07,22910,276523.7
69264,28338,3,8.41,20790,174843.9
69265,28339,1,4.62,23830,110094.6
69266,28339,2,1.04,22910,23826.4
69267,28340,1,10.04,23830,239253.2
69268,28340,2,14.41,22910,330133.1
69269,28340,3,14.98,20790,311434.2
69270,28341,1,2.17,23830,51711.1
69271,28341,2,3.92,22910,89807.2
69272,28342,1,4.51,23830,107473.3
69273,28342,2,4.5,22910,103095.0
69933,28611,1,3.14,23830,74826.2
69934,28611,2,12.82,22910,293706.2
69935,28611,3,11.78,20790,244906.2
69936,28612,1,6.75,23830,160852.5
69937,28612,2,11.04,22910,252926.4
69938,28612,3,17.16,20790,356756.4
69939,28613,1,1.36,23830,32408.800000000003
69940,28613,2,2.59,22910,59336.9
69941,28614,1,2.01,23830,47898.3
69942,28614,2,1.1,22910,25201.000000000004
69943,28615,1,3.94,23830,93890.2
69944,28615,2,1.73,22910,39634.3
69945,28616,1,7.51,23830,178963.3
69946,28616,2,3.94,22910,90265.4
69947,28616,3,16.51,20790,343242.9
69948,28617,1,3.35,23830,79830.5
69949,28617,2,11.69,22910,267817.9
69950,28617,3,7.32,20790,152182.80000000002
69951,28618,1,4.83,23830,115098.9
69952,28618,2,2.59,22910,59336.9
69953,28619,1,2.41,23830,57430.3
69954,28619,2,3.08,22910,70562.8
69955,28620,1,13.65,23830,325279.5
69956,28620,2,19.34,22910,443079.4
69957,28620,3,8.25,20790,171517.5
69958,28621,1,4.31,23830,102707.3
69959,28621,2,3.72,22910,85225.20000000001
69960,28622,1,18.84,23830,448957.2
69961,28622,2,15.21,22910,348461.10000000003
69962,28622,3,11.76,20790,244490.4
69963,28623,1,9.27,23830,220904.1
69964,28623,2,16.76,22910,383971.6
69965,28623,3,14.59,20790,303326.1
69966,28624,1,10.59,23830,252359.7
69967,28624,2,15.08,22910,345482.8
69968,28624,3,16.69,20790,346985.10000000003
69969,28625,1,2.76,23830,65770.79999999999
69970,28625,2,4.16,22910,95305.6
69971,28626,1,9.81,23830,233772.3
69972,28626,2,3.93,22910,90036.3
69973,28626,3,16.64,20790,345945.60000000003
69974,28627,1,3.83,23830,91268.9
69975,28627,2,4.95,22910,113404.5
69976,28628,1,18.68,23830,445144.4
69977,28628,2,12.01,22910,275149.1
69978,28628,3,15.74,20790,327234.6
69979,28629,1,4.55,23830,108426.5
69980,28629,2,4.29,22910,98283.9
69981,28630,1,3.6,23830,85788.0
69982,28630,2,1.98,22910,45361.8
69983,28631,1,2.97,23830,70775.1
69984,28631,2,11.06,22910,253384.6
69985,28631,3,19.91,20790,413928.9
69986,28632,1,4.64,23830,110571.2
69987,28632,2,4.35,22910,99658.5
69988,28633,1,5.54,23830,132018.2
69989,28633,2,17.82,22910,408256.2
69990,28633,3,8.49,20790,176507.1
69991,28634,1,4.01,23830,95558.3
69992,28634,2,1.87,22910,42841.7
69993,28635,1,8.85,23830,210895.5
69994,28635,2,5.46,22910,125088.6
69995,28635,3,15.75,20790,327442.5
69996,28636,1,6.48,23830,154418.40000000002
69997,28636,2,3.28,22910,75144.79999999999
69998,28636,3,1.64,20790,34095.6
69999,28637,1,15.15,23830,361024.5
70000,28637,2,9.22,22910,211230.2
70001,28637,3,14.34,20790,298128.6
70002,28638,1,12.52,23830,298351.6
70003,28638,2,14.52,22910,332653.2
70004,28638,3,1.57,20790,32640.300000000003
70005,28639,1,3.52,23830,83881.6
70006,28639,2,2.95,22910,67584.5
70007,28640,1,1.38,23830,32885.399999999994
70008,28640,2,2.46,22910,56358.6
70009,28641,1,1.13,23830,26927.9
70010,28641,2,1.78,22910,40779.8
70011,28642,1,3.4,23830,81022.0
70012,28642,2,3.58,22910,82017.8
70013,28643,1,2.8,23830,66724.0
70014,28643,2,2.59,22910,59336.9
70015,28644,1,3.02,23830,71966.6
70016,28644,2,17.74,22910,406423.4
70017,28644,3,4.91,20790,102078.9
70018,28645,1,2.7,23830,64341.00000000001
70019,28645,2,1.62,22910,37114.2
70020,28646,1,2.79,23830,66485.7
70021,28646,2,4.49,22910,102865.9
70022,28647,1,4.19,23830,99847.7
70023,28647,2,4.65,22910,106531.5
70024,28648,1,3.94,23830,93890.2
70025,28648,2,4.23,22910,96909.3
70026,28649,1,4.43,23830,105566.9
70027,28649,2,3.92,22910,89807.2
70028,28650,1,6.91,23830,164665.30000000002
70029,28650,2,14.16,22910,324405.6
70030,28650,3,3.74,20790,77754.6
70031,28651,1,1.4,23830,33362.0
70032,28651,2,2.73,22910,62544.3
70033,28652,1,3.67,23830,87456.09999999999
70034,28652,2,2.05,22910,46965.49999999999
70035,28653,1,1.37,23830,32647.1
70036,28653,2,1.82,22910,41696.2
70037,28654,1,4.82,23830,114860.6
70038,28654,2,3.5,22910,80185.0
70039,28655,1,1.27,23830,30264.1
70040,28655,2,3.89,22910,89119.90000000001
70041,28656,1,4.61,23830,109856.3
70042,28656,2,2.57,22910,58878.7
70043,28657,1,4.4,23830,104852.0
70044,28657,2,3.32,22910,76061.2
70045,28658,1,9.39,23830,223763.7
70046,28658,2,3.87,22910,88661.7
70047,28658,3,13.72,20790,285238.8
70048,28659,1,9.47,23830,225670.1
70049,28659,2,6.67,22910,152809.7
70050,28659,3,5.21,20790,108315.9
70051,28660,1,9.12,23830,217329.6
70052,28660,2,11.41,22910,261403.1
70053,28660,3,3.45,20790,71725.5
70054,28661,1,16.36,23830,389858.8
70055,28661,2,13.69,22910,313637.9
70056,28661,3,16.42,20790,341371.80000000005
70057,28662,1,1.35,23830,32170.500000000004
70058,28662,2,2.42,22910,55442.2
70059,28663,1,19.56,23830,466114.8
70060,28663,2,17.2,22910,394052.0
70061,28663,3,18.72,20790,389188.8
70062,28664,1,3.34,23830,79592.2
70063,28664,2,3.42,22910,78352.2
70064,28665,1,1.16,23830,27642.8
70065,28665,2,1.98,22910,45361.8
70066,28666,1,1.62,23830,38604.600000000006
70067,28666,2,4.66,22910,106760.6
70068,28667,1,4.77,23830,113669.1
70069,28667,2,12.74,22910,291873.4
70070,28667,3,11.97,20790,248856.3
70071,28668,1,1.57,23830,37413.1
70072,28668,2,3.61,22910,82705.09999999999
70073,28669,1,2.37,23830,56477.100000000006
70074,28669,2,4.99,22910,114320.9
70075,28670,1,18.5,23830,440855.0
70076,28670,2,19.35,22910,443308.50000000006
70077,28670,3,14.04,20790,291891.6
70078,28671,1,1.94,23830,46230.2
70079,28671,2,4.57,22910,104698.7
70080,28672,1,1.99,23830,47421.7
70081,28672,2,4.17,22910,95534.7
70082,28673,1,4.95,23830,117958.5
70083,28673,2,1.15,22910,26346.5
70084,28674,1,4.93,23830,117481.9
70085,28674,2,1.9,22910,43529.0
70086,28675,1,1.48,23830,35268.4
70087,28675,2,4.48,22910,102636.8
70088,28676,1,16.98,23830,404633.4
70089,28676,2,3.46,22910,79268.6
70090,28676,3,10.05,20790,208939.50000000003
70091,28677,1,13.8,23830,328854.0
70092,28677,2,12.9,22910,295539.0
70093,28677,3,14.14,20790,293970.60000000003
70094,28678,1,1.36,23830,32408.800000000003
70095,28678,2,3.36,22910,76977.59999999999
70096,28679,1,4.32,23830,102945.6
70097,28679,2,13.98,22910,320281.8
70098,28679,3,17.38,20790,361330.2
70099,28680,1,3.4,23830,81022.0
70100,28680,2,2.23,22910,51089.3
70101,28681,1,3.5,23830,83405.0
70102,28681,2,3.96,22910,90723.6
70103,28682,1,3.21,23830,76494.3
70104,28682,2,1.47,22910,33677.7
70105,28682,3,17.2,20790,357588.0
70106,28683,1,4.07,23830,96988.1
70107,28683,2,1.67,22910,38259.7
70108,28684,1,3.52,23830,83881.6
70109,28684,2,4.62,22910,105844.2
70110,28685,1,2.04,23830,48613.2
70111,28685,2,4.41,22910,101033.1
70112,28686,1,1.43,23830,34076.9
70113,28686,2,4.38,22910,100345.8
70114,28687,1,1.58,23830,37651.4
70115,28687,2,2.27,22910,52005.7
70116,28688,1,3.85,23830,91745.5
70117,28688,2,4.01,22910,91869.1
70118,28689,1,4.87,23830,116052.1
70119,28689,2,15.63,22910,358083.30000000005
70120,28689,3,17.63,20790,366527.7
70121,28690,1,4.44,23830,105805.2
70122,28690,2,3.91,22910,89578.1
70123,28691,1,1.07,23830,25498.1
70124,28691,2,2.1,22910,48111.0
70125,28692,1,6.84,23830,162997.19999999998
70126,28692,2,8.77,22910,200920.7
70127,28692,3,17.96,20790,373388.4
70128,28693,1,12.84,23830,305977.2
70129,28693,2,18.64,22910,427042.4
70130,28693,3,10.28,20790,213721.2
70131,28694,1,3.53,23830,84119.9
70132,28694,2,3.45,22910,79039.5
70133,28695,1,17.24,23830,410829.2
70134,28695,2,8.6,22910,197026.0
70135,28695,3,12.03,20790,250103.7
70136,28696,1,10.62,23830,253074.6
70137,28696,2,7.57,22910,173428.7
70138,28696,3,9.01,20790,187317.9
70139,28697,1,16.7,23830,397961.0
70140,28697,2,4.19,22910,95992.9
70141,28697,3,13.29,20790,276299.1
70142,28698,1,19.22,23830,458012.6
70143,28698,2,4.99,22910,114320.9
70144,28698,3,5.94,20790,123492.6
70145,28699,1,4.99,23830,118911.7
70146,28699,2,18.62,22910,426584.2
70147,28699,3,18.2,20790,378378.0
70148,28700,1,1.91,23830,45515.3
70149,28700,2,2.38,22910,54525.8
70150,28701,1,2.41,23830,57430.3
70151,28701,2,2.69,22910,61627.9
70152,28702,1,5.38,23830,128205.4
70153,28702,2,12.7,22910,290957.0
70154,28702,3,2.99,20790,62162.100000000006
70155,28703,1,8.52,23830,203031.6
70156,28703,2,19.56,22910,448119.6
70157,28703,3,7.23,20790,150311.7
70158,28704,1,13.68,23830,325994.4
70159,28704,2,17.45,22910,399779.5
70160,28704,3,7.57,20790,157380.30000000002
70161,28705,1,2.35,23830,56000.5
70162,28705,2,1.63,22910,37343.3
70163,28706,1,19.64,23830,468021.2
70164,28706,2,1.06,22910,24284.6
70165,28706,3,3.37,20790,70062.3
70166,28707,1,14.88,23830,354590.4
70167,28707,2,7.88,22910,180530.8
70168,28707,3,12.44,20790,258627.6
70169,28708,1,7.04,23830,167763.2
70170,28708,2,4.17,22910,95534.7
70171,28708,3,8.12,20790,168814.8
70172,28709,1,2.24,23830,53379.2
70173,28709,2,6.81,22910,156017.09999999998
70174,28709,3,19.39,20790,403118.1
70175,28710,1,5.68,23830,135354.4
70176,28710,2,17.74,22910,406423.4
70177,28710,3,9.34,20790,194178.6
70178,28711,1,16.52,23830,393671.6
70179,28711,2,1.95,22910,44674.5
70180,28711,3,14.32,20790,297712.8
70181,28712,1,2.06,23830,49089.8
70182,28712,2,3.71,22910,84996.1
70183,28713,1,6.57,23830,156563.1
70184,28713,2,8.45,22910,193589.5
70185,28713,3,13.58,20790,282328.2
70186,28714,1,2.53,23830,60289.9
70187,28714,2,1.6,22910,36656.0
70188,28715,1,8.11,23830,193261.3
70189,28715,2,3.13,22910,71708.3
70190,28715,3,7.36,20790,153014.4
70191,28716,1,10.44,23830,248785.2
70192,28716,2,2.24,22910,51318.4
70193,28716,3,1.43,20790,29729.7
70194,28717,1,1.72,23830,40987.6
70195,28717,2,1.78,22910,40779.8
70196,28718,1,2.04,23830,48613.2
70197,28718,2,15.16,22910,347315.6
70198,28718,3,5.2,20790,108108.0
70199,28719,1,1.88,23830,44800.4
70200,28719,2,4.17,22910,95534.7
74765,30593,1,3.23,23830,76970.9
74766,30593,2,1.48,22910,33906.8
74767,30594,1,3.99,23830,95081.7
74768,30594,2,1.7,22910,38947.0
74769,30595,1,13.61,23830,324326.3
74770,30595,2,2.05,22910,46965.49999999999
74771,30595,3,16.77,20790,348648.3
74772,30596,1,16.58,23830,395101.4
74773,30596,2,9.63,22910,220623.3
74774,30596,3,17.33,20790,360290.7
74775,30597,1,2.19,23830,52187.7
74776,30597,2,4.21,22910,96451.1
74777,30598,1,1.05,23830,25021.5
74778,30598,2,3.41,22910,78123.1
74779,30599,1,2.05,23830,48851.49999999999
74780,30599,2,2.92,22910,66897.2
74781,30600,1,3.57,23830,85073.09999999999
74782,30600,2,2.83,22910,64835.3
74783,30601,1,3.69,23830,87932.7
74784,30601,2,2.56,22910,58649.6
74785,30602,1,2.06,23830,49089.8
74786,30602,2,3.4,22910,77894.0
74787,30603,1,18.17,23830,432991.1
74788,30603,2,12.26,22910,280876.6
74789,30603,3,12.13,20790,252182.7
74790,30604,1,4.78,23830,113907.4
74791,30604,2,3.86,22910,88432.59999999999
74792,30605,1,19.77,23830,471119.1
74793,30605,2,6.67,22910,152809.7
74794,30605,3,18.51,20790,384822.9
74795,30606,1,3.72,23830,88647.6
74796,30606,2,1.38,22910,31615.8
74797,30606,3,12.96,20790,269438.4
74798,30607,1,7.87,23830,187542.1
74799,30607,2,10.15,22910,232536.5
74800,30607,3,15.98,20790,332224.2
74801,30608,1,4.43,23830,105566.9
74802,30608,2,14.47,22910,331507.7
74803,30608,3,10.54,20790,219126.6
74804,30609,1,10.88,23830,259270.4
74805,30609,2,11.25,22910,257737.5
74806,30609,3,2.9,20790,60291.0
74807,30610,1,1.32,23830,31455.6
74808,30610,2,3.57,22910,81788.7
74809,30611,1,1.08,23830,25736.4
74810,30611,2,1.51,22910,34594.1
74811,30612,1,8.53,23830,203269.9
74812,30612,2,17.71,22910,405736.1
74813,30612,3,18.06,20790,375467.4
74814,30613,1,3.95,23830,94128.5
74815,30613,2,4.18,22910,95763.8
74816,30614,1,1.43,23830,34076.9
74817,30614,2,2.82,22910,64606.2
74818,30615,1,2.18,23830,51949.4
74819,30615,2,4.48,22910,102636.8
74820,30616,1,4.13,23830,98417.9
74821,30616,2,4.04,22910,92556.4
74822,30617,1,2.57,23830,61243.1
74823,30617,2,2.54,22910,58191.4
74824,30618,1,2.99,23830,71251.70000000001
74825,30618,2,2.05,22910,46965.49999999999
74826,30619,1,16.38,23830,390335.4
74827,30619,2,9.38,22910,214895.8
74828,30619,3,11.5,20790,239085.0
74829,30620,1,3.73,23830,88885.9
74830,30620,2,3.4,22910,77894.0
74831,30621,1,11.55,23830,275236.5
74832,30621,2,1.8,22910,41238.0
74833,30621,3,6.77,20790,140748.3
74834,30622,1,1.38,23830,32885.399999999994
74835,30622,2,3.49,22910,79955.90000000001
74836,30623,1,4.73,23830,112715.9
74837,30623,2,18.36,22910,420627.6
74838,30623,3,11.14,20790,231600.6
74839,30624,1,18.72,23830,446097.6
74840,30624,2,17.88,22910,409630.8
74841,30624,3,17.02,20790,353845.8
74842,30625,1,12.3,23830,293109.0
74843,30625,2,11.41,22910,261403.1
74844,30625,3,19.95,20790,414760.5
74845,30626,1,15.86,23830,377943.8
74846,30626,2,14.03,22910,321427.3
74847,30626,3,20.0,20790,415800.0
74848,30627,1,13.28,23830,316462.4
74849,30627,2,10.38,22910,237805.8
74850,30627,3,19.08,20790,396673.2
74851,30628,1,2.92,23830,69583.59999999999
74852,30628,2,4.78,22910,109509.8
74853,30629,1,14.31,23830,341007.3
74854,30629,2,15.9,22910,364269.0
74855,30629,3,4.94,20790,102702.6
74856,30630,1,4.86,23830,115813.8
74857,30630,2,4.47,22910,102407.7
74858,30631,1,3.76,23830,89600.79999999999
74859,30631,2,3.88,22910,88890.8
74860,30632,1,11.74,23830,279764.2
74861,30632,2,17.87,22910,409401.7
74862,30632,3,16.21,20790,337005.9
74863,30633,1,1.87,23830,44562.100000000006
74864,30633,2,4.21,22910,96451.1
74865,30634,1,11.24,23830,267849.2
74866,30634,2,5.45,22910,124859.5
74867,30634,3,10.0,20790,207900.0
74868,30635,1,18.19,23830,433467.7
74869,30635,2,18.14,22910,415587.4
74870,30635,3,7.77,20790,161538.3
74871,30636,1,2.7,23830,64341.00000000001
74872,30636,2,17.38,22910,398175.8
74873,30636,3,2.21,20790,45945.9
74874,30637,1,2.78,23830,66247.4
74875,30637,2,2.94,22910,67355.4
74876,30638,1,2.4,23830,57192.0
74877,30638,2,3.97,22910,90952.7
74878,30639,1,14.59,23830,347679.7
74879,30639,2,14.54,22910,333111.4
74880,30639,3,18.64,20790,387525.6
74881,30640,1,6.52,23830,155371.59999999998
74882,30640,2,8.42,22910,192902.2
74883,30640,3,12.5,20790,259875.0
74884,30641,1,3.89,23830,92698.7
74885,30641,2,3.78,22910,86599.79999999999
74886,30642,1,3.34,23830,79592.2
74887,30642,2,4.38,22910,100345.8
74888,30643,1,2.56,23830,61004.8
74889,30643,2,10.91,22910,249948.1
74890,30643,3,11.67,20790,242619.3
74891,30644,1,4.3,23830,102469.0
74892,30644,2,4.54,22910,104011.4
74893,30645,1,1.78,23830,42417.4
74894,30645,2,1.84,22910,42154.4
74895,30646,1,2.1,23830,50043.0
74896,30646,2,1.47,22910,33677.7
74897,30647,1,4.87,23830,116052.1
74898,30647,2,2.17,22910,49714.7
74899,30648,1,7.8,23830,185874.0
74900,30648,2,14.2,22910,325322.0
74901,30648,3,6.06,20790,125987.4
74902,30649,1,1.29,23830,30740.7
74903,30649,2,3.46,22910,79268.6
74904,30650,1,10.54,23830,251168.2
74905,30650,2,17.59,22910,402986.9
74906,30650,3,16.23,20790,337421.7
74907,30651,1,17.16,23830,408922.8
74908,30651,2,11.89,22910,272399.9
74909,30651,3,17.52,20790,364240.8
74910,30652,1,2.42,23830,57668.6
74911,30652,2,1.88,22910,43070.8
74912,30653,1,2.67,23830,63626.1
74913,30653,2,1.11,22910,25430.1
74914,30654,1,9.79,23830,233295.7
74915,30654,2,14.58,22910,334027.8
74916,30654,3,2.1,20790,43659.0
74917,30655,1,5.42,23830,129158.6
74918,30655,2,2.69,22910,61627.9
74919,30655,3,15.4,20790,320166.0
74920,30656,1,2.05,23830,48851.49999999999
74921,30656,2,4.7,22910,107677.0
74922,30657,1,1.89,23830,45038.7
74923,30657,2,4.16,22910,95305.6
74924,30658,1,4.92,23830,117243.6
74925,30658,2,11.66,22910,267130.6
74926,30658,3,4.5,20790,93555.0
74927,30659,1,3.54,23830,84358.2
74928,30659,2,4.35,22910,99658.5
74929,30660,1,1.96,23830,46706.8
74930,30660,2,2.02,22910,46278.2
74931,30661,1,2.47,23830,58860.100000000006
74932,30661,2,2.67,22910,61169.7
74933,30662,1,18.14,23830,432276.2
74934,30662,2,11.42,22910,261632.2
74935,30662,3,16.47,20790,342411.3
74936,30663,1,17.83,23830,424888.9
74937,30663,2,12.66,22910,290040.6
74938,30663,3,6.27,20790,130353.3
74939,30664,1,2.29,23830,54570.7
74940,30664,2,4.04,22910,92556.4
74941,30665,1,1.27,23830,30264.1
74942,30665,2,3.84,22910,87974.4
74943,30666,1,1.95,23830,46468.5
74944,30666,2,1.62,22910,37114.2
74945,30667,1,2.51,23830,59813.3
74946,30667,2,2.72,22910,62315.2
74947,30668,1,14.34,23830,341722.2
74948,30668,2,13.95,22910,319594.5
74949,30668,3,14.86,20790,308939.4
74950,30669,1,1.32,23830,31455.6
74951,30669,2,3.9,22910,89349.0
74952,30670,1,1.91,23830,45515.3
74953,30670,2,4.08,22910,93472.8
74954,30671,1,5.15,23830,122724.5
74955,30671,2,9.36,22910,214437.6
74956,30671,3,3.83,20790,79625.7
74957,30672,1,11.14,23830,265466.2
74958,30672,2,13.21,22910,302641.10000000003
74959,30672,3,2.25,20790,46777.5
74960,30673,1,3.1,23830,73873.0
74961,30673,2,1.41,22910,32303.1
74962,30674,1,2.26,23830,53855.8
74963,30674,2,4.97,22910,113862.7
74964,30675,1,11.19,23830,266657.7
74965,30675,2,7.89,22910,180759.9
74966,30675,3,17.36,20790,360914.4
74967,30676,1,4.25,23830,101277.5
74968,30676,2,3.55,22910,81330.5
74969,30677,1,17.41,23830,414880.3
74970,30677,2,11.85,22910,271483.5
74971,30677,3,16.58,20790,344698.19999999995
74972,30678,1,13.25,23830,315747.5
74973,30678,2,14.37,22910,329216.69999999995
74974,30678,3,14.2,20790,295218.0
74975,30679,1,6.99,23830,166571.7
74976,30679,2,6.13,22910,140438.3
74977,30679,3,1.81,20790,37629.9
74978,30680,1,15.58,23830,371271.4
74979,30680,2,2.65,22910,60711.5
74980,30680,3,5.35,20790,111226.5
74981,30681,1,4.44,23830,105805.2
74982,30681,2,4.11,22910,94160.1
74983,30682,1,1.37,23830,32647.1
74984,30682,2,4.98,22910,114091.8
74985,30683,1,4.79,23830,114145.7
74986,30683,2,4.52,22910,103553.2
74987,30684,1,3.85,23830,91745.5
74988,30684,2,1.74,22910,39863.4
74989,30685,1,18.41,23830,438710.3
74990,30685,2,13.03,22910,298517.3
74991,30685,3,6.36,20790,132224.4
74992,30686,1,2.75,23830,65532.5
74993,30686,2,1.38,22910,31615.8
74994,30687,1,4.16,23830,99132.8
74995,30687,2,12.05,22910,276065.5
74996,30687,3,5.15,20790,107068.5
74997,30688,1,1.91,23830,45515.3
74998,30688,2,17.43,22910,399321.3
74999,30688,3,19.54,20790,406236.6
75000,30689,1,2.73,23830,65055.9
75001,30689,2,4.58,22910,104927.8
75002,30690,1,3.35,23830,79830.5
75003,30690,2,19.04,22910,436206.4
75004,30690,3,13.51,20790,280872.9
75005,30691,1,1.72,23830,40987.6
75006,30691,2,3.88,22910,88890.8
75007,30692,1,4.4,23830,104852.0
75008,30692,2,3.45,22910,79039.5
75009,30693,1,19.14,23830,456106.2
75010,30693,2,1.94,22910,44445.4
75011,30693,3,13.85,20790,287941.5
75012,30694,1,3.81,23830,90792.3
75013,30694,2,3.36,22910,76977.59999999999
75014,30695,1,6.71,23830,159899.3
75015,30695,2,8.02,22910,183738.2
75016,30695,3,3.73,20790,77546.7
79800,32656,1,4.24,23830,101039.2
79801,32656,2,4.66,22910,106760.6
79802,32656,3,2.24,20790,46569.600000000006
79803,32657,1,1.12,23830,26689.6
79804,32657,2,4.29,22910,98283.9
79805,32658,1,10.94,23830,260700.2
79806,32658,2,2.6,22910,59566.0
79807,32658,3,3.35,20790,69646.5
79808,32659,1,18.73,23830,446335.9
79809,32659,2,12.11,22910,277440.1
79810,32659,3,12.28,20790,255301.2
79811,32660,1,3.27,23830,77924.1
79812,32660,2,18.27,22910,418565.7
79813,32660,3,8.35,20790,173596.5
79814,32661,1,9.4,23830,224002.0
79815,32661,2,17.71,22910,405736.1
79816,32661,3,10.51,20790,218502.9
79817,32662,1,3.19,23830,76017.7
79818,32662,2,6.65,22910,152351.5
79819,32662,3,9.17,20790,190644.3
79820,32663,1,3.36,23830,80068.8
79821,32663,2,3.33,22910,76290.3
79822,32664,1,3.91,23830,93175.3
79823,32664,2,2.84,22910,65064.4
79824,32665,1,3.89,23830,92698.7
79825,32665,2,1.17,22910,26804.7
79826,32666,1,11.73,23830,279525.9
79827,32666,2,14.89,22910,341129.9
79828,32666,3,16.68,20790,346777.2
79829,32667,1,2.91,23830,69345.3
79830,32667,2,19.53,22910,447432.3000000001
79831,32667,3,17.8,20790,370062.0
79832,32668,1,4.5,23830,107235.0
79833,32668,2,2.37,22910,54296.7
79834,32669,1,3.12,23830,74349.6
79835,32669,2,4.8,22910,109968.0
79836,32670,1,3.6,23830,85788.0
79837,32670,2,1.67,22910,38259.7
79838,32671,1,4.23,23830,100800.9
79839,32671,2,2.7,22910,61857.00000000001
79840,32672,1,2.05,23830,48851.49999999999
79841,32672,2,2.0,22910,45820.0
79842,32673,1,13.57,23830,323373.10000000003
79843,32673,2,3.93,22910,90036.3
79844,32673,3,17.49,20790,363617.1
79845,32674,1,2.5,23830,59575.0
79846,32674,2,2.35,22910,53838.5
79847,32675,1,2.71,23830,64579.3
79848,32675,2,1.35,22910,30928.500000000004
79849,32676,1,10.75,23830,256172.5
79850,32676,2,18.03,22910,413067.3000000001
79851,32676,3,1.76,20790,36590.4
79852,32677,1,3.22,23830,76732.6
79853,32677,2,1.97,22910,45132.7
79854,32678,1,4.61,23830,109856.3
79855,32678,2,4.1,22910,93931.0
79856,32679,1,2.97,23830,70775.1
79857,32679,2,1.12,22910,25659.2
79858,32680,1,2.71,23830,64579.3
79859,32680,2,1.85,22910,42383.5
79860,32681,1,10.2,23830,243066.0
79861,32681,2,6.1,22910,139751.0
79862,32681,3,10.52,20790,218710.8
79863,32682,1,1.97,23830,46945.1
79864,32682,2,2.66,22910,60940.600000000006
79865,32683,1,1.04,23830,24783.2
79866,32683,2,5.87,22910,134481.7
79867,32683,3,10.27,20790,213513.3
79868,32684,1,1.43,23830,34076.9
79869,32684,2,14.24,22910,326238.4
79870,32684,3,17.58,20790,365488.2
79871,32685,1,12.88,23830,306930.4
79872,32685,2,9.05,22910,207335.50000000003
79873,32685,3,17.41,20790,361953.9
79874,32686,1,7.78,23830,185397.4
79875,32686,2,5.66,22910,129670.6
79876,32686,3,15.39,20790,319958.10000000003
79877,32687,1,1.79,23830,42655.7
79878,32687,2,3.47,22910,79497.70000000001
79879,32688,1,13.27,23830,316224.1
79880,32688,2,15.57,22910,356708.7
79881,32688,3,15.9,20790,330561.0
79882,32689,1,17.61,23830,419646.3
79883,32689,2,8.16,22910,186945.6
79884,32689,3,15.44,20790,320997.6
79885,32690,1,1.29,23830,30740.7
79886,32690,2,3.98,22910,91181.8
79887,32691,1,15.09,23830,359594.7
79888,32691,2,16.78,22910,384429.8000000001
79889,32691,3,12.99,20790,270062.1
79890,32692,1,6.44,23830,153465.2
79891,32692,2,19.89,22910,455679.9
79892,32692,3,9.82,20790,204157.8
79893,32693,1,2.83,23830,67438.90000000001
79894,32693,2,3.02,22910,69188.2
79895,32694,1,3.11,23830,74111.3
79896,32694,2,1.28,22910,29324.8
79897,32695,1,4.18,23830,99609.4
79898,32695,2,3.64,22910,83392.40000000001
79899,32696,1,1.45,23830,34553.5
79900,32696,2,2.59,22910,59336.9
79901,32697,1,18.29,23830,435850.7
79902,32697,2,17.38,22910,398175.8
79903,32697,3,16.14,20790,335550.60000000003
79904,32698,1,1.82,23830,43370.6
79905,32698,2,4.01,22910,91869.1
79906,32699,1,2.38,23830,56715.4
79907,32699,2,2.05,22910,46965.49999999999
79908,32700,1,2.01,23830,47898.3
79909,32700,2,3.73,22910,85454.3
79910,32701,1,4.42,23830,105328.6
79911,32701,2,3.8,22910,87058.0
79912,32702,1,13.69,23830,326232.7
79913,32702,2,7.61,22910,174345.1
79914,32702,3,7.84,20790,162993.6
79915,32703,1,2.38,23830,56715.4
79916,32703,2,2.2,22910,50402.00000000001
79917,32704,1,2.0,23830,47660.0
79918,32704,2,3.9,22910,89349.0
79919,32705,1,1.04,23830,24783.2
79920,32705,2,1.39,22910,31844.9
79921,32706,1,5.23,23830,124630.9
79922,32706,2,1.8,22910,41238.0
79923,32706,3,3.13,20790,65072.7
79924,32707,1,11.17,23830,266181.1
79925,32707,2,14.82,22910,339526.2
79926,32707,3,15.3,20790,318087.0
79927,32708,1,1.78,23830,42417.4
79928,32708,2,12.76,22910,292331.6
79929,32708,3,19.24,20790,399999.6
79930,32709,1,13.96,23830,332666.80000000005
79931,32709,2,3.19,22910,73082.9
79932,32709,3,15.95,20790,331600.5
79933,32710,1,8.63,23830,205652.9
79934,32710,2,1.55,22910,35510.5
79935,32710,3,11.86,20790,246569.4
79936,32711,1,2.15,23830,51234.5
79937,32711,2,1.15,22910,26346.5
79938,32712,1,13.36,23830,318368.8
79939,32712,2,8.48,22910,194276.8
79940,32712,3,17.3,20790,359667.0
79941,32713,1,2.48,23830,59098.4
79942,32713,2,3.42,22910,78352.2
79943,32714,1,3.81,23830,90792.3
79944,32714,2,3.18,22910,72853.8
79945,32715,1,1.81,23830,43132.3
79946,32715,2,4.69,22910,107447.9
79947,32716,1,9.51,23830,226623.3
79948,32716,2,1.62,22910,37114.2
79949,32716,3,16.68,20790,346777.2
79950,32717,1,12.51,23830,298113.3
79951,32717,2,13.31,22910,304932.10000000003
79952,32717,3,18.42,20790,382951.8000000001
79953,32718,1,18.97,23830,452055.1
79954,32718,2,9.39,22910,215124.9
79955,32718,3,15.57,20790,323700.3
79956,32719,1,1.09,23830,25974.7
79957,32719,2,4.68,22910,107218.8
79958,32720,1,1.12,23830,26689.6
79959,32720,2,1.29,22910,29553.9
79960,32721,1,3.2,23830,76256.0
79961,32721,2,4.25,22910,97367.5
79962,32722,1,2.79,23830,66485.7
79963,32722,2,1.09,22910,24971.9
79964,32723,1,14.25,23830,339577.5
79965,32723,2,13.46,22910,308368.60000000003
79966,32723,3,11.0,20790,228690.0
79967,32724,1,1.96,23830,46706.8
79968,32724,2,1.81,22910,41467.1
79969,32725,1,17.66,23830,420837.8
79970,32725,2,9.53,22910,218332.3
79971,32725,3,9.47,20790,196881.3
79972,32726,1,5.28,23830,125822.4
79973,32726,2,19.32,22910,442621.2
79974,32726,3,9.57,20790,198960.3
79975,32727,1,4.98,23830,118673.4
79976,32727,2,14.4,22910,329904.0
79977,32727,3,7.27,20790,151143.3
79978,32728,1,18.02,23830,429416.6
79979,32728,2,17.08,22910,391302.8
79980,32728,3,15.9,20790,330561.0
79981,32729,1,3.06,23830,72919.8
79982,32729,2,3.76,22910,86141.59999999999
79983,32730,1,15.62,23830,372224.6
79984,32730,2,9.12,22910,208939.2
79985,32730,3,17.0,20790,353430.0
79986,32731,1,3.5,23830,83405.0
79987,32731,2,1.19,22910,27262.9
79988,32732,1,2.22,23830,52902.600000000006
79989,32732,2,9.0,22910,206190.0
79990,32732,3,3.72,20790,77338.8
79991,32733,1,4.72,23830,112477.6
79992,32733,2,3.36,22910,76977.59999999999
79993,32734,1,3.18,23830,75779.40000000001
79994,32734,2,3.37,22910,77206.7
79995,32735,1,3.57,23830,85073.09999999999
79996,32735,2,4.85,22910,111113.5
79997,32736,1,7.46,23830,177771.8
79998,32736,2,19.32,22910,442621.2
79999,32736,3,7.26,20790,150935.4
80000,32737,1,2.72,23830,64817.600000000006
80001,32737,2,3.16,22910,72395.6
80002,32738,1,3.36,23830,80068.8
80003,32738,2,12.16,22910,278585.6
80004,32738,3,16.53,20790,343658.7
80005,32739,1,12.77,23830,304309.1
80006,32739,2,2.87,22910,65751.7
80007,32739,3,7.72,20790,160498.8
80008,32740,1,1.12,23830,26689.6
80009,32740,2,1.74,22910,39863.4
80010,32741,1,14.14,23830,336956.2
80011,32741,2,11.96,22910,274003.60000000003
80012,32741,3,5.12,20790,106444.8
80013,32742,1,3.52,23830,83881.6
80014,32742,2,3.14,22910,71937.40000000001
80015,32743,1,4.74,23830,112954.2
80016,32743,2,3.76,22910,86141.59999999999
80017,32744,1,1.75,23830,41702.5
80018,32744,2,4.14,22910,94847.4
80019,32745,1,4.36,23830,103898.8
80020,32745,2,2.72,22910,62315.2
80021,32746,1,14.02,23830,334096.6
80022,32746,2,6.97,22910,159682.69999999998
80023,32746,3,10.25,20790,213097.5
80024,32747,1,4.87,23830,116052.1
80025,32747,2,4.89,22910,112029.9
80026,32747,3,13.61,20790,282951.9
80027,32748,1,1.35,23830,32170.500000000004
80028,32748,2,19.33,22910,442850.3
80029,32748,3,9.1,20790,189189.0
80030,32749,1,2.07,23830,49328.1
80031,32749,2,4.99,22910,114320.9
80032,32750,1,3.74,23830,89124.20000000001
80033,32750,2,10.74,22910,246053.4
80034,32750,3,3.22,20790,66943.8
80035,32751,1,3.56,23830,84834.8
80036,32751,2,14.46,22910,331278.60000000003
80037,32751,3,17.5,20790,363825.0
80038,32752,1,5.93,23830,141311.9
80039,32752,2,16.87,22910,386491.7
80040,32752,3,8.61,20790,179001.9
80041,32753,1,4.9,23830,116767.0
80042,32753,2,3.92,22910,89807.2
80043,32754,1,4.93,23830,117481.9
80044,32754,2,1.75,22910,40092.5
80045,32755,1,19.08,23830,454676.4
80046,32755,2,18.82,22910,431166.2
80047,32755,3,16.01,20790,332847.9
80048,32756,1,18.15,23830,432514.5
80049,32756,2,18.34,22910,420169.4
80050,32756,3,4.14,20790,86070.59999999999
80051,32757,1,3.76,23830,89600.79999999999
80052,32757,2,1.44,22910,32990.4
80053,32758,1,19.72,23830,469927.6
80054,32758,2,15.73,22910,360374.3
80055,32758,3,2.08,20790,43243.2
80056,32759,1,1.94,23830,46230.2
80057,32759,2,1.68,22910,38488.8
84478,34568,1,1.95,23830,46468.5
84479,34568,2,1.54,22910,35281.4
84480,34569,1,1.83,23830,43608.9
84481,34569,2,2.49,22910,57045.9
84482,34570,1,1.66,23830,39557.8
84483,34570,2,10.69,22910,244907.9
84484,34570,3,19.57,20790,406860.3
84485,34571,1,1.95,23830,46468.5
84486,34571,2,5.06,22910,115924.6
84487,34571,3,7.25,20790,150727.5
84488,34572,1,15.54,23830,370318.2
84489,34572,2,9.39,22910,215124.9
84490,34572,3,4.49,20790,93347.1
84491,34573,1,6.28,23830,149652.4
84492,34573,2,19.81,22910,453847.1
84493,34573,3,2.13,20790,44282.7
84494,34574,1,1.24,23830,29549.2
84495,34574,2,4.67,22910,106989.7
84496,34575,1,2.68,23830,63864.4
84497,34575,2,2.07,22910,47423.7
84498,34576,1,6.89,23830,164188.69999999998
84499,34576,2,6.24,22910,142958.4
84500,34576,3,4.76,20790,98960.4
84501,34577,1,3.35,23830,79830.5
84502,34577,2,1.26,22910,28866.6
84503,34578,1,2.17,23830,51711.1
84504,34578,2,17.95,22910,411234.5
84505,34578,3,18.85,20790,391891.50000000006
84506,34579,1,1.96,23830,46706.8
84507,34579,2,3.07,22910,70333.7
84508,34580,1,16.94,23830,403680.2
84509,34580,2,6.77,22910,155100.69999999998
84510,34580,3,1.76,20790,36590.4
84511,34581,1,3.89,23830,92698.7
84512,34581,2,4.49,22910,102865.9
84513,34581,3,5.78,20790,120166.2
84514,34582,1,18.25,23830,434897.5
84515,34582,2,6.49,22910,148685.9
84516,34582,3,13.36,20790,277754.4
84517,34583,1,10.9,23830,259747.0
84518,34583,2,13.72,22910,314325.2
84519,34583,3,5.24,20790,108939.6
84520,34584,1,4.54,23830,108188.2
84521,34584,2,3.06,22910,70104.6
84522,34585,1,4.99,23830,118911.7
84523,34585,2,5.89,22910,134939.9
84524,34585,3,7.97,20790,165696.3
84525,34586,1,7.33,23830,174673.9
84526,34586,2,5.69,22910,130357.9
84527,34586,3,17.33,20790,360290.7
84528,34587,1,3.16,23830,75302.8
84529,34587,2,1.11,22910,25430.1
84530,34588,1,3.47,23830,82690.1
84531,34588,2,1.64,22910,37572.4
84532,34589,1,3.4,23830,81022.0
84533,34589,2,2.19,22910,50172.9
84534,34590,1,3.62,23830,86264.6
84535,34590,2,3.3,22910,75603.0
84536,34591,1,3.05,23830,72681.5
84537,34591,2,3.55,22910,81330.5
84538,34592,1,4.6,23830,109618.0
84539,34592,2,3.59,22910,82246.9
84540,34593,1,3.01,23830,71728.29999999999
84541,34593,2,2.34,22910,53609.4
84542,34594,1,2.8,23830,66724.0
84543,34594,2,1.93,22910,44216.3
84544,34595,1,3.47,23830,82690.1
84545,34595,2,3.64,22910,83392.40000000001
84546,34596,1,1.13,23830,26927.9
84547,34596,2,1.81,22910,41467.1
84548,34597,1,4.67,23830,111286.1
84549,34597,2,2.66,22910,60940.600000000006
84550,34598,1,2.78,23830,66247.4
84551,34598,2,1.3,22910,29783.0
84552,34599,1,18.3,23830,436089.0
84553,34599,2,10.39,22910,238034.9
84554,34599,3,9.58,20790,199168.2
84555,34600,1,12.18,23830,290249.4
84556,34600,2,1.57,22910,35968.700000000004
84557,34600,3,18.12,20790,376714.8000000001
84558,34601,1,9.54,23830,227338.2
84559,34601,2,15.06,22910,345024.60000000003
84560,34601,3,7.18,20790,149272.19999999998
84561,34602,1,1.08,23830,25736.4
84562,34602,2,1.19,22910,27262.9
84563,34603,1,4.17,23830,99371.1
84564,34603,2,4.83,22910,110655.3
84565,34604,1,14.98,23830,356973.4
84566,34604,2,6.48,22910,148456.80000000002
84567,34604,3,11.15,20790,231808.5
84568,34605,1,1.55,23830,36936.5
84569,34605,2,10.14,22910,232307.4
84570,34605,3,13.87,20790,288357.3
84571,34606,1,1.75,23830,41702.5
84572,34606,2,4.19,22910,95992.9
84573,34607,1,4.44,23830,105805.2
84574,34607,2,2.18,22910,49943.8
84575,34608,1,3.52,23830,83881.6
84576,34608,2,3.83,22910,87745.3
84577,34609,1,3.89,23830,92698.7
84578,34609,2,2.03,22910,46507.3
84579,34610,1,2.88,23830,68630.4
84580,34610,2,3.7,22910,84767.0
84581,34611,1,3.86,23830,91983.8
84582,34611,2,3.14,22910,71937.40000000001
84583,34612,1,14.57,23830,347203.10000000003
84584,34612,2,14.1,22910,323031.0
84585,34612,3,16.0,20790,332640.0
84586,34613,1,18.19,23830,433467.7
84587,34613,2,13.42,22910,307452.2
84588,34613,3,7.37,20790,153222.3
84589,34614,1,1.26,23830,30025.8
84590,34614,2,8.52,22910,195193.2
84591,34614,3,2.72,20790,56548.8
84592,34615,1,3.13,23830,74587.9
84593,34615,2,3.95,22910,90494.5
84594,34616,1,18.99,23830,452531.7
84595,34616,2,17.77,22910,407110.7
84596,34616,3,5.19,20790,107900.1
84597,34617,1,4.13,23830,98417.9
84598,34617,2,4.64,22910,106302.4
84599,34618,1,1.75,23830,41702.5
84600,34618,2,1.94,22910,44445.4
84601,34619,1,4.51,23830,107473.3
84602,34619,2,2.46,22910,56358.6
84603,34620,1,2.27,23830,54094.1
84604,34620,2,1.21,22910,27721.1
84605,34621,1,4.58,23830,109141.4
84606,34621,2,2.66,22910,60940.600000000006
84607,34622,1,17.97,23830,428225.1
84608,34622,2,1.28,22910,29324.8
84609,34622,3,2.37,20790,49272.3
84610,34623,1,4.01,23830,95558.3
84611,34623,2,3.06,22910,70104.6
84612,34624,1,2.93,23830,69821.90000000001
84613,34624,2,4.35,22910,99658.5
84614,34625,1,4.72,23830,112477.6
84615,34625,2,3.95,22910,90494.5
84616,34626,1,1.44,23830,34315.2
84617,34626,2,1.32,22910,30241.2
84618,34627,1,18.29,23830,435850.7
84619,34627,2,19.3,22910,442163.0
84620,34627,3,4.29,20790,89189.1
84621,34628,1,1.12,23830,26689.6
84622,34628,2,1.78,22910,40779.8
84623,34629,1,2.19,23830,52187.7
84624,34629,2,1.29,22910,29553.9
84625,34630,1,4.21,23830,100324.3
84626,34630,2,4.13,22910,94618.3
84627,34631,1,5.96,23830,142026.8
84628,34631,2,18.57,22910,425438.7
84629,34631,3,19.64,20790,408315.6
84630,34632,1,13.8,23830,328854.0
84631,34632,2,7.38,22910,169075.8
84632,34632,3,15.22,20790,316423.8
84633,34633,1,4.25,23830,101277.5
84634,34633,2,2.44,22910,55900.4
84635,34634,1,8.86,23830,211133.8
84636,34634,2,2.62,22910,60024.2
84637,34634,3,7.77,20790,161538.3
84638,34635,1,1.53,23830,36459.9
84639,34635,2,1.39,22910,31844.9
84640,34636,1,3.21,23830,76494.3
84641,34636,2,4.06,22910,93014.6
84642,34637,1,3.28,23830,78162.4
84643,34637,2,4.79,22910,109738.9
84644,34638,1,2.98,23830,71013.4
84645,34638,2,1.05,22910,24055.5
84646,34639,1,2.68,23830,63864.4
84647,34639,2,19.86,22910,454992.6
84648,34639,3,3.73,20790,77546.7
84649,34640,1,3.33,23830,79353.90000000001
84650,34640,2,2.44,22910,55900.4
84651,34641,1,1.4,23830,33362.0
84652,34641,2,10.48,22910,240096.8
84653,34641,3,5.74,20790,119334.6
84654,34642,1,1.05,23830,25021.5
84655,34642,2,3.44,22910,78810.4
84656,34643,1,4.55,23830,108426.5
84657,34643,2,16.46,22910,377098.6
84658,34643,3,2.13,20790,44282.7
84659,34644,1,2.67,23830,63626.1
84660,34644,2,2.75,22910,63002.5
84661,34645,1,18.38,23830,437995.4
84662,34645,2,13.43,22910,307681.3
84663,34645,3,3.37,20790,70062.3
87604,35851,1,4.98,23830,118673.4
87605,35851,2,1.59,22910,36426.9
87606,35852,1,1.04,23830,24783.2
87607,35852,2,2.32,22910,53151.2
87608,35853,1,6.7,23830,159661.0
87609,35853,2,5.97,22910,136772.69999999998
87610,35853,3,7.08,20790,147193.2
87611,35854,1,1.27,23830,30264.1
87612,35854,2,1.3,22910,29783.0
87613,35855,1,2.06,23830,49089.8
87614,35855,2,4.47,22910,102407.7
87615,35856,1,18.09,23830,431084.7
87616,35856,2,9.99,22910,228870.9
87617,35856,3,11.32,20790,235342.8
87618,35857,1,1.02,23830,24306.6
87619,35857,2,4.99,22910,114320.9
87620,35858,1,3.61,23830,86026.3
87621,35858,2,4.55,22910,104240.5
87622,35859,1,1.85,23830,44085.5
87623,35859,2,2.4,22910,54984.0
87624,35860,1,12.0,23830,285960.0
87625,35860,2,12.61,22910,288895.1
87626,35860,3,3.86,20790,80249.4
87627,35861,1,2.72,23830,64817.600000000006
87628,35861,2,1.5,22910,34365.0
87629,35862,1,18.52,23830,441331.6
87630,35862,2,7.06,22910,161744.59999999998
87631,35862,3,3.15,20790,65488.5
87632,35863,1,11.39,23830,271423.7
87633,35863,2,8.54,22910,195651.4
87634,35863,3,16.38,20790,340540.19999999995
87635,35864,1,2.06,23830,49089.8
87636,35864,2,15.19,22910,348002.9
87637,35864,3,10.72,20790,222868.8
87638,35865,1,3.42,23830,81498.59999999999
87639,35865,2,2.94,22910,67355.4
87640,35866,1,4.77,23830,113669.1
87641,35866,2,3.45,22910,79039.5
87642,35867,1,1.01,23830,24068.3
87643,35867,2,2.47,22910,56587.7
87644,35868,1,1.64,23830,39081.2
87645,35868,2,8.01,22910,183509.1
87646,35868,3,14.43,20790,299999.7
87647,35869,1,3.76,23830,89600.79999999999
87648,35869,2,4.55,22910,104240.5
87649,35869,3,12.88,20790,267775.2
87650,35870,1,2.81,23830,66962.3
87651,35870,2,2.88,22910,65980.8
87652,35871,1,4.67,23830,111286.1
87653,35871,2,2.2,22910,50402.00000000001
87654,35872,1,4.63,23830,110332.9
87655,35872,2,2.96,22910,67813.6
87656,35873,1,4.07,23830,96988.1
87657,35873,2,4.61,22910,105615.1
87658,35874,1,14.54,23830,346488.19999999995
87659,35874,2,19.49,22910,446515.9
87660,35874,3,6.33,20790,131600.7
87661,35875,1,13.3,23830,316939.0
87662,35875,2,19.95,22910,457054.5
87663,35875,3,2.67,20790,55509.3
87664,35876,1,12.5,23830,297875.0
87665,35876,2,15.24,22910,349148.4
87666,35876,3,19.21,20790,399375.9
87667,35877,1,10.86,23830,258793.8
87668,35877,2,14.41,22910,330133.1
87669,35877,3,3.52,20790,73180.8
87670,35878,1,3.68,23830,87694.40000000001
87671,35878,2,4.65,22910,106531.5
87672,35879,1,4.37,23830,104137.1
87673,35879,2,2.47,22910,56587.7
87674,35880,1,1.44,23830,34315.2
87675,35880,2,2.53,22910,57962.3
87676,35881,1,2.55,23830,60766.49999999999
87677,35881,2,1.0,22910,22910.0
87678,35882,1,4.15,23830,98894.5
87679,35882,2,2.9,22910,66439.0
87680,35883,1,1.2,23830,28596.0
87681,35883,2,2.45,22910,56129.50000000001
87682,35884,1,1.39,23830,33123.7
87683,35884,2,2.81,22910,64377.1
87684,35885,1,5.9,23830,140597.0
87685,35885,2,10.75,22910,246282.5
87686,35885,3,19.41,20790,403533.9
87687,35886,1,4.08,23830,97226.4
87688,35886,2,7.35,22910,168388.5
87689,35886,3,5.32,20790,110602.8
87690,35887,1,2.89,23830,68868.7
87691,35887,2,4.43,22910,101491.3
87692,35888,1,2.03,23830,48374.9
87693,35888,2,1.85,22910,42383.5
87694,35889,1,2.41,23830,57430.3
87695,35889,2,18.62,22910,426584.2
87696,35889,3,5.17,20790,107484.3
87697,35890,1,2.73,23830,65055.9
87698,35890,2,2.13,22910,48798.3
87699,35891,1,19.34,23830,460872.2
87700,35891,2,10.0,22910,229100.0
87701,35891,3,17.92,20790,372556.8000000001
87702,35892,1,11.15,23830,265704.5
87703,35892,2,9.01,22910,206419.1
87704,35892,3,9.25,20790,192307.5
87705,35893,1,3.2,23830,76256.0
87706,35893,2,15.68,22910,359228.8
87707,35893,3,16.76,20790,348440.4
87708,35894,1,3.56,23830,84834.8
87709,35894,2,2.86,22910,65522.6
87710,35895,1,2.83,23830,67438.90000000001
87711,35895,2,4.11,22910,94160.1
87712,35896,1,2.54,23830,60528.2
87713,35896,2,1.83,22910,41925.3
87714,35897,1,9.98,23830,237823.4
87715,35897,2,16.41,22910,375953.1
87716,35897,3,4.72,20790,98128.8
87717,35898,1,3.29,23830,78400.7
87718,35898,2,2.24,22910,51318.4
87719,35899,1,5.98,23830,142503.40000000002
87720,35899,2,13.11,22910,300350.1
87721,35899,3,7.6,20790,158004.0
87722,35900,1,8.05,23830,191831.50000000003
87723,35900,2,1.07,22910,24513.7
87724,35900,3,2.38,20790,49480.2
87725,35901,1,4.84,23830,115337.2
87726,35901,2,1.42,22910,32532.2
87727,35902,1,2.35,23830,56000.5
87728,35902,2,1.02,22910,23368.2
87729,35903,1,3.93,23830,93651.9
87730,35903,2,3.03,22910,69417.29999999999
87731,35904,1,4.59,23830,109379.7
87732,35904,2,1.4,22910,32074.0
87733,35905,1,12.4,23830,295492.0
87734,35905,2,12.0,22910,274920.0
87735,35905,3,10.37,20790,215592.3
87736,35906,1,2.09,23830,49804.7
87737,35906,2,2.47,22910,56587.7
87738,35907,1,3.47,23830,82690.1
87739,35907,2,2.77,22910,63460.7
87740,35908,1,4.17,23830,99371.1
87741,35908,2,3.43,22910,78581.3
87742,35908,3,3.58,20790,74428.2
87743,35909,1,4.88,23830,116290.4
87744,35909,2,3.24,22910,74228.40000000001
87745,35910,1,1.26,23830,30025.8
87746,35910,2,18.97,22910,434602.7
87747,35910,3,4.12,20790,85654.8
87748,35911,1,12.74,23830,303594.2
87749,35911,2,2.28,22910,52234.8
87750,35911,3,13.56,20790,281912.4
87751,35912,1,11.2,23830,266896.0
87752,35912,2,6.19,22910,141812.90000000002
87753,35912,3,12.1,20790,251559.0
87754,35913,1,5.31,23830,126537.3
87755,35913,2,14.66,22910,335860.6
87756,35913,3,13.49,20790,280457.1
87757,35914,1,2.64,23830,62911.2
87758,35914,2,4.7,22910,107677.0
87759,35915,1,3.58,23830,85311.40000000001
87760,35915,2,4.7,22910,107677.0
87761,35916,1,2.21,23830,52664.3
87762,35916,2,2.57,22910,58878.7
87763,35917,1,15.28,23830,364122.4
87764,35917,2,1.38,22910,31615.8
87765,35917,3,19.47,20790,404781.3
87766,35918,1,2.33,23830,55523.9
87767,35918,2,4.4,22910,100804.0
90744,37141,1,3.14,23830,74826.2
90745,37141,2,4.98,22910,114091.8
90746,37142,1,1.25,23830,29787.5
90747,37142,2,4.03,22910,92327.3
90748,37143,1,15.41,23830,367220.3
90749,37143,2,13.14,22910,301037.4
90750,37143,3,4.76,20790,98960.4
90751,37144,1,2.79,23830,66485.7
90752,37144,2,3.23,22910,73999.3
90753,37145,1,4.39,23830,104613.7
90754,37145,2,12.51,22910,286604.1
90755,37145,3,8.27,20790,171933.3
90756,37146,1,12.01,23830,286198.3
90757,37146,2,5.18,22910,118673.8
90758,37146,3,11.31,20790,235134.9
90759,37147,1,4.45,23830,106043.5
90760,37147,2,2.55,22910,58420.49999999999
90761,37148,1,1.7,23830,40511.0
90762,37148,2,1.05,22910,24055.5
90763,37149,1,9.2,23830,219236.0
90764,37149,2,10.41,22910,238493.1
90765,37149,3,10.02,20790,208315.8
90766,37150,1,4.3,23830,102469.0
90767,37150,2,1.36,22910,31157.6
90768,37151,1,2.52,23830,60051.6
90769,37151,2,4.24,22910,97138.4
90770,37152,1,7.41,23830,176580.30000000002
90771,37152,2,17.25,22910,395197.5
90772,37152,3,19.11,20790,397296.9
90773,37153,1,9.16,23830,218282.8
90774,37153,2,2.1,22910,48111.0
90775,37153,3,6.66,20790,138461.4
90776,37154,1,3.55,23830,84596.5
90777,37154,2,1.23,22910,28179.3
90778,37155,1,16.88,23830,402250.4
90779,37155,2,12.28,22910,281334.8
90780,37155,3,19.04,20790,395841.6
90781,37156,1,6.49,23830,154656.7
90782,37156,2,1.53,22910,35052.3
90783,37156,3,10.32,20790,214552.8
90784,37157,1,9.98,23830,237823.4
90785,37157,2,12.45,22910,285229.5
90786,37157,3,16.44,20790,341787.60000000003
90787,37158,1,19.18,23830,457059.4
90788,37158,2,10.05,22910,230245.50000000003
90789,37158,3,10.56,20790,219542.4
90790,37159,1,4.8,23830,114384.0
90791,37159,2,7.25,22910,166097.5
90792,37159,3,17.55,20790,364864.5
90793,37160,1,19.9,23830,474217.0
90794,37160,2,9.27,22910,212375.7
90795,37160,3,13.47,20790,280041.3
90796,37161,1,4.47,23830,106520.1
90797,37161,2,1.18,22910,27033.8
90798,37162,1,3.85,23830,91745.5
90799,37162,2,2.81,22910,64377.1
90800,37163,1,18.28,23830,435612.4
90801,37163,2,7.69,22910,176177.90000000002
90802,37163,3,10.25,20790,213097.5
90803,37164,1,11.06,23830,263559.8
90804,37164,2,12.44,22910,285000.4
90805,37164,3,2.28,20790,47401.2
90806,37165,1,4.88,23830,116290.4
90807,37165,2,1.38,22910,31615.8
90808,37166,1,16.61,23830,395816.3
90809,37166,2,17.52,22910,401383.2
90810,37166,3,6.78,20790,140956.2
90811,37167,1,8.45,23830,201363.5
90812,37167,2,8.23,22910,188549.3
90813,37167,3,15.9,20790,330561.0
90814,37168,1,3.22,23830,76732.6
90815,37168,2,3.64,22910,83392.40000000001
90816,37168,3,12.77,20790,265488.3
90817,37169,1,10.52,23830,250691.6
90818,37169,2,1.39,22910,31844.9
90819,37169,3,14.41,20790,299583.9
90820,37170,1,3.58,23830,85311.40000000001
90821,37170,2,7.33,22910,167930.3
90822,37170,3,7.76,20790,161330.4
90823,37171,1,3.65,23830,86979.5
90824,37171,2,1.14,22910,26117.4
90825,37172,1,15.94,23830,379850.2
90826,37172,2,6.57,22910,150518.7
90827,37172,3,2.14,20790,44490.600000000006
90828,37173,1,1.16,23830,27642.8
90829,37173,2,4.23,22910,96909.3
90830,37174,1,1.82,23830,43370.6
90831,37174,2,4.95,22910,113404.5
90832,37175,1,3.76,23830,89600.79999999999
90833,37175,2,2.26,22910,51776.6
90834,37176,1,3.51,23830,83643.29999999999
90835,37176,2,4.27,22910,97825.7
90836,37177,1,4.14,23830,98656.2
90837,37177,2,4.52,22910,103553.2
90838,37178,1,4.78,23830,113907.4
90839,37178,2,3.95,22910,90494.5
90840,37178,3,14.74,20790,306444.6
90841,37179,1,2.0,23830,47660.0
90842,37179,2,17.41,22910,398863.1
90843,37179,3,16.71,20790,347400.9
90844,37180,1,15.68,23830,373654.4
90845,37180,2,1.72,22910,39405.2
90846,37180,3,10.46,20790,217463.4
90847,37181,1,4.9,23830,116767.0
90848,37181,2,2.62,22910,60024.2
90849,37182,1,16.93,23830,403441.9
90850,37182,2,6.06,22910,138834.59999999998
90851,37182,3,14.87,20790,309147.3
90852,37183,1,1.7,23830,40511.0
90853,37183,2,3.45,22910,79039.5
90854,37184,1,18.69,23830,445382.7
90855,37184,2,9.36,22910,214437.6
90856,37184,3,16.22,20790,337213.8
90857,37185,1,1.17,23830,27881.1
90858,37185,2,4.33,22910,99200.3
90859,37186,1,7.76,23830,184920.8
90860,37186,2,9.42,22910,215812.2
90861,37186,3,10.78,20790,224116.2
90862,37187,1,5.03,23830,119864.9
90863,37187,2,17.75,22910,406652.5
90864,37187,3,5.62,20790,116839.8
90865,37188,1,1.37,23830,32647.1
90866,37188,2,3.73,22910,85454.3
90867,37189,1,4.37,23830,104137.1
90868,37189,2,4.14,22910,94847.4
90869,37190,1,13.87,23830,330522.1
90870,37190,2,7.08,22910,162202.8
90871,37190,3,14.11,20790,293346.9
90872,37191,1,4.78,23830,113907.4
90873,37191,2,3.75,22910,85912.5
90874,37192,1,1.42,23830,33838.6
90875,37192,2,3.73,22910,85454.3
90876,37193,1,1.69,23830,40272.7
90877,37193,2,1.81,22910,41467.1
90878,37194,1,14.1,23830,336003.0
90879,37194,2,4.22,22910,96680.2
90880,37194,3,1.07,20790,22245.300000000003
90881,37195,1,10.6,23830,252598.0
90882,37195,2,2.79,22910,63918.9
90883,37195,3,19.01,20790,395217.9
90884,37196,1,4.85,23830,115575.5
90885,37196,2,4.15,22910,95076.5
90886,37196,3,13.39,20790,278378.10000000003
90887,37197,1,17.23,23830,410590.9
90888,37197,2,2.11,22910,48340.1
90889,37197,3,9.84,20790,204573.6
90890,37198,1,3.86,23830,91983.8
90891,37198,2,3.31,22910,75832.1
90892,37199,1,5.3,23830,126299.0
90893,37199,2,19.85,22910,454763.50000000006
90894,37199,3,13.01,20790,270477.9
90895,37200,1,15.06,23830,358879.8
90896,37200,2,15.09,22910,345711.9
90897,37200,3,13.02,20790,270685.8
90898,37201,1,2.01,23830,47898.3
90899,37201,2,3.71,22910,84996.1
93844,38399,1,15.68,23830,373654.4
93845,38399,2,12.32,22910,282251.2
93846,38399,3,15.65,20790,325363.5
93847,38400,1,4.35,23830,103660.5
93848,38400,2,4.08,22910,93472.8
93849,38401,1,15.46,23830,368411.8000000001
93850,38401,2,6.98,22910,159911.80000000002
93851,38401,3,5.46,20790,113513.4
93852,38402,1,17.51,23830,417263.3000000001
93853,38402,2,17.42,22910,399092.2
93854,38402,3,7.83,20790,162785.7
93855,38403,1,1.78,23830,42417.4
93856,38403,2,4.36,22910,99887.6
93857,38404,1,12.49,23830,297636.7
93858,38404,2,11.95,22910,273774.5
93859,38404,3,7.88,20790,163825.2
93860,38405,1,1.38,23830,32885.399999999994
93861,38405,2,1.61,22910,36885.100000000006
93862,38406,1,3.28,23830,78162.4
93863,38406,2,3.46,22910,79268.6
93864,38407,1,1.45,23830,34553.5
93865,38407,2,4.1,22910,93931.0
93866,38408,1,19.37,23830,461587.1
93867,38408,2,5.92,22910,135627.2
93868,38408,3,9.94,20790,206652.6
93869,38409,1,2.59,23830,61719.7
93870,38409,2,3.42,22910,78352.2
93871,38410,1,1.63,23830,38842.9
93872,38410,2,4.16,22910,95305.6
93873,38411,1,11.95,23830,284768.5
93874,38411,2,5.73,22910,131274.30000000002
93875,38411,3,13.98,20790,290644.2
93876,38412,1,3.21,23830,76494.3
93877,38412,2,4.19,22910,95992.9
93878,38412,3,11.86,20790,246569.4
93879,38413,1,4.74,23830,112954.2
93880,38413,2,3.63,22910,83163.3
93881,38414,1,2.1,23830,50043.0
93882,38414,2,2.67,22910,61169.7
93883,38415,1,2.09,23830,49804.7
93884,38415,2,14.79,22910,338838.9
93885,38415,3,14.83,20790,308315.7
93886,38416,1,4.51,23830,107473.3
93887,38416,2,4.93,22910,112946.3
93888,38417,1,2.18,23830,51949.4
93889,38417,2,1.05,22910,24055.5
93890,38418,1,8.76,23830,208750.8
93891,38418,2,12.73,22910,291644.3
93892,38418,3,4.62,20790,96049.8
93893,38419,1,2.38,23830,56715.4
93894,38419,2,1.86,22910,42612.600000000006
93895,38420,1,2.86,23830,68153.8
93896,38420,2,1.39,22910,31844.9
93897,38421,1,1.19,23830,28357.7
93898,38421,2,1.06,22910,24284.6
93899,38422,1,2.58,23830,61481.4
93900,38422,2,3.14,22910,71937.40000000001
93901,38423,1,4.68,23830,111524.4
93902,38423,2,1.41,22910,32303.1
93903,38424,1,4.02,23830,95796.6
93904,38424,2,1.13,22910,25888.3
93905,38425,1,13.08,23830,311696.4
93906,38425,2,7.34,22910,168159.4
93907,38425,3,15.7,20790,326403.0
93908,38426,1,4.18,23830,99609.4
93909,38426,2,2.7,22910,61857.00000000001
93910,38427,1,1.42,23830,33838.6
93911,38427,2,18.63,22910,426813.3
93912,38427,3,8.64,20790,179625.6
93913,38428,1,3.76,23830,89600.79999999999
93914,38428,2,1.93,22910,44216.3
93915,38429,1,12.77,23830,304309.1
93916,38429,2,15.25,22910,349377.5
93917,38429,3,4.73,20790,98336.7
93918,38430,1,13.35,23830,318130.5
93919,38430,2,17.89,22910,409859.9
93920,38430,3,16.44,20790,341787.60000000003
93921,38431,1,2.28,23830,54332.4
93922,38431,2,2.64,22910,60482.4
93923,38432,1,7.65,23830,182299.5
93924,38432,2,16.54,22910,378931.4
93925,38432,3,11.1,20790,230769.0
93926,38433,1,6.01,23830,143218.3
93927,38433,2,8.67,22910,198629.7
93928,38433,3,14.45,20790,300415.5
93929,38434,1,6.44,23830,153465.2
93930,38434,2,5.67,22910,129899.7
93931,38434,3,2.43,20790,50519.7
93932,38435,1,3.12,23830,74349.6
93933,38435,2,1.6,22910,36656.0
93934,38436,1,17.64,23830,420361.2
93935,38436,2,2.8,22910,64147.99999999999
93936,38436,3,16.64,20790,345945.60000000003
93937,38437,1,18.69,23830,445382.7
93938,38437,2,10.78,22910,246969.8
93939,38437,3,9.84,20790,204573.6
93940,38438,1,6.69,23830,159422.7
93941,38438,2,4.88,22910,111800.8
93942,38438,3,16.88,20790,350935.19999999995
93943,38439,1,17.37,23830,413927.1
93944,38439,2,6.39,22910,146394.9
93945,38439,3,3.42,20790,71101.8
93946,38440,1,4.95,23830,117958.5
93947,38440,2,1.95,22910,44674.5
93948,38441,1,13.96,23830,332666.80000000005
93949,38441,2,12.24,22910,280418.4
93950,38441,3,19.92,20790,414136.8000000001
93951,38442,1,3.86,23830,91983.8
93952,38442,2,2.18,22910,49943.8
93953,38443,1,4.73,23830,112715.9
93954,38443,2,3.74,22910,85683.40000000001
93955,38444,1,3.07,23830,73158.09999999999
93956,38444,2,4.18,22910,95763.8
93957,38445,1,17.4,23830,414642.0
93958,38445,2,9.16,22910,209855.6
93959,38445,3,15.58,20790,323908.2
93960,38446,1,1.83,23830,43608.9
93961,38446,2,4.44,22910,101720.4
93962,38447,1,2.14,23830,50996.2
93963,38447,2,2.58,22910,59107.8
93964,38448,1,8.78,23830,209227.4
93965,38448,2,13.9,22910,318449.0
93966,38448,3,9.69,20790,201455.1
93967,38449,1,15.41,23830,367220.3
93968,38449,2,14.02,22910,321198.2
93969,38449,3,8.4,20790,174636.0
93970,38450,1,1.0,23830,23830.0
93971,38450,2,1.75,22910,40092.5
93972,38451,1,4.64,23830,110571.2
93973,38451,2,2.46,22910,56358.6
93974,38452,1,9.66,23830,230197.8
93975,38452,2,15.43,22910,353501.3
93976,38452,3,10.91,20790,226818.9
93977,38453,1,2.75,23830,65532.5
93978,38453,2,2.51,22910,57504.1
93979,38454,1,4.98,23830,118673.4
93980,38454,2,1.18,22910,27033.8
93981,38455,1,1.5,23830,35745.0
93982,38455,2,1.44,22910,32990.4
93983,38456,1,2.18,23830,51949.4
93984,38456,2,1.78,22910,40779.8
93985,38457,1,3.03,23830,72204.9
93986,38457,2,3.51,22910,80414.09999999999
93987,38458,1,2.94,23830,70060.2
93988,38458,2,3.09,22910,70791.9
93989,38459,1,6.15,23830,146554.5
93990,38459,2,10.99,22910,251780.9
93991,38459,3,13.8,20790,286902.0
93992,38460,1,2.11,23830,50281.3
93993,38460,2,4.33,22910,99200.3
93994,38461,1,1.59,23830,37889.7
93995,38461,2,3.13,22910,71708.3
93996,38462,1,3.26,23830,77685.79999999999
93997,38462,2,9.02,22910,206648.2
93998,38462,3,2.46,20790,51143.4
96971,39688,1,4.44,23830,105805.2
96972,39688,2,12.79,22910,293018.9
96973,39688,3,9.15,20790,190228.5
96974,39689,1,7.15,23830,170384.5
96975,39689,2,2.91,22910,66668.1
96976,39689,3,14.19,20790,295010.1
96977,39690,1,6.37,23830,151797.1
96978,39690,2,7.53,22910,172512.30000000002
96979,39690,3,7.24,20790,150519.6
96980,39691,1,1.93,23830,45991.9
96981,39691,2,4.81,22910,110197.1
96982,39692,1,2.39,23830,56953.7
96983,39692,2,3.85,22910,88203.5
96984,39693,1,3.72,23830,88647.6
96985,39693,2,2.62,22910,60024.2
96986,39694,1,15.68,23830,373654.4
96987,39694,2,3.66,22910,83850.6
96988,39694,3,8.47,20790,176091.30000000002
96989,39695,1,2.95,23830,70298.5
96990,39695,2,4.08,22910,93472.8
96991,39695,3,19.17,20790,398544.3000000001
96992,39696,1,4.9,23830,116767.0
96993,39696,2,3.95,22910,90494.5
96994,39696,3,5.53,20790,114968.7
96995,39697,1,4.95,23830,117958.5
96996,39697,2,2.39,22910,54754.9
96997,39698,1,19.93,23830,474931.9
96998,39698,2,12.92,22910,295997.2
96999,39698,3,16.03,20790,333263.7
97000,39699,1,16.18,23830,385569.4
97001,39699,2,13.07,22910,299433.7
97002,39699,3,3.62,20790,75259.8
97003,39700,1,19.65,23830,468259.5
97004,39700,2,17.1,22910,391761.00000000006
97005,39700,3,7.63,20790,158627.7
97006,39701,1,2.79,23830,66485.7
97007,39701,2,4.46,22910,102178.6
97008,39702,1,11.98,23830,285483.4
97009,39702,2,17.07,22910,391073.7
97010,39702,3,9.79,20790,203534.1
97011,39703,1,17.54,23830,417978.2
97012,39703,2,12.84,22910,294164.4
97013,39703,3,3.06,20790,63617.4
97014,39704,1,1.98,23830,47183.4
97015,39704,2,13.44,22910,307910.4
97016,39704,3,15.32,20790,318502.8
97017,39705,1,4.33,23830,103183.9
97018,39705,2,2.3,22910,52692.99999999999
97019,39706,1,4.22,23830,100562.6
97020,39706,2,1.42,22910,32532.2
97021,39707,1,4.49,23830,106996.7
97022,39707,2,2.14,22910,49027.4
97023,39708,1,4.31,23830,102707.3
97024,39708,2,10.67,22910,244449.7
97025,39708,3,15.46,20790,321413.4
97026,39709,1,3.03,23830,72204.9
97027,39709,2,2.82,22910,64606.2
97028,39710,1,1.0,23830,23830.0
97029,39710,2,4.33,22910,99200.3
97030,39711,1,1.69,23830,40272.7
97031,39711,2,4.94,22910,113175.4
97032,39712,1,7.91,23830,188495.3
97033,39712,2,9.08,22910,208022.8
97034,39712,3,15.8,20790,328482.0
97035,39713,1,10.78,23830,256887.4
97036,39713,2,10.48,22910,240096.8
97037,39713,3,10.47,20790,217671.3
97038,39714,1,4.64,23830,110571.2
97039,39714,2,4.8,22910,109968.0
97040,39715,1,1.21,23830,28834.3
97041,39715,2,2.54,22910,58191.4
97042,39716,1,5.17,23830,123201.1
97043,39716,2,7.78,22910,178239.80000000002
97044,39716,3,19.95,20790,414760.5
97045,39717,1,14.29,23830,340530.69999999995
97046,39717,2,15.42,22910,353272.2
97047,39717,3,12.11,20790,251766.9
97048,39718,1,4.12,23830,98179.6
97049,39718,2,7.71,22910,176636.1
97050,39718,3,1.56,20790,32432.4
97051,39719,1,2.49,23830,59336.7
97052,39719,2,2.18,22910,49943.8
97053,39720,1,2.92,23830,69583.59999999999
97054,39720,2,4.25,22910,97367.5
97055,39721,1,1.28,23830,30502.4
97056,39721,2,3.19,22910,73082.9
97057,39722,1,14.91,23830,355305.3
97058,39722,2,7.46,22910,170908.6
97059,39722,3,7.51,20790,156132.9
97060,39723,1,1.09,23830,25974.7
97061,39723,2,4.8,22910,109968.0
97062,39724,1,8.22,23830,195882.6
97063,39724,2,13.47,22910,308597.7
97064,39724,3,8.65,20790,179833.5
97065,39725,1,3.28,23830,78162.4
97066,39725,2,4.39,22910,100574.9
97067,39726,1,9.2,23830,219236.0
97068,39726,2,2.14,22910,49027.4
97069,39726,3,17.5,20790,363825.0
97070,39727,1,1.94,23830,46230.2
97071,39727,2,3.05,22910,69875.5
97072,39728,1,10.22,23830,243542.6
97073,39728,2,13.37,22910,306306.69999999995
97074,39728,3,6.75,20790,140332.5
97075,39729,1,1.68,23830,40034.4
97076,39729,2,4.74,22910,108593.4
97077,39730,1,14.33,23830,341483.9
97078,39730,2,4.7,22910,107677.0
97079,39730,3,16.46,20790,342203.4
97080,39731,1,11.35,23830,270470.5
97081,39731,2,4.31,22910,98742.1
97082,39731,3,12.12,20790,251974.8
97083,39732,1,13.15,23830,313364.5
97084,39732,2,1.58,22910,36197.8
97085,39732,3,12.4,20790,257796.0
97086,39733,1,3.12,23830,74349.6
97087,39733,2,1.29,22910,29553.9
97088,39734,1,8.46,23830,201601.8
97089,39734,2,13.06,22910,299204.60000000003
97090,39734,3,2.88,20790,59875.2
97091,39735,1,10.78,23830,256887.4
97092,39735,2,8.89,22910,203669.9
97093,39735,3,19.97,20790,415176.3
97094,39736,1,4.8,23830,114384.0
97095,39736,2,17.91,22910,410318.1
97096,39736,3,13.08,20790,271933.2
97097,39737,1,4.68,23830,111524.4
97098,39737,2,4.42,22910,101262.2
97099,39738,1,2.35,23830,56000.5
97100,39738,2,9.81,22910,224747.1
97101,39738,3,12.41,20790,258003.9
97102,39739,1,14.29,23830,340530.69999999995
97103,39739,2,13.53,22910,309972.3
97104,39739,3,10.08,20790,209563.2
97105,39740,1,1.67,23830,39796.1
97106,39740,2,1.34,22910,30699.4
97107,39741,1,3.57,23830,85073.09999999999
97108,39741,2,3.68,22910,84308.8
97109,39742,1,1.55,23830,36936.5
97110,39742,2,4.84,22910,110884.4
100121,40988,1,2.87,23830,68392.1
100122,40988,2,2.96,22910,67813.6
100123,40989,1,3.57,23830,85073.09999999999
100124,40989,2,3.13,22910,71708.3
100125,40990,1,2.87,23830,68392.1
100126,40990,2,2.21,22910,50631.1
100127,40991,1,1.71,23830,40749.3
100128,40991,2,3.82,22910,87516.2
100129,40992,1,17.2,23830,409876.0
100130,40992,2,7.93,22910,181676.3
100131,40992,3,8.36,20790,173804.4
100132,40993,1,3.62,23830,86264.6
100133,40993,2,6.28,22910,143874.80000000002
100134,40993,3,6.74,20790,140124.6
100135,40994,1,5.1,23830,121533.0
100136,40994,2,4.82,22910,110426.2
100137,40994,3,3.97,20790,82536.3
100138,40995,1,1.59,23830,37889.7
100139,40995,2,3.88,22910,88890.8
100140,40996,1,3.52,23830,83881.6
100141,40996,2,3.41,22910,78123.1
100142,40997,1,4.2,23830,100086.0
100143,40997,2,1.32,22910,30241.2
100144,40998,1,4.57,23830,108903.1
100145,40998,2,1.47,22910,33677.7
100146,40999,1,7.61,23830,181346.3
100147,40999,2,13.59,22910,311346.9
100148,40999,3,16.71,20790,347400.9
100149,41000,1,3.15,23830,75064.5
100150,41000,2,1.15,22910,26346.5
100151,41001,1,4.59,23830,109379.7
100152,41001,2,2.13,22910,48798.3
100153,41002,1,2.23,23830,53140.9
100154,41002,2,3.62,22910,82934.2
100155,41003,1,4.63,23830,110332.9
100156,41003,2,2.64,22910,60482.4
100157,41004,1,1.48,23830,35268.4
100158,41004,2,1.21,22910,27721.1
100159,41005,1,4.26,23830,101515.8
100160,41005,2,13.58,22910,311117.8
100161,41005,3,4.18,20790,86902.2
100162,41006,1,18.34,23830,437042.2
100163,41006,2,11.01,22910,252239.1
100164,41006,3,5.55,20790,115384.5
100165,41007,1,17.58,23830,418931.4
100166,41007,2,3.02,22910,69188.2
100167,41007,3,10.97,20790,228066.3
100168,41008,1,19.32,23830,460395.6
100169,41008,2,6.04,22910,138376.4
100170,41008,3,7.01,20790,145737.9
100171,41009,1,6.62,23830,157754.6
100172,41009,2,11.58,22910,265297.8
100173,41009,3,17.55,20790,364864.5
100174,41010,1,9.24,23830,220189.2
100175,41010,2,7.2,22910,164952.0
100176,41010,3,19.35,20790,402286.50000000006
100177,41011,1,4.54,23830,108188.2
100178,41011,2,1.65,22910,37801.5
100179,41012,1,13.18,23830,314079.4
100180,41012,2,1.57,22910,35968.700000000004
100181,41012,3,16.08,20790,334303.19999999995
100182,41013,1,3.78,23830,90077.4
100183,41013,2,16.58,22910,379847.8
100184,41013,3,4.12,20790,85654.8
100185,41014,1,12.79,23830,304785.69999999995
100186,41014,2,10.47,22910,239867.7
100187,41014,3,10.21,20790,212265.9
100188,41015,1,2.39,23830,56953.7
100189,41015,2,3.17,22910,72624.7
100190,41016,1,2.88,23830,68630.4
100191,41016,2,1.63,22910,37343.3
100192,41017,1,15.87,23830,378182.1
100193,41017,2,16.5,22910,378015.0
100194,41017,3,18.1,20790,376299.00000000006
100195,41018,1,17.95,23830,427748.5
100196,41018,2,4.21,22910,96451.1
100197,41018,3,3.48,20790,72349.2
100198,41019,1,10.74,23830,255934.2
100199,41019,2,11.1,22910,254301.0
100200,41019,3,13.65,20790,283783.5
100201,41020,1,8.68,23830,206844.4
100202,41020,2,5.62,22910,128754.2
100203,41020,3,6.56,20790,136382.4
100204,41021,1,15.82,23830,376990.6
100205,41021,2,7.71,22910,176636.1
100206,41021,3,7.81,20790,162369.9
100207,41022,1,1.56,23830,37174.8
100208,41022,2,4.33,22910,99200.3
100209,41023,1,5.34,23830,127252.2
100210,41023,2,16.61,22910,380535.1
100211,41023,3,11.7,20790,243243.0
100212,41024,1,5.69,23830,135592.7
100213,41024,2,15.38,22910,352355.80000000005
100214,41024,3,16.88,20790,350935.19999999995
100215,41025,1,4.16,23830,99132.8
100216,41025,2,1.02,22910,23368.2
100217,41026,1,2.99,23830,71251.70000000001
100218,41026,2,3.61,22910,82705.09999999999
100219,41027,1,4.73,23830,112715.9
100220,41027,2,14.75,22910,337922.5
100221,41027,3,5.86,20790,121829.4
100222,41028,1,1.39,23830,33123.7
100223,41028,2,1.1,22910,25201.000000000004
100224,41029,1,3.2,23830,76256.0
100225,41029,2,5.0,22910,114550.0
100226,41030,1,4.68,23830,111524.4
100227,41030,2,2.18,22910,49943.8
100228,41031,1,3.56,23830,84834.8
100229,41031,2,4.92,22910,112717.2
100230,41032,1,4.11,23830,97941.3
100231,41032,2,3.6,22910,82476.0
100232,41033,1,1.82,23830,43370.6
100233,41033,2,1.5,22910,34365.0
100234,41034,1,3.97,23830,94605.1
100235,41034,2,4.04,22910,92556.4
100236,41035,1,3.62,23830,86264.6
100237,41035,2,1.75,22910,40092.5
100238,41036,1,2.75,23830,65532.5
100239,41036,2,6.65,22910,152351.5
100240,41036,3,10.37,20790,215592.3
100241,41037,1,6.85,23830,163235.5
100242,41037,2,2.3,22910,52692.99999999999
100243,41037,3,3.86,20790,80249.4
100244,41038,1,2.62,23830,62434.600000000006
100245,41038,2,3.66,22910,83850.6
100246,41039,1,10.45,23830,249023.5
100247,41039,2,12.83,22910,293935.3
100248,41039,3,6.04,20790,125571.6
100249,41040,1,5.84,23830,139167.19999999998
100250,41040,2,9.23,22910,211459.3
100251,41040,3,13.68,20790,284407.2
100252,41041,1,14.9,23830,355067.0
100253,41041,2,2.93,22910,67126.3
100254,41041,3,19.25,20790,400207.5
100255,41042,1,9.76,23830,232580.8
100256,41042,2,5.97,22910,136772.69999999998
100257,41042,3,3.79,20790,78794.1
100258,41043,1,3.17,23830,75541.09999999999
100259,41043,2,4.74,22910,108593.4
100260,41043,3,15.73,20790,327026.7
100261,41044,1,11.94,23830,284530.2
100262,41044,2,3.06,22910,70104.6
100263,41044,3,10.77,20790,223908.3
100264,41045,1,3.41,23830,81260.3
100265,41045,2,4.72,22910,108135.2
100266,41046,1,3.32,23830,79115.59999999999
100267,41046,2,3.63,22910,83163.3
100268,41047,1,3.5,23830,83405.0
100269,41047,2,1.71,22910,39176.1
100270,41048,1,15.88,23830,378420.4
100271,41048,2,3.18,22910,72853.8
100272,41048,3,15.68,20790,325987.2
100273,41049,1,1.63,23830,38842.9
100274,41049,2,2.96,22910,67813.6
100275,41050,1,1.23,23830,29310.9
100276,41050,2,4.3,22910,98513.0
100277,41051,1,4.67,23830,111286.1
100278,41051,2,1.05,22910,24055.5
100279,41052,1,1.21,23830,28834.3
100280,41052,2,1.87,22910,42841.7
100281,41053,1,2.75,23830,65532.5
100282,41053,2,4.4,22910,100804.0
103287,42287,1,4.75,23830,113192.5
103288,42287,2,4.21,22910,96451.1
103289,42288,1,1.15,23830,27404.5
103290,42288,2,3.02,22910,69188.2
103291,42289,1,2.52,23830,60051.6
103292,42289,2,2.48,22910,56816.8
103293,42290,1,4.27,23830,101754.1
103294,42290,2,1.98,22910,45361.8
103295,42291,1,19.94,23830,475170.2
103296,42291,2,14.42,22910,330362.2
103297,42291,3,17.03,20790,354053.7
103298,42292,1,15.03,23830,358164.9
103299,42292,2,10.43,22910,238951.3
103300,42292,3,18.02,20790,374635.8
103301,42293,1,2.31,23830,55047.3
103302,42293,2,2.95,22910,67584.5
103303,42294,1,8.51,23830,202793.3
103304,42294,2,5.45,22910,124859.5
103305,42294,3,15.52,20790,322660.8
103306,42295,1,14.71,23830,350539.30000000005
103307,42295,2,1.56,22910,35739.6
103308,42295,3,17.44,20790,362577.6
103309,42296,1,17.92,23830,427033.6
103310,42296,2,13.97,22910,320052.7
103311,42296,3,9.9,20790,205821.0
103312,42297,1,4.38,23830,104375.4
103313,42297,2,12.48,22910,285916.8
103314,42297,3,13.33,20790,277130.7
103315,42298,1,2.54,23830,60528.2
103316,42298,2,3.27,22910,74915.7
103317,42299,1,4.49,23830,106996.7
103318,42299,2,4.9,22910,112259.0
103319,42300,1,6.63,23830,157992.9
103320,42300,2,14.05,22910,321885.5
103321,42300,3,3.49,20790,72557.1
103322,42301,1,14.34,23830,341722.2
103323,42301,2,4.4,22910,100804.0
103324,42301,3,5.51,20790,114552.9
103325,42302,1,2.88,23830,68630.4
103326,42302,2,3.66,22910,83850.6
103327,42303,1,1.92,23830,45753.6
103328,42303,2,2.8,22910,64147.99999999999
103329,42304,1,3.59,23830,85549.7
103330,42304,2,4.58,22910,104927.8
103331,42305,1,13.63,23830,324802.9
103332,42305,2,15.29,22910,350293.9
103333,42305,3,7.13,20790,148232.7
103334,42306,1,2.0,23830,47660.0
103335,42306,2,1.36,22910,31157.6
103336,42307,1,4.37,23830,104137.1
103337,42307,2,3.62,22910,82934.2
103338,42308,1,3.88,23830,92460.4
103339,42308,2,1.6,22910,36656.0
103340,42309,1,2.74,23830,65294.2
103341,42309,2,1.65,22910,37801.5
103342,42310,1,17.79,23830,423935.7
103343,42310,2,7.23,22910,165639.30000000002
103344,42310,3,17.36,20790,360914.4
103345,42311,1,13.14,23830,313126.2
103346,42311,2,19.61,22910,449265.1
103347,42311,3,15.41,20790,320373.9
103348,42312,1,17.0,23830,405110.0
103349,42312,2,6.5,22910,148915.0
103350,42312,3,13.09,20790,272141.1
103351,42313,1,4.81,23830,114622.3
103352,42313,2,1.34,22910,30699.4
103353,42314,1,1.48,23830,35268.4
103354,42314,2,3.69,22910,84537.9
103355,42315,1,1.48,23830,35268.4
103356,42315,2,4.86,22910,111342.6
103357,42316,1,1.61,23830,38366.3
103358,42316,2,4.06,22910,93014.6
103359,42317,1,2.03,23830,48374.9
103360,42317,2,4.34,22910,99429.4
103361,42318,1,1.11,23830,26451.300000000003
103362,42318,2,3.28,22910,75144.79999999999
103363,42319,1,5.24,23830,124869.2
103364,42319,2,10.04,22910,230016.4
103365,42319,3,15.16,20790,315176.4
103366,42320,1,10.14,23830,241636.2
103367,42320,2,13.91,22910,318678.1
103368,42320,3,19.53,20790,406028.7
103369,42321,1,4.15,23830,98894.5
103370,42321,2,3.95,22910,90494.5
103371,42322,1,5.5,23830,131065.0
103372,42322,2,3.98,22910,91181.8
103373,42322,3,12.47,20790,259251.3
103374,42323,1,4.93,23830,117481.9
103375,42323,2,2.83,22910,64835.3
103376,42324,1,9.67,23830,230436.1
103377,42324,2,7.76,22910,177781.6
103378,42324,3,18.46,20790,383783.4
103379,42325,1,2.58,23830,61481.4
103380,42325,2,1.61,22910,36885.100000000006
103381,42326,1,3.07,23830,73158.09999999999
103382,42326,2,1.45,22910,33219.5
103383,42327,1,2.76,23830,65770.79999999999
103384,42327,2,3.39,22910,77664.90000000001
103385,42328,1,4.3,23830,102469.0
103386,42328,2,9.12,22910,208939.2
103387,42328,3,9.93,20790,206444.7
103388,42329,1,5.0,23830,119150.0
103389,42329,2,3.7,22910,84767.0
103390,42330,1,2.89,23830,68868.7
103391,42330,2,3.57,22910,81788.7
103392,42331,1,3.93,23830,93651.9
103393,42331,2,3.08,22910,70562.8
103394,42332,1,15.99,23830,381041.7
103395,42332,2,16.73,22910,383284.3
103396,42332,3,9.18,20790,190852.2
103397,42333,1,4.1,23830,97703.0
103398,42333,2,4.36,22910,99887.6
103399,42334,1,4.4,23830,104852.0
103400,42334,2,3.69,22910,84537.9
103401,42335,1,2.04,23830,48613.2
103402,42335,2,4.65,22910,106531.5
103403,42336,1,2.44,23830,58145.2
103404,42336,2,2.28,22910,52234.8
103405,42336,3,5.02,20790,104365.8
103406,42337,1,4.52,23830,107711.6
103407,42337,2,4.4,22910,100804.0
103408,42338,1,1.94,23830,46230.2
103409,42338,2,3.67,22910,84079.7
103410,42339,1,4.1,23830,97703.0
103411,42339,2,2.55,22910,58420.49999999999
103412,42339,3,19.66,20790,408731.4
103413,42340,1,6.66,23830,158707.80000000002
103414,42340,2,5.73,22910,131274.30000000002
103415,42340,3,11.62,20790,241579.8
103416,42341,1,2.05,23830,48851.49999999999
103417,42341,2,9.25,22910,211917.5
103418,42341,3,15.53,20790,322868.7
103419,42342,1,3.58,23830,85311.40000000001
103420,42342,2,1.26,22910,28866.6
103421,42343,1,1.8,23830,42894.0
103422,42343,2,1.19,22910,27262.9
106429,43567,1,14.98,23830,356973.4
106430,43567,2,5.75,22910,131732.5
106431,43567,3,8.56,20790,177962.40000000002
106432,43568,1,4.32,23830,102945.6
106433,43568,2,2.57,22910,58878.7
106434,43569,1,5.82,23830,138690.6
106435,43569,2,3.6,22910,82476.0
106436,43569,3,13.4,20790,278586.0
106437,43570,1,7.18,23830,171099.4
106438,43570,2,13.37,22910,306306.69999999995
106439,43570,3,13.92,20790,289396.8
106440,43571,1,4.95,23830,117958.5
106441,43571,2,1.42,22910,32532.2
106442,43572,1,15.78,23830,376037.4
106443,43572,2,14.17,22910,324634.7
106444,43572,3,16.89,20790,351143.10000000003
106445,43573,1,18.65,23830,444429.5
106446,43573,2,10.23,22910,234369.3
106447,43573,3,14.28,20790,296881.2
106448,43574,1,3.26,23830,77685.79999999999
106449,43574,2,5.38,22910,123255.8
106450,43574,3,9.26,20790,192515.4
106451,43575,1,4.5,23830,107235.0
106452,43575,2,2.9,22910,66439.0
106453,43576,1,4.6,23830,109618.0
106454,43576,2,2.22,22910,50860.2
106455,43577,1,4.48,23830,106758.4
106456,43577,2,3.2,22910,73312.0
106457,43578,1,2.41,23830,57430.3
106458,43578,2,4.36,22910,99887.6
106459,43579,1,2.72,23830,64817.600000000006
106460,43579,2,4.48,22910,102636.8
106461,43580,1,2.68,23830,63864.4
106462,43580,2,4.82,22910,110426.2
106463,43581,1,12.76,23830,304070.8
106464,43581,2,19.56,22910,448119.6
106465,43581,3,14.43,20790,299999.7
106466,43582,1,2.15,23830,51234.5
106467,43582,2,1.07,22910,24513.7
106468,43583,1,1.1,23830,26213.000000000004
106469,43583,2,3.74,22910,85683.40000000001
106470,43584,1,3.96,23830,94366.8
106471,43584,2,1.84,22910,42154.4
106472,43585,1,17.73,23830,422505.9
106473,43585,2,11.29,22910,258653.9
106474,43585,3,2.83,20790,58835.7
106475,43586,1,1.31,23830,31217.300000000003
106476,43586,2,15.11,22910,346170.1
106477,43586,3,6.75,20790,140332.5
106478,43587,1,18.09,23830,431084.7
106479,43587,2,4.26,22910,97596.6
106480,43587,3,5.57,20790,115800.3
106481,43588,1,4.97,23830,118435.1
106482,43588,2,2.76,22910,63231.6
106483,43589,1,4.75,23830,113192.5
106484,43589,2,4.86,22910,111342.6
106485,43590,1,2.25,23830,53617.5
106486,43590,2,2.92,22910,66897.2
106487,43591,1,2.25,23830,53617.5
106488,43591,2,2.14,22910,49027.4
106489,43592,1,3.86,23830,91983.8
106490,43592,2,3.42,22910,78352.2
106491,43593,1,1.87,23830,44562.100000000006
106492,43593,2,4.54,22910,104011.4
106493,43594,1,15.69,23830,373892.7
106494,43594,2,11.29,22910,258653.9
106495,43594,3,3.34,20790,69438.59999999999
106496,43595,1,2.55,23830,60766.49999999999
106497,43595,2,2.79,22910,63918.9
106498,43595,3,14.07,20790,292515.3
106499,43596,1,2.77,23830,66009.1
106500,43596,2,4.54,22910,104011.4
106501,43597,1,2.31,23830,55047.3
106502,43597,2,7.93,22910,181676.3
106503,43597,3,2.87,20790,59667.3
106504,43598,1,3.45,23830,82213.5
106505,43598,2,2.18,22910,49943.8
106506,43599,1,14.92,23830,355543.6
106507,43599,2,16.38,22910,375265.8
106508,43599,3,6.19,20790,128690.1
106509,43600,1,1.71,23830,40749.3
106510,43600,2,4.89,22910,112029.9
106511,43601,1,2.47,23830,58860.100000000006
106512,43601,2,1.86,22910,42612.600000000006
106513,43602,1,16.04,23830,382233.2
106514,43602,2,15.46,22910,354188.60000000003
106515,43602,3,13.49,20790,280457.1
106516,43603,1,3.69,23830,87932.7
106517,43603,2,1.23,22910,28179.3
106518,43604,1,2.62,23830,62434.600000000006
106519,43604,2,3.61,22910,82705.09999999999
106520,43605,1,4.72,23830,112477.6
106521,43605,2,2.97,22910,68042.70000000001
106522,43606,1,3.5,23830,83405.0
106523,43606,2,1.43,22910,32761.3
106524,43607,1,1.62,23830,38604.600000000006
106525,43607,2,4.18,22910,95763.8
106526,43608,1,1.36,23830,32408.800000000003
106527,43608,2,1.88,22910,43070.8
106528,43609,1,13.33,23830,317653.9
106529,43609,2,1.32,22910,30241.2
106530,43609,3,12.73,20790,264656.7
106531,43610,1,4.39,23830,104613.7
106532,43610,2,1.2,22910,27492.0
106533,43611,1,1.07,23830,25498.1
106534,43611,2,4.19,22910,95992.9
106535,43612,1,2.85,23830,67915.5
106536,43612,2,2.28,22910,52234.8
106537,43613,1,1.42,23830,33838.6
106538,43613,2,2.77,22910,63460.7
106539,43614,1,4.9,23830,116767.0
106540,43614,2,3.36,22910,76977.59999999999
106541,43615,1,8.19,23830,195167.7
106542,43615,2,19.51,22910,446974.1
106543,43615,3,7.33,20790,152390.7
106544,43616,1,2.8,23830,66724.0
106545,43616,2,3.51,22910,80414.09999999999
106546,43617,1,9.34,23830,222572.2
106547,43617,2,5.44,22910,124630.4
106548,43617,3,7.67,20790,159459.3
106549,43618,1,10.21,23830,243304.3
106550,43618,2,15.78,22910,361519.8
106551,43618,3,16.67,20790,346569.30000000005
106552,43619,1,2.45,23830,58383.50000000001
106553,43619,2,1.68,22910,38488.8
106554,43620,1,12.12,23830,288819.6
106555,43620,2,6.91,22910,158308.1
106556,43620,3,11.88,20790,246985.2
106557,43621,1,1.26,23830,30025.8
106558,43621,2,1.22,22910,27950.2
106559,43622,1,11.08,23830,264036.4
106560,43622,2,15.81,22910,362207.1
106561,43622,3,2.73,20790,56756.7
106562,43623,1,1.72,23830,40987.6
106563,43623,2,16.08,22910,368392.8
106564,43623,3,7.56,20790,157172.4
106565,43624,1,1.92,23830,45753.6
106566,43624,2,3.03,22910,69417.29999999999
106567,43625,1,14.6,23830,347918.0
106568,43625,2,3.07,22910,70333.7
106569,43625,3,4.93,20790,102494.7
106570,43626,1,13.77,23830,328139.1
106571,43626,2,9.43,22910,216041.3
106572,43626,3,19.42,20790,403741.8000000001
106573,43627,1,4.73,23830,112715.9
106574,43627,2,4.19,22910,95992.9
106575,43628,1,18.39,23830,438233.7
106576,43628,2,5.91,22910,135398.1
106577,43628,3,17.75,20790,369022.5
106578,43629,1,2.93,23830,69821.90000000001
106579,43629,2,1.71,22910,39176.1
106580,43630,1,19.85,23830,473025.50000000006
106581,43630,2,6.83,22910,156475.3
106582,43630,3,15.6,20790,324324.0
106583,43631,1,14.84,23830,353637.2
106584,43631,2,9.08,22910,208022.8
106585,43631,3,4.5,20790,93555.0
106586,43632,1,10.36,23830,246878.8
106587,43632,2,8.43,22910,193131.3
106588,43632,3,15.75,20790,327442.5
106589,43633,1,3.54,23830,84358.2
106590,43633,2,3.34,22910,76519.4
106591,43634,1,5.56,23830,132494.8
106592,43634,2,16.63,22910,380993.3
106593,43634,3,15.05,20790,312889.5
106594,43635,1,1.26,23830,30025.8
106595,43635,2,1.7,22910,38947.0
106596,43636,1,1.41,23830,33600.3
106597,43636,2,2.38,22910,54525.8
106598,43637,1,16.62,23830,396054.6
106599,43637,2,6.98,22910,159911.80000000002
106600,43637,3,1.56,20790,32432.4
106601,43638,1,12.35,23830,294300.5
106602,43638,2,4.19,22910,95992.9
106603,43638,3,17.92,20790,372556.8000000001
106604,43639,1,2.6,23830,61958.0
106605,43639,2,1.33,22910,30470.300000000003
106606,43640,1,12.72,23830,303117.60000000003
106607,43640,2,6.78,22910,155329.80000000002
106608,43640,3,5.05,20790,104989.5
106609,43641,1,2.05,23830,48851.49999999999
106610,43641,2,1.68,22910,38488.8
106611,43642,1,3.53,23830,84119.9
106612,43642,2,19.72,22910,451785.2
106613,43642,3,8.65,20790,179833.5
106614,43643,1,2.1,23830,50043.0
106615,43643,2,2.78,22910,63689.8
106616,43644,1,1.12,23830,26689.6
106617,43644,2,2.38,22910,54525.8
106618,43645,1,3.27,23830,77924.1
106619,43645,2,3.17,22910,72624.7
106620,43646,1,1.72,23830,40987.6
106621,43646,2,2.64,22910,60482.4
106622,43646,3,10.76,20790,223700.4
106623,43647,1,8.57,23830,204223.1
106624,43647,2,3.1,22910,71021.0
106625,43647,3,2.38,20790,49480.2
106626,43648,1,3.97,23830,94605.1
106627,43648,2,3.44,22910,78810.4
106628,43649,1,1.03,23830,24544.9
106629,43649,2,3.03,22910,69417.29999999999
106630,43650,1,4.06,23830,96749.8
106631,43650,2,1.22,22910,27950.2
106632,43651,1,3.4,23830,81022.0
106633,43651,2,3.27,22910,74915.7
106634,43652,1,3.36,23830,80068.8
106635,43652,2,4.16,22910,95305.6
106636,43653,1,10.33,23830,246163.9
106637,43653,2,18.44,22910,422460.4
106638,43653,3,11.6,20790,241164.0
106639,43654,1,3.77,23830,89839.1
106640,43654,2,2.9,22910,66439.0
106641,43655,1,8.34,23830,198742.2
106642,43655,2,4.18,22910,95763.8
106643,43655,3,10.49,20790,218087.1
106644,43656,1,1.23,23830,29310.9
106645,43656,2,4.51,22910,103324.1
106646,43657,1,1.97,23830,46945.1
106647,43657,2,18.83,22910,431395.3
106648,43657,3,8.77,20790,182328.3
106649,43658,1,2.02,23830,48136.6
106650,43658,2,14.64,22910,335402.4
106651,43658,3,4.71,20790,97920.9
106652,43659,1,4.35,23830,103660.5
106653,43659,2,2.39,22910,54754.9
106654,43660,1,2.65,23830,63149.5
106655,43660,2,18.99,22910,435060.9
106656,43660,3,9.83,20790,204365.7
106657,43661,1,7.19,23830,171337.7
106658,43661,2,19.31,22910,442392.1
106659,43661,3,12.68,20790,263617.2
106660,43662,1,12.74,23830,303594.2
106661,43662,2,16.37,22910,375036.7
106662,43662,3,5.09,20790,105821.1
106663,43663,1,1.1,23830,26213.000000000004
106664,43663,2,2.3,22910,52692.99999999999
106665,43663,3,3.37,20790,70062.3
106666,43664,1,4.19,23830,99847.7
106667,43664,2,4.89,22910,112029.9
106668,43665,1,3.54,23830,84358.2
106669,43665,2,4.51,22910,103324.1
106670,43666,1,19.42,23830,462778.6
106671,43666,2,8.66,22910,198400.6
106672,43666,3,13.76,20790,286070.4
106673,43667,1,3.3,23830,78639.0
106674,43667,2,13.02,22910,298288.2
106675,43667,3,7.17,20790,149064.3
106676,43668,1,2.54,23830,60528.2
106677,43668,2,4.32,22910,98971.2
106678,43669,1,4.9,23830,116767.0
106679,43669,2,3.91,22910,89578.1
106680,43670,1,3.61,23830,86026.3
106681,43670,2,4.82,22910,110426.2
106682,43671,1,18.81,23830,448242.3
106683,43671,2,19.79,22910,453388.9
106684,43671,3,6.35,20790,132016.5
106685,43672,1,1.7,23830,40511.0
106686,43672,2,1.8,22910,41238.0
106687,43673,1,3.78,23830,90077.4
106688,43673,2,3.63,22910,83163.3
106689,43674,1,18.43,23830,439186.9
106690,43674,2,10.77,22910,246740.7
106691,43674,3,12.51,20790,260082.9
106692,43675,1,8.57,23830,204223.1
106693,43675,2,7.37,22910,168846.7
106694,43675,3,9.15,20790,190228.5
106695,43676,1,3.93,23830,93651.9
106696,43676,2,1.59,22910,36426.9
106697,43677,1,3.42,23830,81498.59999999999
106698,43677,2,2.16,22910,49485.600000000006
106699,43678,1,3.83,23830,91268.9
106700,43678,2,4.37,22910,100116.7
111323,45568,1,10.21,23830,243304.3
111324,45568,2,10.69,22910,244907.9
111325,45568,3,14.14,20790,293970.60000000003
111326,45569,1,4.3,23830,102469.0
111327,45569,2,4.54,22910,104011.4
111328,45570,1,1.06,23830,25259.800000000003
111329,45570,2,2.69,22910,61627.9
111330,45571,1,3.85,23830,91745.5
111331,45571,2,2.63,22910,60253.3
111332,45572,1,2.79,23830,66485.7
111333,45572,2,2.85,22910,65293.5
111334,45572,3,15.83,20790,329105.7
111335,45573,1,2.36,23830,56238.8
111336,45573,2,3.44,22910,78810.4
111337,45574,1,19.05,23830,453961.5
111338,45574,2,2.34,22910,53609.4
111339,45574,3,2.65,20790,55093.5
111340,45575,1,4.99,23830,118911.7
111341,45575,2,2.87,22910,65751.7
111342,45575,3,16.21,20790,337005.9
111343,45576,1,2.47,23830,58860.100000000006
111344,45576,2,2.98,22910,68271.8
111345,45577,1,3.02,23830,71966.6
111346,45577,2,1.4,22910,32074.0
111347,45578,1,3.63,23830,86502.9
111348,45578,2,2.21,22910,50631.1
111349,45579,1,11.07,23830,263798.10000000003
111350,45579,2,12.5,22910,286375.0
111351,45579,3,6.35,20790,132016.5
111352,45580,1,4.88,23830,116290.4
111353,45580,2,18.1,22910,414671.00000000006
111354,45580,3,16.07,20790,334095.3
111355,45581,1,15.48,23830,368888.4
111356,45581,2,1.01,22910,23139.1
111357,45581,3,4.17,20790,86694.3
111358,45582,1,9.64,23830,229721.2
111359,45582,2,15.5,22910,355105.0
111360,45582,3,7.4,20790,153846.0
111361,45583,1,3.95,23830,94128.5
111362,45583,2,4.02,22910,92098.2
111363,45584,1,1.22,23830,29072.6
111364,45584,2,3.19,22910,73082.9
111365,45585,1,4.15,23830,98894.5
111366,45585,2,1.6,22910,36656.0
111367,45586,1,3.97,23830,94605.1
111368,45586,2,2.28,22910,52234.8
111369,45587,1,2.91,23830,69345.3
111370,45587,2,1.59,22910,36426.9
111371,45588,1,4.72,23830,112477.6
111372,45588,2,3.7,22910,84767.0
111373,45589,1,3.88,23830,92460.4
111374,45589,2,4.71,22910,107906.1
111375,45590,1,3.17,23830,75541.09999999999
111376,45590,2,3.8,22910,87058.0
111377,45591,1,7.76,23830,184920.8
111378,45591,2,10.68,22910,244678.8
111379,45591,3,2.18,20790,45322.2
111380,45592,1,8.28,23830,197312.4
111381,45592,2,12.65,22910,289811.5
111382,45592,3,14.84,20790,308523.6
111383,45593,1,16.79,23830,400105.7
111384,45593,2,2.54,22910,58191.4
111385,45593,3,4.71,20790,97920.9
111386,45594,1,1.7,23830,40511.0
111387,45594,2,1.98,22910,45361.8
111388,45595,1,1.07,23830,25498.1
111389,45595,2,4.17,22910,95534.7
111390,45596,1,17.9,23830,426557.0
111391,45596,2,14.58,22910,334027.8
111392,45596,3,17.1,20790,355509.00000000006
111393,45597,1,4.49,23830,106996.7
111394,45597,2,2.66,22910,60940.600000000006
111395,45598,1,2.56,23830,61004.8
111396,45598,2,3.94,22910,90265.4
111397,45599,1,17.98,23830,428463.4
111398,45599,2,6.78,22910,155329.80000000002
111399,45599,3,16.0,20790,332640.0
111400,45600,1,10.35,23830,246640.5
111401,45600,2,17.71,22910,405736.1
111402,45600,3,1.55,20790,32224.5
111403,45601,1,8.72,23830,207797.6
111404,45601,2,15.63,22910,358083.30000000005
111405,45601,3,8.0,20790,166320.0
111406,45602,1,3.68,23830,87694.40000000001
111407,45602,2,2.3,22910,52692.99999999999
111408,45603,1,18.78,23830,447527.4
111409,45603,2,8.07,22910,184883.7
111410,45603,3,1.96,20790,40748.4
111411,45604,1,12.28,23830,292632.4
111412,45604,2,2.23,22910,51089.3
111413,45604,3,6.62,20790,137629.8
111414,45605,1,1.97,23830,46945.1
111415,45605,2,2.94,22910,67355.4
111416,45606,1,2.39,23830,56953.7
111417,45606,2,2.48,22910,56816.8
111418,45607,1,1.23,23830,29310.9
111419,45607,2,2.28,22910,52234.8
111420,45608,1,5.61,23830,133686.30000000002
111421,45608,2,4.84,22910,110884.4
111422,45608,3,13.2,20790,274428.0
111423,45609,1,2.07,23830,49328.1
111424,45609,2,4.51,22910,103324.1
111425,45610,1,3.94,23830,93890.2
111426,45610,2,3.09,22910,70791.9
111427,45611,1,3.52,23830,83881.6
111428,45611,2,3.76,22910,86141.59999999999
111429,45612,1,1.12,23830,26689.6
111430,45612,2,18.03,22910,413067.3000000001
111431,45612,3,3.58,20790,74428.2
111432,45613,1,4.59,23830,109379.7
111433,45613,2,2.26,22910,51776.6
111434,45614,1,3.85,23830,91745.5
111435,45614,2,2.11,22910,48340.1
111436,45615,1,2.95,23830,70298.5
111437,45615,2,3.02,22910,69188.2
111438,45616,1,1.78,23830,42417.4
111439,45616,2,2.97,22910,68042.70000000001
111440,45617,1,15.8,23830,376514.0
111441,45617,2,12.88,22910,295080.80000000005
111442,45617,3,17.4,20790,361746.0
111443,45618,1,2.66,23830,63387.8
111444,45618,2,1.13,22910,25888.3
111445,45619,1,13.99,23830,333381.7
111446,45619,2,2.65,22910,60711.5
111447,45619,3,7.68,20790,159667.19999999998
111448,45620,1,1.73,23830,41225.9
111449,45620,2,2.77,22910,63460.7
111450,45621,1,6.14,23830,146316.19999999998
111451,45621,2,19.07,22910,436893.7
111452,45621,3,1.96,20790,40748.4
111453,45622,1,13.46,23830,320751.80000000005
111454,45622,2,13.34,22910,305619.4
111455,45622,3,14.78,20790,307276.2
111456,45623,1,2.19,23830,52187.7
111457,45623,2,19.51,22910,446974.1
111458,45623,3,5.55,20790,115384.5
111459,45624,1,1.33,23830,31693.9
111460,45624,2,1.43,22910,32761.3
111461,45625,1,2.66,23830,63387.8
111462,45625,2,1.68,22910,38488.8
111463,45626,1,11.67,23830,278096.1
111464,45626,2,7.32,22910,167701.2
111465,45626,3,17.45,20790,362785.5
111466,45627,1,3.59,23830,85549.7
111467,45627,2,1.04,22910,23826.4
111468,45628,1,4.37,23830,104137.1
111469,45628,2,3.34,22910,76519.4
111470,45629,1,2.32,23830,55285.6
111471,45629,2,2.63,22910,60253.3
111472,45630,1,9.79,23830,233295.7
111473,45630,2,14.75,22910,337922.5
111474,45630,3,19.76,20790,410810.4
111475,45631,1,3.36,23830,80068.8
111476,45631,2,9.97,22910,228412.7
111477,45631,3,5.0,20790,103950.0
111478,45632,1,4.05,23830,96511.5
111479,45632,2,3.2,22910,73312.0
111480,45633,1,18.6,23830,443238.00000000006
111481,45633,2,12.49,22910,286145.9
111482,45633,3,17.09,20790,355301.1
111483,45634,1,3.88,23830,92460.4
111484,45634,2,3.59,22910,82246.9
111485,45635,1,5.21,23830,124154.3
111486,45635,2,1.66,22910,38030.6
111487,45635,3,16.08,20790,334303.19999999995
111488,45636,1,3.46,23830,82451.8
111489,45636,2,3.94,22910,90265.4
111490,45637,1,4.28,23830,101992.4
111491,45637,2,1.44,22910,32990.4
111492,45638,1,13.15,23830,313364.5
111493,45638,2,19.08,22910,437122.8
111494,45638,3,13.28,20790,276091.2
111495,45639,1,16.05,23830,382471.5
111496,45639,2,16.01,22910,366789.1
111497,45639,3,19.13,20790,397712.7
111498,45640,1,4.68,23830,111524.4
111499,45640,2,2.9,22910,66439.0
111500,45641,1,2.58,23830,61481.4
111501,45641,2,1.72,22910,39405.2
111502,45642,1,15.1,23830,359833.0
111503,45642,2,7.48,22910,171366.80000000002
111504,45642,3,7.47,20790,155301.3
111505,45643,1,11.69,23830,278572.7
111506,45643,2,12.02,22910,275378.2
111507,45643,3,7.26,20790,150935.4
111508,45644,1,18.04,23830,429893.2
111509,45644,2,15.26,22910,349606.6
111510,45644,3,14.41,20790,299583.9
111511,45645,1,4.24,23830,101039.2
111512,45645,2,2.37,22910,54296.7
111513,45646,1,4.4,23830,104852.0
111514,45646,2,3.33,22910,76290.3
111515,45647,1,3.5,23830,83405.0
111516,45647,2,9.27,22910,212375.7
111517,45647,3,11.48,20790,238669.2
111518,45648,1,4.55,23830,108426.5
111519,45648,2,4.14,22910,94847.4
111520,45649,1,1.87,23830,44562.100000000006
111521,45649,2,1.66,22910,38030.6
111522,45650,1,4.74,23830,112954.2
111523,45650,2,2.48,22910,56816.8
111524,45651,1,5.81,23830,138452.3
111525,45651,2,4.03,22910,92327.3
111526,45651,3,6.22,20790,129313.8
111527,45652,1,3.85,23830,91745.5
111528,45652,2,1.89,22910,43299.9
111529,45653,1,11.86,23830,282623.8
111530,45653,2,12.82,22910,293706.2
111531,45653,3,11.81,20790,245529.9
111532,45654,1,5.75,23830,137022.5
111533,45654,2,6.29,22910,144103.9
111534,45654,3,10.01,20790,208107.9
111535,45655,1,15.18,23830,361739.4
111536,45655,2,2.6,22910,59566.0
111537,45655,3,1.92,20790,39916.8
111538,45656,1,3.1,23830,73873.0
111539,45656,2,3.01,22910,68959.09999999999
111540,45657,1,2.19,23830,52187.7
111541,45657,2,4.93,22910,112946.3
111542,45658,1,14.98,23830,356973.4
111543,45658,2,10.08,22910,230932.8
111544,45658,3,12.74,20790,264864.6
111545,45659,1,7.85,23830,187065.5
111546,45659,2,17.56,22910,402299.6
111547,45659,3,5.39,20790,112058.1
111548,45660,1,4.19,23830,99847.7
111549,45660,2,4.95,22910,113404.5
111550,45661,1,3.12,23830,74349.6
111551,45661,2,4.67,22910,106989.7
111552,45662,1,12.45,23830,296683.5
111553,45662,2,17.97,22910,411692.7
111554,45662,3,16.79,20790,349064.1
111555,45663,1,14.53,23830,346249.9
111556,45663,2,19.72,22910,451785.2
111557,45663,3,13.95,20790,290020.5
111558,45664,1,4.8,23830,114384.0
111559,45664,2,4.0,22910,91640.0
111560,45665,1,4.77,23830,113669.1
111561,45665,2,2.85,22910,65293.5
111562,45666,1,3.83,23830,91268.9
111563,45666,2,3.54,22910,81101.4
111564,45667,1,8.72,23830,207797.6
111565,45667,2,11.3,22910,258883.00000000003
111566,45667,3,14.11,20790,293346.9
111567,45668,1,5.15,23830,122724.5
111568,45668,2,7.26,22910,166326.6
111569,45668,3,15.78,20790,328066.2
111570,45669,1,1.73,23830,41225.9
111571,45669,2,1.83,22910,41925.3
111572,45670,1,4.66,23830,111047.8
111573,45670,2,2.97,22910,68042.70000000001
111574,45671,1,4.91,23830,117005.3
111575,45671,2,1.03,22910,23597.3
111576,45672,1,1.2,23830,28596.0
111577,45672,2,2.49,22910,57045.9
111578,45673,1,19.88,23830,473740.4
111579,45673,2,10.58,22910,242387.8
111580,45673,3,13.12,20790,272764.8
111581,45674,1,5.34,23830,127252.2
111582,45674,2,5.79,22910,132648.9
111583,45674,3,6.5,20790,135135.0
111584,45675,1,4.01,23830,95558.3
111585,45675,2,4.78,22910,109509.8
111586,45675,3,10.21,20790,212265.9
116384,47654,1,1.73,23830,41225.9
116385,47654,2,1.97,22910,45132.7
116386,47655,1,4.17,23830,99371.1
116387,47655,2,2.77,22910,63460.7
116388,47656,1,2.45,23830,58383.50000000001
116389,47656,2,2.52,22910,57733.2
116390,47657,1,2.28,23830,54332.4
116391,47657,2,2.89,22910,66209.90000000001
116392,47658,1,6.36,23830,151558.80000000002
116393,47658,2,5.8,22910,132878.0
116394,47658,3,6.19,20790,128690.1
116395,47659,1,4.0,23830,95320.0
116396,47659,2,2.81,22910,64377.1
116397,47660,1,1.69,23830,40272.7
116398,47660,2,8.24,22910,188778.4
116399,47660,3,10.38,20790,215800.2
116400,47661,1,3.99,23830,95081.7
116401,47661,2,4.47,22910,102407.7
116402,47662,1,1.97,23830,46945.1
116403,47662,2,3.04,22910,69646.4
116404,47663,1,5.18,23830,123439.4
116405,47663,2,14.1,22910,323031.0
116406,47663,3,14.62,20790,303949.8
116407,47664,1,3.92,23830,93413.6
116408,47664,2,2.72,22910,62315.2
116409,47665,1,3.87,23830,92222.1
116410,47665,2,1.99,22910,45590.9
116411,47666,1,2.16,23830,51472.8
116412,47666,2,4.84,22910,110884.4
116413,47667,1,15.67,23830,373416.1
116414,47667,2,13.21,22910,302641.10000000003
116415,47667,3,9.82,20790,204157.8
116416,47668,1,3.2,23830,76256.0
116417,47668,2,1.6,22910,36656.0
116418,47669,1,18.49,23830,440616.7
116419,47669,2,7.93,22910,181676.3
116420,47669,3,19.62,20790,407899.8000000001
116421,47670,1,2.8,23830,66724.0
116422,47670,2,3.87,22910,88661.7
116423,47670,3,19.44,20790,404157.6
116424,47671,1,3.58,23830,85311.40000000001
116425,47671,2,2.3,22910,52692.99999999999
116426,47671,3,8.73,20790,181496.7
116427,47672,1,2.68,23830,63864.4
116428,47672,2,4.03,22910,92327.3
116429,47673,1,3.3,23830,78639.0
116430,47673,2,5.15,22910,117986.5
116431,47673,3,19.9,20790,413721.0
116432,47674,1,3.97,23830,94605.1
116433,47674,2,3.95,22910,90494.5
116434,47675,1,10.11,23830,240921.3
116435,47675,2,18.58,22910,425667.8
116436,47675,3,1.71,20790,35550.9
116437,47676,1,1.48,23830,35268.4
116438,47676,2,1.28,22910,29324.8
116439,47677,1,3.98,23830,94843.4
116440,47677,2,4.16,22910,95305.6
116441,47678,1,16.88,23830,402250.4
116442,47678,2,18.18,22910,416503.8
116443,47678,3,14.06,20790,292307.4
116444,47679,1,18.19,23830,433467.7
116445,47679,2,17.0,22910,389470.0
116446,47679,3,19.09,20790,396881.1
116447,47680,1,4.8,23830,114384.0
116448,47680,2,3.94,22910,90265.4
116449,47681,1,14.64,23830,348871.2
116450,47681,2,18.33,22910,419940.3
116451,47681,3,14.13,20790,293762.7
116452,47682,1,1.88,23830,44800.4
116453,47682,2,1.55,22910,35510.5
116454,47683,1,12.55,23830,299066.5
116455,47683,2,8.47,22910,194047.7
116456,47683,3,18.3,20790,380457.0
116457,47684,1,19.04,23830,453723.2
116458,47684,2,18.52,22910,424293.2
116459,47684,3,10.1,20790,209979.0
116460,47685,1,4.18,23830,99609.4
116461,47685,2,2.66,22910,60940.600000000006
116462,47686,1,1.11,23830,26451.300000000003
116463,47686,2,1.97,22910,45132.7
116464,47687,1,2.55,23830,60766.49999999999
116465,47687,2,6.6,22910,151206.0
116466,47687,3,10.32,20790,214552.8
116467,47688,1,3.54,23830,84358.2
116468,47688,2,1.22,22910,27950.2
116469,47689,1,12.86,23830,306453.8
116470,47689,2,19.48,22910,446286.8
116471,47689,3,1.77,20790,36798.3
116472,47690,1,14.27,23830,340054.1
116473,47690,2,3.54,22910,81101.4
116474,47690,3,19.93,20790,414344.7
116475,47691,1,4.47,23830,106520.1
116476,47691,2,4.73,22910,108364.3
116477,47692,1,19.27,23830,459204.1
116478,47692,2,17.51,22910,401154.1
116479,47692,3,19.68,20790,409147.2
116480,47693,1,3.49,23830,83166.70000000001
116481,47693,2,4.68,22910,107218.8
116482,47694,1,8.65,23830,206129.5
116483,47694,2,1.1,22910,25201.000000000004
116484,47694,3,5.06,20790,105197.4
116485,47695,1,3.66,23830,87217.8
116486,47695,2,4.96,22910,113633.6
116487,47696,1,14.04,23830,334573.19999999995
116488,47696,2,14.04,22910,321656.4
116489,47696,3,7.51,20790,156132.9
116490,47697,1,2.43,23830,57906.9
116491,47697,2,17.6,22910,403216.00000000006
116492,47697,3,9.3,20790,193347.00000000003
116493,47698,1,16.11,23830,383901.3
116494,47698,2,15.25,22910,349377.5
116495,47698,3,16.28,20790,338461.2
116496,47699,1,3.08,23830,73396.40000000001
116497,47699,2,3.05,22910,69875.5
116498,47700,1,3.61,23830,86026.3
116499,47700,2,3.66,22910,83850.6
116500,47701,1,4.93,23830,117481.9
116501,47701,2,2.73,22910,62544.3
116502,47702,1,4.76,23830,113430.8
116503,47702,2,4.56,22910,104469.6
116504,47703,1,6.95,23830,165618.5
116505,47703,2,8.94,22910,204815.4
116506,47703,3,3.63,20790,75467.7
116507,47704,1,1.86,23830,44323.8
116508,47704,2,1.72,22910,39405.2
116509,47705,1,10.53,23830,250929.9
116510,47705,2,17.61,22910,403445.1
116511,47705,3,8.73,20790,181496.7
116512,47706,1,2.47,23830,58860.100000000006
116513,47706,2,4.66,22910,106760.6
116514,47707,1,4.22,23830,100562.6
116515,47707,2,4.62,22910,105844.2
116516,47708,1,3.31,23830,78877.3
116517,47708,2,2.94,22910,67355.4
116518,47709,1,2.76,23830,65770.79999999999
116519,47709,2,9.15,22910,209626.5
116520,47709,3,16.92,20790,351766.80000000005
116521,47710,1,1.38,23830,32885.399999999994
116522,47710,2,18.03,22910,413067.3000000001
116523,47710,3,7.35,20790,152806.5
116524,47711,1,2.44,23830,58145.2
116525,47711,2,4.43,22910,101491.3
116526,47712,1,3.5,23830,83405.0
116527,47712,2,3.39,22910,77664.90000000001
116528,47713,1,4.61,23830,109856.3
116529,47713,2,2.43,22910,55671.3
116530,47714,1,18.17,23830,432991.1
116531,47714,2,11.9,22910,272629.0
116532,47714,3,18.73,20790,389396.7
116533,47715,1,1.73,23830,41225.9
116534,47715,2,4.6,22910,105386.0
116535,47716,1,1.28,23830,30502.4
116536,47716,2,3.41,22910,78123.1
116537,47717,1,7.36,23830,175388.80000000002
116538,47717,2,16.36,22910,374807.6
116539,47717,3,12.74,20790,264864.6
116540,47718,1,11.65,23830,277619.5
116541,47718,2,11.66,22910,267130.6
116542,47718,3,19.9,20790,413721.0
116543,47719,1,2.64,23830,62911.2
116544,47719,2,1.75,22910,40092.5
116545,47720,1,4.38,23830,104375.4
116546,47720,2,1.28,22910,29324.8
116547,47721,1,4.68,23830,111524.4
116548,47721,2,4.64,22910,106302.4
116549,47722,1,1.92,23830,45753.6
116550,47722,2,4.18,22910,95763.8
116551,47723,1,16.87,23830,402012.1
116552,47723,2,13.56,22910,310659.60000000003
116553,47723,3,15.25,20790,317047.5
116554,47724,1,1.83,23830,43608.9
116555,47724,2,18.6,22910,426126.00000000006
116556,47724,3,4.4,20790,91476.0
116557,47725,1,16.67,23830,397246.1
116558,47725,2,1.86,22910,42612.600000000006
116559,47725,3,3.94,20790,81912.6
116560,47726,1,2.62,23830,62434.600000000006
116561,47726,2,4.75,22910,108822.5
116562,47727,1,17.5,23830,417025.0
116563,47727,2,10.93,22910,250406.3
116564,47727,3,12.1,20790,251559.0
116565,47728,1,3.12,23830,74349.6
116566,47728,2,3.42,22910,78352.2
116567,47729,1,12.79,23830,304785.69999999995
116568,47729,2,2.65,22910,60711.5
116569,47729,3,1.57,20790,32640.300000000003
116570,47730,1,3.58,23830,85311.40000000001
116571,47730,2,2.79,22910,63918.9
116572,47731,1,3.25,23830,77447.5
116573,47731,2,1.11,22910,25430.1
116574,47732,1,9.74,23830,232104.2
116575,47732,2,17.09,22910,391531.9
116576,47732,3,10.81,20790,224739.9
116577,47733,1,3.98,23830,94843.4
116578,47733,2,2.07,22910,47423.7
116579,47734,1,2.59,23830,61719.7
116580,47734,2,3.65,22910,83621.5
116581,47735,1,9.51,23830,226623.3
116582,47735,2,12.0,22910,274920.0
116583,47735,3,18.12,20790,376714.8000000001
116584,47736,1,2.61,23830,62196.3
116585,47736,2,2.8,22910,64147.99999999999
116586,47737,1,12.15,23830,289534.5
116587,47737,2,8.61,22910,197255.1
116588,47737,3,15.08,20790,313513.2
116589,47738,1,2.09,23830,49804.7
116590,47738,2,4.34,22910,99429.4
116591,47739,1,3.33,23830,79353.90000000001
116592,47739,2,4.88,22910,111800.8
116593,47740,1,19.51,23830,464923.3000000001
116594,47740,2,19.35,22910,443308.50000000006
116595,47740,3,2.56,20790,53222.4
116596,47741,1,3.94,23830,93890.2
116597,47741,2,1.63,22910,37343.3
116598,47742,1,12.12,23830,288819.6
116599,47742,2,5.63,22910,128983.3
116600,47742,3,10.71,20790,222660.9
116601,47743,1,8.49,23830,202316.7
116602,47743,2,7.6,22910,174116.0
116603,47743,3,14.14,20790,293970.60000000003
116604,47744,1,19.19,23830,457297.7
116605,47744,2,15.75,22910,360832.5
116606,47744,3,17.91,20790,372348.9
116607,47745,1,19.09,23830,454914.7
116608,47745,2,12.99,22910,297600.9
116609,47745,3,1.37,20790,28482.300000000003
116610,47746,1,5.73,23830,136545.90000000002
116611,47746,2,14.58,22910,334027.8
116612,47746,3,1.2,20790,24948.0
116613,47747,1,7.46,23830,177771.8
116614,47747,2,7.24,22910,165868.4
116615,47747,3,3.91,20790,81288.90000000001
116616,47748,1,7.84,23830,186827.2
116617,47748,2,9.83,22910,225205.3
116618,47748,3,5.28,20790,109771.2
121204,49625,1,6.54,23830,155848.2
121205,49625,2,8.36,22910,191527.6
121206,49625,3,14.47,20790,300831.3
121207,49626,1,10.54,23830,251168.2
121208,49626,2,15.71,22910,359916.10000000003
121209,49626,3,19.45,20790,404365.5
121210,49627,1,2.17,23830,51711.1
121211,49627,2,1.56,22910,35739.6
121212,49628,1,3.54,23830,84358.2
121213,49628,2,3.94,22910,90265.4
121214,49629,1,1.38,23830,32885.399999999994
121215,49629,2,1.16,22910,26575.6
121216,49630,1,3.31,23830,78877.3
121217,49630,2,1.71,22910,39176.1
121218,49631,1,3.0,23830,71490.0
121219,49631,2,4.99,22910,114320.9
121220,49632,1,6.18,23830,147269.4
121221,49632,2,19.54,22910,447661.4
121222,49632,3,2.05,20790,42619.49999999999
121223,49633,1,4.2,23830,100086.0
121224,49633,2,4.96,22910,113633.6
121225,49634,1,19.64,23830,468021.2
121226,49634,2,6.31,22910,144562.09999999998
121227,49634,3,6.68,20790,138877.19999999998
121228,49635,1,4.57,23830,108903.1
121229,49635,2,3.55,22910,81330.5
121230,49636,1,1.63,23830,38842.9
121231,49636,2,1.56,22910,35739.6
121232,49637,1,4.4,23830,104852.0
121233,49637,2,3.33,22910,76290.3
121234,49638,1,19.76,23830,470880.8000000001
121235,49638,2,18.55,22910,424980.5
121236,49638,3,7.3,20790,151767.0
121237,49639,1,2.55,23830,60766.49999999999
121238,49639,2,2.05,22910,46965.49999999999
121239,49640,1,18.43,23830,439186.9
121240,49640,2,3.41,22910,78123.1
121241,49640,3,4.31,20790,89604.9
121242,49641,1,2.5,23830,59575.0
121243,49641,2,4.12,22910,94389.2
121244,49642,1,3.36,23830,80068.8
121245,49642,2,4.49,22910,102865.9
121246,49643,1,4.25,23830,101277.5
121247,49643,2,2.11,22910,48340.1
121248,49644,1,9.15,23830,218044.5
121249,49644,2,2.63,22910,60253.3
121250,49644,3,5.23,20790,108731.7
121251,49645,1,4.12,23830,98179.6
121252,49645,2,4.38,22910,100345.8
121253,49646,1,1.93,23830,45991.9
121254,49646,2,1.4,22910,32074.0
121255,49647,1,2.9,23830,69107.0
121256,49647,2,4.47,22910,102407.7
121257,49648,1,6.54,23830,155848.2
121258,49648,2,15.61,22910,357625.1
121259,49648,3,19.43,20790,403949.7
121260,49649,1,17.16,23830,408922.8
121261,49649,2,5.23,22910,119819.3
121262,49649,3,9.49,20790,197297.1
121263,49650,1,1.12,23830,26689.6
121264,49650,2,1.08,22910,24742.800000000003
121265,49651,1,1.67,23830,39796.1
121266,49651,2,4.48,22910,102636.8
121267,49652,1,11.64,23830,277381.2
121268,49652,2,5.86,22910,134252.6
121269,49652,3,4.1,20790,85238.99999999999
121270,49653,1,4.84,23830,115337.2
121271,49653,2,2.89,22910,66209.90000000001
121272,49654,1,13.47,23830,320990.10000000003
121273,49654,2,7.67,22910,175719.7
121274,49654,3,8.47,20790,176091.30000000002
121275,49655,1,6.76,23830,161090.8
121276,49655,2,1.79,22910,41008.9
121277,49655,3,16.97,20790,352806.3
121278,49656,1,4.53,23830,107949.9
121279,49656,2,2.08,22910,47652.8
121280,49657,1,16.34,23830,389382.2
121281,49657,2,16.76,22910,383971.6
121282,49657,3,15.92,20790,330976.8
121283,49658,1,2.09,23830,49804.7
121284,49658,2,4.23,22910,96909.3
121285,49659,1,13.02,23830,310266.6
121286,49659,2,9.03,22910,206877.3
121287,49659,3,10.74,20790,223284.6
121288,49660,1,11.64,23830,277381.2
121289,49660,2,4.33,22910,99200.3
121290,49660,3,3.27,20790,67983.3
121291,49661,1,1.96,23830,46706.8
121292,49661,2,4.01,22910,91869.1
121293,49662,1,2.78,23830,66247.4
121294,49662,2,2.62,22910,60024.2
121295,49663,1,2.96,23830,70536.8
121296,49663,2,1.48,22910,33906.8
121297,49664,1,10.28,23830,244972.4
121298,49664,2,14.91,22910,341588.1
121299,49664,3,5.12,20790,106444.8
121300,49665,1,17.38,23830,414165.4
121301,49665,2,8.11,22910,185800.1
121302,49665,3,9.52,20790,197920.8
121303,49666,1,7.06,23830,168239.8
121304,49666,2,2.97,22910,68042.70000000001
121305,49666,3,13.62,20790,283159.8
121306,49667,1,1.98,23830,47183.4
121307,49667,2,3.66,22910,83850.6
121308,49668,1,17.18,23830,409399.4
121309,49668,2,6.28,22910,143874.80000000002
121310,49668,3,9.81,20790,203949.9
121311,49669,1,9.68,23830,230674.4
121312,49669,2,2.02,22910,46278.2
121313,49669,3,1.23,20790,25571.7
121314,49670,1,1.04,23830,24783.2
121315,49670,2,14.56,22910,333569.60000000003
121316,49670,3,18.33,20790,381080.7
121317,49671,1,19.46,23830,463731.8000000001
121318,49671,2,5.55,22910,127150.5
121319,49671,3,10.27,20790,213513.3
121320,49672,1,19.65,23830,468259.5
121321,49672,2,9.72,22910,222685.2
121322,49672,3,8.22,20790,170893.80000000002
121323,49673,1,5.71,23830,136069.3
121324,49673,2,12.09,22910,276981.9
121325,49673,3,9.95,20790,206860.5
121326,49674,1,3.99,23830,95081.7
121327,49674,2,2.7,22910,61857.00000000001
121328,49675,1,2.87,23830,68392.1
121329,49675,2,4.22,22910,96680.2
121330,49676,1,8.7,23830,207321.0
121331,49676,2,4.9,22910,112259.0
121332,49676,3,2.92,20790,60706.8
121333,49677,1,2.87,23830,68392.1
121334,49677,2,8.32,22910,190611.2
121335,49677,3,9.14,20790,190020.6
121336,49678,1,1.19,23830,28357.7
121337,49678,2,16.88,22910,386720.8
121338,49678,3,8.2,20790,170477.99999999997
121339,49679,1,18.78,23830,447527.4
121340,49679,2,11.35,22910,260028.5
121341,49679,3,3.19,20790,66320.1
121342,49680,1,2.13,23830,50757.9
121343,49680,2,4.71,22910,107906.1
121344,49681,1,16.08,23830,383186.4
121345,49681,2,8.29,22910,189923.9
121346,49681,3,9.02,20790,187525.8
121347,49682,1,12.12,23830,288819.6
121348,49682,2,1.9,22910,43529.0
121349,49682,3,6.31,20790,131184.9
121350,49683,1,9.33,23830,222333.9
121351,49683,2,18.1,22910,414671.00000000006
121352,49683,3,13.58,20790,282328.2
123581,50600,1,4.42,23830,105328.6
123582,50600,2,2.73,22910,62544.3
123583,50601,1,4.77,23830,113669.1
123584,50601,2,4.84,22910,110884.4
123585,50602,1,5.32,23830,126775.6
123586,50602,2,19.69,22910,451097.9
123587,50602,3,8.06,20790,167567.40000000002
123588,50603,1,19.64,23830,468021.2
123589,50603,2,15.24,22910,349148.4
123590,50603,3,4.17,20790,86694.3
123591,50604,1,3.94,23830,93890.2
123592,50604,2,2.86,22910,65522.6
123593,50605,1,1.15,23830,27404.5
123594,50605,2,4.5,22910,103095.0
123595,50606,1,5.46,23830,130111.8
123596,50606,2,13.93,22910,319136.3
123597,50606,3,9.1,20790,189189.0
123598,50607,1,2.6,23830,61958.0
123599,50607,2,3.13,22910,71708.3
123600,50608,1,3.74,23830,89124.20000000001
123601,50608,2,2.73,22910,62544.3
123602,50609,1,2.89,23830,68868.7
123603,50609,2,1.13,22910,25888.3
123604,50610,1,12.58,23830,299781.4
123605,50610,2,8.03,22910,183967.3
123606,50610,3,15.96,20790,331808.4
123607,50611,1,6.36,23830,151558.80000000002
123608,50611,2,10.7,22910,245137.0
123609,50611,3,6.78,20790,140956.2
123610,50612,1,8.15,23830,194214.5
123611,50612,2,15.45,22910,353959.5
123612,50612,3,9.63,20790,200207.7
123613,50613,1,4.85,23830,115575.5
123614,50613,2,2.42,22910,55442.2
123615,50614,1,13.26,23830,315985.8
123616,50614,2,12.85,22910,294393.5
123617,50614,3,19.62,20790,407899.8000000001
123618,50615,1,6.24,23830,148699.2
123619,50615,2,6.47,22910,148227.69999999998
123620,50615,3,6.63,20790,137837.7
123621,50616,1,4.15,23830,98894.5
123622,50616,2,2.92,22910,66897.2
123623,50617,1,1.36,23830,32408.800000000003
123624,50617,2,2.06,22910,47194.6
123625,50618,1,1.96,23830,46706.8
123626,50618,2,3.23,22910,73999.3
123627,50619,1,4.68,23830,111524.4
123628,50619,2,2.49,22910,57045.9
123629,50620,1,3.23,23830,76970.9
123630,50620,2,2.25,22910,51547.5
123631,50621,1,5.79,23830,137975.7
123632,50621,2,16.02,22910,367018.2
123633,50621,3,14.03,20790,291683.7
123634,50622,1,18.79,23830,447765.7
123635,50622,2,12.62,22910,289124.19999999995
123636,50622,3,15.76,20790,327650.4
123637,50623,1,2.08,23830,49566.4
123638,50623,2,1.98,22910,45361.8
123639,50624,1,1.03,23830,24544.9
123640,50624,2,2.99,22910,68500.90000000001
123641,50625,1,2.59,23830,61719.7
123642,50625,2,1.28,22910,29324.8
123643,50626,1,4.0,23830,95320.0
123644,50626,2,2.65,22910,60711.5
123645,50627,1,7.63,23830,181822.9
123646,50627,2,7.78,22910,178239.80000000002
123647,50627,3,15.58,20790,323908.2
123648,50628,1,2.18,23830,51949.4
123649,50628,2,2.81,22910,64377.1
123650,50629,1,16.61,23830,395816.3
123651,50629,2,16.04,22910,367476.4
123652,50629,3,6.94,20790,144282.6
123653,50630,1,4.81,23830,114622.3
123654,50630,2,2.08,22910,47652.8
123655,50631,1,4.62,23830,110094.6
123656,50631,2,3.41,22910,78123.1
123657,50632,1,17.74,23830,422744.2
123658,50632,2,10.51,22910,240784.1
123659,50632,3,7.15,20790,148648.5
123660,50633,1,16.37,23830,390097.1
123661,50633,2,9.4,22910,215354.0
123662,50633,3,14.16,20790,294386.4
123663,50634,1,4.49,23830,106996.7
123664,50634,2,3.1,22910,71021.0
123665,50635,1,1.89,23830,45038.7
123666,50635,2,3.9,22910,89349.0
123667,50635,3,8.04,20790,167151.59999999998
123668,50636,1,1.71,23830,40749.3
123669,50636,2,3.98,22910,91181.8
123670,50637,1,3.01,23830,71728.29999999999
123671,50637,2,4.79,22910,109738.9
123672,50638,1,3.37,23830,80307.1
123673,50638,2,4.87,22910,111571.7
123674,50639,1,12.22,23830,291202.60000000003
123675,50639,2,2.94,22910,67355.4
123676,50639,3,6.74,20790,140124.6
123677,50640,1,4.33,23830,103183.9
123678,50640,2,2.07,22910,47423.7
123679,50641,1,16.09,23830,383424.7
123680,50641,2,4.42,22910,101262.2
123681,50641,3,14.63,20790,304157.7
123682,50642,1,2.02,23830,48136.6
123683,50642,2,2.85,22910,65293.5
123684,50643,1,2.81,23830,66962.3
123685,50643,2,17.83,22910,408485.3
123686,50643,3,9.25,20790,192307.5
123687,50644,1,15.68,23830,373654.4
123688,50644,2,12.06,22910,276294.60000000003
123689,50644,3,18.3,20790,380457.0
123690,50645,1,4.03,23830,96034.9
123691,50645,2,1.83,22910,41925.3
123692,50646,1,5.31,23830,126537.3
123693,50646,2,11.05,22910,253155.50000000003
123694,50646,3,9.79,20790,203534.1
123695,50647,1,10.95,23830,260938.5
123696,50647,2,19.78,22910,453159.8000000001
123697,50647,3,14.8,20790,307692.0
123698,50648,1,11.31,23830,269517.3
123699,50648,2,19.77,22910,452930.7
123700,50648,3,8.95,20790,186070.5
123701,50649,1,4.71,23830,112239.3
123702,50649,2,2.59,22910,59336.9
123703,50650,1,3.6,23830,85788.0
123704,50650,2,2.1,22910,48111.0
123705,50651,1,2.23,23830,53140.9
123706,50651,2,6.68,22910,153038.8
123707,50651,3,8.35,20790,173596.5
123708,50652,1,1.04,23830,24783.2
123709,50652,2,3.88,22910,88890.8
123710,50653,1,1.63,23830,38842.9
123711,50653,2,3.88,22910,88890.8
123712,50654,1,3.46,23830,82451.8
123713,50654,2,4.92,22910,112717.2
125792,51517,1,2.11,23830,50281.3
125793,51517,2,3.02,22910,69188.2
125794,51518,1,4.75,23830,113192.5
125795,51518,2,3.0,22910,68730.0
125796,51519,1,17.33,23830,412973.9
125797,51519,2,12.06,22910,276294.60000000003
125798,51519,3,3.77,20790,78378.3
125799,51520,1,12.61,23830,300496.3
125800,51520,2,6.56,22910,150289.59999999998
125801,51520,3,12.56,20790,261122.4
125802,51521,1,1.57,23830,37413.1
125803,51521,2,4.57,22910,104698.7
125804,51522,1,2.21,23830,52664.3
125805,51522,2,17.96,22910,411463.6
125806,51522,3,5.91,20790,122868.9
125807,51523,1,2.38,23830,56715.4
125808,51523,2,1.7,22910,38947.0
125809,51524,1,4.48,23830,106758.4
125810,51524,2,4.89,22910,112029.9
125811,51525,1,4.93,23830,117481.9
125812,51525,2,1.65,22910,37801.5
125813,51526,1,7.67,23830,182776.1
125814,51526,2,13.58,22910,311117.8
125815,51526,3,19.5,20790,405405.0
125816,51527,1,3.03,23830,72204.9
125817,51527,2,1.5,22910,34365.0
125818,51528,1,14.02,23830,334096.6
125819,51528,2,18.88,22910,432540.8
125820,51528,3,10.05,20790,208939.50000000003
125821,51529,1,3.19,23830,76017.7
125822,51529,2,3.42,22910,78352.2
125823,51530,1,2.26,23830,53855.8
125824,51530,2,3.49,22910,79955.90000000001
125825,51531,1,6.91,23830,164665.30000000002
125826,51531,2,10.01,22910,229329.1
125827,51531,3,2.08,20790,43243.2
125828,51532,1,18.35,23830,437280.50000000006
125829,51532,2,18.72,22910,428875.2
125830,51532,3,18.35,20790,381496.50000000006
125831,51533,1,4.32,23830,102945.6
125832,51533,2,1.1,22910,25201.000000000004
125833,51534,1,6.13,23830,146077.9
125834,51534,2,1.43,22910,32761.3
125835,51534,3,1.02,20790,21205.8
125836,51535,1,4.26,23830,101515.8
125837,51535,2,2.17,22910,49714.7
125838,51536,1,18.41,23830,438710.3
125839,51536,2,6.43,22910,147311.3
125840,51536,3,12.32,20790,256132.8
125841,51537,1,4.35,23830,103660.5
125842,51537,2,2.79,22910,63918.9
125843,51538,1,19.11,23830,455391.3
125844,51538,2,2.0,22910,45820.0
125845,51538,3,5.76,20790,119750.4
125846,51539,1,2.63,23830,62672.9
125847,51539,2,3.36,22910,76977.59999999999
125848,51540,1,1.22,23830,29072.6
125849,51540,2,4.73,22910,108364.3
125850,51541,1,5.27,23830,125584.1
125851,51541,2,1.32,22910,30241.2
125852,51541,3,6.46,20790,134303.4
125853,51542,1,3.69,23830,87932.7
125854,51542,2,3.9,22910,89349.0
125855,51543,1,2.77,23830,66009.1
125856,51543,2,4.71,22910,107906.1
125857,51544,1,8.64,23830,205891.2
125858,51544,2,12.63,22910,289353.30000000005
125859,51544,3,1.04,20790,21621.6
125860,51545,1,1.01,23830,24068.3
125861,51545,2,1.41,22910,32303.1
125862,51546,1,1.14,23830,27166.2
125863,51546,2,1.28,22910,29324.8
125864,51547,1,2.77,23830,66009.1
125865,51547,2,2.28,22910,52234.8
125866,51548,1,2.18,23830,51949.4
125867,51548,2,3.27,22910,74915.7
125868,51549,1,3.76,23830,89600.79999999999
125869,51549,2,4.69,22910,107447.9
125870,51550,1,15.45,23830,368173.5
125871,51550,2,4.55,22910,104240.5
125872,51550,3,19.13,20790,397712.7
125873,51551,1,19.41,23830,462540.3
125874,51551,2,9.28,22910,212604.8
125875,51551,3,1.82,20790,37837.8
125876,51552,1,3.16,23830,75302.8
125877,51552,2,2.82,22910,64606.2
125878,51553,1,4.79,23830,114145.7
125879,51553,2,4.62,22910,105844.2
125880,51554,1,3.43,23830,81736.90000000001
125881,51554,2,3.73,22910,85454.3
125882,51555,1,4.89,23830,116528.7
125883,51555,2,4.24,22910,97138.4
125884,51556,1,1.53,23830,36459.9
125885,51556,2,3.09,22910,70791.9
125886,51557,1,14.93,23830,355781.9
125887,51557,2,10.54,22910,241471.4
125888,51557,3,8.03,20790,166943.69999999998
125889,51558,1,12.3,23830,293109.0
125890,51558,2,5.02,22910,115008.2
125891,51558,3,10.86,20790,225779.4
125892,51559,1,4.31,23830,102707.3
125893,51559,2,4.99,22910,114320.9
125894,51560,1,3.3,23830,78639.0
125895,51560,2,3.78,22910,86599.79999999999
125896,51561,1,4.7,23830,112001.0
125897,51561,2,3.87,22910,88661.7
125898,51562,1,4.71,23830,112239.3
125899,51562,2,12.07,22910,276523.7
125900,51562,3,13.85,20790,287941.5
125901,51563,1,4.48,23830,106758.4
125902,51563,2,7.45,22910,170679.5
125903,51563,3,8.14,20790,169230.6
125904,51564,1,13.96,23830,332666.80000000005
125905,51564,2,7.08,22910,162202.8
125906,51564,3,1.6,20790,33264.0
125907,51565,1,3.43,23830,81736.90000000001
125908,51565,2,18.3,22910,419253.0
125909,51565,3,12.8,20790,266112.0
125910,51566,1,3.73,23830,88885.9
125911,51566,2,18.38,22910,421085.8
125912,51566,3,7.51,20790,156132.9
125913,51567,1,1.38,23830,32885.399999999994
125914,51567,2,2.55,22910,58420.49999999999
125915,51568,1,1.94,23830,46230.2
125916,51568,2,2.72,22910,62315.2
125917,51569,1,6.74,23830,160614.2
125918,51569,2,16.52,22910,378473.2
125919,51569,3,3.91,20790,81288.90000000001
125920,51570,1,13.75,23830,327662.5
125921,51570,2,7.25,22910,166097.5
125922,51570,3,15.78,20790,328066.2
128054,52450,1,2.26,23830,53855.8
128055,52450,2,2.53,22910,57962.3
128056,52451,1,7.65,23830,182299.5
128057,52451,2,2.22,22910,50860.2
128058,52451,3,15.47,20790,321621.3
128059,52452,1,2.1,23830,50043.0
128060,52452,2,4.61,22910,105615.1
128061,52452,3,12.73,20790,264656.7
128062,52453,1,14.67,23830,349586.1
128063,52453,2,13.72,22910,314325.2
128064,52453,3,16.19,20790,336590.10000000003
128065,52454,1,4.36,23830,103898.8
128066,52454,2,4.4,22910,100804.0
128067,52455,1,8.81,23830,209942.3
128068,52455,2,12.6,22910,288666.0
128069,52455,3,2.19,20790,45530.1
128070,52456,1,4.01,23830,95558.3
128071,52456,2,3.53,22910,80872.29999999999
128072,52457,1,4.84,23830,115337.2
128073,52457,2,3.05,22910,69875.5
128074,52458,1,1.44,23830,34315.2
128075,52458,2,3.87,22910,88661.7
128076,52459,1,4.92,23830,117243.6
128077,52459,2,1.15,22910,26346.5
128078,52460,1,16.88,23830,402250.4
128079,52460,2,4.13,22910,94618.3
128080,52460,3,13.07,20790,271725.3
128081,52461,1,13.84,23830,329807.2
128082,52461,2,2.63,22910,60253.3
128083,52461,3,13.87,20790,288357.3
128084,52462,1,3.18,23830,75779.40000000001
128085,52462,2,4.37,22910,100116.7
128086,52463,1,17.09,23830,407254.7
128087,52463,2,16.15,22910,369996.5
128088,52463,3,8.63,20790,179417.7
128089,52464,1,15.0,23830,357450.0
128090,52464,2,6.83,22910,156475.3
128091,52464,3,16.83,20790,349895.69999999995
128092,52465,1,4.07,23830,96988.1
128093,52465,2,1.23,22910,28179.3
128094,52466,1,2.17,23830,51711.1
128095,52466,2,2.63,22910,60253.3
128096,52467,1,6.9,23830,164427.0
128097,52467,2,14.45,22910,331049.5
128098,52467,3,18.39,20790,382328.1
128099,52468,1,2.12,23830,50519.600000000006
128100,52468,2,4.28,22910,98054.8
128101,52469,1,10.32,23830,245925.6
128102,52469,2,15.48,22910,354646.8
128103,52469,3,1.37,20790,28482.300000000003
128104,52470,1,4.26,23830,101515.8
128105,52470,2,3.25,22910,74457.5
128106,52471,1,10.66,23830,254027.8
128107,52471,2,10.76,22910,246511.6
128108,52471,3,14.85,20790,308731.5
128109,52472,1,2.32,23830,55285.6
128110,52472,2,3.21,22910,73541.1
128111,52473,1,2.68,23830,63864.4
128112,52473,2,3.89,22910,89119.90000000001
128113,52474,1,2.37,23830,56477.100000000006
128114,52474,2,15.87,22910,363581.7
128115,52474,3,10.15,20790,211018.5
128116,52475,1,13.54,23830,322658.19999999995
128117,52475,2,3.56,22910,81559.6
128118,52475,3,9.39,20790,195218.1
128119,52476,1,4.27,23830,101754.1
128120,52476,2,2.95,22910,67584.5
128121,52477,1,16.64,23830,396531.2
128122,52477,2,6.57,22910,150518.7
128123,52477,3,15.51,20790,322452.9
128124,52478,1,2.39,23830,56953.7
128125,52478,2,1.46,22910,33448.6
128126,52479,1,4.37,23830,104137.1
128127,52479,2,19.41,22910,444683.1
128128,52479,3,17.82,20790,370477.8
128129,52480,1,1.84,23830,43847.2
128130,52480,2,1.95,22910,44674.5
128131,52481,1,4.19,23830,99847.7
128132,52481,2,4.78,22910,109509.8
128133,52482,1,1.68,23830,40034.4
128134,52482,2,1.53,22910,35052.3
128135,52483,1,9.63,23830,229482.9
128136,52483,2,1.87,22910,42841.7
128137,52483,3,18.98,20790,394594.2
128138,52484,1,19.5,23830,464685.0
128139,52484,2,16.8,22910,384888.0
128140,52484,3,13.47,20790,280041.3
128141,52485,1,16.11,23830,383901.3
128142,52485,2,2.32,22910,53151.2
128143,52485,3,19.66,20790,408731.4
128144,52486,1,6.09,23830,145124.69999999998
128145,52486,2,4.28,22910,98054.8
128146,52486,3,15.99,20790,332432.1
128147,52487,1,12.75,23830,303832.5
128148,52487,2,7.23,22910,165639.30000000002
128149,52487,3,7.12,20790,148024.8
128150,52488,1,3.19,23830,76017.7
128151,52488,2,1.23,22910,28179.3
128152,52489,1,8.26,23830,196835.8
128153,52489,2,19.64,22910,449952.4
128154,52489,3,15.06,20790,313097.4
128155,52490,1,16.24,23830,386999.2
128156,52490,2,15.37,22910,352126.69999999995
128157,52490,3,10.64,20790,221205.6
128158,52491,1,11.03,23830,262844.9
128159,52491,2,5.59,22910,128066.9
128160,52491,3,10.35,20790,215176.5
128161,52492,1,19.38,23830,461825.4
128162,52492,2,3.84,22910,87974.4
128163,52492,3,8.75,20790,181912.5
128164,52493,1,9.43,23830,224716.9
128165,52493,2,3.0,22910,68730.0
128166,52493,3,3.81,20790,79209.9
128167,52494,1,1.39,23830,33123.7
128168,52494,2,2.39,22910,54754.9
128169,52495,1,14.81,23830,352922.3
128170,52495,2,19.4,22910,444454.0
128171,52495,3,17.55,20790,364864.5
128172,52496,1,2.39,23830,56953.7
128173,52496,2,4.77,22910,109280.7
128174,52497,1,2.61,23830,62196.3
128175,52497,2,3.94,22910,90265.4
128176,52498,1,1.89,23830,45038.7
128177,52498,2,2.39,22910,54754.9
128178,52499,1,3.58,23830,85311.40000000001
128179,52499,2,4.56,22910,104469.6
128180,52500,1,5.83,23830,138928.9
128181,52500,2,5.68,22910,130128.8
128182,52500,3,17.21,20790,357795.9
130402,53413,1,16.73,23830,398675.9
130403,53413,2,13.84,22910,317074.4
130404,53413,3,2.15,20790,44698.5
130405,53414,1,1.08,23830,25736.4
130406,53414,2,12.32,22910,282251.2
130407,53414,3,12.23,20790,254261.7
130408,53415,1,2.96,23830,70536.8
130409,53415,2,2.34,22910,53609.4
130410,53416,1,2.15,23830,51234.5
130411,53416,2,3.59,22910,82246.9
130412,53417,1,14.35,23830,341960.5
130413,53417,2,11.9,22910,272629.0
130414,53417,3,12.7,20790,264033.0
130415,53418,1,2.64,23830,62911.2
130416,53418,2,1.84,22910,42154.4
130417,53419,1,4.75,23830,113192.5
130418,53419,2,2.06,22910,47194.6
130419,53420,1,19.19,23830,457297.7
130420,53420,2,12.25,22910,280647.5
130421,53420,3,4.89,20790,101663.1
130422,53421,1,3.63,23830,86502.9
130423,53421,2,4.92,22910,112717.2
130424,53422,1,4.96,23830,118196.8
130425,53422,2,3.04,22910,69646.4
130426,53423,1,1.36,23830,32408.800000000003
130427,53423,2,17.63,22910,403903.3
130428,53423,3,12.6,20790,261954.0
130429,53424,1,18.74,23830,446574.2
130430,53424,2,2.49,22910,57045.9
130431,53424,3,13.03,20790,270893.7
130432,53425,1,4.68,23830,111524.4
130433,53425,2,4.48,22910,102636.8
130434,53426,1,4.51,23830,107473.3
130435,53426,2,1.05,22910,24055.5
131135,53719,1,2.42,23830,57668.6
131136,53719,2,2.15,22910,49256.5
131137,53720,1,4.66,23830,111047.8
131138,53720,2,1.17,22910,26804.7
131139,53721,1,13.43,23830,320036.9
131140,53721,2,6.85,22910,156933.5
131141,53721,3,11.53,20790,239708.7
131142,53722,1,4.44,23830,105805.2
131143,53722,2,1.7,22910,38947.0
131144,53723,1,7.34,23830,174912.19999999998
131145,53723,2,18.41,22910,421773.1
131146,53723,3,2.64,20790,54885.600000000006
131147,53724,1,10.33,23830,246163.9
131148,53724,2,9.13,22910,209168.3
131149,53724,3,9.52,20790,197920.8
131150,53725,1,4.18,23830,99609.4
131151,53725,2,12.48,22910,285916.8
131152,53725,3,19.12,20790,397504.8000000001
131153,53726,1,3.81,23830,90792.3
131154,53726,2,1.65,22910,37801.5
131155,53727,1,6.92,23830,164903.6
131156,53727,2,7.19,22910,164722.90000000002
131157,53727,3,10.02,20790,208315.8
131158,53728,1,2.83,23830,67438.90000000001
131159,53728,2,3.58,22910,82017.8
131160,53729,1,11.34,23830,270232.2
131161,53729,2,9.44,22910,216270.4
131162,53729,3,9.05,20790,188149.50000000003
131163,53730,1,13.52,23830,322181.6
131164,53730,2,11.26,22910,257966.6
131165,53730,3,8.68,20790,180457.2
131166,53731,1,13.72,23830,326947.60000000003
131167,53731,2,13.72,22910,314325.2
131168,53731,3,8.86,20790,184199.4
131820,53998,1,11.25,23830,268087.5
131821,53998,2,15.46,22910,354188.60000000003
131822,53998,3,14.43,20790,299999.7
131823,53999,1,5.0,23830,119150.0
131824,53999,2,2.03,22910,46507.3
131825,54000,1,9.61,23830,229006.3
131826,54000,2,14.24,22910,326238.4
131827,54000,3,17.48,20790,363409.2
131828,54001,1,2.92,23830,69583.59999999999
131829,54001,2,2.01,22910,46049.1
131830,54002,1,4.13,23830,98417.9
131831,54002,2,4.62,22910,105844.2
131832,54003,1,1.51,23830,35983.3
131833,54003,2,17.46,22910,400008.6
131834,54003,3,8.99,20790,186902.1
131835,54004,1,4.04,23830,96273.2
131836,54004,2,4.12,22910,94389.2
131837,54005,1,3.07,23830,73158.09999999999
131838,54005,2,4.63,22910,106073.3
131839,54006,1,16.98,23830,404633.4
131840,54006,2,17.41,22910,398863.1
131841,54006,3,18.41,20790,382743.9
131842,54007,1,12.21,23830,290964.30000000005
131843,54007,2,19.04,22910,436206.4
131844,54007,3,3.94,20790,81912.6
131845,54008,1,2.24,23830,53379.2
131846,54008,2,4.84,22910,110884.4
131847,54009,1,17.93,23830,427271.9
131848,54009,2,2.8,22910,64147.99999999999
131849,54009,3,15.85,20790,329521.5
131850,54010,1,4.83,23830,115098.9
131851,54010,2,3.13,22910,71708.3
131852,54011,1,2.7,23830,64341.00000000001
131853,54011,2,2.12,22910,48569.2
131854,54012,1,4.53,23830,107949.9
131855,54012,2,2.79,22910,63918.9
131856,54013,1,4.57,23830,108903.1
131857,54013,2,3.44,22910,78810.4
131858,54014,1,1.98,23830,47183.4
131859,54014,2,2.84,22910,65064.4
132551,54305,1,13.98,23830,333143.4
132552,54305,2,13.64,22910,312492.4
132553,54305,3,16.12,20790,335134.80000000005
132554,54306,1,3.81,23830,90792.3
132555,54306,2,3.58,22910,82017.8
132556,54306,3,15.61,20790,324531.9
132557,54307,1,4.65,23830,110809.5
132558,54307,2,2.03,22910,46507.3
132559,54308,1,6.59,23830,157039.69999999998
132560,54308,2,9.02,22910,206648.2
132561,54308,3,18.5,20790,384615.0
132562,54309,1,16.83,23830,401058.9
132563,54309,2,15.63,22910,358083.30000000005
132564,54309,3,5.51,20790,114552.9
132565,54310,1,3.24,23830,77209.20000000001
132566,54310,2,1.59,22910,36426.9
132567,54311,1,17.53,23830,417739.9
132568,54311,2,11.41,22910,261403.1
132569,54311,3,11.53,20790,239708.7
133326,54621,1,1.17,23830,27881.1
133327,54621,2,3.25,22910,74457.5
133328,54621,3,19.18,20790,398752.2
133329,54622,1,1.9,23830,45277.0
133330,54622,2,2.09,22910,47881.9
133331,54622,3,1.85,20790,38461.5
133332,54623,1,6.99,23830,166571.7
133333,54623,2,14.04,22910,321656.4
133334,54623,3,15.39,20790,319958.10000000003
133335,54624,1,16.32,23830,388905.6
133336,54624,2,12.46,22910,285458.60000000003
133337,54624,3,4.18,20790,86902.2
133338,54625,1,2.13,23830,50757.9
133339,54625,2,1.53,22910,35052.3
133340,54626,1,14.73,23830,351015.9
133341,54626,2,15.8,22910,361978.0
133342,54626,3,1.09,20790,22661.1
133343,54627,1,3.58,23830,85311.40000000001
133344,54627,2,7.0,22910,160370.0
133345,54627,3,15.0,20790,311850.0
133346,54628,1,16.73,23830,398675.9
133347,54628,2,6.52,22910,149373.19999999998
133348,54628,3,6.77,20790,140748.3
133349,54629,1,2.67,23830,63626.1
133350,54629,2,2.68,22910,61398.8
133351,54630,1,7.41,23830,176580.30000000002
133352,54630,2,1.16,22910,26575.6
133353,54630,3,13.25,20790,275467.5
133354,54631,1,10.82,23830,257840.6
133355,54631,2,18.12,22910,415129.2
133356,54631,3,7.67,20790,159459.3
133357,54632,1,4.47,23830,106520.1
133358,54632,2,1.77,22910,40550.7
133359,54633,1,4.2,23830,100086.0
133360,54633,2,3.31,22910,75832.1
133361,54634,1,4.01,23830,95558.3
133362,54634,2,4.46,22910,102178.6
134033,54912,1,14.58,23830,347441.4
134034,54912,2,13.58,22910,311117.8
134035,54912,3,10.94,20790,227442.6
134036,54913,1,4.99,23830,118911.7
134037,54913,2,1.21,22910,27721.1
134038,54914,1,13.28,23830,316462.4
134039,54914,2,18.46,22910,422918.6
134040,54914,3,1.74,20790,36174.6
134041,54915,1,4.04,23830,96273.2
134042,54915,2,2.43,22910,55671.3
134043,54916,1,2.9,23830,69107.0
134044,54916,2,17.84,22910,408714.4
134045,54916,3,19.34,20790,402078.6
134046,54917,1,4.91,23830,117005.3
134047,54917,2,3.09,22910,70791.9
134048,54918,1,1.32,23830,31455.6
134049,54918,2,2.5,22910,57275.0
134050,54919,1,1.78,23830,42417.4
134051,54919,2,2.0,22910,45820.0
134052,54920,1,14.42,23830,343628.6
134053,54920,2,11.56,22910,264839.60000000003
134054,54920,3,6.57,20790,136590.30000000002
134055,54921,1,12.76,23830,304070.8
134056,54921,2,16.25,22910,372287.5
134057,54921,3,9.18,20790,190852.2
134058,54922,1,2.36,23830,56238.8
134059,54922,2,4.84,22910,110884.4
134060,54923,1,6.94,23830,165380.2
134061,54923,2,2.21,22910,50631.1
134062,54923,3,8.86,20790,184199.4
134838,55243,1,2.74,23830,65294.2
134839,55243,2,1.08,22910,24742.800000000003
134840,55244,1,3.11,23830,74111.3
134841,55244,2,2.56,22910,58649.6
134842,55245,1,1.0,23830,23830.0
134843,55245,2,10.97,22910,251322.7
134844,55245,3,18.26,20790,379625.4
134845,55246,1,7.04,23830,167763.2
134846,55246,2,15.35,22910,351668.5
134847,55246,3,3.84,20790,79833.59999999999
134848,55247,1,4.07,23830,96988.1
134849,55247,2,2.79,22910,63918.9
134850,55248,1,9.52,23830,226861.6
134851,55248,2,1.86,22910,42612.600000000006
134852,55248,3,7.25,20790,150727.5
134853,55249,1,2.85,23830,67915.5
134854,55249,2,1.37,22910,31386.7
134855,55250,1,18.52,23830,441331.6
134856,55250,2,1.73,22910,39634.3
134857,55250,3,15.21,20790,316215.9
134858,55251,1,2.58,23830,61481.4
134859,55251,2,4.19,22910,95992.9
134860,55252,1,1.27,23830,30264.1
134861,55252,2,2.21,22910,50631.1
134862,55253,1,1.37,23830,32647.1
134863,55253,2,2.39,22910,54754.9
134864,55254,1,5.18,23830,123439.4
134865,55254,2,7.29,22910,167013.9
134866,55254,3,4.37,20790,90852.3
134867,55255,1,4.88,23830,116290.4
134868,55255,2,19.27,22910,441475.7
134869,55255,3,2.54,20790,52806.6
134870,55256,1,3.77,23830,89839.1
134871,55256,2,2.66,22910,60940.600000000006
134872,55257,1,2.37,23830,56477.100000000006
134873,55257,2,4.8,22910,109968.0
134874,55258,1,4.32,23830,102945.6
134875,55258,2,3.17,22910,72624.7
134876,55259,1,9.46,23830,225431.8
134877,55259,2,3.1,22910,71021.0
134878,55259,3,18.68,20790,388357.2
134879,55260,1,4.3,23830,102469.0
134880,55260,2,3.07,22910,70333.7
134881,55261,1,16.18,23830,385569.4
134882,55261,2,14.35,22910,328758.5
134883,55261,3,10.82,20790,224947.8
134884,55262,1,4.32,23830,102945.6
134885,55262,2,2.29,22910,52463.9
134886,55263,1,12.7,23830,302641.0
134887,55263,2,2.77,22910,63460.7
134888,55263,3,15.98,20790,332224.2
134889,55264,1,3.76,23830,89600.79999999999
134890,55264,2,3.51,22910,80414.09999999999
135533,55529,1,4.66,23830,111047.8
135534,55529,2,4.98,22910,114091.8
135535,55530,1,2.25,23830,53617.5
135536,55530,2,4.04,22910,92556.4
135537,55531,1,3.89,23830,92698.7
135538,55531,2,2.23,22910,51089.3
135539,55532,1,1.2,23830,28596.0
135540,55532,2,2.32,22910,53151.2
135541,55533,1,7.75,23830,184682.5
135542,55533,2,4.75,22910,108822.5
135543,55533,3,10.76,20790,223700.4
135544,55534,1,8.54,23830,203508.2
135545,55534,2,14.49,22910,331965.9
135546,55534,3,5.75,20790,119542.5
135547,55535,1,4.59,23830,109379.7
135548,55535,2,1.35,22910,30928.500000000004
135549,55536,1,16.93,23830,403441.9
135550,55536,2,14.26,22910,326696.6
135551,55536,3,19.31,20790,401454.9
135552,55537,1,1.5,23830,35745.0
135553,55537,2,4.94,22910,113175.4
135554,55538,1,10.57,23830,251883.1
135555,55538,2,11.63,22910,266443.30000000005
135556,55538,3,7.48,20790,155509.2
135557,55539,1,2.37,23830,56477.100000000006
135558,55539,2,6.72,22910,153955.19999999998
135559,55539,3,2.85,20790,59251.5
135560,55540,1,1.81,23830,43132.3
135561,55540,2,3.97,22910,90952.7
135562,55541,1,2.82,23830,67200.59999999999
135563,55541,2,3.87,22910,88661.7
135564,55542,1,4.22,23830,100562.6
135565,55542,2,2.92,22910,66897.2
135566,55543,1,9.18,23830,218759.4
135567,55543,2,2.17,22910,49714.7
135568,55543,3,12.78,20790,265696.2
135569,55544,1,19.07,23830,454438.1
135570,55544,2,3.36,22910,76977.59999999999
135571,55544,3,19.44,20790,404157.6
135572,55545,1,8.88,23830,211610.4
135573,55545,2,18.72,22910,428875.2
135574,55545,3,3.67,20790,76299.3
135575,55546,1,7.85,23830,187065.5
135576,55546,2,19.03,22910,435977.3000000001
135577,55546,3,10.14,20790,210810.6
135578,55547,1,3.06,23830,72919.8
135579,55547,2,4.86,22910,111342.6
135580,55548,1,2.17,23830,51711.1
135581,55548,2,1.83,22910,41925.3
135582,55549,1,4.99,23830,118911.7
135583,55549,2,16.29,22910,373203.9
135584,55549,3,19.07,20790,396465.3
135585,55550,1,19.05,23830,453961.5
135586,55550,2,2.32,22910,53151.2
135587,55550,3,17.21,20790,357795.9
135588,55551,1,2.59,23830,61719.7
135589,55551,2,3.05,22910,69875.5
135590,55552,1,1.63,23830,38842.9
135591,55552,2,4.79,22910,109738.9
135592,55553,1,1.04,23830,24783.2
135593,55553,2,3.7,22910,84767.0
135594,55554,1,13.1,23830,312173.0
135595,55554,2,10.47,22910,239867.7
135596,55554,3,11.18,20790,232432.2
135597,55555,1,16.58,23830,395101.4
135598,55555,2,19.44,22910,445370.4
135599,55555,3,7.87,20790,163617.3
135600,55556,1,10.39,23830,247593.7
135601,55556,2,8.85,22910,202753.5
135602,55556,3,13.99,20790,290852.1
135603,55557,1,9.14,23830,217806.2
135604,55557,2,7.37,22910,168846.7
135605,55557,3,10.98,20790,228274.2
135606,55558,1,1.81,23830,43132.3
135607,55558,2,3.47,22910,79497.70000000001
135608,55559,1,4.21,23830,100324.3
135609,55559,2,3.02,22910,69188.2
135610,55560,1,1.07,23830,25498.1
135611,55560,2,1.75,22910,40092.5
135612,55561,1,10.81,23830,257602.3
135613,55561,2,9.68,22910,221768.8
135614,55561,3,8.42,20790,175051.8
135615,55562,1,3.27,23830,77924.1
135616,55562,2,3.0,22910,68730.0
135617,55563,1,2.89,23830,68868.7
135618,55563,2,17.55,22910,402070.5
135619,55563,3,17.53,20790,364448.7
135620,55564,1,2.45,23830,58383.50000000001
135621,55564,2,1.6,22910,36656.0
135622,55565,1,1.8,23830,42894.0
135623,55565,2,1.6,22910,36656.0
135624,55566,1,18.43,23830,439186.9
135625,55566,2,2.63,22910,60253.3
135626,55566,3,12.28,20790,255301.2
135627,55567,1,6.35,23830,151320.5
135628,55567,2,10.18,22910,233223.8
135629,55567,3,15.09,20790,313721.1
135630,55568,1,2.61,23830,62196.3
135631,55568,2,1.65,22910,37801.5
135632,55569,1,1.18,23830,28119.4
135633,55569,2,4.1,22910,93931.0
135634,55570,1,18.0,23830,428940.0
135635,55570,2,8.87,22910,203211.7
135636,55570,3,11.15,20790,231808.5
135637,55571,1,1.8,23830,42894.0
135638,55571,2,2.38,22910,54525.8
135639,55572,1,1.0,23830,23830.0
135640,55572,2,2.79,22910,63918.9
135641,55573,1,3.79,23830,90315.7
135642,55573,2,1.68,22910,38488.8
135643,55574,1,3.99,23830,95081.7
135644,55574,2,9.95,22910,227954.5
135645,55574,3,2.43,20790,50519.7
135646,55575,1,2.88,23830,68630.4
135647,55575,2,3.81,22910,87287.1
135648,55576,1,4.39,23830,104613.7
135649,55576,2,2.24,22910,51318.4
135650,55577,1,18.9,23830,450387.0
135651,55577,2,4.17,22910,95534.7
135652,55577,3,5.85,20790,121621.5
135653,55578,1,3.54,23830,84358.2
135654,55578,2,11.33,22910,259570.3
135655,55578,3,16.88,20790,350935.19999999995
135656,55579,1,4.59,23830,109379.7
135657,55579,2,4.0,22910,91640.0
135658,55580,1,4.91,23830,117005.3
135659,55580,2,3.25,22910,74457.5
135660,55581,1,4.3,23830,102469.0
135661,55581,2,4.59,22910,105156.9
135662,55582,1,3.77,23830,89839.1
135663,55582,2,3.57,22910,81788.7
135664,55583,1,19.16,23830,456582.8
135665,55583,2,2.89,22910,66209.90000000001
135666,55583,3,16.65,20790,346153.49999999994
135667,55584,1,7.78,23830,185397.4
135668,55584,2,7.48,22910,171366.80000000002
135669,55584,3,14.52,20790,301870.8
135670,55585,1,3.93,23830,93651.9
135671,55585,2,1.63,22910,37343.3
135672,55586,1,9.64,23830,229721.2
135673,55586,2,4.19,22910,95992.9
135674,55586,3,5.41,20790,112473.9
135675,55587,1,4.95,23830,117958.5
135676,55587,2,2.62,22910,60024.2
135677,55588,1,16.2,23830,386046.0
135678,55588,2,17.03,22910,390157.3000000001
135679,55588,3,3.78,20790,78586.2
135680,55589,1,4.36,23830,103898.8
135681,55589,2,4.41,22910,101033.1
135682,55590,1,2.54,23830,60528.2
135683,55590,2,8.4,22910,192444.0
135684,55590,3,18.67,20790,388149.3000000001
135685,55591,1,4.51,23830,107473.3
135686,55591,2,1.14,22910,26117.4
135687,55592,1,18.47,23830,440140.1
135688,55592,2,11.35,22910,260028.5
135689,55592,3,2.29,20790,47609.1
135690,55593,1,8.28,23830,197312.4
135691,55593,2,1.72,22910,39405.2
135692,55593,3,12.0,20790,249480.0
135693,55594,1,7.56,23830,180154.8
135694,55594,2,10.63,22910,243533.3
135695,55594,3,4.86,20790,101039.4
135696,55595,1,4.71,23830,112239.3
135697,55595,2,4.68,22910,107218.8
135698,55596,1,3.28,23830,78162.4
135699,55596,2,3.79,22910,86828.9
135700,55597,1,2.14,23830,50996.2
135701,55597,2,3.13,22910,71708.3
135702,55598,1,2.72,23830,64817.600000000006
135703,55598,2,3.26,22910,74686.59999999999
135704,55598,3,10.21,20790,212265.9
135705,55599,1,17.8,23830,424174.0
135706,55599,2,4.72,22910,108135.2
135707,55599,3,11.3,20790,234927.00000000003
135708,55600,1,3.11,23830,74111.3
135709,55600,2,1.62,22910,37114.2
135710,55601,1,1.15,23830,27404.5
135711,55601,2,1.55,22910,35510.5
135712,55602,1,3.18,23830,75779.40000000001
135713,55602,2,4.21,22910,96451.1
135714,55603,1,3.71,23830,88409.3
135715,55603,2,4.94,22910,113175.4
135716,55604,1,1.87,23830,44562.100000000006
135717,55604,2,2.66,22910,60940.600000000006
135718,55605,1,4.13,23830,98417.9
135719,55605,2,3.6,22910,82476.0
135720,55606,1,3.31,23830,78877.3
135721,55606,2,2.01,22910,46049.1
135722,55607,1,1.61,23830,38366.3
135723,55607,2,3.3,22910,75603.0
135724,55608,1,1.06,23830,25259.800000000003
135725,55608,2,1.48,22910,33906.8
135726,55609,1,3.34,23830,79592.2
135727,55609,2,2.62,22910,60024.2
135728,55610,1,12.24,23830,291679.2
135729,55610,2,14.77,22910,338380.7
135730,55610,3,7.4,20790,153846.0
135731,55611,1,1.5,23830,35745.0
135732,55611,2,2.86,22910,65522.6
135733,55611,3,9.99,20790,207692.1
135734,55612,1,18.13,23830,432037.9
135735,55612,2,4.58,22910,104927.8
135736,55612,3,3.99,20790,82952.1
135737,55613,1,4.06,23830,96749.8
135738,55613,2,15.15,22910,347086.5
135739,55613,3,19.6,20790,407484.00000000006
135740,55614,1,3.91,23830,93175.3
135741,55614,2,3.12,22910,71479.2
135742,55615,1,3.5,23830,83405.0
135743,55615,2,2.11,22910,48340.1
135744,55616,1,1.91,23830,45515.3
135745,55616,2,3.63,22910,83163.3
135746,55617,1,11.83,23830,281908.9
135747,55617,2,7.91,22910,181218.1
135748,55617,3,8.8,20790,182952.00000000003
135749,55618,1,3.68,23830,87694.40000000001
135750,55618,2,1.65,22910,37801.5
135751,55618,3,4.72,20790,98128.8
140722,57641,1,4.47,23830,106520.1
140723,57641,2,7.84,22910,179614.4
140724,57641,3,17.64,20790,366735.6
140725,57642,1,1.9,23830,45277.0
140726,57642,2,1.64,22910,37572.4
140727,57643,1,2.48,23830,59098.4
140728,57643,2,3.08,22910,70562.8
140729,57644,1,2.67,23830,63626.1
140730,57644,2,8.61,22910,197255.1
140731,57644,3,10.77,20790,223908.3
140732,57645,1,15.42,23830,367458.6
140733,57645,2,3.34,22910,76519.4
140734,57645,3,11.23,20790,233471.7
140735,57646,1,12.2,23830,290726.0
140736,57646,2,4.24,22910,97138.4
140737,57646,3,8.7,20790,180873.0
140738,57647,1,18.36,23830,437518.8
140739,57647,2,4.96,22910,113633.6
140740,57647,3,19.05,20790,396049.5
140741,57648,1,6.97,23830,166095.1
140742,57648,2,13.67,22910,313179.7
140743,57648,3,18.96,20790,394178.4
140744,57649,1,15.27,23830,363884.1
140745,57649,2,6.71,22910,153726.1
140746,57649,3,8.36,20790,173804.4
140747,57650,1,1.92,23830,45753.6
140748,57650,2,4.22,22910,96680.2
140749,57651,1,1.78,23830,42417.4
140750,57651,2,2.95,22910,67584.5
140751,57652,1,3.87,23830,92222.1
140752,57652,2,2.7,22910,61857.00000000001
140753,57653,1,1.36,23830,32408.800000000003
140754,57653,2,19.44,22910,445370.4
140755,57653,3,19.34,20790,402078.6
140756,57654,1,2.05,23830,48851.49999999999
140757,57654,2,1.34,22910,30699.4
140758,57655,1,10.67,23830,254266.1
140759,57655,2,5.53,22910,126692.3
140760,57655,3,19.85,20790,412681.50000000006
140761,57656,1,8.03,23830,191354.9
140762,57656,2,14.96,22910,342733.60000000003
140763,57656,3,6.72,20790,139708.8
140764,57657,1,5.76,23830,137260.8
140765,57657,2,5.87,22910,134481.7
140766,57657,3,12.85,20790,267151.5
140767,57658,1,2.55,23830,60766.49999999999
140768,57658,2,2.25,22910,51547.5
140769,57659,1,17.54,23830,417978.2
140770,57659,2,4.85,22910,111113.5
140771,57659,3,16.7,20790,347193.0
140772,57660,1,1.96,23830,46706.8
140773,57660,2,3.0,22910,68730.0
140774,57661,1,18.18,23830,433229.4
140775,57661,2,19.88,22910,455450.8
140776,57661,3,7.78,20790,161746.2
140777,57662,1,16.8,23830,400344.0
140778,57662,2,9.57,22910,219248.7
140779,57662,3,17.88,20790,371725.2
140780,57663,1,2.13,23830,50757.9
140781,57663,2,3.81,22910,87287.1
140782,57664,1,1.08,23830,25736.4
140783,57664,2,3.64,22910,83392.40000000001
140784,57665,1,3.68,23830,87694.40000000001
140785,57665,2,4.22,22910,96680.2
140786,57666,1,1.5,23830,35745.0
140787,57666,2,6.45,22910,147769.5
140788,57666,3,15.81,20790,328689.9
140789,57667,1,4.68,23830,111524.4
140790,57667,2,2.05,22910,46965.49999999999
140791,57668,1,4.78,23830,113907.4
140792,57668,2,4.36,22910,99887.6
140793,57669,1,1.34,23830,31932.2
140794,57669,2,2.47,22910,56587.7
140795,57670,1,1.63,23830,38842.9
140796,57670,2,1.51,22910,34594.1
140797,57671,1,14.69,23830,350062.7
140798,57671,2,8.37,22910,191756.7
140799,57671,3,4.13,20790,85862.7
140800,57672,1,4.8,23830,114384.0
140801,57672,2,2.21,22910,50631.1
140802,57673,1,7.38,23830,175865.4
140803,57673,2,6.8,22910,155788.0
140804,57673,3,11.17,20790,232224.3
140805,57674,1,3.16,23830,75302.8
140806,57674,2,11.29,22910,258653.9
140807,57674,3,2.39,20790,49688.100000000006
140808,57675,1,4.05,23830,96511.5
140809,57675,2,1.89,22910,43299.9
140810,57676,1,3.21,23830,76494.3
140811,57676,2,4.11,22910,94160.1
140812,57677,1,13.59,23830,323849.7
140813,57677,2,3.18,22910,72853.8
140814,57677,3,18.02,20790,374635.8
140815,57678,1,1.73,23830,41225.9
140816,57678,2,3.62,22910,82934.2
140817,57679,1,2.11,23830,50281.3
140818,57679,2,2.05,22910,46965.49999999999
140819,57680,1,1.87,23830,44562.100000000006
140820,57680,2,1.07,22910,24513.7
140821,57681,1,3.48,23830,82928.4
140822,57681,2,3.34,22910,76519.4
140823,57682,1,3.02,23830,71966.6
140824,57682,2,3.8,22910,87058.0
140825,57683,1,2.96,23830,70536.8
140826,57683,2,1.56,22910,35739.6
140827,57684,1,2.56,23830,61004.8
140828,57684,2,4.84,22910,110884.4
140829,57684,3,4.14,20790,86070.59999999999
140830,57685,1,3.88,23830,92460.4
140831,57685,2,4.45,22910,101949.5
140832,57686,1,1.8,23830,42894.0
140833,57686,2,4.98,22910,114091.8
140834,57687,1,12.34,23830,294062.2
140835,57687,2,14.07,22910,322343.7
140836,57687,3,9.26,20790,192515.4
140837,57688,1,10.24,23830,244019.2
140838,57688,2,4.86,22910,111342.6
140839,57688,3,10.97,20790,228066.3
140840,57689,1,1.07,23830,25498.1
140841,57689,2,4.33,22910,99200.3
140842,57690,1,3.41,23830,81260.3
140843,57690,2,3.02,22910,69188.2
140844,57691,1,3.4,23830,81022.0
140845,57691,2,2.53,22910,57962.3
140846,57692,1,8.6,23830,204938.0
140847,57692,2,14.36,22910,328987.6
140848,57692,3,7.11,20790,147816.9
140849,57693,1,3.37,23830,80307.1
140850,57693,2,4.29,22910,98283.9
140851,57694,1,13.97,23830,332905.10000000003
140852,57694,2,18.3,22910,419253.0
140853,57694,3,6.14,20790,127650.6
140854,57695,1,4.49,23830,106996.7
140855,57695,2,3.35,22910,76748.5
140856,57696,1,3.93,23830,93651.9
140857,57696,2,3.06,22910,70104.6
140858,57697,1,2.5,23830,59575.0
140859,57697,2,19.64,22910,449952.4
140860,57697,3,4.68,20790,97297.2
140861,57698,1,12.77,23830,304309.1
140862,57698,2,9.65,22910,221081.5
140863,57698,3,19.0,20790,395010.0
140864,57699,1,4.68,23830,111524.4
140865,57699,2,4.3,22910,98513.0
140866,57700,1,9.8,23830,233534.00000000003
140867,57700,2,11.27,22910,258195.7
140868,57700,3,8.38,20790,174220.2
140869,57701,1,4.3,23830,102469.0
140870,57701,2,4.95,22910,113404.5
140871,57702,1,2.38,23830,56715.4
140872,57702,2,2.91,22910,66668.1
140873,57703,1,16.83,23830,401058.9
140874,57703,2,10.22,22910,234140.2
140875,57703,3,5.02,20790,104365.8
140876,57704,1,4.16,23830,99132.8
140877,57704,2,2.75,22910,63002.5
140878,57705,1,2.58,23830,61481.4
140879,57705,2,3.12,22910,71479.2
140880,57706,1,7.38,23830,175865.4
140881,57706,2,17.94,22910,411005.4
140882,57706,3,4.14,20790,86070.59999999999
140883,57707,1,2.2,23830,52426.00000000001
140884,57707,2,4.42,22910,101262.2
140885,57708,1,4.01,23830,95558.3
140886,57708,2,1.35,22910,30928.500000000004
140887,57709,1,5.54,23830,132018.2
140888,57709,2,9.02,22910,206648.2
140889,57709,3,3.49,20790,72557.1
140890,57710,1,4.48,23830,106758.4
140891,57710,2,3.95,22910,90494.5
140892,57711,1,2.86,23830,68153.8
140893,57711,2,16.71,22910,382826.1
140894,57711,3,15.06,20790,313097.4
140895,57712,1,4.09,23830,97464.7
140896,57712,2,2.9,22910,66439.0
140897,57713,1,10.19,23830,242827.7
140898,57713,2,14.26,22910,326696.6
140899,57713,3,9.83,20790,204365.7
140900,57714,1,1.86,23830,44323.8
140901,57714,2,1.57,22910,35968.700000000004
140902,57715,1,4.17,23830,99371.1
140903,57715,2,4.29,22910,98283.9
140904,57716,1,1.02,23830,24306.6
140905,57716,2,3.62,22910,82934.2
140906,57717,1,5.21,23830,124154.3
140907,57717,2,6.58,22910,150747.8
140908,57717,3,9.04,20790,187941.6
140909,57718,1,2.17,23830,51711.1
140910,57718,2,17.79,22910,407568.9
140911,57718,3,8.13,20790,169022.7
140912,57719,1,2.1,23830,50043.0
140913,57719,2,1.81,22910,41467.1
140914,57720,1,1.82,23830,43370.6
140915,57720,2,2.47,22910,56587.7
140916,57721,1,4.33,23830,103183.9
140917,57721,2,1.59,22910,36426.9
140918,57722,1,3.1,23830,73873.0
140919,57722,2,3.62,22910,82934.2
140920,57723,1,1.83,23830,43608.9
140921,57723,2,2.26,22910,51776.6
140922,57724,1,5.42,23830,129158.6
140923,57724,2,3.5,22910,80185.0
140924,57724,3,10.66,20790,221621.4
140925,57725,1,3.73,23830,88885.9
140926,57725,2,3.81,22910,87287.1
140927,57726,1,17.1,23830,407493.00000000006
140928,57726,2,6.97,22910,159682.69999999998
140929,57726,3,14.52,20790,301870.8
140930,57727,1,2.02,23830,48136.6
140931,57727,2,3.85,22910,88203.5
140932,57728,1,2.61,23830,62196.3
140933,57728,2,2.48,22910,56816.8
140934,57729,1,3.18,23830,75779.40000000001
140935,57729,2,3.49,22910,79955.90000000001
140936,57730,1,15.13,23830,360547.9
140937,57730,2,5.89,22910,134939.9
140938,57730,3,2.88,20790,59875.2
140939,57731,1,19.33,23830,460633.9
140940,57731,2,17.99,22910,412150.9
140941,57731,3,5.53,20790,114968.7
140942,57732,1,9.13,23830,217567.9
140943,57732,2,9.04,22910,207106.4
140944,57732,3,10.4,20790,216216.0
140945,57733,1,12.67,23830,301926.1
140946,57733,2,1.46,22910,33448.6
140947,57733,3,5.85,20790,121621.5
140948,57734,1,8.76,23830,208750.8
140949,57734,2,2.83,22910,64835.3
140950,57734,3,18.06,20790,375467.4
140951,57735,1,3.9,23830,92937.0
140952,57735,2,3.21,22910,73541.1
140953,57736,1,3.68,23830,87694.40000000001
140954,57736,2,2.66,22910,60940.600000000006
140955,57737,1,1.28,23830,30502.4
140956,57737,2,2.28,22910,52234.8
140957,57738,1,5.52,23830,131541.59999999998
140958,57738,2,2.28,22910,52234.8
140959,57738,3,10.03,20790,208523.7
140960,57739,1,4.06,23830,96749.8
140961,57739,2,2.93,22910,67126.3
140962,57740,1,15.26,23830,363645.8
140963,57740,2,11.28,22910,258424.8
140964,57740,3,15.84,20790,329313.6
140965,57741,1,3.82,23830,91030.6
140966,57741,2,1.41,22910,32303.1
140967,57742,1,3.76,23830,89600.79999999999
140968,57742,2,4.8,22910,109968.0
140969,57743,1,3.41,23830,81260.3
140970,57743,2,4.91,22910,112488.1
140971,57744,1,1.74,23830,41464.2
140972,57744,2,3.03,22910,69417.29999999999
140973,57745,1,19.7,23830,469451.0
140974,57745,2,18.99,22910,435060.9
140975,57745,3,2.51,20790,52182.9
140976,57746,1,19.56,23830,466114.8
140977,57746,2,16.78,22910,384429.8000000001
140978,57746,3,17.73,20790,368606.7
140979,57747,1,1.9,23830,45277.0
140980,57747,2,4.97,22910,113862.7
140981,57748,1,1.05,23830,25021.5
140982,57748,2,2.05,22910,46965.49999999999
145740,59676,1,1.02,23830,24306.6
145741,59676,2,2.16,22910,49485.600000000006
145742,59677,1,4.69,23830,111762.7
145743,59677,2,4.85,22910,111113.5
145744,59678,1,3.57,23830,85073.09999999999
145745,59678,2,2.61,22910,59795.1
145746,59679,1,10.53,23830,250929.9
145747,59679,2,16.41,22910,375953.1
145748,59679,3,3.6,20790,74844.0
145749,59680,1,19.42,23830,462778.6
145750,59680,2,16.16,22910,370225.6
145751,59680,3,13.02,20790,270685.8
145752,59681,1,1.74,23830,41464.2
145753,59681,2,4.85,22910,111113.5
145754,59682,1,18.22,23830,434182.6
145755,59682,2,1.45,22910,33219.5
145756,59682,3,9.24,20790,192099.6
145757,59683,1,15.22,23830,362692.6
145758,59683,2,8.42,22910,192902.2
145759,59683,3,4.85,20790,100831.5
145760,59684,1,3.76,23830,89600.79999999999
145761,59684,2,2.0,22910,45820.0
145762,59685,1,3.88,23830,92460.4
145763,59685,2,2.28,22910,52234.8
145764,59686,1,8.26,23830,196835.8
145765,59686,2,4.64,22910,106302.4
145766,59686,3,6.01,20790,124947.9
145767,59687,1,1.73,23830,41225.9
145768,59687,2,3.16,22910,72395.6
145769,59688,1,14.69,23830,350062.7
145770,59688,2,17.37,22910,397946.7
145771,59688,3,5.03,20790,104573.7
145772,59689,1,4.31,23830,102707.3
145773,59689,2,3.83,22910,87745.3
145774,59690,1,3.15,23830,75064.5
145775,59690,2,1.73,22910,39634.3
145776,59691,1,11.81,23830,281432.3
145777,59691,2,9.08,22910,208022.8
145778,59691,3,12.74,20790,264864.6
145779,59692,1,4.67,23830,111286.1
145780,59692,2,2.77,22910,63460.7
145781,59693,1,7.09,23830,168954.69999999998
145782,59693,2,6.12,22910,140209.2
145783,59693,3,6.41,20790,133263.9
145784,59694,1,18.2,23830,433706.0
145785,59694,2,16.6,22910,380306.00000000006
145786,59694,3,7.86,20790,163409.4
145787,59695,1,1.4,23830,33362.0
145788,59695,2,2.45,22910,56129.50000000001
145789,59696,1,1.92,23830,45753.6
145790,59696,2,4.47,22910,102407.7
145791,59697,1,3.13,23830,74587.9
145792,59697,2,1.52,22910,34823.2
145793,59698,1,16.32,23830,388905.6
145794,59698,2,1.83,22910,41925.3
145795,59698,3,5.22,20790,108523.8
145796,59699,1,3.32,23830,79115.59999999999
145797,59699,2,1.3,22910,29783.0
145798,59700,1,4.93,23830,117481.9
145799,59700,2,2.58,22910,59107.8
145800,59701,1,4.73,23830,112715.9
145801,59701,2,3.88,22910,88890.8
145802,59702,1,10.46,23830,249261.8
145803,59702,2,12.79,22910,293018.9
145804,59702,3,17.12,20790,355924.80000000005
145805,59703,1,2.45,23830,58383.50000000001
145806,59703,2,4.18,22910,95763.8
145807,59704,1,16.9,23830,402727.0
145808,59704,2,8.91,22910,204128.1
145809,59704,3,3.35,20790,69646.5
145810,59705,1,4.84,23830,115337.2
145811,59705,2,3.35,22910,76748.5
145812,59706,1,6.35,23830,151320.5
145813,59706,2,15.35,22910,351668.5
145814,59706,3,3.89,20790,80873.1
145815,59707,1,9.17,23830,218521.1
145816,59707,2,11.02,22910,252468.2
145817,59707,3,19.21,20790,399375.9
145818,59708,1,11.29,23830,269040.69999999995
145819,59708,2,19.23,22910,440559.3
145820,59708,3,9.24,20790,192099.6
145821,59709,1,15.38,23830,366505.4
145822,59709,2,5.01,22910,114779.1
145823,59709,3,19.88,20790,413305.2
145824,59710,1,3.43,23830,81736.90000000001
145825,59710,2,1.73,22910,39634.3
145826,59711,1,11.84,23830,282147.2
145827,59711,2,16.12,22910,369309.2
145828,59711,3,10.05,20790,208939.50000000003
145829,59712,1,2.67,23830,63626.1
145830,59712,2,3.45,22910,79039.5
145831,59713,1,2.57,23830,61243.1
145832,59713,2,3.27,22910,74915.7
145833,59714,1,1.44,23830,34315.2
145834,59714,2,12.47,22910,285687.7
145835,59714,3,5.23,20790,108731.7
145836,59715,1,2.5,23830,59575.0
145837,59715,2,4.72,22910,108135.2
145838,59716,1,4.93,23830,117481.9
145839,59716,2,4.77,22910,109280.7
145840,59717,1,8.07,23830,192308.1
145841,59717,2,14.96,22910,342733.60000000003
145842,59717,3,9.06,20790,188357.4
145843,59718,1,1.41,23830,33600.3
145844,59718,2,3.15,22910,72166.5
145845,59719,1,3.17,23830,75541.09999999999
145846,59719,2,1.56,22910,35739.6
145847,59720,1,6.39,23830,152273.69999999998
145848,59720,2,12.29,22910,281563.9
145849,59720,3,1.96,20790,40748.4
145850,59721,1,4.62,23830,110094.6
145851,59721,2,3.06,22910,70104.6
145852,59722,1,2.53,23830,60289.9
145853,59722,2,2.69,22910,61627.9
145854,59723,1,4.33,23830,103183.9
145855,59723,2,2.45,22910,56129.50000000001
145856,59724,1,2.71,23830,64579.3
145857,59724,2,1.62,22910,37114.2
145858,59725,1,13.38,23830,318845.4
145859,59725,2,18.49,22910,423605.9
145860,59725,3,19.86,20790,412889.4
145861,59726,1,13.5,23830,321705.0
145862,59726,2,10.12,22910,231849.2
145863,59726,3,12.78,20790,265696.2
145864,59727,1,2.96,23830,70536.8
145865,59727,2,2.3,22910,52692.99999999999
145866,59728,1,2.24,23830,53379.2
145867,59728,2,1.74,22910,39863.4
145868,59729,1,4.19,23830,99847.7
145869,59729,2,4.66,22910,106760.6
145870,59730,1,4.46,23830,106281.8
145871,59730,2,4.06,22910,93014.6
145872,59731,1,1.95,23830,46468.5
145873,59731,2,3.67,22910,84079.7
145874,59732,1,2.19,23830,52187.7
145875,59732,2,3.7,22910,84767.0
145876,59733,1,2.85,23830,67915.5
145877,59733,2,12.82,22910,293706.2
145878,59733,3,14.9,20790,309771.0
145879,59734,1,4.0,23830,95320.0
145880,59734,2,2.35,22910,53838.5
145881,59735,1,10.54,23830,251168.2
145882,59735,2,12.51,22910,286604.1
145883,59735,3,11.16,20790,232016.4
145884,59736,1,3.74,23830,89124.20000000001
145885,59736,2,1.68,22910,38488.8
145886,59737,1,1.02,23830,24306.6
145887,59737,2,3.86,22910,88432.59999999999
145888,59738,1,7.93,23830,188971.9
145889,59738,2,6.34,22910,145249.4
145890,59738,3,16.66,20790,346361.4
145891,59739,1,19.28,23830,459442.4
145892,59739,2,12.66,22910,290040.6
145893,59739,3,6.06,20790,125987.4
145894,59740,1,10.56,23830,251644.8
145895,59740,2,15.04,22910,344566.4
145896,59740,3,11.57,20790,240540.3
145897,59741,1,4.33,23830,103183.9
145898,59741,2,1.96,22910,44903.6
145899,59742,1,4.93,23830,117481.9
145900,59742,2,4.68,22910,107218.8
145901,59743,1,1.82,23830,43370.6
145902,59743,2,3.96,22910,90723.6
145903,59744,1,4.92,23830,117243.6
145904,59744,2,7.01,22910,160599.1
145905,59744,3,15.36,20790,319334.4
145906,59745,1,5.87,23830,139882.1
145907,59745,2,16.35,22910,374578.50000000006
145908,59745,3,19.67,20790,408939.3000000001
145909,59746,1,1.46,23830,34791.8
145910,59746,2,4.16,22910,95305.6
145911,59747,1,2.25,23830,53617.5
145912,59747,2,2.96,22910,67813.6
145913,59748,1,4.95,23830,117958.5
145914,59748,2,4.15,22910,95076.5
145915,59749,1,11.41,23830,271900.3
145916,59749,2,12.11,22910,277440.1
145917,59749,3,9.35,20790,194386.5
145918,59750,1,2.71,23830,64579.3
145919,59750,2,3.64,22910,83392.40000000001
145920,59751,1,2.18,23830,51949.4
145921,59751,2,3.41,22910,78123.1
145922,59751,3,6.95,20790,144490.5
145923,59752,1,2.26,23830,53855.8
145924,59752,2,3.81,22910,87287.1
145925,59753,1,8.28,23830,197312.4
145926,59753,2,7.93,22910,181676.3
145927,59753,3,4.0,20790,83160.0
145928,59754,1,5.51,23830,131303.3
145929,59754,2,11.55,22910,264610.5
145930,59754,3,15.83,20790,329105.7
145931,59755,1,12.26,23830,292155.8
145932,59755,2,13.49,22910,309055.9
145933,59755,3,1.26,20790,26195.4
145934,59756,1,8.41,23830,200410.3
145935,59756,2,19.78,22910,453159.8000000001
145936,59756,3,1.17,20790,24324.3
145937,59757,1,2.34,23830,55762.2
145938,59757,2,1.33,22910,30470.300000000003
145939,59758,1,4.96,23830,118196.8
145940,59758,2,1.66,22910,38030.6
145941,59759,1,3.39,23830,80783.7
145942,59759,2,3.21,22910,73541.1
145943,59760,1,4.51,23830,107473.3
145944,59760,2,4.02,22910,92098.2
145945,59761,1,19.44,23830,463255.2
145946,59761,2,14.96,22910,342733.60000000003
145947,59761,3,8.81,20790,183159.9
145948,59762,1,4.09,23830,97464.7
145949,59762,2,3.92,22910,89807.2
145950,59763,1,3.92,23830,93413.6
145951,59763,2,1.99,22910,45590.9
145952,59764,1,16.76,23830,399390.8000000001
145953,59764,2,1.42,22910,32532.2
145954,59764,3,16.26,20790,338045.4
145955,59765,1,6.67,23830,158946.1
145956,59765,2,14.76,22910,338151.6
145957,59765,3,13.16,20790,273596.4
145958,59766,1,13.32,23830,317415.60000000003
145959,59766,2,12.46,22910,285458.60000000003
145960,59766,3,14.66,20790,304781.4
145961,59767,1,16.33,23830,389143.9
145962,59767,2,15.08,22910,345482.8
145963,59767,3,13.27,20790,275883.3
145964,59768,1,1.42,23830,33838.6
145965,59768,2,2.55,22910,58420.49999999999
145966,59769,1,1.18,23830,28119.4
145967,59769,2,4.41,22910,101033.1
145968,59770,1,13.1,23830,312173.0
145969,59770,2,13.33,22910,305390.3
145970,59770,3,1.43,20790,29729.7
145971,59771,1,3.86,23830,91983.8
145972,59771,2,1.55,22910,35510.5
145973,59772,1,9.86,23830,234963.8
145974,59772,2,18.53,22910,424522.3000000001
145975,59772,3,11.0,20790,228690.0
145976,59773,1,2.14,23830,50996.2
145977,59773,2,10.76,22910,246511.6
145978,59773,3,3.76,20790,78170.4
145979,59774,1,1.02,23830,24306.6
145980,59774,2,16.69,22910,382367.9
145981,59774,3,6.47,20790,134511.3
145982,59775,1,2.77,23830,66009.1
145983,59775,2,4.2,22910,96222.0
145984,59776,1,19.7,23830,469451.0
145985,59776,2,19.05,22910,436435.5
145986,59776,3,17.91,20790,372348.9
145987,59777,1,5.6,23830,133448.0
145988,59777,2,10.5,22910,240555.0
145989,59777,3,3.33,20790,69230.7
145990,59778,1,1.94,23830,46230.2
145991,59778,2,1.37,22910,31386.7
145992,59779,1,3.63,23830,86502.9
145993,59779,2,11.3,22910,258883.00000000003
145994,59779,3,17.96,20790,373388.4
145995,59780,1,16.56,23830,394624.8
145996,59780,2,17.32,22910,396801.2
145997,59780,3,3.32,20790,69022.8
145998,59781,1,8.66,23830,206367.8
145999,59781,2,8.26,22910,189236.6
146000,59781,3,11.69,20790,243035.1
146001,59782,1,2.98,23830,71013.4
146002,59782,2,1.54,22910,35281.4
150553,61626,1,4.03,23830,96034.9
150554,61626,2,4.53,22910,103782.3
150555,61627,1,4.91,23830,117005.3
150556,61627,2,1.37,22910,31386.7
150557,61628,1,1.67,23830,39796.1
150558,61628,2,3.56,22910,81559.6
150559,61629,1,2.05,23830,48851.49999999999
150560,61629,2,4.59,22910,105156.9
150561,61630,1,2.06,23830,49089.8
150562,61630,2,15.59,22910,357166.9
150563,61630,3,16.08,20790,334303.19999999995
150564,61631,1,3.79,23830,90315.7
150565,61631,2,9.07,22910,207793.7
150566,61631,3,4.32,20790,89812.8
150567,61632,1,13.74,23830,327424.2
150568,61632,2,14.02,22910,321198.2
150569,61632,3,12.93,20790,268814.7
150570,61633,1,12.54,23830,298828.19999999995
150571,61633,2,17.85,22910,408943.50000000006
150572,61633,3,13.3,20790,276507.0
150573,61634,1,4.6,23830,109618.0
150574,61634,2,1.11,22910,25430.1
150575,61635,1,17.93,23830,427271.9
150576,61635,2,12.92,22910,295997.2
150577,61635,3,4.54,20790,94386.6
150578,61636,1,1.71,23830,40749.3
150579,61636,2,2.82,22910,64606.2
150580,61637,1,8.19,23830,195167.7
150581,61637,2,17.15,22910,392906.5
150582,61637,3,5.02,20790,104365.8
150583,61638,1,1.82,23830,43370.6
150584,61638,2,4.26,22910,97596.6
150585,61639,1,15.81,23830,376752.3
150586,61639,2,4.42,22910,101262.2
150587,61639,3,13.16,20790,273596.4
150588,61640,1,2.57,23830,61243.1
150589,61640,2,1.64,22910,37572.4
150590,61641,1,2.92,23830,69583.59999999999
150591,61641,2,3.38,22910,77435.8
150592,61641,3,7.65,20790,159043.5
150593,61642,1,1.21,23830,28834.3
150594,61642,2,3.06,22910,70104.6
150595,61643,1,1.14,23830,27166.2
150596,61643,2,3.2,22910,73312.0
150597,61644,1,3.56,23830,84834.8
150598,61644,2,1.62,22910,37114.2
150599,61645,1,16.0,23830,381280.0
150600,61645,2,4.41,22910,101033.1
150601,61645,3,11.86,20790,246569.4
150602,61646,1,3.43,23830,81736.90000000001
150603,61646,2,13.84,22910,317074.4
150604,61646,3,17.88,20790,371725.2
150605,61647,1,11.06,23830,263559.8
150606,61647,2,16.09,22910,368621.9
150607,61647,3,9.1,20790,189189.0
150608,61648,1,13.91,23830,331475.3
150609,61648,2,18.54,22910,424751.4
150610,61648,3,8.69,20790,180665.1
150611,61649,1,8.17,23830,194691.1
150612,61649,2,5.82,22910,133336.2
150613,61649,3,19.32,20790,401662.8
150614,61650,1,4.03,23830,96034.9
150615,61650,2,3.71,22910,84996.1
150616,61651,1,4.28,23830,101992.4
150617,61651,2,3.87,22910,88661.7
150618,61652,1,1.11,23830,26451.300000000003
150619,61652,2,3.46,22910,79268.6
150620,61653,1,3.61,23830,86026.3
150621,61653,2,4.12,22910,94389.2
150622,61654,1,4.79,23830,114145.7
150623,61654,2,4.66,22910,106760.6
150624,61655,1,2.62,23830,62434.600000000006
150625,61655,2,3.11,22910,71250.09999999999
150626,61656,1,14.11,23830,336241.3
150627,61656,2,17.09,22910,391531.9
150628,61656,3,10.72,20790,222868.8
150629,61657,1,3.95,23830,94128.5
150630,61657,2,1.08,22910,24742.800000000003
150631,61658,1,2.38,23830,56715.4
150632,61658,2,4.75,22910,108822.5
150633,61659,1,1.14,23830,27166.2
150634,61659,2,1.16,22910,26575.6
150635,61660,1,1.5,23830,35745.0
150636,61660,2,4.51,22910,103324.1
150637,61661,1,2.09,23830,49804.7
150638,61661,2,2.24,22910,51318.4
150639,61662,1,18.4,23830,438472.0
150640,61662,2,18.14,22910,415587.4
150641,61662,3,14.28,20790,296881.2
150642,61663,1,3.0,23830,71490.0
150643,61663,2,1.31,22910,30012.1
150644,61664,1,12.7,23830,302641.0
150645,61664,2,8.51,22910,194964.1
150646,61664,3,7.79,20790,161954.1
150647,61665,1,15.26,23830,363645.8
150648,61665,2,16.18,22910,370683.8
150649,61665,3,14.32,20790,297712.8
150650,61666,1,14.5,23830,345535.0
150651,61666,2,15.14,22910,346857.4
150652,61666,3,6.07,20790,126195.3
150653,61667,1,5.25,23830,125107.5
150654,61667,2,6.36,22910,145707.6
150655,61667,3,19.58,20790,407068.2
150656,61668,1,4.81,23830,114622.3
150657,61668,2,4.15,22910,95076.5
150658,61669,1,4.59,23830,109379.7
150659,61669,2,4.3,22910,98513.0
150660,61670,1,4.13,23830,98417.9
150661,61670,2,2.45,22910,56129.50000000001
150662,61671,1,4.16,23830,99132.8
150663,61671,2,2.72,22910,62315.2
150664,61672,1,2.96,23830,70536.8
150665,61672,2,3.8,22910,87058.0
150666,61673,1,1.26,23830,30025.8
150667,61673,2,4.35,22910,99658.5
150668,61673,3,11.52,20790,239500.8
150669,61674,1,19.78,23830,471357.4
150670,61674,2,13.22,22910,302870.2
150671,61674,3,12.35,20790,256756.5
150672,61675,1,16.07,23830,382948.1
150673,61675,2,12.73,22910,291644.3
150674,61675,3,18.71,20790,388980.9
150675,61676,1,15.02,23830,357926.6
150676,61676,2,9.31,22910,213292.1
150677,61676,3,19.75,20790,410602.5
150678,61677,1,3.21,23830,76494.3
150679,61677,2,2.68,22910,61398.8
150680,61678,1,8.15,23830,194214.5
150681,61678,2,18.77,22910,430020.7
150682,61678,3,18.29,20790,380249.1
150683,61679,1,2.56,23830,61004.8
150684,61679,2,2.57,22910,58878.7
150685,61680,1,1.75,23830,41702.5
150686,61680,2,2.15,22910,49256.5
150687,61681,1,6.86,23830,163473.80000000002
150688,61681,2,3.46,22910,79268.6
150689,61681,3,1.52,20790,31600.8
150690,61682,1,11.73,23830,279525.9
150691,61682,2,6.57,22910,150518.7
150692,61682,3,15.29,20790,317879.1
150693,61683,1,1.64,23830,39081.2
150694,61683,2,2.74,22910,62773.4
150695,61684,1,1.96,23830,46706.8
150696,61684,2,4.07,22910,93243.7
150697,61685,1,1.56,23830,37174.8
150698,61685,2,1.73,22910,39634.3
150699,61686,1,13.89,23830,330998.7
150700,61686,2,17.77,22910,407110.7
150701,61686,3,9.27,20790,192723.3
150702,61687,1,4.19,23830,99847.7
150703,61687,2,2.54,22910,58191.4
153703,62923,1,3.31,23830,78877.3
153704,62923,2,2.27,22910,52005.7
153705,62924,1,1.83,23830,43608.9
153706,62924,2,3.24,22910,74228.40000000001
153707,62925,1,13.38,23830,318845.4
153708,62925,2,10.51,22910,240784.1
153709,62925,3,9.31,20790,193554.9
153710,62926,1,4.42,23830,105328.6
153711,62926,2,16.11,22910,369080.1
153712,62926,3,17.02,20790,353845.8
153713,62927,1,19.17,23830,456821.1
153714,62927,2,12.24,22910,280418.4
153715,62927,3,3.29,20790,68399.1
153716,62928,1,4.12,23830,98179.6
153717,62928,2,3.36,22910,76977.59999999999
153718,62929,1,4.6,23830,109618.0
153719,62929,2,4.46,22910,102178.6
153720,62929,3,1.07,20790,22245.300000000003
153721,62930,1,8.52,23830,203031.6
153722,62930,2,13.99,22910,320510.9
153723,62930,3,17.59,20790,365696.1
153724,62931,1,10.73,23830,255695.9
153725,62931,2,11.68,22910,267588.8
153726,62931,3,18.05,20790,375259.5
153727,62932,1,2.88,23830,68630.4
153728,62932,2,4.95,22910,113404.5
153729,62933,1,17.04,23830,406063.2
153730,62933,2,16.63,22910,380993.3
153731,62933,3,17.71,20790,368190.9
153732,62934,1,6.69,23830,159422.7
153733,62934,2,8.3,22910,190153.00000000003
153734,62934,3,9.86,20790,204989.4
153735,62935,1,2.72,23830,64817.600000000006
153736,62935,2,4.22,22910,96680.2
153737,62936,1,1.4,23830,33362.0
153738,62936,2,2.35,22910,53838.5
153739,62937,1,1.13,23830,26927.9
153740,62937,2,3.42,22910,78352.2
153741,62938,1,13.36,23830,318368.8
153742,62938,2,4.82,22910,110426.2
153743,62938,3,10.71,20790,222660.9
153744,62939,1,16.65,23830,396769.5
153745,62939,2,6.67,22910,152809.7
153746,62939,3,11.38,20790,236590.2
153747,62940,1,6.98,23830,166333.40000000002
153748,62940,2,16.12,22910,369309.2
153749,62940,3,1.45,20790,30145.5
153750,62941,1,3.72,23830,88647.6
153751,62941,2,1.66,22910,38030.6
153752,62942,1,4.08,23830,97226.4
153753,62942,2,2.54,22910,58191.4
153754,62943,1,4.52,23830,107711.6
153755,62943,2,3.06,22910,70104.6
153756,62944,1,1.55,23830,36936.5
153757,62944,2,1.96,22910,44903.6
153758,62945,1,18.92,23830,450863.6
153759,62945,2,12.77,22910,292560.7
153760,62945,3,14.83,20790,308315.7
153761,62946,1,3.97,23830,94605.1
153762,62946,2,3.44,22910,78810.4
153763,62947,1,12.84,23830,305977.2
153764,62947,2,16.65,22910,381451.5
153765,62947,3,13.0,20790,270270.0
153766,62948,1,9.12,23830,217329.6
153767,62948,2,10.81,22910,247657.1
153768,62948,3,5.13,20790,106652.7
153769,62949,1,1.7,23830,40511.0
153770,62949,2,1.56,22910,35739.6
153771,62950,1,2.18,23830,51949.4
153772,62950,2,4.13,22910,94618.3
153773,62951,1,1.15,23830,27404.5
153774,62951,2,4.48,22910,102636.8
153775,62952,1,14.59,23830,347679.7
153776,62952,2,15.56,22910,356479.60000000003
153777,62952,3,16.82,20790,349687.8
153778,62953,1,5.15,23830,122724.5
153779,62953,2,6.93,22910,158766.3
153780,62953,3,12.82,20790,266527.8
153781,62954,1,9.77,23830,232819.1
153782,62954,2,6.06,22910,138834.59999999998
153783,62954,3,10.1,20790,209979.0
153784,62955,1,8.87,23830,211372.1
153785,62955,2,11.51,22910,263694.1
153786,62955,3,11.39,20790,236798.1
153787,62956,1,19.58,23830,466591.4
153788,62956,2,2.43,22910,55671.3
153789,62956,3,12.22,20790,254053.8
153790,62957,1,3.64,23830,86741.2
153791,62957,2,4.26,22910,97596.6
153792,62958,1,4.18,23830,99609.4
153793,62958,2,1.79,22910,41008.9
153794,62959,1,4.24,23830,101039.2
153795,62959,2,1.16,22910,26575.6
153796,62960,1,1.91,23830,45515.3
153797,62960,2,1.92,22910,43987.2
153798,62961,1,4.45,23830,106043.5
153799,62961,2,1.63,22910,37343.3
153800,62962,1,17.35,23830,413450.50000000006
153801,62962,2,3.3,22910,75603.0
153802,62962,3,8.93,20790,185654.7
153803,62963,1,15.05,23830,358641.5
153804,62963,2,16.3,22910,373433.0
153805,62963,3,16.6,20790,345114.00000000006
153806,62964,1,4.31,23830,102707.3
153807,62964,2,4.91,22910,112488.1
153808,62965,1,17.48,23830,416548.4
153809,62965,2,10.71,22910,245366.1
153810,62965,3,7.3,20790,151767.0
153811,62966,1,2.82,23830,67200.59999999999
153812,62966,2,4.19,22910,95992.9
153813,62967,1,1.29,23830,30740.7
153814,62967,2,1.72,22910,39405.2
153815,62968,1,2.14,23830,50996.2
153816,62968,2,4.13,22910,94618.3
153817,62969,1,1.91,23830,45515.3
153818,62969,2,2.28,22910,52234.8
153819,62970,1,1.4,23830,33362.0
153820,62970,2,2.46,22910,56358.6
153821,62971,1,17.68,23830,421314.4
153822,62971,2,18.45,22910,422689.5
153823,62971,3,18.37,20790,381912.3000000001
153824,62972,1,1.39,23830,33123.7
153825,62972,2,1.99,22910,45590.9
153826,62973,1,3.88,23830,92460.4
153827,62973,2,1.84,22910,42154.4
153828,62974,1,4.66,23830,111047.8
153829,62974,2,1.74,22910,39863.4
153830,62975,1,2.1,23830,50043.0
153831,62975,2,4.62,22910,105844.2
153832,62976,1,4.61,23830,109856.3
153833,62976,2,4.12,22910,94389.2
153834,62977,1,1.71,23830,40749.3
153835,62977,2,4.66,22910,106760.6
153836,62978,1,2.02,23830,48136.6
153837,62978,2,4.67,22910,106989.7
153838,62979,1,2.99,23830,71251.70000000001
153839,62979,2,2.88,22910,65980.8
153840,62980,1,18.14,23830,432276.2
153841,62980,2,16.67,22910,381909.7
153842,62980,3,9.25,20790,192307.5
153843,62981,1,1.84,23830,43847.2
153844,62981,2,3.39,22910,77664.90000000001
153845,62982,1,2.34,23830,55762.2
153846,62982,2,10.57,22910,242158.7
153847,62982,3,12.13,20790,252182.7
153848,62983,1,14.02,23830,334096.6
153849,62983,2,17.39,22910,398404.9
153850,62983,3,11.74,20790,244074.6
153851,62984,1,8.72,23830,207797.6
153852,62984,2,7.65,22910,175261.5
153853,62984,3,12.89,20790,267983.10000000003
153854,62985,1,2.35,23830,56000.5
153855,62985,2,2.94,22910,67355.4
153856,62986,1,17.41,23830,414880.3
153857,62986,2,13.73,22910,314554.3
153858,62986,3,9.87,20790,205197.3
153859,62987,1,6.33,23830,150843.9
153860,62987,2,13.55,22910,310430.5
153861,62987,3,18.81,20790,391059.9
153862,62988,1,3.82,23830,91030.6
153863,62988,2,3.82,22910,87516.2
153864,62989,1,14.79,23830,352445.69999999995
153865,62989,2,9.53,22910,218332.3
153866,62989,3,3.34,20790,69438.59999999999
153867,62990,1,1.56,23830,37174.8
153868,62990,2,4.48,22910,102636.8
153869,62991,1,2.97,23830,70775.1
153870,62991,2,4.76,22910,109051.6
153871,62992,1,1.68,23830,40034.4
153872,62992,2,4.87,22910,111571.7
157141,64325,1,1.75,23830,41702.5
157142,64325,2,4.16,22910,95305.6
157143,64326,1,4.36,23830,103898.8
157144,64326,2,3.49,22910,79955.90000000001
157145,64327,1,12.19,23830,290487.7
157146,64327,2,14.24,22910,326238.4
157147,64327,3,18.72,20790,389188.8
157148,64328,1,4.9,23830,116767.0
157149,64328,2,9.62,22910,220394.2
157150,64328,3,14.77,20790,307068.3
157151,64329,1,4.28,23830,101992.4
157152,64329,2,1.88,22910,43070.8
157153,64330,1,15.01,23830,357688.3
157154,64330,2,16.51,22910,378244.1
157155,64330,3,18.73,20790,389396.7
157156,64331,1,18.42,23830,438948.6
157157,64331,2,14.06,22910,322114.60000000003
157158,64331,3,3.75,20790,77962.5
157159,64332,1,3.15,23830,75064.5
157160,64332,2,1.6,22910,36656.0
157161,64333,1,1.99,23830,47421.7
157162,64333,2,1.52,22910,34823.2
157163,64334,1,7.06,23830,168239.8
157164,64334,2,17.86,22910,409172.6
157165,64334,3,13.47,20790,280041.3
157166,64335,1,1.46,23830,34791.8
157167,64335,2,7.01,22910,160599.1
157168,64335,3,16.77,20790,348648.3
157169,64336,1,6.32,23830,150605.6
157170,64336,2,19.47,22910,446057.7
157171,64336,3,14.11,20790,293346.9
157172,64337,1,1.18,23830,28119.4
157173,64337,2,3.18,22910,72853.8
157174,64338,1,1.93,23830,45991.9
157175,64338,2,2.89,22910,66209.90000000001
157176,64339,1,1.16,23830,27642.8
157177,64339,2,4.92,22910,112717.2
157178,64340,1,1.33,23830,31693.9
157179,64340,2,3.09,22910,70791.9
157180,64341,1,3.67,23830,87456.09999999999
157181,64341,2,17.34,22910,397259.4
157182,64341,3,15.58,20790,323908.2
157183,64342,1,4.44,23830,105805.2
157184,64342,2,2.33,22910,53380.3
157185,64343,1,1.86,23830,44323.8
157186,64343,2,2.81,22910,64377.1
157187,64344,1,2.43,23830,57906.9
157188,64344,2,4.21,22910,96451.1
157189,64345,1,1.65,23830,39319.5
157190,64345,2,3.64,22910,83392.40000000001
157191,64346,1,7.17,23830,170861.1
157192,64346,2,19.04,22910,436206.4
157193,64346,3,7.58,20790,157588.2
157194,64347,1,1.84,23830,43847.2
157195,64347,2,3.16,22910,72395.6
157196,64348,1,11.5,23830,274045.0
157197,64348,2,16.63,22910,380993.3
157198,64348,3,1.19,20790,24740.1
157199,64349,1,4.68,23830,111524.4
157200,64349,2,4.42,22910,101262.2
157201,64350,1,4.37,23830,104137.1
157202,64350,2,1.15,22910,26346.5
157203,64351,1,3.3,23830,78639.0
157204,64351,2,2.76,22910,63231.6
157205,64352,1,1.02,23830,24306.6
157206,64352,2,3.54,22910,81101.4
157207,64353,1,1.93,23830,45991.9
157208,64353,2,1.6,22910,36656.0
157209,64354,1,2.82,23830,67200.59999999999
157210,64354,2,1.65,22910,37801.5
157211,64355,1,5.36,23830,127728.8
157212,64355,2,10.76,22910,246511.6
157213,64355,3,6.61,20790,137421.9
157214,64356,1,1.07,23830,25498.1
157215,64356,2,1.39,22910,31844.9
157216,64357,1,1.85,23830,44085.5
157217,64357,2,2.06,22910,47194.6
157218,64358,1,15.04,23830,358403.19999999995
157219,64358,2,9.89,22910,226579.9
157220,64358,3,5.67,20790,117879.3
157221,64359,1,3.74,23830,89124.20000000001
157222,64359,2,4.1,22910,93931.0
157223,64360,1,3.23,23830,76970.9
157224,64360,2,2.38,22910,54525.8
157225,64361,1,8.95,23830,213278.5
157226,64361,2,14.46,22910,331278.60000000003
157227,64361,3,6.16,20790,128066.4
157228,64362,1,4.23,23830,100800.9
157229,64362,2,2.73,22910,62544.3
157230,64363,1,9.89,23830,235678.7
157231,64363,2,1.7,22910,38947.0
157232,64363,3,6.61,20790,137421.9
157233,64364,1,15.73,23830,374845.9
157234,64364,2,13.65,22910,312721.5
157235,64364,3,15.52,20790,322660.8
157236,64365,1,14.61,23830,348156.3
157237,64365,2,17.28,22910,395884.8000000001
157238,64365,3,3.47,20790,72141.3
157239,64366,1,1.5,23830,35745.0
157240,64366,2,1.49,22910,34135.9
157241,64367,1,18.8,23830,448004.0
157242,64367,2,12.8,22910,293248.0
157243,64367,3,16.37,20790,340332.30000000005
157244,64368,1,3.85,23830,91745.5
157245,64368,2,2.35,22910,53838.5
157246,64369,1,7.97,23830,189925.1
157247,64369,2,10.5,22910,240555.0
157248,64369,3,1.86,20790,38669.4
157249,64370,1,16.05,23830,382471.5
157250,64370,2,18.82,22910,431166.2
157251,64370,3,10.2,20790,212058.0
157252,64371,1,1.85,23830,44085.5
157253,64371,2,1.83,22910,41925.3
157254,64372,1,2.31,23830,55047.3
157255,64372,2,4.79,22910,109738.9
157256,64373,1,4.31,23830,102707.3
157257,64373,2,2.97,22910,68042.70000000001
157258,64374,1,10.25,23830,244257.5
157259,64374,2,10.72,22910,245595.2
157260,64374,3,11.38,20790,236590.2
157261,64375,1,15.44,23830,367935.2
157262,64375,2,16.73,22910,383284.3
157263,64375,3,11.42,20790,237421.8
157264,64376,1,14.03,23830,334334.9
157265,64376,2,15.61,22910,357625.1
157266,64376,3,14.7,20790,305613.0
157267,64377,1,1.29,23830,30740.7
157268,64377,2,3.6,22910,82476.0
157269,64378,1,6.88,23830,163950.4
157270,64378,2,9.89,22910,226579.9
157271,64378,3,18.69,20790,388565.1
157272,64379,1,7.8,23830,185874.0
157273,64379,2,12.63,22910,289353.30000000005
157274,64379,3,9.06,20790,188357.4
157275,64380,1,1.44,23830,34315.2
157276,64380,2,1.69,22910,38717.9
157277,64381,1,2.42,23830,57668.6
157278,64381,2,3.78,22910,86599.79999999999
157279,64382,1,3.96,23830,94366.8
157280,64382,2,4.46,22910,102178.6
157281,64383,1,10.54,23830,251168.2
157282,64383,2,13.41,22910,307223.1
157283,64383,3,14.8,20790,307692.0
157284,64384,1,2.76,23830,65770.79999999999
157285,64384,2,1.82,22910,41696.2
157286,64385,1,3.07,23830,73158.09999999999
157287,64385,2,3.23,22910,73999.3
157288,64386,1,10.93,23830,260461.9
157289,64386,2,2.22,22910,50860.2
157290,64386,3,16.59,20790,344906.1
157291,64387,1,1.44,23830,34315.2
157292,64387,2,1.93,22910,44216.3
157293,64388,1,10.07,23830,239968.1
157294,64388,2,15.36,22910,351897.6
157295,64388,3,2.41,20790,50103.9
157296,64389,1,4.26,23830,101515.8
157297,64389,2,1.92,22910,43987.2
157298,64390,1,2.48,23830,59098.4
157299,64390,2,3.23,22910,73999.3
157300,64391,1,4.32,23830,102945.6
157301,64391,2,4.78,22910,109509.8
157302,64392,1,7.89,23830,188018.7
157303,64392,2,7.74,22910,177323.4
157304,64392,3,16.31,20790,339084.9
157305,64393,1,2.61,23830,62196.3
157306,64393,2,2.98,22910,68271.8
157307,64394,1,4.4,23830,104852.0
157308,64394,2,3.2,22910,73312.0
157309,64395,1,6.59,23830,157039.69999999998
157310,64395,2,16.38,22910,375265.8
157311,64395,3,4.32,20790,89812.8
157312,64396,1,1.36,23830,32408.800000000003
157313,64396,2,3.88,22910,88890.8
157314,64397,1,4.54,23830,108188.2
157315,64397,2,3.44,22910,78810.4
160247,65605,1,2.49,23830,59336.7
160248,65605,2,4.74,22910,108593.4
160249,65606,1,1.93,23830,45991.9
160250,65606,2,4.59,22910,105156.9
160251,65607,1,4.35,23830,103660.5
160252,65607,2,4.51,22910,103324.1
160253,65608,1,2.16,23830,51472.8
160254,65608,2,4.16,22910,95305.6
160255,65609,1,3.44,23830,81975.2
160256,65609,2,4.2,22910,96222.0
160257,65610,1,16.08,23830,383186.4
160258,65610,2,2.68,22910,61398.8
160259,65610,3,17.28,20790,359251.2
160260,65611,1,11.43,23830,272376.9
160261,65611,2,18.37,22910,420856.7
160262,65611,3,18.31,20790,380664.9
160263,65612,1,15.37,23830,366267.1
160264,65612,2,17.28,22910,395884.8000000001
160265,65612,3,12.05,20790,250519.50000000003
160266,65613,1,2.81,23830,66962.3
160267,65613,2,1.71,22910,39176.1
160268,65614,1,1.54,23830,36698.2
160269,65614,2,4.07,22910,93243.7
160270,65615,1,4.24,23830,101039.2
160271,65615,2,13.14,22910,301037.4
160272,65615,3,7.34,20790,152598.6
160273,65616,1,16.52,23830,393671.6
160274,65616,2,11.63,22910,266443.30000000005
160275,65616,3,6.72,20790,139708.8
160276,65617,1,3.11,23830,74111.3
160277,65617,2,1.08,22910,24742.800000000003
160278,65618,1,4.27,23830,101754.1
160279,65618,2,16.15,22910,369996.5
160280,65618,3,5.72,20790,118918.8
160281,65619,1,5.01,23830,119388.3
160282,65619,2,9.88,22910,226350.8
160283,65619,3,4.86,20790,101039.4
160284,65620,1,3.95,23830,94128.5
160285,65620,2,4.43,22910,101491.3
160286,65621,1,3.3,23830,78639.0
160287,65621,2,12.81,22910,293477.10000000003
160288,65621,3,10.45,20790,217255.5
160289,65622,1,7.45,23830,177533.5
160290,65622,2,6.9,22910,158079.0
160291,65622,3,1.1,20790,22869.000000000004
160292,65623,1,2.15,23830,51234.5
160293,65623,2,12.8,22910,293248.0
160294,65623,3,1.73,20790,35966.7
160295,65624,1,2.7,23830,64341.00000000001
160296,65624,2,3.75,22910,85912.5
160297,65625,1,10.74,23830,255934.2
160298,65625,2,5.03,22910,115237.3
160299,65625,3,19.14,20790,397920.6
160300,65626,1,10.08,23830,240206.4
160301,65626,2,12.42,22910,284542.2
160302,65626,3,16.92,20790,351766.80000000005
160303,65627,1,19.47,23830,463970.1
160304,65627,2,6.21,22910,142271.1
160305,65627,3,14.36,20790,298544.4
160306,65628,1,3.93,23830,93651.9
160307,65628,2,2.08,22910,47652.8
160308,65629,1,8.21,23830,195644.3
160309,65629,2,11.14,22910,255217.4
160310,65629,3,14.57,20790,302910.3
160311,65630,1,4.49,23830,106996.7
160312,65630,2,2.23,22910,51089.3
160313,65631,1,3.88,23830,92460.4
160314,65631,2,1.26,22910,28866.6
160315,65632,1,14.57,23830,347203.10000000003
160316,65632,2,9.75,22910,223372.5
160317,65632,3,6.8,20790,141372.0
160318,65633,1,4.52,23830,107711.6
160319,65633,2,3.22,22910,73770.20000000001
160320,65634,1,2.73,23830,65055.9
160321,65634,2,2.56,22910,58649.6
160322,65635,1,2.37,23830,56477.100000000006
160323,65635,2,3.72,22910,85225.20000000001
160324,65636,1,4.39,23830,104613.7
160325,65636,2,10.03,22910,229787.3
160326,65636,3,18.0,20790,374220.0
160327,65637,1,15.65,23830,372939.5
160328,65637,2,11.28,22910,258424.8
160329,65637,3,16.3,20790,338877.0
160330,65638,1,12.13,23830,289057.9
160331,65638,2,11.5,22910,263465.0
160332,65638,3,2.19,20790,45530.1
160333,65639,1,4.48,23830,106758.4
160334,65639,2,4.09,22910,93701.9
160335,65640,1,3.01,23830,71728.29999999999
160336,65640,2,4.28,22910,98054.8
160337,65641,1,9.31,23830,221857.3
160338,65641,2,15.69,22910,359457.9
160339,65641,3,6.23,20790,129521.7
160340,65642,1,1.96,23830,46706.8
160341,65642,2,1.17,22910,26804.7
160342,65643,1,4.44,23830,105805.2
160343,65643,2,2.69,22910,61627.9
160344,65644,1,4.47,23830,106520.1
160345,65644,2,2.94,22910,67355.4
160346,65645,1,10.48,23830,249738.4
160347,65645,2,4.15,22910,95076.5
160348,65645,3,14.82,20790,308107.8
160349,65646,1,9.92,23830,236393.6
160350,65646,2,15.46,22910,354188.60000000003
160351,65646,3,10.23,20790,212681.7
160352,65647,1,6.75,23830,160852.5
160353,65647,2,6.68,22910,153038.8
160354,65647,3,17.67,20790,367359.3000000001
160355,65648,1,4.2,23830,100086.0
160356,65648,2,2.96,22910,67813.6
160357,65649,1,4.65,23830,110809.5
160358,65649,2,2.64,22910,60482.4
160359,65650,1,3.84,23830,91507.2
160360,65650,2,5.02,22910,115008.2
160361,65650,3,6.15,20790,127858.5
160362,65651,1,4.83,23830,115098.9
160363,65651,2,4.65,22910,106531.5
160364,65652,1,16.44,23830,391765.2
160365,65652,2,12.73,22910,291644.3
160366,65652,3,11.42,20790,237421.8
160367,65653,1,4.46,23830,106281.8
160368,65653,2,1.4,22910,32074.0
160369,65654,1,3.25,23830,77447.5
160370,65654,2,4.46,22910,102178.6
160371,65655,1,17.34,23830,413212.2
160372,65655,2,14.23,22910,326009.3
160373,65655,3,14.06,20790,292307.4
160374,65656,1,4.93,23830,117481.9
160375,65656,2,1.8,22910,41238.0
160376,65657,1,2.98,23830,71013.4
160377,65657,2,2.07,22910,47423.7
160378,65658,1,3.46,23830,82451.8
160379,65658,2,2.35,22910,53838.5
160380,65659,1,2.78,23830,66247.4
160381,65659,2,3.08,22910,70562.8
160382,65660,1,3.94,23830,93890.2
160383,65660,2,4.4,22910,100804.0
160384,65661,1,1.12,23830,26689.6
160385,65661,2,7.12,22910,163119.2
160386,65661,3,7.19,20790,149480.1
160387,65662,1,4.79,23830,114145.7
160388,65662,2,3.06,22910,70104.6
160389,65663,1,4.15,23830,98894.5
160390,65663,2,3.14,22910,71937.40000000001
160391,65663,3,1.48,20790,30769.2
160392,65664,1,3.65,23830,86979.5
160393,65664,2,3.41,22910,78123.1
160394,65665,1,3.36,23830,80068.8
160395,65665,2,4.88,22910,111800.8
160396,65666,1,3.73,23830,88885.9
160397,65666,2,3.36,22910,76977.59999999999
160398,65667,1,3.48,23830,82928.4
160399,65667,2,3.84,22910,87974.4
160400,65668,1,1.03,23830,24544.9
160401,65668,2,19.36,22910,443537.6
160402,65668,3,4.23,20790,87941.70000000001
160403,65669,1,2.54,23830,60528.2
160404,65669,2,9.74,22910,223143.4
160405,65669,3,12.27,20790,255093.3
160406,65670,1,15.94,23830,379850.2
160407,65670,2,17.35,22910,397488.50000000006
160408,65670,3,5.69,20790,118295.1
163412,66905,1,9.96,23830,237346.8
163413,66905,2,8.44,22910,193360.4
163414,66905,3,7.47,20790,155301.3
163415,66906,1,4.88,23830,116290.4
163416,66906,2,2.86,22910,65522.6
163417,66907,1,4.28,23830,101992.4
163418,66907,2,4.53,22910,103782.3
163419,66908,1,19.39,23830,462063.7
163420,66908,2,13.78,22910,315699.8
163421,66908,3,11.43,20790,237629.7
163422,66909,1,1.51,23830,35983.3
163423,66909,2,4.19,22910,95992.9
163424,66910,1,1.25,23830,29787.5
163425,66910,2,2.69,22910,61627.9
163426,66911,1,18.94,23830,451340.2
163427,66911,2,5.22,22910,119590.2
163428,66911,3,14.23,20790,295841.7
163429,66912,1,1.89,23830,45038.7
163430,66912,2,4.7,22910,107677.0
163431,66913,1,13.23,23830,315270.9
163432,66913,2,19.64,22910,449952.4
163433,66913,3,8.58,20790,178378.2
163434,66914,1,4.35,23830,103660.5
163435,66914,2,2.87,22910,65751.7
163436,66915,1,3.63,23830,86502.9
163437,66915,2,2.3,22910,52692.99999999999
163438,66916,1,4.5,23830,107235.0
163439,66916,2,3.87,22910,88661.7
163440,66917,1,4.01,23830,95558.3
163441,66917,2,4.66,22910,106760.6
163442,66918,1,13.17,23830,313841.1
163443,66918,2,14.52,22910,332653.2
163444,66918,3,1.5,20790,31185.0
163445,66919,1,2.68,23830,63864.4
163446,66919,2,1.47,22910,33677.7
163447,66920,1,3.88,23830,92460.4
163448,66920,2,2.58,22910,59107.8
163449,66921,1,2.18,23830,51949.4
163450,66921,2,3.92,22910,89807.2
163451,66922,1,4.77,23830,113669.1
163452,66922,2,3.75,22910,85912.5
163453,66923,1,3.04,23830,72443.2
163454,66923,2,4.36,22910,99887.6
163455,66924,1,1.08,23830,25736.4
163456,66924,2,1.39,22910,31844.9
163457,66925,1,4.48,23830,106758.4
163458,66925,2,4.92,22910,112717.2
163459,66926,1,3.96,23830,94366.8
163460,66926,2,3.52,22910,80643.2
163461,66927,1,13.48,23830,321228.4
163462,66927,2,19.94,22910,456825.4
163463,66927,3,17.32,20790,360082.8
163464,66928,1,4.24,23830,101039.2
163465,66928,2,4.39,22910,100574.9
163466,66929,1,12.55,23830,299066.5
163467,66929,2,15.86,22910,363352.6
163468,66929,3,14.3,20790,297297.0
163469,66930,1,13.8,23830,328854.0
163470,66930,2,9.16,22910,209855.6
163471,66930,3,8.34,20790,173388.6
163472,66931,1,10.19,23830,242827.7
163473,66931,2,3.75,22910,85912.5
163474,66931,3,19.7,20790,409563.0
163475,66932,1,4.15,23830,98894.5
163476,66932,2,1.06,22910,24284.6
163477,66933,1,1.14,23830,27166.2
163478,66933,2,4.42,22910,101262.2
163479,66934,1,1.51,23830,35983.3
163480,66934,2,4.87,22910,111571.7
163481,66935,1,6.82,23830,162520.6
163482,66935,2,2.85,22910,65293.5
163483,66935,3,6.19,20790,128690.1
163484,66936,1,3.2,23830,76256.0
163485,66936,2,3.95,22910,90494.5
163486,66937,1,2.6,23830,61958.0
163487,66937,2,2.07,22910,47423.7
163488,66938,1,4.87,23830,116052.1
163489,66938,2,2.37,22910,54296.7
163490,66939,1,19.04,23830,453723.2
163491,66939,2,6.85,22910,156933.5
163492,66939,3,16.08,20790,334303.19999999995
163493,66940,1,1.23,23830,29310.9
163494,66940,2,1.68,22910,38488.8
163495,66941,1,15.24,23830,363169.2
163496,66941,2,15.46,22910,354188.60000000003
163497,66941,3,8.03,20790,166943.69999999998
163498,66942,1,2.03,23830,48374.9
163499,66942,2,17.51,22910,401154.1
163500,66942,3,10.33,20790,214760.7
163501,66943,1,19.27,23830,459204.1
163502,66943,2,18.75,22910,429562.5
163503,66943,3,14.19,20790,295010.1
163504,66944,1,10.54,23830,251168.2
163505,66944,2,14.8,22910,339068.0
163506,66944,3,12.52,20790,260290.8
163507,66945,1,15.59,23830,371509.7
163508,66945,2,18.16,22910,416045.6
163509,66945,3,11.31,20790,235134.9
163510,66946,1,1.14,23830,27166.2
163511,66946,2,3.01,22910,68959.09999999999
163512,66947,1,1.26,23830,30025.8
163513,66947,2,2.55,22910,58420.49999999999
163514,66948,1,12.28,23830,292632.4
163515,66948,2,14.61,22910,334715.1
163516,66948,3,11.46,20790,238253.4
163517,66949,1,3.57,23830,85073.09999999999
163518,66949,2,2.13,22910,48798.3
163519,66950,1,4.07,23830,96988.1
163520,66950,2,4.41,22910,101033.1
163521,66951,1,2.32,23830,55285.6
163522,66951,2,1.18,22910,27033.8
163523,66952,1,14.96,23830,356496.80000000005
163524,66952,2,16.86,22910,386262.6
163525,66952,3,19.03,20790,395633.7
163526,66953,1,4.72,23830,112477.6
163527,66953,2,2.36,22910,54067.6
163528,66954,1,12.85,23830,306215.5
163529,66954,2,14.98,22910,343191.8
163530,66954,3,7.42,20790,154261.8
163531,66955,1,4.84,23830,115337.2
163532,66955,2,2.43,22910,55671.3
163533,66956,1,4.06,23830,96749.8
163534,66956,2,3.78,22910,86599.79999999999
163535,66957,1,4.29,23830,102230.7
163536,66957,2,2.13,22910,48798.3
163537,66958,1,6.65,23830,158469.5
163538,66958,2,6.22,22910,142500.19999999998
163539,66958,3,16.0,20790,332640.0
163540,66959,1,14.92,23830,355543.6
163541,66959,2,5.01,22910,114779.1
163542,66959,3,19.22,20790,399583.8
163543,66960,1,3.85,23830,91745.5
163544,66960,2,4.23,22910,96909.3
163545,66961,1,1.55,23830,36936.5
163546,66961,2,3.69,22910,84537.9
163547,66962,1,3.93,23830,93651.9
163548,66962,2,2.16,22910,49485.600000000006
163549,66963,1,11.93,23830,284291.9
163550,66963,2,3.14,22910,71937.40000000001
163551,66963,3,1.43,20790,29729.7
163552,66964,1,2.59,23830,61719.7
163553,66964,2,2.14,22910,49027.4
163554,66965,1,4.85,23830,115575.5
163555,66965,2,1.6,22910,36656.0
163556,66966,1,11.68,23830,278334.4
163557,66966,2,17.45,22910,399779.5
163558,66966,3,15.71,20790,326610.9
163559,66967,1,3.17,23830,75541.09999999999
163560,66967,2,9.39,22910,215124.9
163561,66967,3,5.81,20790,120789.9
163562,66968,1,14.21,23830,338624.30000000005
163563,66968,2,13.97,22910,320052.7
163564,66968,3,15.47,20790,321621.3
163565,66969,1,4.73,23830,112715.9
163566,66969,2,1.19,22910,27262.9
163567,66970,1,2.67,23830,63626.1
163568,66970,2,1.83,22910,41925.3
166592,68217,1,3.62,23830,86264.6
166593,68217,2,3.33,22910,76290.3
166594,68218,1,4.33,23830,103183.9
166595,68218,2,3.07,22910,70333.7
166596,68219,1,4.92,23830,117243.6
166597,68219,2,1.96,22910,44903.6
166598,68220,1,19.08,23830,454676.4
166599,68220,2,13.87,22910,317761.69999999995
166600,68220,3,8.4,20790,174636.0
166601,68221,1,9.39,23830,223763.7
166602,68221,2,2.56,22910,58649.6
166603,68221,3,2.77,20790,57588.3
166604,68222,1,3.27,23830,77924.1
166605,68222,2,4.08,22910,93472.8
166606,68223,1,1.66,23830,39557.8
166607,68223,2,4.53,22910,103782.3
166608,68224,1,5.54,23830,132018.2
166609,68224,2,3.95,22910,90494.5
166610,68224,3,15.95,20790,331600.5
166611,68225,1,2.15,23830,51234.5
166612,68225,2,1.85,22910,42383.5
166613,68225,3,10.73,20790,223076.7
166614,68226,1,2.89,23830,68868.7
166615,68226,2,4.43,22910,101491.3
166616,68227,1,2.28,23830,54332.4
166617,68227,2,2.59,22910,59336.9
166618,68228,1,3.94,23830,93890.2
166619,68228,2,1.91,22910,43758.1
166620,68229,1,15.11,23830,360071.3
166621,68229,2,11.89,22910,272399.9
166622,68229,3,6.9,20790,143451.0
166623,68230,1,2.93,23830,69821.90000000001
166624,68230,2,2.31,22910,52922.1
166625,68231,1,12.52,23830,298351.6
166626,68231,2,9.03,22910,206877.3
166627,68231,3,4.38,20790,91060.2
166628,68232,1,10.5,23830,250215.0
166629,68232,2,10.63,22910,243533.3
166630,68232,3,3.62,20790,75259.8
166631,68233,1,16.96,23830,404156.8000000001
166632,68233,2,1.02,22910,23368.2
166633,68233,3,19.3,20790,401247.0
166634,68234,1,1.68,23830,40034.4
166635,68234,2,4.17,22910,95534.7
166636,68235,1,4.28,23830,101992.4
166637,68235,2,3.31,22910,75832.1
166638,68236,1,15.73,23830,374845.9
166639,68236,2,8.37,22910,191756.7
166640,68236,3,12.56,20790,261122.4
166641,68237,1,4.49,23830,106996.7
166642,68237,2,3.33,22910,76290.3
166643,68238,1,1.86,23830,44323.8
166644,68238,2,1.27,22910,29095.7
166645,68239,1,2.62,23830,62434.600000000006
166646,68239,2,2.4,22910,54984.0
166647,68240,1,3.02,23830,71966.6
166648,68240,2,2.25,22910,51547.5
166649,68241,1,11.48,23830,273568.4
166650,68241,2,8.79,22910,201378.9
166651,68241,3,2.77,20790,57588.3
166652,68242,1,2.68,23830,63864.4
166653,68242,2,4.52,22910,103553.2
166654,68243,1,9.16,23830,218282.8
166655,68243,2,13.43,22910,307681.3
166656,68243,3,4.67,20790,97089.3
166657,68244,1,17.79,23830,423935.7
166658,68244,2,12.57,22910,287978.7
166659,68244,3,4.8,20790,99792.0
166660,68245,1,2.53,23830,60289.9
166661,68245,2,3.52,22910,80643.2
166662,68246,1,4.92,23830,117243.6
166663,68246,2,3.89,22910,89119.90000000001
166664,68247,1,3.71,23830,88409.3
166665,68247,2,2.45,22910,56129.50000000001
166666,68248,1,6.16,23830,146792.80000000002
166667,68248,2,3.03,22910,69417.29999999999
166668,68248,3,6.66,20790,138461.4
166669,68249,1,2.11,23830,50281.3
166670,68249,2,4.57,22910,104698.7
166671,68250,1,3.04,23830,72443.2
166672,68250,2,2.88,22910,65980.8
166673,68251,1,4.9,23830,116767.0
166674,68251,2,3.51,22910,80414.09999999999
166675,68252,1,1.65,23830,39319.5
166676,68252,2,19.16,22910,438955.6
166677,68252,3,15.43,20790,320789.7
166678,68253,1,3.78,23830,90077.4
166679,68253,2,2.81,22910,64377.1
166680,68254,1,1.62,23830,38604.600000000006
166681,68254,2,4.52,22910,103553.2
166682,68255,1,9.11,23830,217091.3
166683,68255,2,4.81,22910,110197.1
166684,68255,3,1.69,20790,35135.1
166685,68256,1,4.08,23830,97226.4
166686,68256,2,3.18,22910,72853.8
166687,68257,1,3.03,23830,72204.9
166688,68257,2,16.01,22910,366789.1
166689,68257,3,4.57,20790,95010.3
166690,68258,1,4.1,23830,97703.0
166691,68258,2,2.31,22910,52922.1
166692,68259,1,5.11,23830,121771.3
166693,68259,2,6.4,22910,146624.0
166694,68259,3,2.9,20790,60291.0
166695,68260,1,2.57,23830,61243.1
166696,68260,2,2.26,22910,51776.6
166697,68261,1,4.06,23830,96749.8
166698,68261,2,4.61,22910,105615.1
166699,68262,1,14.01,23830,333858.3
166700,68262,2,7.78,22910,178239.80000000002
166701,68262,3,12.52,20790,260290.8
166702,68263,1,1.1,23830,26213.000000000004
166703,68263,2,15.89,22910,364039.9
166704,68263,3,19.98,20790,415384.2
166705,68264,1,2.41,23830,57430.3
166706,68264,2,4.75,22910,108822.5
166707,68265,1,9.05,23830,215661.50000000003
166708,68265,2,18.34,22910,420169.4
166709,68265,3,18.93,20790,393554.7
166710,68266,1,1.99,23830,47421.7
166711,68266,2,4.03,22910,92327.3
166712,68267,1,2.25,23830,53617.5
166713,68267,2,2.28,22910,52234.8
166714,68268,1,4.77,23830,113669.1
166715,68268,2,1.92,22910,43987.2
166716,68269,1,1.34,23830,31932.2
166717,68269,2,2.47,22910,56587.7
166718,68270,1,2.71,23830,64579.3
166719,68270,2,2.98,22910,68271.8
166720,68271,1,16.28,23830,387952.4
166721,68271,2,2.35,22910,53838.5
166722,68271,3,18.57,20790,386070.3
166723,68272,1,3.14,23830,74826.2
166724,68272,2,3.62,22910,82934.2
166725,68273,1,6.25,23830,148937.5
166726,68273,2,4.96,22910,113633.6
166727,68273,3,12.58,20790,261538.2
166728,68274,1,1.18,23830,28119.4
166729,68274,2,3.5,22910,80185.0
166730,68275,1,2.94,23830,70060.2
166731,68275,2,3.43,22910,78581.3
166732,68276,1,4.64,23830,110571.2
166733,68276,2,4.56,22910,104469.6
166734,68277,1,2.36,23830,56238.8
166735,68277,2,3.31,22910,75832.1
166736,68278,1,3.31,23830,78877.3
166737,68278,2,2.04,22910,46736.4
166738,68279,1,3.58,23830,85311.40000000001
166739,68279,2,4.13,22910,94618.3
166740,68280,1,1.79,23830,42655.7
166741,68280,2,2.57,22910,58878.7
166742,68281,1,4.61,23830,109856.3
166743,68281,2,17.19,22910,393822.9
166744,68281,3,7.83,20790,162785.7
169583,69452,1,3.11,23830,74111.3
169584,69452,2,3.53,22910,80872.29999999999
169585,69453,1,1.81,23830,43132.3
169586,69453,2,1.69,22910,38717.9
169587,69454,1,7.35,23830,175150.5
169588,69454,2,15.69,22910,359457.9
169589,69454,3,8.94,20790,185862.6
169590,69455,1,3.94,23830,93890.2
169591,69455,2,17.66,22910,404590.6
169592,69455,3,10.58,20790,219958.2
169593,69456,1,4.74,23830,112954.2
169594,69456,2,14.72,22910,337235.2
169595,69456,3,12.61,20790,262161.9
169596,69457,1,3.48,23830,82928.4
169597,69457,2,16.2,22910,371142.0
169598,69457,3,2.68,20790,55717.2
169599,69458,1,18.64,23830,444191.2
169600,69458,2,13.57,22910,310888.7
169601,69458,3,5.27,20790,109563.3
169602,69459,1,2.69,23830,64102.7
169603,69459,2,3.52,22910,80643.2
169604,69460,1,2.09,23830,49804.7
169605,69460,2,1.24,22910,28408.4
169606,69461,1,10.65,23830,253789.5
169607,69461,2,7.04,22910,161286.4
169608,69461,3,18.78,20790,390436.2
169609,69462,1,1.68,23830,40034.4
169610,69462,2,4.56,22910,104469.6
169611,69462,3,19.47,20790,404781.3
169612,69463,1,10.53,23830,250929.9
169613,69463,2,7.72,22910,176865.19999999998
169614,69463,3,14.32,20790,297712.8
169615,69464,1,6.76,23830,161090.8
169616,69464,2,9.77,22910,223830.7
169617,69464,3,2.55,20790,53014.49999999999
169618,69465,1,2.14,23830,50996.2
169619,69465,2,2.88,22910,65980.8
169620,69466,1,18.02,23830,429416.6
169621,69466,2,10.16,22910,232765.6
169622,69466,3,12.66,20790,263201.4
169623,69467,1,4.6,23830,109618.0
169624,69467,2,2.37,22910,54296.7
169625,69468,1,16.96,23830,404156.8000000001
169626,69468,2,13.57,22910,310888.7
169627,69468,3,16.07,20790,334095.3
169628,69469,1,6.43,23830,153226.9
169629,69469,2,3.0,22910,68730.0
169630,69469,3,19.83,20790,412265.7
169631,69470,1,4.59,23830,109379.7
169632,69470,2,3.27,22910,74915.7
169633,69471,1,2.26,23830,53855.8
169634,69471,2,4.03,22910,92327.3
169635,69472,1,3.61,23830,86026.3
169636,69472,2,3.42,22910,78352.2
169637,69473,1,2.05,23830,48851.49999999999
169638,69473,2,8.66,22910,198400.6
169639,69473,3,10.95,20790,227650.5
169640,69474,1,2.42,23830,57668.6
169641,69474,2,4.93,22910,112946.3
169642,69475,1,2.52,23830,60051.6
169643,69475,2,1.99,22910,45590.9
169644,69476,1,9.91,23830,236155.3
169645,69476,2,11.04,22910,252926.4
169646,69476,3,15.99,20790,332432.1
169647,69477,1,1.84,23830,43847.2
169648,69477,2,3.12,22910,71479.2
169649,69478,1,2.47,23830,58860.100000000006
169650,69478,2,1.88,22910,43070.8
169651,69479,1,16.96,23830,404156.8000000001
169652,69479,2,14.32,22910,328071.2
169653,69479,3,5.07,20790,105405.3
169654,69480,1,7.49,23830,178486.7
169655,69480,2,3.49,22910,79955.90000000001
169656,69480,3,2.69,20790,55925.1
169657,69481,1,2.14,23830,50996.2
169658,69481,2,19.42,22910,444912.2
169659,69481,3,6.76,20790,140540.4
169660,69482,1,2.76,23830,65770.79999999999
169661,69482,2,5.54,22910,126921.4
169662,69482,3,18.13,20790,376922.7
169663,69483,1,19.99,23830,476361.7
169664,69483,2,9.79,22910,224288.9
169665,69483,3,17.59,20790,365696.1
169666,69484,1,4.84,23830,115337.2
169667,69484,2,3.84,22910,87974.4
169668,69485,1,7.59,23830,180869.7
169669,69485,2,14.46,22910,331278.60000000003
169670,69485,3,19.68,20790,409147.2
169671,69486,1,2.81,23830,66962.3
169672,69486,2,4.42,22910,101262.2
169673,69487,1,1.06,23830,25259.800000000003
169674,69487,2,2.18,22910,49943.8
169675,69488,1,2.1,23830,50043.0
169676,69488,2,4.54,22910,104011.4
169677,69489,1,3.59,23830,85549.7
169678,69489,2,2.66,22910,60940.600000000006
169679,69490,1,2.76,23830,65770.79999999999
169680,69490,2,3.29,22910,75373.9
169681,69491,1,2.85,23830,67915.5
169682,69491,2,18.75,22910,429562.5
169683,69491,3,13.12,20790,272764.8
169684,69492,1,4.53,23830,107949.9
169685,69492,2,1.1,22910,25201.000000000004
169686,69493,1,3.04,23830,72443.2
169687,69493,2,1.9,22910,43529.0
169688,69494,1,17.25,23830,411067.5
169689,69494,2,7.64,22910,175032.4
169690,69494,3,1.77,20790,36798.3
169691,69495,1,3.71,23830,88409.3
169692,69495,2,11.0,22910,252010.0
169693,69495,3,13.44,20790,279417.6
169694,69496,1,14.3,23830,340769.0
169695,69496,2,15.87,22910,363581.7
169696,69496,3,4.81,20790,99999.9
169697,69497,1,3.87,23830,92222.1
169698,69497,2,4.2,22910,96222.0
169699,69498,1,9.61,23830,229006.3
169700,69498,2,7.85,22910,179843.5
169701,69498,3,10.7,20790,222453.0
169702,69499,1,4.96,23830,118196.8
169703,69499,2,4.7,22910,107677.0
169704,69500,1,2.56,23830,61004.8
169705,69500,2,3.34,22910,76519.4
169706,69501,1,14.21,23830,338624.30000000005
169707,69501,2,2.45,22910,56129.50000000001
169708,69501,3,8.62,20790,179209.8
169709,69502,1,1.49,23830,35506.7
169710,69502,2,1.38,22910,31615.8
169711,69502,3,6.81,20790,141579.9
169712,69503,1,14.93,23830,355781.9
169713,69503,2,13.52,22910,309743.2
169714,69503,3,1.08,20790,22453.2
169715,69504,1,2.25,23830,53617.5
169716,69504,2,2.81,22910,64377.1
169717,69505,1,18.68,23830,445144.4
169718,69505,2,10.01,22910,229329.1
169719,69505,3,12.53,20790,260498.7
169720,69506,1,2.67,23830,63626.1
169721,69506,2,4.15,22910,95076.5
169722,69507,1,3.4,23830,81022.0
169723,69507,2,1.48,22910,33906.8
169724,69508,1,3.29,23830,78400.7
169725,69508,2,1.9,22910,43529.0
169726,69509,1,14.52,23830,346011.6
169727,69509,2,19.13,22910,438268.3
169728,69509,3,15.08,20790,313513.2
169729,69510,1,14.88,23830,354590.4
169730,69510,2,19.83,22910,454305.3
169731,69510,3,3.24,20790,67359.6
169732,69511,1,2.43,23830,57906.9
169733,69511,2,3.48,22910,79726.8
169734,69512,1,19.32,23830,460395.6
169735,69512,2,14.35,22910,328758.5
169736,69512,3,19.62,20790,407899.8000000001
172695,70735,1,3.44,23830,81975.2
172696,70735,2,2.72,22910,62315.2
172697,70736,1,4.26,23830,101515.8
172698,70736,2,4.39,22910,100574.9
172699,70737,1,15.95,23830,380088.5
172700,70737,2,7.24,22910,165868.4
172701,70737,3,4.04,20790,83991.6
172702,70738,1,10.5,23830,250215.0
172703,70738,2,2.66,22910,60940.600000000006
172704,70738,3,13.99,20790,290852.1
172705,70739,1,3.82,23830,91030.6
172706,70739,2,2.19,22910,50172.9
172707,70740,1,2.15,23830,51234.5
172708,70740,2,2.46,22910,56358.6
172709,70741,1,2.34,23830,55762.2
172710,70741,2,3.67,22910,84079.7
172711,70742,1,11.27,23830,268564.1
172712,70742,2,15.26,22910,349606.6
172713,70742,3,10.81,20790,224739.9
172714,70743,1,1.86,23830,44323.8
172715,70743,2,6.72,22910,153955.19999999998
172716,70743,3,1.97,20790,40956.3
172717,70744,1,4.67,23830,111286.1
172718,70744,2,1.08,22910,24742.800000000003
172719,70745,1,2.39,23830,56953.7
172720,70745,2,4.85,22910,111113.5
172721,70746,1,17.28,23830,411782.4
172722,70746,2,5.45,22910,124859.5
172723,70746,3,6.85,20790,142411.5
172724,70747,1,2.92,23830,69583.59999999999
172725,70747,2,3.67,22910,84079.7
172726,70748,1,2.09,23830,49804.7
172727,70748,2,4.87,22910,111571.7
172728,70749,1,4.54,23830,108188.2
172729,70749,2,4.85,22910,111113.5
172730,70750,1,2.64,23830,62911.2
172731,70750,2,2.23,22910,51089.3
172732,70751,1,2.75,23830,65532.5
172733,70751,2,3.23,22910,73999.3
172734,70752,1,1.46,23830,34791.8
172735,70752,2,11.33,22910,259570.3
172736,70752,3,12.27,20790,255093.3
172737,70753,1,8.05,23830,191831.50000000003
172738,70753,2,12.19,22910,279272.9
172739,70753,3,7.89,20790,164033.1
172740,70754,1,19.41,23830,462540.3
172741,70754,2,7.58,22910,173657.8
172742,70754,3,3.62,20790,75259.8
172743,70755,1,2.6,23830,61958.0
172744,70755,2,1.49,22910,34135.9
172745,70756,1,3.08,23830,73396.40000000001
172746,70756,2,2.85,22910,65293.5
172747,70757,1,2.04,23830,48613.2
172748,70757,2,4.33,22910,99200.3
172749,70758,1,2.14,23830,50996.2
172750,70758,2,3.13,22910,71708.3
172751,70759,1,10.33,23830,246163.9
172752,70759,2,18.7,22910,428417.0
172753,70759,3,2.38,20790,49480.2
172754,70760,1,6.03,23830,143694.9
172755,70760,2,17.63,22910,403903.3
172756,70760,3,7.32,20790,152182.80000000002
172757,70761,1,13.85,23830,330045.5
172758,70761,2,5.36,22910,122797.6
172759,70761,3,9.78,20790,203326.2
172760,70762,1,3.05,23830,72681.5
172761,70762,2,4.88,22910,111800.8
172762,70763,1,8.5,23830,202555.0
172763,70763,2,1.77,22910,40550.7
172764,70763,3,10.23,20790,212681.7
172765,70764,1,2.68,23830,63864.4
172766,70764,2,1.34,22910,30699.4
172767,70765,1,4.71,23830,112239.3
172768,70765,2,4.3,22910,98513.0
172769,70766,1,3.72,23830,88647.6
172770,70766,2,2.55,22910,58420.49999999999
172771,70767,1,1.19,23830,28357.7
172772,70767,2,4.93,22910,112946.3
172773,70768,1,3.89,23830,92698.7
172774,70768,2,19.68,22910,450868.8
172775,70768,3,9.5,20790,197505.0
172776,70769,1,1.0,23830,23830.0
172777,70769,2,4.94,22910,113175.4
172778,70770,1,1.83,23830,43608.9
172779,70770,2,3.34,22910,76519.4
172780,70771,1,16.53,23830,393909.9
172781,70771,2,18.03,22910,413067.3000000001
172782,70771,3,10.83,20790,225155.7
172783,70772,1,12.35,23830,294300.5
172784,70772,2,5.09,22910,116611.9
172785,70772,3,3.06,20790,63617.4
172786,70773,1,4.61,23830,109856.3
172787,70773,2,4.64,22910,106302.4
172788,70774,1,18.23,23830,434420.9
172789,70774,2,8.62,22910,197484.2
172790,70774,3,7.81,20790,162369.9
172791,70775,1,7.46,23830,177771.8
172792,70775,2,16.43,22910,376411.3
172793,70775,3,9.71,20790,201870.9
172794,70776,1,4.99,23830,118911.7
172795,70776,2,1.34,22910,30699.4
172796,70777,1,1.09,23830,25974.7
172797,70777,2,4.32,22910,98971.2
172798,70778,1,4.42,23830,105328.6
172799,70778,2,2.62,22910,60024.2
172800,70779,1,3.37,23830,80307.1
172801,70779,2,2.56,22910,58649.6
172802,70780,1,1.3,23830,30979.0
172803,70780,2,1.95,22910,44674.5
172804,70781,1,4.05,23830,96511.5
172805,70781,2,4.51,22910,103324.1
172806,70782,1,1.29,23830,30740.7
172807,70782,2,2.44,22910,55900.4
172808,70783,1,12.62,23830,300734.6
172809,70783,2,10.35,22910,237118.5
172810,70783,3,9.36,20790,194594.4
172811,70784,1,8.5,23830,202555.0
172812,70784,2,19.28,22910,441704.8000000001
172813,70784,3,14.83,20790,308315.7
172814,70785,1,7.18,23830,171099.4
172815,70785,2,3.19,22910,73082.9
172816,70785,3,8.98,20790,186694.2
172817,70786,1,9.59,23830,228529.7
172818,70786,2,4.79,22910,109738.9
172819,70786,3,11.59,20790,240956.1
172820,70787,1,2.9,23830,69107.0
172821,70787,2,1.65,22910,37801.5
172822,70788,1,13.71,23830,326709.30000000005
172823,70788,2,10.27,22910,235285.7
172824,70788,3,6.14,20790,127650.6
172825,70789,1,2.67,23830,63626.1
172826,70789,2,1.55,22910,35510.5
172827,70790,1,10.87,23830,259032.1
172828,70790,2,16.32,22910,373891.2
172829,70790,3,17.66,20790,367151.4
172830,70791,1,3.2,23830,76256.0
172831,70791,2,1.86,22910,42612.600000000006
172832,70792,1,3.23,23830,76970.9
172833,70792,2,2.11,22910,48340.1
172834,70793,1,3.22,23830,76732.6
172835,70793,2,4.76,22910,109051.6
172836,70794,1,2.7,23830,64341.00000000001
172837,70794,2,3.96,22910,90723.6
172838,70795,1,11.3,23830,269279.0
172839,70795,2,13.36,22910,306077.6
172840,70795,3,17.69,20790,367775.1
172841,70796,1,2.37,23830,56477.100000000006
172842,70796,2,4.5,22910,103095.0
172843,70797,1,4.78,23830,113907.4
172844,70797,2,1.18,22910,27033.8
172845,70798,1,3.67,23830,87456.09999999999
172846,70798,2,8.72,22910,199775.2
172847,70798,3,18.75,20790,389812.5
172848,70799,1,17.43,23830,415356.9
172849,70799,2,5.56,22910,127379.6
172850,70799,3,1.07,20790,22245.300000000003
172851,70800,1,19.24,23830,458489.2
172852,70800,2,5.91,22910,135398.1
172853,70800,3,10.54,20790,219126.6
172854,70801,1,11.96,23830,285006.80000000005
172855,70801,2,11.92,22910,273087.2
172856,70801,3,19.56,20790,406652.4
172857,70802,1,3.4,23830,81022.0
172858,70802,2,4.4,22910,100804.0
172859,70803,1,4.05,23830,96511.5
172860,70803,2,3.75,22910,85912.5
172861,70804,1,17.13,23830,408207.9
172862,70804,2,11.03,22910,252697.3
172863,70804,3,4.02,20790,83575.79999999999
172864,70805,1,3.41,23830,81260.3
172865,70805,2,1.47,22910,33677.7
172866,70806,1,16.62,23830,396054.6
172867,70806,2,1.34,22910,30699.4
172868,70806,3,4.03,20790,83783.70000000001
172869,70807,1,8.29,23830,197550.7
172870,70807,2,7.93,22910,181676.3
172871,70807,3,3.56,20790,74012.4
172872,70808,1,19.84,23830,472787.2
172873,70808,2,17.81,22910,408027.1
172874,70808,3,6.55,20790,136174.5
172875,70809,1,3.31,23830,78877.3
172876,70809,2,1.78,22910,40779.8
172877,70810,1,4.78,23830,113907.4
172878,70810,2,3.19,22910,73082.9
172879,70811,1,7.2,23830,171576.0
172880,70811,2,13.26,22910,303786.6
172881,70811,3,9.88,20790,205405.2
172882,70812,1,4.65,23830,110809.5
172883,70812,2,2.89,22910,66209.90000000001
172884,70813,1,4.32,23830,102945.6
172885,70813,2,2.25,22910,51547.5
172886,70814,1,2.8,23830,66724.0
172887,70814,2,2.67,22910,61169.7
172888,70815,1,3.22,23830,76732.6
172889,70815,2,2.73,22910,62544.3
172890,70816,1,19.47,23830,463970.1
172891,70816,2,18.53,22910,424522.3000000001
172892,70816,3,4.34,20790,90228.6
172893,70817,1,15.49,23830,369126.7
172894,70817,2,6.1,22910,139751.0
172895,70817,3,1.1,20790,22869.000000000004
172896,70818,1,7.48,23830,178248.40000000002
172897,70818,2,9.25,22910,211917.5
172898,70818,3,4.84,20790,100623.6
172899,70819,1,2.34,23830,55762.2
172900,70819,2,3.04,22910,69646.4
172901,70820,1,4.28,23830,101992.4
172902,70820,2,1.55,22910,35510.5
172903,70821,1,2.2,23830,52426.00000000001
172904,70821,2,4.7,22910,107677.0
172905,70822,1,3.84,23830,91507.2
172906,70822,2,1.45,22910,33219.5
172907,70823,1,2.85,23830,67915.5
172908,70823,2,3.02,22910,69188.2
172909,70824,1,12.98,23830,309313.4
172910,70824,2,5.37,22910,123026.7
172911,70824,3,14.74,20790,306444.6
172912,70825,1,4.9,23830,116767.0
172913,70825,2,4.81,22910,110197.1
172914,70825,3,6.48,20790,134719.2
172915,70826,1,1.85,23830,44085.5
172916,70826,2,6.2,22910,142042.0
172917,70826,3,11.36,20790,236174.4
172918,70827,1,4.76,23830,113430.8
172919,70827,2,1.1,22910,25201.000000000004
172920,70827,3,13.26,20790,275675.4
172921,70828,1,4.3,23830,102469.0
172922,70828,2,4.39,22910,100574.9
172923,70829,1,2.81,23830,66962.3
172924,70829,2,3.31,22910,75832.1
172925,70830,1,1.54,23830,36698.2
172926,70830,2,2.45,22910,56129.50000000001
172927,70831,1,2.62,23830,62434.600000000006
172928,70831,2,3.73,22910,85454.3
172929,70832,1,13.43,23830,320036.9
172930,70832,2,1.59,22910,36426.9
172931,70832,3,7.43,20790,154469.69999999998
177682,72772,1,5.96,23830,142026.8
177683,72772,2,18.88,22910,432540.8
177684,72772,3,6.85,20790,142411.5
177685,72773,1,2.58,23830,61481.4
177686,72773,2,1.48,22910,33906.8
177687,72774,1,6.05,23830,144171.5
177688,72774,2,17.68,22910,405048.8
177689,72774,3,7.67,20790,159459.3
177690,72775,1,19.71,23830,469689.3000000001
177691,72775,2,6.67,22910,152809.7
177692,72775,3,19.9,20790,413721.0
177693,72776,1,2.09,23830,49804.7
177694,72776,2,2.16,22910,49485.600000000006
177695,72777,1,5.95,23830,141788.5
177696,72777,2,15.97,22910,365872.7
177697,72777,3,5.11,20790,106236.9
177698,72778,1,17.99,23830,428701.7
177699,72778,2,14.61,22910,334715.1
177700,72778,3,16.16,20790,335966.4
177701,72779,1,5.53,23830,131779.9
177702,72779,2,11.96,22910,274003.60000000003
177703,72779,3,16.49,20790,342827.1
177704,72780,1,18.39,23830,438233.7
177705,72780,2,11.36,22910,260257.6
177706,72780,3,13.16,20790,273596.4
177707,72781,1,3.8,23830,90554.0
177708,72781,2,1.04,22910,23826.4
177709,72782,1,8.26,23830,196835.8
177710,72782,2,1.49,22910,34135.9
177711,72782,3,5.81,20790,120789.9
177712,72783,1,4.43,23830,105566.9
177713,72783,2,4.46,22910,102178.6
177714,72783,3,5.61,20790,116631.9
177715,72784,1,3.29,23830,78400.7
177716,72784,2,3.21,22910,73541.1
177717,72785,1,1.49,23830,35506.7
177718,72785,2,1.45,22910,33219.5
177719,72786,1,17.29,23830,412020.7
177720,72786,2,19.32,22910,442621.2
177721,72786,3,18.07,20790,375675.3
177722,72787,1,12.57,23830,299543.10000000003
177723,72787,2,18.1,22910,414671.00000000006
177724,72787,3,6.55,20790,136174.5
177725,72788,1,3.01,23830,71728.29999999999
177726,72788,2,2.24,22910,51318.4
177727,72789,1,15.43,23830,367696.9
177728,72789,2,6.31,22910,144562.09999999998
177729,72789,3,7.7,20790,160083.0
177730,72790,1,2.83,23830,67438.90000000001
177731,72790,2,1.12,22910,25659.2
177732,72791,1,4.74,23830,112954.2
177733,72791,2,2.07,22910,47423.7
177734,72792,1,1.01,23830,24068.3
177735,72792,2,1.24,22910,28408.4
177736,72793,1,4.68,23830,111524.4
177737,72793,2,5.07,22910,116153.7
177738,72793,3,1.93,20790,40124.7
177739,72794,1,1.49,23830,35506.7
177740,72794,2,2.47,22910,56587.7
177741,72794,3,11.39,20790,236798.1
177742,72795,1,3.07,23830,73158.09999999999
177743,72795,2,2.89,22910,66209.90000000001
177744,72796,1,4.86,23830,115813.8
177745,72796,2,1.45,22910,33219.5
177746,72797,1,18.55,23830,442046.5
177747,72797,2,19.08,22910,437122.8
177748,72797,3,18.78,20790,390436.2
177749,72798,1,2.87,23830,68392.1
177750,72798,2,2.78,22910,63689.8
177751,72799,1,14.76,23830,351730.8
177752,72799,2,6.64,22910,152122.4
177753,72799,3,2.53,20790,52598.7
177754,72800,1,16.09,23830,383424.7
177755,72800,2,6.81,22910,156017.09999999998
177756,72800,3,2.02,20790,41995.8
177757,72801,1,8.39,23830,199933.7
177758,72801,2,9.71,22910,222456.1
177759,72801,3,3.72,20790,77338.8
177760,72802,1,13.35,23830,318130.5
177761,72802,2,14.38,22910,329445.80000000005
177762,72802,3,4.9,20790,101871.0
177763,72803,1,1.2,23830,28596.0
177764,72803,2,2.89,22910,66209.90000000001
177765,72804,1,3.38,23830,80545.4
177766,72804,2,4.27,22910,97825.7
177767,72805,1,4.69,23830,111762.7
177768,72805,2,2.02,22910,46278.2
177769,72806,1,2.84,23830,67677.2
177770,72806,2,1.69,22910,38717.9
177771,72807,1,2.9,23830,69107.0
177772,72807,2,1.94,22910,44445.4
177773,72808,1,8.02,23830,191116.6
177774,72808,2,1.99,22910,45590.9
177775,72808,3,7.36,20790,153014.4
177776,72809,1,2.26,23830,53855.8
177777,72809,2,3.17,22910,72624.7
177778,72809,3,19.06,20790,396257.4
177779,72810,1,3.09,23830,73634.7
177780,72810,2,4.39,22910,100574.9
177781,72811,1,2.2,23830,52426.00000000001
177782,72811,2,2.83,22910,64835.3
177783,72812,1,16.91,23830,402965.3
177784,72812,2,17.19,22910,393822.9
177785,72812,3,12.84,20790,266943.6
177786,72813,1,8.88,23830,211610.4
177787,72813,2,13.44,22910,307910.4
177788,72813,3,11.29,20790,234719.1
177789,72814,1,5.66,23830,134877.80000000002
177790,72814,2,2.44,22910,55900.4
177791,72814,3,18.25,20790,379417.5
177792,72815,1,16.51,23830,393433.3000000001
177793,72815,2,10.78,22910,246969.8
177794,72815,3,6.83,20790,141995.7
177795,72816,1,2.61,23830,62196.3
177796,72816,2,4.26,22910,97596.6
177797,72817,1,3.03,23830,72204.9
177798,72817,2,3.24,22910,74228.40000000001
177799,72818,1,7.21,23830,171814.3
177800,72818,2,16.36,22910,374807.6
177801,72818,3,17.19,20790,357380.10000000003
177802,72819,1,1.98,23830,47183.4
177803,72819,2,2.31,22910,52922.1
177804,72820,1,19.73,23830,470165.9
177805,72820,2,19.92,22910,456367.2
177806,72820,3,1.09,20790,22661.1
177807,72821,1,6.7,23830,159661.0
177808,72821,2,16.55,22910,379160.5
177809,72821,3,11.0,20790,228690.0
177810,72822,1,15.65,23830,372939.5
177811,72822,2,19.16,22910,438955.6
177812,72822,3,4.46,20790,92723.4
177813,72823,1,1.37,23830,32647.1
177814,72823,2,2.95,22910,67584.5
177815,72824,1,4.57,23830,108903.1
177816,72824,2,2.19,22910,50172.9
177817,72825,1,17.23,23830,410590.9
177818,72825,2,5.48,22910,125546.8
177819,72825,3,8.91,20790,185238.9
177820,72826,1,3.78,23830,90077.4
177821,72826,2,1.78,22910,40779.8
177822,72827,1,4.64,23830,110571.2
177823,72827,2,1.65,22910,37801.5
177824,72828,1,6.37,23830,151797.1
177825,72828,2,19.67,22910,450639.7
177826,72828,3,19.15,20790,398128.5
177827,72829,1,8.53,23830,203269.9
177828,72829,2,10.73,22910,245824.3
177829,72829,3,4.46,20790,92723.4
177830,72830,1,8.92,23830,212563.6
177831,72830,2,13.44,22910,307910.4
177832,72830,3,9.05,20790,188149.50000000003
177833,72831,1,4.51,23830,107473.3
177834,72831,2,1.77,22910,40550.7
177835,72832,1,3.0,23830,71490.0
177836,72832,2,3.61,22910,82705.09999999999
177837,72833,1,2.13,23830,50757.9
177838,72833,2,4.07,22910,93243.7
177839,72834,1,4.47,23830,106520.1
177840,72834,2,8.31,22910,190382.1
177841,72834,3,13.28,20790,276091.2
177842,72835,1,17.85,23830,425365.50000000006
177843,72835,2,11.54,22910,264381.4
177844,72835,3,16.03,20790,333263.7
177845,72836,1,4.59,23830,109379.7
177846,72836,2,3.22,22910,73770.20000000001
177847,72837,1,2.54,23830,60528.2
177848,72837,2,4.01,22910,91869.1
177849,72838,1,14.84,23830,353637.2
177850,72838,2,14.5,22910,332195.0
177851,72838,3,9.39,20790,195218.1
177852,72839,1,11.62,23830,276904.6
177853,72839,2,8.73,22910,200004.3
177854,72839,3,14.67,20790,304989.3
177855,72840,1,2.14,23830,50996.2
177856,72840,2,3.08,22910,70562.8
177857,72841,1,9.97,23830,237585.1
177858,72841,2,8.64,22910,197942.4
177859,72841,3,2.79,20790,58004.1
177860,72842,1,14.3,23830,340769.0
177861,72842,2,2.09,22910,47881.9
177862,72842,3,13.79,20790,286694.1
177863,72843,1,3.77,23830,89839.1
177864,72843,2,3.19,22910,73082.9
177865,72844,1,4.81,23830,114622.3
177866,72844,2,2.76,22910,63231.6
177867,72845,1,1.1,23830,26213.000000000004
177868,72845,2,7.53,22910,172512.30000000002
177869,72845,3,6.91,20790,143658.9
177870,72846,1,2.98,23830,71013.4
177871,72846,2,3.15,22910,72166.5
177872,72847,1,17.0,23830,405110.0
177873,72847,2,2.49,22910,57045.9
177874,72847,3,4.1,20790,85238.99999999999
177875,72848,1,13.96,23830,332666.80000000005
177876,72848,2,13.83,22910,316845.3
177877,72848,3,2.37,20790,49272.3
177878,72849,1,8.81,23830,209942.3
177879,72849,2,6.52,22910,149373.19999999998
177880,72849,3,19.68,20790,409147.2
177881,72850,1,2.12,23830,50519.600000000006
177882,72850,2,1.01,22910,23139.1
177883,72851,1,2.33,23830,55523.9
177884,72851,2,1.07,22910,24513.7
177885,72852,1,1.25,23830,29787.5
177886,72852,2,4.68,22910,107218.8
177887,72853,1,1.84,23830,43847.2
177888,72853,2,3.13,22910,71708.3
177889,72854,1,3.72,23830,88647.6
177890,72854,2,1.76,22910,40321.6
177891,72855,1,4.47,23830,106520.1
177892,72855,2,3.09,22910,70791.9
177893,72856,1,18.69,23830,445382.7
177894,72856,2,12.85,22910,294393.5
177895,72856,3,6.87,20790,142827.3
177896,72857,1,1.84,23830,43847.2
177897,72857,2,4.2,22910,96222.0
177898,72858,1,4.42,23830,105328.6
177899,72858,2,4.16,22910,95305.6
177900,72859,1,10.04,23830,239253.2
177901,72859,2,17.54,22910,401841.4
177902,72859,3,4.8,20790,99792.0
177903,72860,1,14.07,23830,335288.10000000003
177904,72860,2,12.55,22910,287520.5
177905,72860,3,17.33,20790,360290.7
177906,72861,1,1.5,23830,35745.0
177907,72861,2,4.69,22910,107447.9
177908,72862,1,1.92,23830,45753.6
177909,72862,2,3.55,22910,81330.5
182279,74658,1,19.57,23830,466353.1
182280,74658,2,12.01,22910,275149.1
182281,74658,3,8.95,20790,186070.5
182282,74659,1,1.99,23830,47421.7
182283,74659,2,1.23,22910,28179.3
182284,74660,1,1.53,23830,36459.9
182285,74660,2,17.7,22910,405507.0
182286,74660,3,7.57,20790,157380.30000000002
182287,74661,1,2.09,23830,49804.7
182288,74661,2,10.17,22910,232994.7
182289,74661,3,6.74,20790,140124.6
182290,74662,1,11.23,23830,267610.9
182291,74662,2,12.32,22910,282251.2
182292,74662,3,16.34,20790,339708.6
182293,74663,1,14.95,23830,356258.5
182294,74663,2,11.76,22910,269421.6
182295,74663,3,9.47,20790,196881.3
182296,74664,1,14.71,23830,350539.30000000005
182297,74664,2,3.65,22910,83621.5
182298,74664,3,8.54,20790,177546.59999999998
182299,74665,1,15.32,23830,365075.6
182300,74665,2,8.07,22910,184883.7
182301,74665,3,12.92,20790,268606.8
182302,74666,1,4.31,23830,102707.3
182303,74666,2,2.06,22910,47194.6
182304,74666,3,16.54,20790,343866.6
182305,74667,1,15.06,23830,358879.8
182306,74667,2,17.77,22910,407110.7
182307,74667,3,2.2,20790,45738.00000000001
182308,74668,1,17.68,23830,421314.4
182309,74668,2,2.6,22910,59566.0
182310,74668,3,12.23,20790,254261.7
182311,74669,1,4.66,23830,111047.8
182312,74669,2,1.2,22910,27492.0
182313,74670,1,2.62,23830,62434.600000000006
182314,74670,2,14.51,22910,332424.1
182315,74670,3,6.31,20790,131184.9
182316,74671,1,11.86,23830,282623.8
182317,74671,2,15.9,22910,364269.0
182318,74671,3,17.11,20790,355716.9
182319,74672,1,4.89,23830,116528.7
182320,74672,2,10.45,22910,239409.5
182321,74672,3,15.96,20790,331808.4
182322,74673,1,12.6,23830,300258.0
182323,74673,2,6.36,22910,145707.6
182324,74673,3,17.27,20790,359043.3
182325,74674,1,4.22,23830,100562.6
182326,74674,2,3.85,22910,88203.5
182327,74675,1,12.39,23830,295253.7
182328,74675,2,4.52,22910,103553.2
182329,74675,3,11.5,20790,239085.0
182330,74676,1,8.83,23830,210418.9
182331,74676,2,11.11,22910,254530.1
182332,74676,3,1.84,20790,38253.6
182333,74677,1,3.62,23830,86264.6
182334,74677,2,1.33,22910,30470.300000000003
182335,74678,1,4.82,23830,114860.6
182336,74678,2,12.49,22910,286145.9
182337,74678,3,8.27,20790,171933.3
182338,74679,1,8.03,23830,191354.9
182339,74679,2,1.65,22910,37801.5
182340,74679,3,6.26,20790,130145.4
182341,74680,1,3.11,23830,74111.3
182342,74680,2,3.01,22910,68959.09999999999
182343,74681,1,1.59,23830,37889.7
182344,74681,2,2.78,22910,63689.8
182345,74682,1,1.82,23830,43370.6
182346,74682,2,4.55,22910,104240.5
182347,74683,1,6.01,23830,143218.3
182348,74683,2,15.58,22910,356937.8
182349,74683,3,9.42,20790,195841.8
182350,74684,1,1.1,23830,26213.000000000004
182351,74684,2,2.53,22910,57962.3
182352,74685,1,13.22,23830,315032.60000000003
182353,74685,2,2.57,22910,58878.7
182354,74685,3,9.12,20790,189604.8
182355,74686,1,2.9,23830,69107.0
182356,74686,2,3.32,22910,76061.2
182357,74687,1,2.31,23830,55047.3
182358,74687,2,2.73,22910,62544.3
182359,74688,1,4.67,23830,111286.1
182360,74688,2,1.63,22910,37343.3
182361,74688,3,6.83,20790,141995.7
182362,74689,1,2.53,23830,60289.9
182363,74689,2,4.2,22910,96222.0
182364,74690,1,1.51,23830,35983.3
182365,74690,2,2.31,22910,52922.1
182366,74691,1,1.28,23830,30502.4
182367,74691,2,3.32,22910,76061.2
182368,74692,1,12.38,23830,295015.4
182369,74692,2,1.39,22910,31844.9
182370,74692,3,10.5,20790,218295.0
182371,74693,1,3.4,23830,81022.0
182372,74693,2,1.53,22910,35052.3
182373,74694,1,16.17,23830,385331.1
182374,74694,2,9.33,22910,213750.3
182375,74694,3,4.28,20790,88981.20000000001
182376,74695,1,5.0,23830,119150.0
182377,74695,2,2.25,22910,51547.5
182378,74696,1,4.91,23830,117005.3
182379,74696,2,3.96,22910,90723.6
182380,74697,1,15.66,23830,373177.8
182381,74697,2,3.38,22910,77435.8
182382,74697,3,9.41,20790,195633.9
182383,74698,1,10.58,23830,252121.4
182384,74698,2,12.48,22910,285916.8
182385,74698,3,6.22,20790,129313.8
182386,74699,1,2.73,23830,65055.9
182387,74699,2,1.29,22910,29553.9
182388,74700,1,13.34,23830,317892.2
182389,74700,2,1.29,22910,29553.9
182390,74700,3,9.37,20790,194802.3
182391,74701,1,2.78,23830,66247.4
182392,74701,2,4.32,22910,98971.2
182393,74702,1,7.56,23830,180154.8
182394,74702,2,9.07,22910,207793.7
182395,74702,3,17.74,20790,368814.6
182396,74703,1,3.31,23830,78877.3
182397,74703,2,4.35,22910,99658.5
182398,74704,1,3.47,23830,82690.1
182399,74704,2,3.77,22910,86370.7
182400,74705,1,17.07,23830,406778.1
182401,74705,2,9.16,22910,209855.6
182402,74705,3,7.45,20790,154885.5
182403,74706,1,1.38,23830,32885.399999999994
182404,74706,2,2.16,22910,49485.600000000006
182405,74707,1,4.66,23830,111047.8
182406,74707,2,4.31,22910,98742.1
182407,74708,1,4.5,23830,107235.0
182408,74708,2,2.75,22910,63002.5
182409,74709,1,2.66,23830,63387.8
182410,74709,2,3.29,22910,75373.9
182411,74710,1,2.85,23830,67915.5
182412,74710,2,2.84,22910,65064.4
182413,74711,1,3.72,23830,88647.6
182414,74711,2,4.91,22910,112488.1
182415,74712,1,2.85,23830,67915.5
182416,74712,2,2.45,22910,56129.50000000001
182417,74713,1,2.32,23830,55285.6
182418,74713,2,9.0,22910,206190.0
182419,74713,3,18.2,20790,378378.0
182420,74714,1,4.9,23830,116767.0
182421,74714,2,5.7,22910,130587.0
182422,74714,3,19.4,20790,403326.0
182423,74715,1,4.46,23830,106281.8
182424,74715,2,2.23,22910,51089.3
182425,74716,1,4.03,23830,96034.9
182426,74716,2,1.88,22910,43070.8
182427,74717,1,2.19,23830,52187.7
182428,74717,2,14.26,22910,326696.6
182429,74717,3,4.22,20790,87733.79999999999
182430,74718,1,1.84,23830,43847.2
182431,74718,2,4.0,22910,91640.0
182432,74719,1,9.25,23830,220427.5
182433,74719,2,5.87,22910,134481.7
182434,74719,3,11.55,20790,240124.50000000003
182435,74720,1,2.02,23830,48136.6
182436,74720,2,1.99,22910,45590.9
182437,74721,1,2.83,23830,67438.90000000001
182438,74721,2,10.44,22910,239180.4
182439,74721,3,12.05,20790,250519.50000000003
182440,74722,1,3.65,23830,86979.5
182441,74722,2,4.21,22910,96451.1
182442,74723,1,3.24,23830,77209.20000000001
182443,74723,2,11.07,22910,253613.7
182444,74723,3,14.91,20790,309978.9
182445,74724,1,2.9,23830,69107.0
182446,74724,2,1.17,22910,26804.7
182447,74725,1,11.44,23830,272615.2
182448,74725,2,19.67,22910,450639.7
182449,74725,3,10.86,20790,225779.4
182450,74726,1,11.86,23830,282623.8
182451,74726,2,6.52,22910,149373.19999999998
182452,74726,3,12.33,20790,256340.7
182453,74727,1,1.01,23830,24068.3
182454,74727,2,2.08,22910,47652.8
182455,74728,1,4.8,23830,114384.0
182456,74728,2,1.01,22910,23139.1
182457,74729,1,2.56,23830,61004.8
182458,74729,2,1.39,22910,31844.9
182459,74730,1,8.87,23830,211372.1
182460,74730,2,16.85,22910,386033.50000000006
182461,74730,3,15.28,20790,317671.2
182462,74731,1,4.61,23830,109856.3
182463,74731,2,1.1,22910,25201.000000000004
182464,74732,1,5.04,23830,120103.2
182465,74732,2,19.08,22910,437122.8
182466,74732,3,3.18,20790,66112.2
182467,74733,1,5.8,23830,138214.0
182468,74733,2,15.19,22910,348002.9
182469,74733,3,18.66,20790,387941.4
182470,74734,1,8.93,23830,212801.9
182471,74734,2,7.75,22910,177552.5
182472,74734,3,3.08,20790,64033.2
182473,74735,1,4.99,23830,118911.7
182474,74735,2,1.31,22910,30012.1
182475,74736,1,3.49,23830,83166.70000000001
182476,74736,2,4.58,22910,104927.8
182477,74737,1,14.2,23830,338386.0
182478,74737,2,16.32,22910,373891.2
182479,74737,3,10.1,20790,209979.0
182480,74738,1,2.68,23830,63864.4
182481,74738,2,1.09,22910,24971.9
182482,74739,1,9.26,23830,220665.8
182483,74739,2,13.15,22910,301266.5
182484,74739,3,12.89,20790,267983.10000000003
182485,74740,1,10.58,23830,252121.4
182486,74740,2,5.99,22910,137230.9
182487,74740,3,13.21,20790,274635.9
182488,74741,1,1.09,23830,25974.7
182489,74741,2,2.56,22910,58649.6
182490,74742,1,1.11,23830,26451.300000000003
182491,74742,2,1.19,22910,27262.9
182492,74743,1,4.83,23830,115098.9
182493,74743,2,2.74,22910,62773.4
182494,74744,1,3.86,23830,91983.8
182495,74744,2,2.74,22910,62773.4
182496,74745,1,3.31,23830,78877.3
182497,74745,2,4.83,22910,110655.3
182498,74745,3,12.27,20790,255093.3
182499,74746,1,3.75,23830,89362.5
182500,74746,2,4.55,22910,104240.5
182501,74747,1,2.45,23830,58383.50000000001
182502,74747,2,3.23,22910,73999.3
187104,76629,1,12.32,23830,293585.60000000003
187105,76629,2,8.83,22910,202295.3
187106,76629,3,6.15,20790,127858.5
187107,76630,1,8.45,23830,201363.5
187108,76630,2,14.93,22910,342046.3
187109,76630,3,12.61,20790,262161.9
187110,76631,1,1.3,23830,30979.0
187111,76631,2,2.5,22910,57275.0
187112,76632,1,4.97,23830,118435.1
187113,76632,2,2.53,22910,57962.3
187114,76633,1,1.43,23830,34076.9
187115,76633,2,3.22,22910,73770.20000000001
187116,76634,1,4.24,23830,101039.2
187117,76634,2,3.72,22910,85225.20000000001
187118,76635,1,18.67,23830,444906.1
187119,76635,2,6.88,22910,157620.8
187120,76635,3,11.11,20790,230976.9
187121,76636,1,2.21,23830,52664.3
187122,76636,2,1.1,22910,25201.000000000004
187123,76637,1,7.33,23830,174673.9
187124,76637,2,1.13,22910,25888.3
187125,76637,3,1.38,20790,28690.2
187126,76638,1,1.75,23830,41702.5
187127,76638,2,2.48,22910,56816.8
187128,76639,1,8.83,23830,210418.9
187129,76639,2,17.82,22910,408256.2
187130,76639,3,15.56,20790,323492.4
187131,76640,1,1.51,23830,35983.3
187132,76640,2,3.08,22910,70562.8
187133,76641,1,9.64,23830,229721.2
187134,76641,2,5.22,22910,119590.2
187135,76641,3,7.26,20790,150935.4
187136,76642,1,4.38,23830,104375.4
187137,76642,2,4.33,22910,99200.3
187138,76643,1,4.7,23830,112001.0
187139,76643,2,2.01,22910,46049.1
187140,76644,1,4.36,23830,103898.8
187141,76644,2,2.94,22910,67355.4
187142,76645,1,3.2,23830,76256.0
187143,76645,2,2.52,22910,57733.2
187144,76646,1,1.64,23830,39081.2
187145,76646,2,3.26,22910,74686.59999999999
187146,76647,1,1.74,23830,41464.2
187147,76647,2,3.58,22910,82017.8
187148,76648,1,1.5,23830,35745.0
187149,76648,2,1.14,22910,26117.4
187150,76649,1,3.42,23830,81498.59999999999
187151,76649,2,1.82,22910,41696.2
187152,76650,1,3.57,23830,85073.09999999999
187153,76650,2,4.27,22910,97825.7
187154,76651,1,3.5,23830,83405.0
187155,76651,2,2.32,22910,53151.2
187156,76652,1,1.78,23830,42417.4
187157,76652,2,2.26,22910,51776.6
187158,76653,1,2.03,23830,48374.9
187159,76653,2,1.72,22910,39405.2
187160,76654,1,9.61,23830,229006.3
187161,76654,2,13.91,22910,318678.1
187162,76654,3,8.28,20790,172141.19999999998
187163,76655,1,1.51,23830,35983.3
187164,76655,2,11.05,22910,253155.50000000003
187165,76655,3,11.58,20790,240748.2
187166,76656,1,4.19,23830,99847.7
187167,76656,2,8.96,22910,205273.6
187168,76656,3,13.31,20790,276714.9
187169,76657,1,3.31,23830,78877.3
187170,76657,2,2.87,22910,65751.7
187171,76658,1,4.14,23830,98656.2
187172,76658,2,2.03,22910,46507.3
187173,76659,1,1.29,23830,30740.7
187174,76659,2,2.07,22910,47423.7
187175,76660,1,2.15,23830,51234.5
187176,76660,2,4.99,22910,114320.9
187177,76661,1,1.58,23830,37651.4
187178,76661,2,1.61,22910,36885.100000000006
187179,76662,1,9.04,23830,215423.2
187180,76662,2,5.33,22910,122110.3
187181,76662,3,16.18,20790,336382.2
187182,76663,1,2.2,23830,52426.00000000001
187183,76663,2,4.81,22910,110197.1
187184,76664,1,3.47,23830,82690.1
187185,76664,2,4.28,22910,98054.8
187186,76665,1,3.35,23830,79830.5
187187,76665,2,4.44,22910,101720.4
187188,76666,1,2.65,23830,63149.5
187189,76666,2,16.52,22910,378473.2
187190,76666,3,13.11,20790,272556.9
187191,76667,1,2.58,23830,61481.4
187192,76667,2,8.66,22910,198400.6
187193,76667,3,1.31,20790,27234.9
187194,76668,1,8.96,23830,213516.8
187195,76668,2,10.46,22910,239638.6
187196,76668,3,11.36,20790,236174.4
187197,76669,1,2.6,23830,61958.0
187198,76669,2,1.62,22910,37114.2
187199,76670,1,3.21,23830,76494.3
187200,76670,2,1.75,22910,40092.5
187201,76671,1,16.51,23830,393433.3000000001
187202,76671,2,16.43,22910,376411.3
187203,76671,3,6.11,20790,127026.9
187204,76672,1,3.48,23830,82928.4
187205,76672,2,3.8,22910,87058.0
187206,76673,1,18.84,23830,448957.2
187207,76673,2,9.22,22910,211230.2
187208,76673,3,7.58,20790,157588.2
187209,76674,1,11.75,23830,280002.5
187210,76674,2,12.17,22910,278814.7
187211,76674,3,11.65,20790,242203.5
187212,76675,1,3.77,23830,89839.1
187213,76675,2,4.13,22910,94618.3
187214,76676,1,1.36,23830,32408.800000000003
187215,76676,2,3.39,22910,77664.90000000001
189310,77544,1,3.77,23830,89839.1
189311,77544,2,8.92,22910,204357.2
189312,77544,3,15.42,20790,320581.8
189313,77545,1,3.68,23830,87694.40000000001
189314,77545,2,2.97,22910,68042.70000000001
189315,77546,1,2.18,23830,51949.4
189316,77546,2,3.18,22910,72853.8
189317,77547,1,3.19,23830,76017.7
189318,77547,2,3.64,22910,83392.40000000001
189319,77548,1,10.09,23830,240444.7
189320,77548,2,12.78,22910,292789.8
189321,77548,3,8.35,20790,173596.5
189322,77549,1,3.45,23830,82213.5
189323,77549,2,4.48,22910,102636.8
189324,77550,1,3.34,23830,79592.2
189325,77550,2,4.29,22910,98283.9
189326,77551,1,1.7,23830,40511.0
189327,77551,2,4.2,22910,96222.0
189328,77552,1,2.69,23830,64102.7
189329,77552,2,4.52,22910,103553.2
189330,77553,1,4.78,23830,113907.4
189331,77553,2,4.83,22910,110655.3
189332,77553,3,17.45,20790,362785.5
189333,77554,1,19.87,23830,473502.1
189334,77554,2,3.54,22910,81101.4
189335,77554,3,15.07,20790,313305.3
189336,77555,1,1.05,23830,25021.5
189337,77555,2,5.2,22910,119132.0
189338,77555,3,11.5,20790,239085.0
189339,77556,1,12.17,23830,290011.1
189340,77556,2,9.63,22910,220623.3
189341,77556,3,17.29,20790,359459.1
189342,77557,1,3.86,23830,91983.8
189343,77557,2,4.02,22910,92098.2
189344,77558,1,3.58,23830,85311.40000000001
189345,77558,2,2.39,22910,54754.9
189346,77559,1,1.09,23830,25974.7
189347,77559,2,4.17,22910,95534.7
189348,77560,1,2.77,23830,66009.1
189349,77560,2,4.12,22910,94389.2
189350,77561,1,3.21,23830,76494.3
189351,77561,2,4.12,22910,94389.2
189352,77562,1,2.84,23830,67677.2
189353,77562,2,3.87,22910,88661.7
189354,77563,1,4.63,23830,110332.9
189355,77563,2,1.01,22910,23139.1
189356,77564,1,1.72,23830,40987.6
189357,77564,2,1.03,22910,23597.3
189358,77565,1,1.27,23830,30264.1
189359,77565,2,2.36,22910,54067.6
189360,77566,1,2.44,23830,58145.2
189361,77566,2,12.79,22910,293018.9
189362,77566,3,15.31,20790,318294.9
189363,77567,1,2.74,23830,65294.2
189364,77567,2,1.64,22910,37572.4
189365,77568,1,1.25,23830,29787.5
189366,77568,2,1.4,22910,32074.0
189367,77569,1,2.87,23830,68392.1
189368,77569,2,13.75,22910,315012.5
189369,77569,3,7.81,20790,162369.9
189370,77570,1,13.29,23830,316700.69999999995
189371,77570,2,19.65,22910,450181.5
189372,77570,3,17.03,20790,354053.7
189373,77571,1,1.67,23830,39796.1
189374,77571,2,4.4,22910,100804.0
189375,77572,1,3.13,23830,74587.9
189376,77572,2,1.09,22910,24971.9
189377,77573,1,4.56,23830,108664.8
189378,77573,2,2.95,22910,67584.5
189379,77574,1,2.58,23830,61481.4
189380,77574,2,4.66,22910,106760.6
189381,77575,1,4.36,23830,103898.8
189382,77575,2,2.86,22910,65522.6
189383,77576,1,1.88,23830,44800.4
189384,77576,2,3.37,22910,77206.7
189385,77577,1,2.36,23830,56238.8
189386,77577,2,16.62,22910,380764.2
189387,77577,3,4.87,20790,101247.3
189388,77578,1,15.27,23830,363884.1
189389,77578,2,2.07,22910,47423.7
189390,77578,3,14.29,20790,297089.1
189391,77579,1,7.38,23830,175865.4
189392,77579,2,8.09,22910,185341.9
189393,77579,3,4.83,20790,100415.7
189394,77580,1,12.22,23830,291202.60000000003
189395,77580,2,15.97,22910,365872.7
189396,77580,3,4.32,20790,89812.8
189397,77581,1,1.23,23830,29310.9
189398,77581,2,2.82,22910,64606.2
189399,77582,1,4.23,23830,100800.9
189400,77582,2,1.18,22910,27033.8
189401,77583,1,17.79,23830,423935.7
189402,77583,2,9.81,22910,224747.1
189403,77583,3,10.76,20790,223700.4
189404,77584,1,8.67,23830,206606.1
189405,77584,2,7.03,22910,161057.30000000002
189406,77584,3,4.91,20790,102078.9
189407,77585,1,10.78,23830,256887.4
189408,77585,2,11.5,22910,263465.0
189409,77585,3,6.75,20790,140332.5
189410,77586,1,1.34,23830,31932.2
189411,77586,2,4.93,22910,112946.3
189412,77587,1,1.91,23830,45515.3
189413,77587,2,3.45,22910,79039.5
189414,77588,1,3.36,23830,80068.8
189415,77588,2,1.45,22910,33219.5
189416,77589,1,1.75,23830,41702.5
189417,77589,2,4.42,22910,101262.2
189418,77590,1,3.24,23830,77209.20000000001
189419,77590,2,6.09,22910,139521.9
189420,77590,3,7.42,20790,154261.8
189421,77591,1,14.43,23830,343866.9
189422,77591,2,19.81,22910,453847.1
189423,77591,3,6.45,20790,134095.5
189424,77592,1,2.3,23830,54808.99999999999
189425,77592,2,3.35,22910,76748.5
189426,77593,1,4.99,23830,118911.7
189427,77593,2,2.82,22910,64606.2
189428,77594,1,2.92,23830,69583.59999999999
189429,77594,2,3.31,22910,75832.1
189430,77595,1,5.7,23830,135831.0
189431,77595,2,16.79,22910,384658.9
189432,77595,3,9.13,20790,189812.7
189433,77596,1,2.11,23830,50281.3
189434,77596,2,3.33,22910,76290.3
191523,78461,1,4.87,23830,116052.1
191524,78461,2,2.3,22910,52692.99999999999
191525,78462,1,5.94,23830,141550.2
191526,78462,2,13.3,22910,304703.0
191527,78462,3,11.53,20790,239708.7
191528,78463,1,1.49,23830,35506.7
191529,78463,2,4.52,22910,103553.2
191530,78464,1,18.97,23830,452055.1
191531,78464,2,12.19,22910,279272.9
191532,78464,3,5.09,20790,105821.1
191533,78465,1,5.51,23830,131303.3
191534,78465,2,14.14,22910,323947.4
191535,78465,3,12.8,20790,266112.0
191536,78466,1,3.76,23830,89600.79999999999
191537,78466,2,2.12,22910,48569.2
191538,78467,1,6.72,23830,160137.6
191539,78467,2,5.73,22910,131274.30000000002
191540,78467,3,8.08,20790,167983.2
191541,78468,1,1.99,23830,47421.7
191542,78468,2,4.05,22910,92785.5
191543,78469,1,14.0,23830,333620.0
191544,78469,2,17.46,22910,400008.6
191545,78469,3,17.78,20790,369646.2
191546,78470,1,4.76,23830,113430.8
191547,78470,2,3.3,22910,75603.0
191548,78471,1,1.8,23830,42894.0
191549,78471,2,1.3,22910,29783.0
191550,78472,1,13.34,23830,317892.2
191551,78472,2,17.11,22910,391990.1
191552,78472,3,9.35,20790,194386.5
191553,78473,1,2.24,23830,53379.2
191554,78473,2,1.93,22910,44216.3
191555,78473,3,7.65,20790,159043.5
191556,78474,1,8.87,23830,211372.1
191557,78474,2,4.32,22910,98971.2
191558,78474,3,15.38,20790,319750.2
191559,78475,1,16.34,23830,389382.2
191560,78475,2,19.94,22910,456825.4
191561,78475,3,3.05,20790,63409.49999999999
191562,78476,1,1.59,23830,37889.7
191563,78476,2,9.94,22910,227725.4
191564,78476,3,3.46,20790,71933.4
191565,78477,1,2.77,23830,66009.1
191566,78477,2,1.41,22910,32303.1
191567,78478,1,1.43,23830,34076.9
191568,78478,2,1.88,22910,43070.8
191569,78479,1,2.33,23830,55523.9
191570,78479,2,3.68,22910,84308.8
191571,78480,1,1.54,23830,36698.2
191572,78480,2,4.99,22910,114320.9
191573,78481,1,16.66,23830,397007.8
191574,78481,2,11.64,22910,266672.4
191575,78481,3,19.68,20790,409147.2
191576,78482,1,18.84,23830,448957.2
191577,78482,2,5.11,22910,117070.1
191578,78482,3,13.65,20790,283783.5
191579,78483,1,1.94,23830,46230.2
191580,78483,2,1.07,22910,24513.7
191581,78484,1,1.42,23830,33838.6
191582,78484,2,2.65,22910,60711.5
191583,78485,1,1.44,23830,34315.2
191584,78485,2,2.89,22910,66209.90000000001
191585,78486,1,3.8,23830,90554.0
191586,78486,2,2.35,22910,53838.5
191587,78487,1,3.44,23830,81975.2
191588,78487,2,1.09,22910,24971.9
191589,78488,1,17.85,23830,425365.50000000006
191590,78488,2,19.34,22910,443079.4
191591,78488,3,13.49,20790,280457.1
191592,78489,1,11.34,23830,270232.2
191593,78489,2,7.26,22910,166326.6
191594,78489,3,1.39,20790,28898.1
191595,78490,1,3.61,23830,86026.3
191596,78490,2,3.05,22910,69875.5
191597,78491,1,3.25,23830,77447.5
191598,78491,2,2.32,22910,53151.2
191599,78492,1,4.23,23830,100800.9
191600,78492,2,3.76,22910,86141.59999999999
191601,78493,1,1.31,23830,31217.300000000003
191602,78493,2,2.55,22910,58420.49999999999
191603,78494,1,16.69,23830,397722.7
191604,78494,2,15.13,22910,346628.30000000005
191605,78494,3,10.29,20790,213929.1
191606,78495,1,4.19,23830,99847.7
191607,78495,2,2.25,22910,51547.5
191608,78496,1,1.52,23830,36221.6
191609,78496,2,4.88,22910,111800.8
191610,78497,1,3.77,23830,89839.1
191611,78497,2,3.01,22910,68959.09999999999
191612,78498,1,4.77,23830,113669.1
191613,78498,2,3.61,22910,82705.09999999999
191614,78499,1,2.48,23830,59098.4
191615,78499,2,3.17,22910,72624.7
191616,78500,1,9.48,23830,225908.4
191617,78500,2,2.3,22910,52692.99999999999
191618,78500,3,4.71,20790,97920.9
191619,78501,1,2.1,23830,50043.0
191620,78501,2,4.8,22910,109968.0
191621,78502,1,1.09,23830,25974.7
191622,78502,2,5.96,22910,136543.6
191623,78502,3,5.21,20790,108315.9
191624,78503,1,4.75,23830,113192.5
191625,78503,2,4.06,22910,93014.6
191626,78504,1,13.34,23830,317892.2
191627,78504,2,19.73,22910,452014.3
191628,78504,3,6.96,20790,144698.4
191629,78505,1,2.84,23830,67677.2
191630,78505,2,2.63,22910,60253.3
191631,78506,1,4.56,23830,108664.8
191632,78506,2,2.04,22910,46736.4
191633,78507,1,2.25,23830,53617.5
191634,78507,2,10.79,22910,247198.9
191635,78507,3,18.31,20790,380664.9
191636,78508,1,2.76,23830,65770.79999999999
191637,78508,2,3.14,22910,71937.40000000001
191638,78509,1,13.5,23830,321705.0
191639,78509,2,14.72,22910,337235.2
191640,78509,3,6.45,20790,134095.5
191641,78510,1,13.7,23830,326471.0
191642,78510,2,10.72,22910,245595.2
191643,78510,3,19.8,20790,411642.0
191644,78511,1,1.87,23830,44562.100000000006
191645,78511,2,3.32,22910,76061.2
191646,78512,1,18.64,23830,444191.2
191647,78512,2,7.86,22910,180072.6
191648,78512,3,3.1,20790,64449.0
191649,78513,1,9.55,23830,227576.50000000003
191650,78513,2,8.8,22910,201608.00000000003
191651,78513,3,4.59,20790,95426.1
193827,79400,1,2.09,23830,49804.7
193828,79400,2,4.93,22910,112946.3
193829,79401,1,12.91,23830,307645.3
193830,79401,2,1.09,22910,24971.9
193831,79401,3,18.43,20790,383159.7
193832,79402,1,4.02,23830,95796.6
193833,79402,2,2.69,22910,61627.9
193834,79403,1,4.6,23830,109618.0
193835,79403,2,2.94,22910,67355.4
193836,79404,1,4.86,23830,115813.8
193837,79404,2,3.54,22910,81101.4
193838,79405,1,1.44,23830,34315.2
193839,79405,2,3.7,22910,84767.0
193840,79406,1,16.48,23830,392718.4
193841,79406,2,4.06,22910,93014.6
193842,79406,3,11.06,20790,229937.4
193843,79407,1,17.96,23830,427986.8000000001
193844,79407,2,16.6,22910,380306.00000000006
193845,79407,3,13.48,20790,280249.2
193846,79408,1,3.74,23830,89124.20000000001
193847,79408,2,4.11,22910,94160.1
193848,79409,1,19.65,23830,468259.5
193849,79409,2,1.48,22910,33906.8
193850,79409,3,18.55,20790,385654.5
193851,79410,1,2.91,23830,69345.3
193852,79410,2,1.32,22910,30241.2
193853,79411,1,2.23,23830,53140.9
193854,79411,2,1.9,22910,43529.0
193855,79412,1,3.46,23830,82451.8
193856,79412,2,4.57,22910,104698.7
193857,79413,1,2.01,23830,47898.3
193858,79413,2,4.59,22910,105156.9
193859,79414,1,13.98,23830,333143.4
193860,79414,2,15.5,22910,355105.0
193861,79414,3,15.73,20790,327026.7
193862,79415,1,5.8,23830,138214.0
193863,79415,2,7.03,22910,161057.30000000002
193864,79415,3,7.13,20790,148232.7
193865,79416,1,3.42,23830,81498.59999999999
193866,79416,2,3.18,22910,72853.8
193867,79417,1,1.63,23830,38842.9
193868,79417,2,8.21,22910,188091.1
193869,79417,3,8.51,20790,176922.9
193870,79418,1,3.49,23830,83166.70000000001
193871,79418,2,3.16,22910,72395.6
193872,79419,1,4.57,23830,108903.1
193873,79419,2,4.92,22910,112717.2
193874,79420,1,4.84,23830,115337.2
193875,79420,2,3.8,22910,87058.0
193876,79421,1,3.72,23830,88647.6
193877,79421,2,4.2,22910,96222.0
193878,79422,1,19.69,23830,469212.7
193879,79422,2,11.15,22910,255446.5
193880,79422,3,19.45,20790,404365.5
193881,79423,1,1.12,23830,26689.6
193882,79423,2,2.98,22910,68271.8
193883,79424,1,4.9,23830,116767.0
193884,79424,2,1.27,22910,29095.7
193885,79425,1,12.13,23830,289057.9
193886,79425,2,8.16,22910,186945.6
193887,79425,3,3.33,20790,69230.7
193888,79426,1,2.59,23830,61719.7
193889,79426,2,4.28,22910,98054.8
193890,79427,1,10.65,23830,253789.5
193891,79427,2,2.55,22910,58420.49999999999
193892,79427,3,19.77,20790,411018.3
193893,79428,1,2.9,23830,69107.0
193894,79428,2,4.31,22910,98742.1
193895,79429,1,6.88,23830,163950.4
193896,79429,2,5.7,22910,130587.0
193897,79429,3,19.01,20790,395217.9
193898,79430,1,16.62,23830,396054.6
193899,79430,2,16.13,22910,369538.3
193900,79430,3,7.01,20790,145737.9
193901,79431,1,16.89,23830,402488.7
193902,79431,2,13.77,22910,315470.7
193903,79431,3,1.15,20790,23908.5
193904,79432,1,18.5,23830,440855.0
193905,79432,2,17.62,22910,403674.2
193906,79432,3,11.64,20790,241995.6
193907,79433,1,11.49,23830,273806.7
193908,79433,2,8.31,22910,190382.1
193909,79433,3,10.4,20790,216216.0
193910,79434,1,3.03,23830,72204.9
193911,79434,2,1.21,22910,27721.1
193912,79435,1,4.92,23830,117243.6
193913,79435,2,15.08,22910,345482.8
193914,79435,3,3.18,20790,66112.2
193915,79436,1,2.82,23830,67200.59999999999
193916,79436,2,3.4,22910,77894.0
193917,79437,1,3.27,23830,77924.1
193918,79437,2,4.82,22910,110426.2
193919,79438,1,2.94,23830,70060.2
193920,79438,2,2.06,22910,47194.6
193921,79439,1,4.11,23830,97941.3
193922,79439,2,1.03,22910,23597.3
193923,79440,1,1.68,23830,40034.4
193924,79440,2,1.7,22910,38947.0
193925,79441,1,16.71,23830,398199.3000000001
193926,79441,2,8.41,22910,192673.1
193927,79441,3,14.21,20790,295425.9
193928,79442,1,3.17,23830,75541.09999999999
193929,79442,2,1.99,22910,45590.9
193930,79443,1,1.84,23830,43847.2
193931,79443,2,2.11,22910,48340.1
193932,79444,1,15.88,23830,378420.4
193933,79444,2,9.05,22910,207335.50000000003
193934,79444,3,19.58,20790,407068.2
193935,79445,1,15.52,23830,369841.6
193936,79445,2,8.81,22910,201837.1
193937,79445,3,6.79,20790,141164.1
193938,79446,1,1.3,23830,30979.0
193939,79446,2,4.25,22910,97367.5
193940,79447,1,1.59,23830,37889.7
193941,79447,2,2.44,22910,55900.4
193942,79448,1,3.42,23830,81498.59999999999
193943,79448,2,3.48,22910,79726.8
193944,79449,1,4.0,23830,95320.0
193945,79449,2,4.5,22910,103095.0
193946,79450,1,1.57,23830,37413.1
193947,79450,2,1.95,22910,44674.5
193948,79451,1,4.91,23830,117005.3
193949,79451,2,1.48,22910,33906.8
193950,79452,1,2.13,23830,50757.9
193951,79452,2,1.93,22910,44216.3
193952,79453,1,13.27,23830,316224.1
193953,79453,2,12.66,22910,290040.6
193954,79453,3,1.69,20790,35135.1
193955,79454,1,3.54,23830,84358.2
193956,79454,2,2.71,22910,62086.1
193957,79455,1,2.02,23830,48136.6
193958,79455,2,4.2,22910,96222.0
196030,80307,1,3.34,23830,79592.2
196031,80307,2,1.42,22910,32532.2
196032,80308,1,3.38,23830,80545.4
196033,80308,2,2.74,22910,62773.4
196034,80309,1,5.58,23830,132971.4
196035,80309,2,16.85,22910,386033.50000000006
196036,80309,3,7.77,20790,161538.3
196037,80310,1,18.27,23830,435374.1
196038,80310,2,17.58,22910,402757.8
196039,80310,3,10.93,20790,227234.7
196040,80311,1,1.48,23830,35268.4
196041,80311,2,1.9,22910,43529.0
196042,80312,1,3.77,23830,89839.1
196043,80312,2,3.02,22910,69188.2
196044,80313,1,4.71,23830,112239.3
196045,80313,2,3.27,22910,74915.7
196046,80314,1,12.83,23830,305738.9
196047,80314,2,12.68,22910,290498.8
196048,80314,3,9.1,20790,189189.0
196049,80315,1,9.42,23830,224478.6
196050,80315,2,15.08,22910,345482.8
196051,80315,3,16.0,20790,332640.0
196688,80577,1,4.5,23830,107235.0
196689,80577,2,16.65,22910,381451.5
196690,80577,3,16.12,20790,335134.80000000005
196691,80578,1,10.39,23830,247593.7
196692,80578,2,4.55,22910,104240.5
196693,80578,3,12.85,20790,267151.5
196694,80579,1,3.9,23830,92937.0
196695,80579,2,4.33,22910,99200.3
196696,80580,1,3.4,23830,81022.0
196697,80580,2,3.49,22910,79955.90000000001
196698,80581,1,2.18,23830,51949.4
196699,80581,2,17.61,22910,403445.1
196700,80581,3,13.42,20790,279001.8
196701,80582,1,1.22,23830,29072.6
196702,80582,2,1.04,22910,23826.4
196703,80583,1,4.16,23830,99132.8
196704,80583,2,2.06,22910,47194.6
196705,80584,1,2.4,23830,57192.0
196706,80584,2,1.84,22910,42154.4
196707,80585,1,3.0,23830,71490.0
196708,80585,2,15.58,22910,356937.8
196709,80585,3,8.76,20790,182120.4
196710,80586,1,3.66,23830,87217.8
196711,80586,2,4.71,22910,107906.1
196712,80587,1,2.92,23830,69583.59999999999
196713,80587,2,4.01,22910,91869.1
196714,80588,1,2.02,23830,48136.6
196715,80588,2,17.51,22910,401154.1
196716,80588,3,3.48,20790,72349.2
196717,80589,1,2.15,23830,51234.5
196718,80589,2,10.49,22910,240325.9
196719,80589,3,11.47,20790,238461.3
196720,80590,1,4.68,23830,111524.4
196721,80590,2,3.3,22910,75603.0
196722,80591,1,6.09,23830,145124.69999999998
196723,80591,2,16.85,22910,386033.50000000006
196724,80591,3,3.02,20790,62785.8
196725,80592,1,5.88,23830,140120.4
196726,80592,2,12.41,22910,284313.1
196727,80592,3,17.57,20790,365280.3
197395,80869,1,4.6,23830,109618.0
197396,80869,2,4.67,22910,106989.7
197397,80870,1,1.28,23830,30502.4
197398,80870,2,4.55,22910,104240.5
197399,80871,1,1.39,23830,33123.7
197400,80871,2,2.63,22910,60253.3
197401,80872,1,4.16,23830,99132.8
197402,80872,2,1.45,22910,33219.5
197403,80873,1,1.59,23830,37889.7
197404,80873,2,1.16,22910,26575.6
197405,80874,1,4.91,23830,117005.3
197406,80874,2,3.29,22910,75373.9
197407,80875,1,2.32,23830,55285.6
197408,80875,2,4.66,22910,106760.6
197409,80876,1,3.72,23830,88647.6
197410,80876,2,2.28,22910,52234.8
197411,80877,1,3.59,23830,85549.7
197412,80877,2,4.7,22910,107677.0
197413,80878,1,4.5,23830,107235.0
197414,80878,2,3.85,22910,88203.5
197415,80879,1,2.19,23830,52187.7
197416,80879,2,2.79,22910,63918.9
197417,80880,1,2.77,23830,66009.1
197418,80880,2,3.57,22910,81788.7
197419,80881,1,12.24,23830,291679.2
197420,80881,2,16.46,22910,377098.6
197421,80881,3,1.46,20790,30353.4
197422,80882,1,8.32,23830,198265.6
197423,80882,2,7.03,22910,161057.30000000002
197424,80882,3,18.66,20790,387941.4
197425,80883,1,2.34,23830,55762.2
197426,80883,2,1.12,22910,25659.2
197427,80884,1,6.28,23830,149652.4
197428,80884,2,14.08,22910,322572.8
197429,80884,3,8.68,20790,180457.2
197430,80885,1,2.17,23830,51711.1
197431,80885,2,3.14,22910,71937.40000000001
198095,81161,1,3.04,23830,72443.2
198096,81161,2,3.74,22910,85683.40000000001
198097,81162,1,1.35,23830,32170.500000000004
198098,81162,2,4.12,22910,94389.2
198099,81163,1,1.15,23830,27404.5
198100,81163,2,1.44,22910,32990.4
198101,81164,1,1.93,23830,45991.9
198102,81164,2,3.24,22910,74228.40000000001
198103,81165,1,2.8,23830,66724.0
198104,81165,2,4.9,22910,112259.0
198105,81166,1,9.12,23830,217329.6
198106,81166,2,19.35,22910,443308.50000000006
198107,81166,3,9.73,20790,202286.7
198108,81167,1,1.87,23830,44562.100000000006
198109,81167,2,1.92,22910,43987.2
198110,81168,1,4.45,23830,106043.5
198111,81168,2,1.31,22910,30012.1
198112,81169,1,3.67,23830,87456.09999999999
198113,81169,2,4.38,22910,100345.8
198114,81170,1,10.04,23830,239253.2
198115,81170,2,18.39,22910,421314.9
198116,81170,3,3.57,20790,74220.3
198117,81171,1,3.24,23830,77209.20000000001
198118,81171,2,2.94,22910,67355.4
198119,81172,1,3.38,23830,80545.4
198120,81172,2,2.69,22910,61627.9
198834,81465,1,4.64,23830,110571.2
198835,81465,2,2.78,22910,63689.8
198836,81466,1,4.56,23830,108664.8
198837,81466,2,11.24,22910,257508.4
198838,81466,3,17.15,20790,356548.49999999994
198839,81467,1,2.78,23830,66247.4
198840,81467,2,3.73,22910,85454.3
198841,81468,1,14.09,23830,335764.7
198842,81468,2,19.14,22910,438497.4
198843,81468,3,1.69,20790,35135.1
198844,81469,1,1.26,23830,30025.8
198845,81469,2,2.12,22910,48569.2
198846,81470,1,17.76,23830,423220.8000000001
198847,81470,2,4.52,22910,103553.2
198848,81470,3,10.15,20790,211018.5
198849,81471,1,1.61,23830,38366.3
198850,81471,2,4.17,22910,95534.7
198851,81472,1,2.35,23830,56000.5
198852,81472,2,3.14,22910,71937.40000000001
198853,81473,1,12.52,23830,298351.6
198854,81473,2,19.64,22910,449952.4
198855,81473,3,16.34,20790,339708.6
198856,81474,1,3.57,23830,85073.09999999999
198857,81474,2,1.36,22910,31157.6
198858,81475,1,17.48,23830,416548.4
198859,81475,2,2.31,22910,52922.1
198860,81475,3,9.85,20790,204781.5
198861,81476,1,3.59,23830,85549.7
198862,81476,2,3.95,22910,90494.5
198863,81477,1,4.93,23830,117481.9
198864,81477,2,4.62,22910,105844.2
198865,81478,1,1.96,23830,46706.8
198866,81478,2,1.27,22910,29095.7
198867,81478,3,14.22,20790,295633.8
198868,81479,1,1.1,23830,26213.000000000004
198869,81479,2,2.61,22910,59795.1
198870,81480,1,2.94,23830,70060.2
198871,81480,2,4.25,22910,97367.5
198872,81481,1,13.2,23830,314556.0
198873,81481,2,4.12,22910,94389.2
198874,81481,3,16.59,20790,344906.1
198875,81482,1,3.3,23830,78639.0
198876,81482,2,3.39,22910,77664.90000000001
198877,81483,1,9.55,23830,227576.50000000003
198878,81483,2,5.95,22910,136314.5
198879,81483,3,2.62,20790,54469.8
198880,81484,1,2.16,23830,51472.8
198881,81484,2,3.81,22910,87287.1
199602,81774,1,16.13,23830,384377.9
199603,81774,2,9.1,22910,208481.0
199604,81774,3,15.04,20790,312681.6
199605,81775,1,8.78,23830,209227.4
199606,81775,2,11.35,22910,260028.5
199607,81775,3,7.65,20790,159043.5
199608,81776,1,2.52,23830,60051.6
199609,81776,2,3.77,22910,86370.7
199610,81777,1,18.08,23830,430846.4
199611,81777,2,13.93,22910,319136.3
199612,81777,3,18.11,20790,376506.9
199613,81778,1,19.07,23830,454438.1
199614,81778,2,18.97,22910,434602.7
199615,81778,3,6.0,20790,124740.0
199616,81779,1,1.59,23830,37889.7
199617,81779,2,1.27,22910,29095.7
199618,81780,1,6.61,23830,157516.30000000002
199619,81780,2,11.81,22910,270567.10000000003
199620,81780,3,4.4,20790,91476.0
199621,81781,1,3.27,23830,77924.1
199622,81781,2,4.92,22910,112717.2
199623,81781,3,15.68,20790,325987.2
199624,81782,1,15.69,23830,373892.7
199625,81782,2,4.21,22910,96451.1
199626,81782,3,1.16,20790,24116.4
199627,81783,1,15.74,23830,375084.2
199628,81783,2,12.27,22910,281105.7
199629,81783,3,2.44,20790,50727.6
199630,81784,1,11.05,23830,263321.5
199631,81784,2,2.56,22910,58649.6
199632,81784,3,17.98,20790,373804.2
199633,81785,1,11.69,23830,278572.7
199634,81785,2,15.1,22910,345941.0
199635,81785,3,8.1,20790,168399.0
199636,81786,1,1.47,23830,35030.1
199637,81786,2,1.47,22910,33677.7
199638,81787,1,4.78,23830,113907.4
199639,81787,2,4.49,22910,102865.9
199640,81788,1,9.66,23830,230197.8
199641,81788,2,14.66,22910,335860.6
199642,81788,3,3.57,20790,74220.3
199643,81789,1,3.3,23830,78639.0
199644,81789,2,13.86,22910,317532.6
199645,81789,3,12.91,20790,268398.9
200353,82075,1,2.29,23830,54570.7
200354,82075,2,6.09,22910,139521.9
200355,82075,3,16.36,20790,340124.4
200356,82076,1,5.84,23830,139167.19999999998
200357,82076,2,10.13,22910,232078.3
200358,82076,3,7.33,20790,152390.7
200359,82077,1,17.14,23830,408446.2
200360,82077,2,1.92,22910,43987.2
200361,82077,3,10.27,20790,213513.3
200362,82078,1,2.66,23830,63387.8
200363,82078,2,3.14,22910,71937.40000000001
200364,82079,1,3.4,23830,81022.0
200365,82079,2,3.83,22910,87745.3
200366,82080,1,9.13,23830,217567.9
200367,82080,2,2.85,22910,65293.5
200368,82080,3,3.71,20790,77130.9
200369,82081,1,11.33,23830,269993.9
200370,82081,2,18.22,22910,417420.2
200371,82081,3,10.13,20790,210602.7
200372,82082,1,1.43,23830,34076.9
200373,82082,2,1.62,22910,37114.2
200374,82083,1,1.93,23830,45991.9
200375,82083,2,4.09,22910,93701.9
200376,82084,1,1.0,23830,23830.0
200377,82084,2,10.07,22910,230703.7
200378,82084,3,1.47,20790,30561.3
200379,82085,1,1.93,23830,45991.9
200380,82085,2,18.42,22910,422002.2
200381,82085,3,1.89,20790,39293.1
200382,82086,1,1.14,23830,27166.2
200383,82086,2,2.96,22910,67813.6
200384,82087,1,6.09,23830,145124.69999999998
200385,82087,2,12.74,22910,291873.4
200386,82087,3,16.23,20790,337421.7
200387,82088,1,7.28,23830,173482.4
200388,82088,2,6.94,22910,158995.40000000002
200389,82088,3,19.35,20790,402286.50000000006
200390,82089,1,8.74,23830,208274.2
200391,82089,2,6.32,22910,144791.2
200392,82089,3,15.97,20790,332016.3
201034,82351,1,2.17,23830,51711.1
201035,82351,2,3.4,22910,77894.0
201036,82352,1,7.41,23830,176580.30000000002
201037,82352,2,13.47,22910,308597.7
201038,82352,3,11.34,20790,235758.6
201039,82353,1,16.73,23830,398675.9
201040,82353,2,10.77,22910,246740.7
201041,82353,3,14.24,20790,296049.6
201042,82354,1,6.02,23830,143456.59999999998
201043,82354,2,7.33,22910,167930.3
201044,82354,3,9.29,20790,193139.1
201045,82355,1,2.8,23830,66724.0
201046,82355,2,3.46,22910,79268.6
201047,82355,3,18.35,20790,381496.50000000006
201048,82356,1,18.24,23830,434659.2
201049,82356,2,8.32,22910,190611.2
201050,82356,3,16.29,20790,338669.1
201051,82357,1,2.51,23830,59813.3
201052,82357,2,9.84,22910,225434.4
201053,82357,3,9.08,20790,188773.2
201054,82358,1,1.53,23830,36459.9
201055,82358,2,1.09,22910,24971.9
201056,82359,1,4.87,23830,116052.1
201057,82359,2,1.91,22910,43758.1
201058,82360,1,3.31,23830,78877.3
201059,82360,2,3.51,22910,80414.09999999999
201060,82361,1,2.08,23830,49566.4
201061,82361,2,1.68,22910,38488.8
201062,82362,1,4.22,23830,100562.6
201063,82362,2,4.38,22910,100345.8
201064,82363,1,9.73,23830,231865.9
201065,82363,2,17.36,22910,397717.6
201066,82363,3,17.41,20790,361953.9
201067,82364,1,9.85,23830,234725.5
201068,82364,2,14.34,22910,328529.4
201069,82364,3,13.41,20790,278793.9
201070,82365,1,4.28,23830,101992.4
201071,82365,2,1.52,22910,34823.2
201072,82366,1,13.9,23830,331237.0
201073,82366,2,17.23,22910,394739.3
201074,82366,3,17.13,20790,356132.69999999995
201075,82367,1,8.38,23830,199695.4
201076,82367,2,15.43,22910,353501.3
201077,82367,3,15.03,20790,312473.7
201078,82368,1,1.96,23830,46706.8
201079,82368,2,2.88,22910,65980.8
201080,82369,1,4.07,23830,96988.1
201081,82369,2,1.58,22910,36197.8
201082,82370,1,13.05,23830,310981.5
201083,82370,2,17.57,22910,402528.7
201084,82370,3,10.19,20790,211850.1
201085,82371,1,6.99,23830,166571.7
201086,82371,2,18.17,22910,416274.7
201087,82371,3,5.06,20790,105197.4
201088,82372,1,1.66,23830,39557.8
201089,82372,2,3.74,22910,85683.40000000001
201090,82373,1,9.49,23830,226146.7
201091,82373,2,16.45,22910,376869.5
201092,82373,3,12.45,20790,258835.5
201093,82374,1,2.97,23830,70775.1
201094,82374,2,4.37,22910,100116.7
201095,82375,1,19.23,23830,458250.9
201096,82375,2,2.77,22910,63460.7
201097,82375,3,8.49,20790,176507.1
201098,82376,1,2.33,23830,55523.9
201099,82376,2,2.69,22910,61627.9
201100,82377,1,4.86,23830,115813.8
201101,82377,2,3.99,22910,91410.9
201102,82378,1,3.51,23830,83643.29999999999
201103,82378,2,3.93,22910,90036.3
201104,82379,1,9.57,23830,228053.1
201105,82379,2,3.21,22910,73541.1
201106,82379,3,9.57,20790,198960.3
201107,82380,1,1.4,23830,33362.0
201108,82380,2,4.61,22910,105615.1
201109,82381,1,2.92,23830,69583.59999999999
201110,82381,2,3.93,22910,90036.3
201111,82382,1,6.25,23830,148937.5
201112,82382,2,9.02,22910,206648.2
201113,82382,3,1.23,20790,25571.7
201114,82383,1,5.74,23830,136784.2
201115,82383,2,7.63,22910,174803.3
201116,82383,3,9.55,20790,198544.50000000003
201117,82384,1,10.57,23830,251883.1
201118,82384,2,10.86,22910,248802.6
201119,82384,3,18.05,20790,375259.5
201120,82385,1,9.77,23830,232819.1
201121,82385,2,2.52,22910,57733.2
201122,82385,3,11.93,20790,248024.7
201123,82386,1,3.72,23830,88647.6
201124,82386,2,3.15,22910,72166.5
201125,82387,1,14.82,23830,353160.60000000003
201126,82387,2,12.78,22910,292789.8
201127,82387,3,5.49,20790,114137.1
201128,82388,1,1.81,23830,43132.3
201129,82388,2,4.15,22910,95076.5
201130,82389,1,3.26,23830,77685.79999999999
201131,82389,2,4.91,22910,112488.1
201132,82390,1,8.92,23830,212563.6
201133,82390,2,17.41,22910,398863.1
201134,82390,3,4.08,20790,84823.2
201135,82391,1,3.98,23830,94843.4
201136,82391,2,4.34,22910,99429.4
201137,82392,1,16.77,23830,399629.1
201138,82392,2,14.58,22910,334027.8
201139,82392,3,10.03,20790,208523.7
201140,82393,1,1.17,23830,27881.1
201141,82393,2,2.59,22910,59336.9
201142,82394,1,17.59,23830,419169.7
201143,82394,2,13.63,22910,312263.30000000005
201144,82394,3,15.21,20790,316215.9
201145,82395,1,2.68,23830,63864.4
201146,82395,2,4.12,22910,94389.2
201147,82396,1,8.29,23830,197550.7
201148,82396,2,17.84,22910,408714.4
201149,82396,3,8.77,20790,182328.3
201150,82397,1,4.16,23830,99132.8
201151,82397,2,3.06,22910,70104.6
201152,82398,1,1.28,23830,30502.4
201153,82398,2,2.6,22910,59566.0
201154,82399,1,3.89,23830,92698.7
201155,82399,2,15.87,22910,363581.7
201156,82399,3,7.44,20790,154677.6
201157,82400,1,3.26,23830,77685.79999999999
201158,82400,2,4.39,22910,100574.9
201159,82401,1,17.26,23830,411305.8000000001
201160,82401,2,18.02,22910,412838.2
201161,82401,3,15.45,20790,321205.5
201162,82402,1,3.9,23830,92937.0
201163,82402,2,2.13,22910,48798.3
201164,82403,1,3.65,23830,86979.5
201165,82403,2,2.58,22910,59107.8
201166,82404,1,15.65,23830,372939.5
201167,82404,2,14.5,22910,332195.0
201168,82404,3,14.56,20790,302702.4
201169,82405,1,5.53,23830,131779.9
201170,82405,2,7.97,22910,182592.7
201171,82405,3,10.71,20790,222660.9
201172,82406,1,3.11,23830,74111.3
201173,82406,2,1.66,22910,38030.6
201174,82407,1,12.84,23830,305977.2
201175,82407,2,17.1,22910,391761.00000000006
201176,82407,3,17.44,20790,362577.6
201177,82408,1,2.06,23830,49089.8
201178,82408,2,1.48,22910,33906.8
201179,82409,1,17.63,23830,420122.9
201180,82409,2,19.16,22910,438955.6
201181,82409,3,9.52,20790,197920.8
201182,82410,1,4.71,23830,112239.3
201183,82410,2,1.18,22910,27033.8
201184,82411,1,10.93,23830,260461.9
201185,82411,2,6.52,22910,149373.19999999998
201186,82411,3,4.17,20790,86694.3
201187,82412,1,4.08,23830,97226.4
201188,82412,2,3.85,22910,88203.5
201189,82413,1,1.19,23830,28357.7
201190,82413,2,2.91,22910,66668.1
201191,82414,1,11.42,23830,272138.6
201192,82414,2,9.03,22910,206877.3
201193,82414,3,16.97,20790,352806.3
201194,82415,1,14.26,23830,339815.8
201195,82415,2,5.98,22910,137001.80000000002
201196,82415,3,15.39,20790,319958.10000000003
201197,82416,1,10.35,23830,246640.5
201198,82416,2,5.97,22910,136772.69999999998
201199,82416,3,19.34,20790,402078.6
201200,82417,1,17.19,23830,409637.7
201201,82417,2,4.29,22910,98283.9
201202,82417,3,10.11,20790,210186.9
201203,82418,1,4.55,23830,108426.5
201204,82418,2,4.37,22910,100116.7
201205,82419,1,3.7,23830,88171.0
201206,82419,2,3.01,22910,68959.09999999999
201207,82420,1,9.97,23830,237585.1
201208,82420,2,6.42,22910,147082.2
201209,82420,3,4.22,20790,87733.79999999999
201210,82421,1,3.92,23830,93413.6
201211,82421,2,2.9,22910,66439.0
201212,82422,1,4.31,23830,102707.3
201213,82422,2,2.7,22910,61857.00000000001
201214,82423,1,2.48,23830,59098.4
201215,82423,2,3.61,22910,82705.09999999999
201216,82424,1,17.03,23830,405824.9
201217,82424,2,10.78,22910,246969.8
201218,82424,3,19.63,20790,408107.7
201219,82425,1,3.28,23830,78162.4
201220,82425,2,2.81,22910,64377.1
201221,82426,1,4.54,23830,108188.2
201222,82426,2,4.96,22910,113633.6
201223,82427,1,2.04,23830,48613.2
201224,82427,2,1.48,22910,33906.8
201225,82428,1,18.49,23830,440616.7
201226,82428,2,7.66,22910,175490.6
201227,82428,3,16.17,20790,336174.30000000005
201228,82429,1,12.08,23830,287866.4
201229,82429,2,15.8,22910,361978.0
201230,82429,3,13.26,20790,275675.4
201231,82430,1,3.35,23830,79830.5
201232,82430,2,4.72,22910,108135.2
201233,82431,1,2.92,23830,69583.59999999999
201234,82431,2,15.88,22910,363810.8000000001
201235,82431,3,16.63,20790,345737.69999999995
201236,82432,1,16.37,23830,390097.1
201237,82432,2,3.54,22910,81101.4
201238,82432,3,14.3,20790,297297.0
201239,82433,1,2.19,23830,52187.7
201240,82433,2,3.03,22910,69417.29999999999
201241,82434,1,12.84,23830,305977.2
201242,82434,2,10.35,22910,237118.5
201243,82434,3,1.56,20790,32432.4
201244,82435,1,7.67,23830,182776.1
201245,82435,2,17.83,22910,408485.3
201246,82435,3,11.1,20790,230769.0
201247,82436,1,1.14,23830,27166.2
201248,82436,2,2.68,22910,61398.8
201249,82437,1,1.02,23830,24306.6
201250,82437,2,4.19,22910,95992.9
201251,82438,1,2.22,23830,52902.600000000006
201252,82438,2,2.04,22910,46736.4
201253,82439,1,18.41,23830,438710.3
201254,82439,2,11.23,22910,257279.3
201255,82439,3,16.04,20790,333471.6
201256,82440,1,2.36,23830,56238.8
201257,82440,2,2.84,22910,65064.4
201258,82441,1,1.1,23830,26213.000000000004
201259,82441,2,2.84,22910,65064.4
201260,82442,1,3.13,23830,74587.9
201261,82442,2,4.99,22910,114320.9
201262,82443,1,2.76,23830,65770.79999999999
201263,82443,2,2.75,22910,63002.5
201264,82444,1,3.92,23830,93413.6
201265,82444,2,1.44,22910,32990.4
201266,82445,1,9.7,23830,231151.0
201267,82445,2,14.3,22910,327613.0
201268,82445,3,11.57,20790,240540.3
201269,82446,1,16.91,23830,402965.3
201270,82446,2,3.94,22910,90265.4
201271,82446,3,2.59,20790,53846.1
201272,82447,1,4.95,23830,117958.5
201273,82447,2,11.15,22910,255446.5
201274,82447,3,16.97,20790,352806.3
201275,82448,1,2.56,23830,61004.8
201276,82448,2,1.68,22910,38488.8
201277,82449,1,4.28,23830,101992.4
201278,82449,2,1.41,22910,32303.1
201279,82450,1,2.9,23830,69107.0
201280,82450,2,7.75,22910,177552.5
201281,82450,3,17.63,20790,366527.7
201282,82451,1,16.31,23830,388667.3
201283,82451,2,2.05,22910,46965.49999999999
201284,82451,3,3.05,20790,63409.49999999999
201285,82452,1,3.1,23830,73873.0
201286,82452,2,2.78,22910,63689.8
201287,82453,1,17.66,23830,420837.8
201288,82453,2,12.62,22910,289124.19999999995
201289,82453,3,5.73,20790,119126.7
201290,82454,1,4.98,23830,118673.4
201291,82454,2,3.99,22910,91410.9
201292,82455,1,2.14,23830,50996.2
201293,82455,2,2.01,22910,46049.1
201294,82456,1,1.45,23830,34553.5
201295,82456,2,4.43,22910,101491.3
201296,82457,1,2.59,23830,61719.7
201297,82457,2,2.95,22910,67584.5
201298,82458,1,14.72,23830,350777.60000000003
201299,82458,2,6.33,22910,145020.3
201300,82458,3,6.88,20790,143035.2
201301,82459,1,2.0,23830,47660.0
201302,82459,2,3.02,22910,69188.2
205771,84295,1,1.5,23830,35745.0
205772,84295,2,1.98,22910,45361.8
205773,84296,1,2.49,23830,59336.7
205774,84296,2,1.69,22910,38717.9
205775,84297,1,5.17,23830,123201.1
205776,84297,2,14.15,22910,324176.5
205777,84297,3,13.47,20790,280041.3
205778,84298,1,6.66,23830,158707.80000000002
205779,84298,2,3.17,22910,72624.7
205780,84298,3,14.76,20790,306860.4
205781,84299,1,3.0,23830,71490.0
205782,84299,2,1.67,22910,38259.7
205783,84300,1,3.09,23830,73634.7
205784,84300,2,3.09,22910,70791.9
205785,84301,1,4.3,23830,102469.0
205786,84301,2,1.0,22910,22910.0
205787,84302,1,14.12,23830,336479.6
205788,84302,2,8.14,22910,186487.4
205789,84302,3,3.15,20790,65488.5
205790,84303,1,17.13,23830,408207.9
205791,84303,2,5.61,22910,128525.1
205792,84303,3,3.31,20790,68814.9
205793,84304,1,3.22,23830,76732.6
205794,84304,2,3.4,22910,77894.0
205795,84305,1,8.28,23830,197312.4
205796,84305,2,7.37,22910,168846.7
205797,84305,3,15.92,20790,330976.8
205798,84306,1,2.58,23830,61481.4
205799,84306,2,3.25,22910,74457.5
205800,84307,1,1.1,23830,26213.000000000004
205801,84307,2,4.44,22910,101720.4
205802,84308,1,3.44,23830,81975.2
205803,84308,2,10.67,22910,244449.7
205804,84308,3,11.5,20790,239085.0
205805,84309,1,4.98,23830,118673.4
205806,84309,2,3.32,22910,76061.2
205807,84309,3,12.85,20790,267151.5
205808,84310,1,2.02,23830,48136.6
205809,84310,2,17.5,22910,400925.0
205810,84310,3,4.65,20790,96673.5
205811,84311,1,12.96,23830,308836.80000000005
205812,84311,2,17.94,22910,411005.4
205813,84311,3,18.31,20790,380664.9
205814,84312,1,19.25,23830,458727.5
205815,84312,2,1.73,22910,39634.3
205816,84312,3,3.43,20790,71309.7
205817,84313,1,4.88,23830,116290.4
205818,84313,2,4.76,22910,109051.6
205819,84314,1,2.34,23830,55762.2
205820,84314,2,3.47,22910,79497.70000000001
205821,84315,1,19.3,23830,459919.0
205822,84315,2,12.07,22910,276523.7
205823,84315,3,9.26,20790,192515.4
205824,84316,1,4.34,23830,103422.2
205825,84316,2,1.71,22910,39176.1
205826,84317,1,5.15,23830,122724.5
205827,84317,2,15.56,22910,356479.60000000003
205828,84317,3,8.11,20790,168606.9
205829,84318,1,3.27,23830,77924.1
205830,84318,2,3.01,22910,68959.09999999999
205831,84319,1,4.06,23830,96749.8
205832,84319,2,1.42,22910,32532.2
205833,84320,1,4.44,23830,105805.2
205834,84320,2,1.51,22910,34594.1
205835,84321,1,18.66,23830,444667.8
205836,84321,2,15.45,22910,353959.5
205837,84321,3,4.36,20790,90644.4
205838,84322,1,1.52,23830,36221.6
205839,84322,2,13.47,22910,308597.7
205840,84322,3,14.97,20790,311226.3
205841,84323,1,4.85,23830,115575.5
205842,84323,2,2.26,22910,51776.6
205843,84324,1,12.19,23830,290487.7
205844,84324,2,3.94,22910,90265.4
205845,84324,3,2.11,20790,43866.9
205846,84325,1,1.1,23830,26213.000000000004
205847,84325,2,19.39,22910,444224.9
205848,84325,3,12.52,20790,260290.8
205849,84326,1,1.45,23830,34553.5
205850,84326,2,4.63,22910,106073.3
205851,84327,1,16.11,23830,383901.3
205852,84327,2,12.51,22910,286604.1
205853,84327,3,3.75,20790,77962.5
205854,84328,1,3.23,23830,76970.9
205855,84328,2,4.96,22910,113633.6
205856,84329,1,4.49,23830,106996.7
205857,84329,2,4.38,22910,100345.8
205858,84330,1,1.99,23830,47421.7
205859,84330,2,1.58,22910,36197.8
205860,84331,1,9.4,23830,224002.0
205861,84331,2,4.14,22910,94847.4
205862,84331,3,3.3,20790,68607.0
205863,84332,1,4.65,23830,110809.5
205864,84332,2,1.35,22910,30928.500000000004
205865,84333,1,11.94,23830,284530.2
205866,84333,2,19.56,22910,448119.6
205867,84333,3,3.15,20790,65488.5
205868,84334,1,3.09,23830,73634.7
205869,84334,2,4.65,22910,106531.5
205870,84335,1,4.56,23830,108664.8
205871,84335,2,3.21,22910,73541.1
205872,84336,1,4.35,23830,103660.5
205873,84336,2,1.28,22910,29324.8
205874,84337,1,1.46,23830,34791.8
205875,84337,2,14.2,22910,325322.0
205876,84337,3,12.07,20790,250935.3
205877,84338,1,18.64,23830,444191.2
205878,84338,2,19.28,22910,441704.8000000001
205879,84338,3,15.77,20790,327858.3
205880,84339,1,2.68,23830,63864.4
205881,84339,2,1.12,22910,25659.2
205882,84340,1,1.41,23830,33600.3
205883,84340,2,3.03,22910,69417.29999999999
205884,84341,1,16.8,23830,400344.0
205885,84341,2,3.97,22910,90952.7
205886,84341,3,14.92,20790,310186.8
205887,84342,1,17.18,23830,409399.4
205888,84342,2,7.55,22910,172970.5
205889,84342,3,10.14,20790,210810.6
205890,84343,1,2.7,23830,64341.00000000001
205891,84343,2,17.98,22910,411921.8
205892,84343,3,3.29,20790,68399.1
205893,84344,1,3.33,23830,79353.90000000001
205894,84344,2,2.28,22910,52234.8
205895,84345,1,9.14,23830,217806.2
205896,84345,2,10.28,22910,235514.8
205897,84345,3,4.03,20790,83783.70000000001
205898,84346,1,4.54,23830,108188.2
205899,84346,2,1.69,22910,38717.9
205900,84347,1,13.55,23830,322896.5
205901,84347,2,6.3,22910,144333.0
205902,84347,3,18.06,20790,375467.4
205903,84348,1,3.65,23830,86979.5
205904,84348,2,2.14,22910,49027.4
205905,84349,1,2.04,23830,48613.2
205906,84349,2,3.25,22910,74457.5
205907,84350,1,11.57,23830,275713.10000000003
205908,84350,2,3.8,22910,87058.0
205909,84350,3,9.75,20790,202702.5
205910,84351,1,9.82,23830,234010.6
205911,84351,2,8.52,22910,195193.2
205912,84351,3,12.31,20790,255924.9
205913,84352,1,7.78,23830,185397.4
205914,84352,2,12.78,22910,292789.8
205915,84352,3,3.79,20790,78794.1
205916,84353,1,11.14,23830,265466.2
205917,84353,2,9.92,22910,227267.2
205918,84353,3,9.5,20790,197505.0
205919,84354,1,2.52,23830,60051.6
205920,84354,2,1.79,22910,41008.9
205921,84355,1,15.68,23830,373654.4
205922,84355,2,16.77,22910,384200.7
205923,84355,3,18.83,20790,391475.7
205924,84356,1,1.37,23830,32647.1
205925,84356,2,3.78,22910,86599.79999999999
205926,84357,1,4.27,23830,101754.1
205927,84357,2,3.54,22910,81101.4
205928,84358,1,2.75,23830,65532.5
205929,84358,2,4.82,22910,110426.2
205930,84359,1,6.02,23830,143456.59999999998
205931,84359,2,12.68,22910,290498.8
205932,84359,3,3.92,20790,81496.8
205933,84360,1,1.48,23830,35268.4
205934,84360,2,1.75,22910,40092.5
205935,84361,1,12.59,23830,300019.7
205936,84361,2,5.28,22910,120964.8
205937,84361,3,2.06,20790,42827.4
205938,84362,1,18.82,23830,448480.6
205939,84362,2,8.93,22910,204586.3
205940,84362,3,7.26,20790,150935.4
205941,84363,1,3.76,23830,89600.79999999999
205942,84363,2,15.24,22910,349148.4
205943,84363,3,13.39,20790,278378.10000000003
205944,84364,1,1.44,23830,34315.2
205945,84364,2,2.0,22910,45820.0
205946,84365,1,11.96,23830,285006.80000000005
205947,84365,2,17.67,22910,404819.7
205948,84365,3,6.45,20790,134095.5
205949,84366,1,2.44,23830,58145.2
205950,84366,2,1.17,22910,26804.7
205951,84367,1,2.64,23830,62911.2
205952,84367,2,4.66,22910,106760.6
205953,84368,1,2.66,23830,63387.8
205954,84368,2,8.81,22910,201837.1
205955,84368,3,7.94,20790,165072.6
205956,84369,1,4.16,23830,99132.8
205957,84369,2,2.24,22910,51318.4
205958,84369,3,4.33,20790,90020.7
205959,84370,1,1.86,23830,44323.8
205960,84370,2,1.07,22910,24513.7
205961,84371,1,11.94,23830,284530.2
205962,84371,2,11.97,22910,274232.7
205963,84371,3,18.66,20790,387941.4
205964,84372,1,3.27,23830,77924.1
205965,84372,2,15.92,22910,364727.2
205966,84372,3,4.74,20790,98544.6
205967,84373,1,1.45,23830,34553.5
205968,84373,2,1.01,22910,23139.1
205969,84374,1,4.29,23830,102230.7
205970,84374,2,11.95,22910,273774.5
205971,84374,3,14.02,20790,291475.8
205972,84375,1,4.97,23830,118435.1
205973,84375,2,3.33,22910,76290.3
205974,84376,1,3.96,23830,94366.8
205975,84376,2,2.88,22910,65980.8
205976,84377,1,1.19,23830,28357.7
205977,84377,2,19.06,22910,436664.6
205978,84377,3,6.44,20790,133887.6
205979,84378,1,3.34,23830,79592.2
205980,84378,2,2.54,22910,58191.4
205981,84379,1,1.23,23830,29310.9
205982,84379,2,3.67,22910,84079.7
205983,84380,1,4.15,23830,98894.5
205984,84380,2,5.41,22910,123943.1
205985,84380,3,7.32,20790,152182.80000000002
205986,84381,1,5.75,23830,137022.5
205987,84381,2,13.75,22910,315012.5
205988,84381,3,8.67,20790,180249.3
205989,84382,1,3.93,23830,93651.9
205990,84382,2,3.79,22910,86828.9
205991,84383,1,2.76,23830,65770.79999999999
205992,84383,2,5.0,22910,114550.0
205993,84384,1,5.78,23830,137737.4
205994,84384,2,10.2,22910,233682.0
205995,84384,3,6.98,20790,145114.2
205996,84385,1,19.47,23830,463970.1
205997,84385,2,17.34,22910,397259.4
205998,84385,3,14.47,20790,300831.3
205999,84386,1,4.56,23830,108664.8
206000,84386,2,1.78,22910,40779.8
206001,84387,1,11.23,23830,267610.9
206002,84387,2,4.21,22910,96451.1
206003,84387,3,11.7,20790,243243.0
206004,84388,1,17.19,23830,409637.7
206005,84388,2,13.28,22910,304244.8
206006,84388,3,5.22,20790,108523.8
210545,86246,1,1.25,23830,29787.5
210546,86246,2,3.98,22910,91181.8
210547,86247,1,3.86,23830,91983.8
210548,86247,2,1.28,22910,29324.8
210549,86248,1,2.98,23830,71013.4
210550,86248,2,2.36,22910,54067.6
210551,86249,1,9.52,23830,226861.6
210552,86249,2,1.7,22910,38947.0
210553,86249,3,12.41,20790,258003.9
210554,86250,1,2.23,23830,53140.9
210555,86250,2,2.34,22910,53609.4
210556,86250,3,11.1,20790,230769.0
210557,86251,1,3.46,23830,82451.8
210558,86251,2,4.11,22910,94160.1
210559,86252,1,16.39,23830,390573.7
210560,86252,2,18.96,22910,434373.6
210561,86252,3,16.9,20790,351350.99999999994
210562,86253,1,1.92,23830,45753.6
210563,86253,2,2.03,22910,46507.3
210564,86254,1,2.34,23830,55762.2
210565,86254,2,2.4,22910,54984.0
210566,86255,1,6.43,23830,153226.9
210567,86255,2,16.94,22910,388095.4
210568,86255,3,2.18,20790,45322.2
210569,86256,1,18.47,23830,440140.1
210570,86256,2,17.63,22910,403903.3
210571,86256,3,4.32,20790,89812.8
210572,86257,1,2.38,23830,56715.4
210573,86257,2,2.47,22910,56587.7
210574,86258,1,1.49,23830,35506.7
210575,86258,2,19.73,22910,452014.3
210576,86258,3,9.41,20790,195633.9
210577,86259,1,6.31,23830,150367.3
210578,86259,2,17.4,22910,398634.0
210579,86259,3,2.05,20790,42619.49999999999
210580,86260,1,1.91,23830,45515.3
210581,86260,2,2.86,22910,65522.6
210582,86261,1,1.92,23830,45753.6
210583,86261,2,2.93,22910,67126.3
210584,86262,1,4.24,23830,101039.2
210585,86262,2,3.81,22910,87287.1
210586,86263,1,3.1,23830,73873.0
210587,86263,2,4.36,22910,99887.6
210588,86264,1,1.38,23830,32885.399999999994
210589,86264,2,3.22,22910,73770.20000000001
210590,86265,1,3.26,23830,77685.79999999999
210591,86265,2,2.51,22910,57504.1
210592,86266,1,4.78,23830,113907.4
210593,86266,2,1.57,22910,35968.700000000004
210594,86267,1,3.87,23830,92222.1
210595,86267,2,3.93,22910,90036.3
210596,86268,1,4.23,23830,100800.9
210597,86268,2,2.92,22910,66897.2
210598,86269,1,18.06,23830,430369.8
210599,86269,2,17.64,22910,404132.4
210600,86269,3,11.59,20790,240956.1
210601,86270,1,2.71,23830,64579.3
210602,86270,2,2.64,22910,60482.4
210603,86271,1,1.3,23830,30979.0
210604,86271,2,3.96,22910,90723.6
210605,86272,1,10.48,23830,249738.4
210606,86272,2,13.22,22910,302870.2
210607,86272,3,6.45,20790,134095.5
210608,86273,1,4.01,23830,95558.3
210609,86273,2,4.28,22910,98054.8
210610,86274,1,2.69,23830,64102.7
210611,86274,2,7.41,22910,169763.1
210612,86274,3,18.14,20790,377130.6
210613,86275,1,4.0,23830,95320.0
210614,86275,2,2.47,22910,56587.7
210615,86276,1,1.95,23830,46468.5
210616,86276,2,4.66,22910,106760.6
210617,86277,1,1.16,23830,27642.8
210618,86277,2,3.19,22910,73082.9
210619,86278,1,2.21,23830,52664.3
210620,86278,2,4.43,22910,101491.3
210621,86279,1,3.05,23830,72681.5
210622,86279,2,2.04,22910,46736.4
210623,86280,1,1.43,23830,34076.9
210624,86280,2,3.71,22910,84996.1
210625,86281,1,1.41,23830,33600.3
210626,86281,2,4.0,22910,91640.0
210627,86282,1,3.16,23830,75302.8
210628,86282,2,2.02,22910,46278.2
210629,86283,1,3.56,23830,84834.8
210630,86283,2,2.66,22910,60940.600000000006
210631,86284,1,3.29,23830,78400.7
210632,86284,2,2.93,22910,67126.3
210633,86285,1,3.72,23830,88647.6
210634,86285,2,12.8,22910,293248.0
210635,86285,3,13.7,20790,284823.0
210636,86286,1,4.64,23830,110571.2
210637,86286,2,2.03,22910,46507.3
210638,86287,1,2.69,23830,64102.7
210639,86287,2,1.6,22910,36656.0
210640,86288,1,3.99,23830,95081.7
210641,86288,2,3.67,22910,84079.7
210642,86289,1,4.69,23830,111762.7
210643,86289,2,1.63,22910,37343.3
210644,86290,1,1.63,23830,38842.9
210645,86290,2,1.89,22910,43299.9
210646,86291,1,4.73,23830,112715.9
210647,86291,2,3.66,22910,83850.6
210648,86292,1,4.11,23830,97941.3
210649,86292,2,2.68,22910,61398.8
210650,86293,1,1.93,23830,45991.9
210651,86293,2,2.97,22910,68042.70000000001
210652,86294,1,4.93,23830,117481.9
210653,86294,2,4.63,22910,106073.3
210654,86295,1,18.62,23830,443714.6
210655,86295,2,14.08,22910,322572.8
210656,86295,3,9.77,20790,203118.3
210657,86296,1,19.0,23830,452770.0
210658,86296,2,18.15,22910,415816.5
210659,86296,3,17.95,20790,373180.5
210660,86297,1,1.38,23830,32885.399999999994
210661,86297,2,3.77,22910,86370.7
210662,86298,1,13.19,23830,314317.7
210663,86298,2,3.42,22910,78352.2
210664,86298,3,5.53,20790,114968.7
210665,86299,1,16.98,23830,404633.4
210666,86299,2,17.89,22910,409859.9
210667,86299,3,6.73,20790,139916.7
210668,86300,1,10.97,23830,261415.1
210669,86300,2,7.95,22910,182134.5
210670,86300,3,3.73,20790,77546.7
210671,86301,1,1.91,23830,45515.3
210672,86301,2,9.95,22910,227954.5
210673,86301,3,13.85,20790,287941.5
210674,86302,1,19.68,23830,468974.4
210675,86302,2,9.48,22910,217186.8
210676,86302,3,6.17,20790,128274.3
210677,86303,1,11.14,23830,265466.2
210678,86303,2,1.09,22910,24971.9
210679,86303,3,4.39,20790,91268.1
210680,86304,1,18.85,23830,449195.50000000006
210681,86304,2,17.57,22910,402528.7
210682,86304,3,6.28,20790,130561.2
210683,86305,1,1.94,23830,46230.2
210684,86305,2,2.41,22910,55213.100000000006
210685,86306,1,15.59,23830,371509.7
210686,86306,2,10.1,22910,231391.0
210687,86306,3,18.54,20790,385446.6
210688,86307,1,11.92,23830,284053.6
210689,86307,2,10.96,22910,251093.6
210690,86307,3,17.9,20790,372141.0
210691,86308,1,3.92,23830,93413.6
210692,86308,2,4.49,22910,102865.9
210693,86309,1,3.11,23830,74111.3
210694,86309,2,1.51,22910,34594.1
210695,86310,1,5.27,23830,125584.1
210696,86310,2,12.53,22910,287062.3
210697,86310,3,2.48,20790,51559.2
210698,86311,1,17.91,23830,426795.3
210699,86311,2,4.03,22910,92327.3
210700,86311,3,4.27,20790,88773.29999999999
210701,86312,1,3.59,23830,85549.7
210702,86312,2,3.87,22910,88661.7
210703,86313,1,3.3,23830,78639.0
210704,86313,2,2.03,22910,46507.3
210705,86314,1,14.66,23830,349347.8
210706,86314,2,19.6,22910,449036.00000000006
210707,86314,3,1.77,20790,36798.3
210708,86315,1,4.62,23830,110094.6
210709,86315,2,2.7,22910,61857.00000000001
210710,86316,1,1.67,23830,39796.1
210711,86316,2,3.18,22910,72853.8
210712,86317,1,4.32,23830,102945.6
210713,86317,2,4.72,22910,108135.2
210714,86317,3,15.24,20790,316839.6
210715,86318,1,1.26,23830,30025.8
210716,86318,2,3.82,22910,87516.2
210717,86319,1,2.72,23830,64817.600000000006
210718,86319,2,2.4,22910,54984.0
210719,86320,1,2.45,23830,58383.50000000001
210720,86320,2,3.51,22910,80414.09999999999
210721,86321,1,17.73,23830,422505.9
210722,86321,2,14.84,22910,339984.4
210723,86321,3,15.05,20790,312889.5
210724,86322,1,1.81,23830,43132.3
210725,86322,2,3.3,22910,75603.0
210726,86323,1,3.52,23830,83881.6
210727,86323,2,3.07,22910,70333.7
210728,86324,1,4.57,23830,108903.1
210729,86324,2,4.69,22910,107447.9
210730,86325,1,8.93,23830,212801.9
210731,86325,2,7.38,22910,169075.8
210732,86325,3,16.35,20790,339916.50000000006
210733,86326,1,6.63,23830,157992.9
210734,86326,2,7.82,22910,179156.2
210735,86326,3,7.56,20790,157172.4
210736,86327,1,7.53,23830,179439.9
210737,86327,2,10.21,22910,233911.1
210738,86327,3,12.8,20790,266112.0
210739,86328,1,11.98,23830,285483.4
210740,86328,2,17.13,22910,392448.3
210741,86328,3,10.36,20790,215384.4
210742,86329,1,8.86,23830,211133.8
210743,86329,2,6.33,22910,145020.3
210744,86329,3,4.54,20790,94386.6
210745,86330,1,4.15,23830,98894.5
210746,86330,2,3.96,22910,90723.6
210747,86331,1,17.62,23830,419884.6
210748,86331,2,9.26,22910,212146.6
210749,86331,3,13.88,20790,288565.2
210750,86332,1,18.71,23830,445859.3000000001
210751,86332,2,12.09,22910,276981.9
210752,86332,3,19.74,20790,410394.6
210753,86333,1,14.89,23830,354828.7
210754,86333,2,11.77,22910,269650.7
210755,86333,3,16.37,20790,340332.30000000005
210756,86334,1,3.77,23830,89839.1
210757,86334,2,10.41,22910,238493.1
210758,86334,3,12.95,20790,269230.5
210759,86335,1,4.11,23830,97941.3
210760,86335,2,2.38,22910,54525.8
210761,86336,1,18.03,23830,429654.9
210762,86336,2,2.15,22910,49256.5
210763,86336,3,5.97,20790,124116.3
210764,86337,1,1.18,23830,28119.4
210765,86337,2,1.24,22910,28408.4
210766,86338,1,1.66,23830,39557.8
210767,86338,2,1.14,22910,26117.4
210768,86339,1,15.37,23830,366267.1
210769,86339,2,15.4,22910,352814.0
210770,86339,3,7.33,20790,152390.7
210771,86340,1,13.42,23830,319798.6
210772,86340,2,1.65,22910,37801.5
210773,86340,3,13.76,20790,286070.4
210774,86341,1,3.31,23830,78877.3
210775,86341,2,2.77,22910,63460.7
210776,86342,1,10.49,23830,249976.7
210777,86342,2,3.58,22910,82017.8
210778,86342,3,3.2,20790,66528.0
210779,86343,1,2.59,23830,61719.7
210780,86343,2,3.69,22910,84537.9
210781,86344,1,3.98,23830,94843.4
210782,86344,2,16.11,22910,369080.1
210783,86344,3,10.6,20790,220374.0
210784,86345,1,4.19,23830,99847.7
210785,86345,2,3.28,22910,75144.79999999999
210786,86346,1,2.26,23830,53855.8
210787,86346,2,3.45,22910,79039.5
210788,86347,1,2.04,23830,48613.2
210789,86347,2,4.36,22910,99887.6
210790,86348,1,1.02,23830,24306.6
210791,86348,2,3.52,22910,80643.2
210792,86349,1,1.19,23830,28357.7
210793,86349,2,2.13,22910,48798.3
210794,86350,1,8.96,23830,213516.8
210795,86350,2,2.34,22910,53609.4
210796,86350,3,8.58,20790,178378.2
210797,86351,1,1.79,23830,42655.7
210798,86351,2,4.26,22910,97596.6
210799,86352,1,3.45,23830,82213.5
210800,86352,2,3.8,22910,87058.0
210801,86353,1,14.26,23830,339815.8
210802,86353,2,12.96,22910,296913.60000000003
210803,86353,3,9.55,20790,198544.50000000003
210804,86354,1,16.38,23830,390335.4
210805,86354,2,8.32,22910,190611.2
210806,86354,3,12.8,20790,266112.0
210807,86355,1,1.79,23830,42655.7
210808,86355,2,5.41,22910,123943.1
210809,86355,3,1.87,20790,38877.3
210810,86356,1,4.58,23830,109141.4
210811,86356,2,5.56,22910,127379.6
210812,86356,3,6.37,20790,132432.3
215491,88270,1,1.98,23830,47183.4
215492,88270,2,1.51,22910,34594.1
215493,88271,1,13.84,23830,329807.2
215494,88271,2,2.62,22910,60024.2
215495,88271,3,18.0,20790,374220.0
215496,88272,1,11.97,23830,285245.10000000003
215497,88272,2,4.47,22910,102407.7
215498,88272,3,4.54,20790,94386.6
215499,88273,1,3.4,23830,81022.0
215500,88273,2,1.25,22910,28637.5
215501,88274,1,1.16,23830,27642.8
215502,88274,2,3.18,22910,72853.8
215503,88275,1,2.68,23830,63864.4
215504,88275,2,4.51,22910,103324.1
215505,88276,1,2.76,23830,65770.79999999999
215506,88276,2,4.27,22910,97825.7
215507,88277,1,15.87,23830,378182.1
215508,88277,2,15.46,22910,354188.60000000003
215509,88277,3,11.81,20790,245529.9
215510,88278,1,1.75,23830,41702.5
215511,88278,2,1.71,22910,39176.1
215512,88279,1,5.47,23830,130350.1
215513,88279,2,18.84,22910,431624.4
215514,88279,3,7.78,20790,161746.2
215515,88280,1,3.85,23830,91745.5
215516,88280,2,2.59,22910,59336.9
215517,88281,1,8.07,23830,192308.1
215518,88281,2,14.45,22910,331049.5
215519,88281,3,7.55,20790,156964.5
215520,88282,1,2.12,23830,50519.600000000006
215521,88282,2,1.95,22910,44674.5
215522,88283,1,1.36,23830,32408.800000000003
215523,88283,2,4.48,22910,102636.8
215524,88284,1,3.92,23830,93413.6
215525,88284,2,6.0,22910,137460.0
215526,88284,3,19.33,20790,401870.7
215527,88285,1,4.98,23830,118673.4
215528,88285,2,1.11,22910,25430.1
215529,88286,1,4.11,23830,97941.3
215530,88286,2,2.17,22910,49714.7
215531,88287,1,1.51,23830,35983.3
215532,88287,2,2.76,22910,63231.6
215533,88288,1,18.44,23830,439425.2
215534,88288,2,13.32,22910,305161.2
215535,88288,3,15.51,20790,322452.9
215536,88289,1,5.55,23830,132256.5
215537,88289,2,15.06,22910,345024.60000000003
215538,88289,3,19.8,20790,411642.0
215539,88290,1,13.65,23830,325279.5
215540,88290,2,2.38,22910,54525.8
215541,88290,3,14.16,20790,294386.4
215542,88291,1,1.56,23830,37174.8
215543,88291,2,3.6,22910,82476.0
215544,88292,1,2.54,23830,60528.2
215545,88292,2,1.36,22910,31157.6
215546,88293,1,7.74,23830,184444.2
215547,88293,2,15.55,22910,356250.5
215548,88293,3,1.64,20790,34095.6
215549,88294,1,19.37,23830,461587.1
215550,88294,2,18.34,22910,420169.4
215551,88294,3,15.7,20790,326403.0
215552,88295,1,10.31,23830,245687.3
215553,88295,2,19.57,22910,448348.7
215554,88295,3,15.38,20790,319750.2
215555,88296,1,4.5,23830,107235.0
215556,88296,2,3.54,22910,81101.4
215557,88297,1,19.74,23830,470404.2
215558,88297,2,10.6,22910,242846.0
215559,88297,3,14.5,20790,301455.0
215560,88298,1,4.74,23830,112954.2
215561,88298,2,6.64,22910,152122.4
215562,88298,3,5.79,20790,120374.1
215563,88299,1,15.72,23830,374607.6
215564,88299,2,11.11,22910,254530.1
215565,88299,3,17.95,20790,373180.5
215566,88300,1,3.6,23830,85788.0
215567,88300,2,1.32,22910,30241.2
215568,88301,1,3.89,23830,92698.7
215569,88301,2,1.32,22910,30241.2
215570,88302,1,9.33,23830,222333.9
215571,88302,2,19.0,22910,435290.0
215572,88302,3,5.62,20790,116839.8
215573,88303,1,3.86,23830,91983.8
215574,88303,2,1.81,22910,41467.1
215575,88304,1,2.95,23830,70298.5
215576,88304,2,3.43,22910,78581.3
215577,88305,1,4.73,23830,112715.9
215578,88305,2,3.24,22910,74228.40000000001
215579,88306,1,4.79,23830,114145.7
215580,88306,2,1.94,22910,44445.4
215581,88307,1,18.44,23830,439425.2
215582,88307,2,4.08,22910,93472.8
215583,88307,3,4.5,20790,93555.0
215584,88308,1,3.99,23830,95081.7
215585,88308,2,2.94,22910,67355.4
215586,88309,1,2.79,23830,66485.7
215587,88309,2,3.28,22910,75144.79999999999
215588,88310,1,7.4,23830,176342.0
215589,88310,2,13.76,22910,315241.6
215590,88310,3,18.43,20790,383159.7
215591,88311,1,4.12,23830,98179.6
215592,88311,2,2.68,22910,61398.8
215593,88312,1,3.06,23830,72919.8
215594,88312,2,2.05,22910,46965.49999999999
215595,88313,1,10.43,23830,248546.9
215596,88313,2,11.84,22910,271254.4
215597,88313,3,5.54,20790,115176.6
215598,88314,1,18.9,23830,450387.0
215599,88314,2,19.5,22910,446745.0
215600,88314,3,9.45,20790,196465.5
215601,88315,1,2.95,23830,70298.5
215602,88315,2,3.14,22910,71937.40000000001
215603,88316,1,12.17,23830,290011.1
215604,88316,2,1.59,22910,36426.9
215605,88316,3,2.19,20790,45530.1
215606,88317,1,15.01,23830,357688.3
215607,88317,2,19.74,22910,452243.4
215608,88317,3,19.05,20790,396049.5
215609,88318,1,15.36,23830,366028.8
215610,88318,2,18.93,22910,433686.3
215611,88318,3,10.87,20790,225987.3
215612,88319,1,2.97,23830,70775.1
215613,88319,2,4.25,22910,97367.5
215614,88320,1,2.41,23830,57430.3
215615,88320,2,3.43,22910,78581.3
215616,88321,1,2.43,23830,57906.9
215617,88321,2,4.65,22910,106531.5
215618,88322,1,1.15,23830,27404.5
215619,88322,2,1.87,22910,42841.7
215620,88323,1,2.36,23830,56238.8
215621,88323,2,2.62,22910,60024.2
215622,88324,1,4.82,23830,114860.6
215623,88324,2,4.64,22910,106302.4
215624,88325,1,3.87,23830,92222.1
215625,88325,2,3.45,22910,79039.5
215626,88326,1,1.81,23830,43132.3
215627,88326,2,13.98,22910,320281.8
215628,88326,3,4.24,20790,88149.6
218729,89582,1,3.21,23830,76494.3
218730,89582,2,2.22,22910,50860.2
218731,89583,1,5.48,23830,130588.4
218732,89583,2,14.08,22910,322572.8
218733,89583,3,10.58,20790,219958.2
218734,89584,1,14.82,23830,353160.60000000003
218735,89584,2,4.88,22910,111800.8
218736,89584,3,5.48,20790,113929.2
218737,89585,1,3.35,23830,79830.5
218738,89585,2,2.57,22910,58878.7
218739,89586,1,3.1,23830,73873.0
218740,89586,2,4.18,22910,95763.8
218741,89587,1,3.57,23830,85073.09999999999
218742,89587,2,1.72,22910,39405.2
218743,89588,1,2.47,23830,58860.100000000006
218744,89588,2,1.15,22910,26346.5
218745,89589,1,18.64,23830,444191.2
218746,89589,2,14.89,22910,341129.9
218747,89589,3,13.17,20790,273804.3
218748,89590,1,4.8,23830,114384.0
218749,89590,2,2.38,22910,54525.8
218750,89591,1,4.53,23830,107949.9
218751,89591,2,4.89,22910,112029.9
218752,89592,1,1.11,23830,26451.300000000003
218753,89592,2,4.98,22910,114091.8
218754,89593,1,1.85,23830,44085.5
218755,89593,2,2.63,22910,60253.3
218756,89594,1,2.38,23830,56715.4
218757,89594,2,15.23,22910,348919.3
218758,89594,3,9.37,20790,194802.3
218759,89595,1,4.86,23830,115813.8
218760,89595,2,2.31,22910,52922.1
218761,89596,1,1.66,23830,39557.8
218762,89596,2,1.43,22910,32761.3
218763,89597,1,3.62,23830,86264.6
218764,89597,2,2.27,22910,52005.7
218765,89598,1,3.89,23830,92698.7
218766,89598,2,4.05,22910,92785.5
218767,89599,1,15.34,23830,365552.2
218768,89599,2,7.07,22910,161973.7
218769,89599,3,9.34,20790,194178.6
218770,89600,1,14.02,23830,334096.6
218771,89600,2,15.49,22910,354875.9
218772,89600,3,1.9,20790,39501.0
218773,89601,1,10.94,23830,260700.2
218774,89601,2,4.35,22910,99658.5
218775,89601,3,4.81,20790,99999.9
218776,89602,1,2.14,23830,50996.2
218777,89602,2,2.99,22910,68500.90000000001
218778,89603,1,4.63,23830,110332.9
218779,89603,2,4.47,22910,102407.7
218780,89604,1,13.8,23830,328854.0
218781,89604,2,16.26,22910,372516.6
218782,89604,3,18.17,20790,377754.3000000001
218783,89605,1,1.64,23830,39081.2
218784,89605,2,1.71,22910,39176.1
218785,89606,1,5.28,23830,125822.4
218786,89606,2,19.77,22910,452930.7
218787,89606,3,4.1,20790,85238.99999999999
218788,89607,1,1.59,23830,37889.7
218789,89607,2,3.49,22910,79955.90000000001
218790,89608,1,2.94,23830,70060.2
218791,89608,2,1.8,22910,41238.0
218792,89609,1,3.58,23830,85311.40000000001
218793,89609,2,1.96,22910,44903.6
218794,89610,1,12.87,23830,306692.1
218795,89610,2,2.21,22910,50631.1
218796,89610,3,19.25,20790,400207.5
218797,89611,1,4.17,23830,99371.1
218798,89611,2,1.07,22910,24513.7
218799,89612,1,18.61,23830,443476.3
218800,89612,2,19.03,22910,435977.3000000001
218801,89612,3,5.36,20790,111434.4
218802,89613,1,15.08,23830,359356.4
218803,89613,2,8.05,22910,184425.50000000003
218804,89613,3,5.95,20790,123700.5
218805,89614,1,1.99,23830,47421.7
218806,89614,2,1.02,22910,23368.2
218807,89615,1,3.69,23830,87932.7
218808,89615,2,4.17,22910,95534.7
218809,89616,1,4.56,23830,108664.8
218810,89616,2,4.25,22910,97367.5
218811,89617,1,2.74,23830,65294.2
218812,89617,2,6.32,22910,144791.2
218813,89617,3,19.14,20790,397920.6
218814,89618,1,4.95,23830,117958.5
218815,89618,2,4.84,22910,110884.4
218816,89619,1,11.03,23830,262844.9
218817,89619,2,15.04,22910,344566.4
218818,89619,3,17.0,20790,353430.0
218819,89620,1,7.83,23830,186588.9
218820,89620,2,2.42,22910,55442.2
218821,89620,3,1.05,20790,21829.5
218822,89621,1,3.02,23830,71966.6
218823,89621,2,1.66,22910,38030.6
218824,89622,1,1.76,23830,41940.8
218825,89622,2,3.49,22910,79955.90000000001
218826,89623,1,1.84,23830,43847.2
218827,89623,2,1.1,22910,25201.000000000004
218828,89624,1,14.9,23830,355067.0
218829,89624,2,7.16,22910,164035.6
218830,89624,3,15.23,20790,316631.7
218831,89625,1,1.17,23830,27881.1
218832,89625,2,2.1,22910,48111.0
218833,89626,1,8.26,23830,196835.8
218834,89626,2,15.23,22910,348919.3
218835,89626,3,19.18,20790,398752.2
218836,89627,1,1.86,23830,44323.8
218837,89627,2,1.6,22910,36656.0
218838,89628,1,4.76,23830,113430.8
218839,89628,2,2.53,22910,57962.3
218840,89629,1,19.25,23830,458727.5
218841,89629,2,13.51,22910,309514.1
218842,89629,3,16.33,20790,339500.69999999995
218843,89630,1,14.06,23830,335049.8
218844,89630,2,18.35,22910,420398.50000000006
218845,89630,3,12.37,20790,257172.3
218846,89631,1,2.28,23830,54332.4
218847,89631,2,2.86,22910,65522.6
218848,89632,1,12.52,23830,298351.6
218849,89632,2,4.73,22910,108364.3
218850,89632,3,5.39,20790,112058.1
218851,89633,1,2.66,23830,63387.8
218852,89633,2,1.91,22910,43758.1
218853,89634,1,5.21,23830,124154.3
218854,89634,2,14.3,22910,327613.0
218855,89634,3,14.49,20790,301247.1
218856,89635,1,14.25,23830,339577.5
218857,89635,2,2.55,22910,58420.49999999999
218858,89635,3,9.71,20790,201870.9
218859,89636,1,11.98,23830,285483.4
218860,89636,2,16.38,22910,375265.8
218861,89636,3,14.36,20790,298544.4
221721,90820,1,2.01,23830,47898.3
221722,90820,2,1.84,22910,42154.4
221723,90821,1,4.09,23830,97464.7
221724,90821,2,2.04,22910,46736.4
221725,90822,1,13.86,23830,330283.8
221726,90822,2,6.13,22910,140438.3
221727,90822,3,9.52,20790,197920.8
221728,90823,1,13.31,23830,317177.3
221729,90823,2,5.68,22910,130128.8
221730,90823,3,2.22,20790,46153.8
221731,90824,1,4.62,23830,110094.6
221732,90824,2,3.26,22910,74686.59999999999
221733,90825,1,3.91,23830,93175.3
221734,90825,2,2.2,22910,50402.00000000001
221735,90826,1,2.03,23830,48374.9
221736,90826,2,4.58,22910,104927.8
221737,90827,1,13.5,23830,321705.0
221738,90827,2,3.81,22910,87287.1
221739,90827,3,2.15,20790,44698.5
221740,90828,1,2.28,23830,54332.4
221741,90828,2,1.25,22910,28637.5
221742,90829,1,1.49,23830,35506.7
221743,90829,2,4.94,22910,113175.4
221744,90830,1,11.99,23830,285721.7
221745,90830,2,10.66,22910,244220.6
221746,90830,3,6.89,20790,143243.1
221747,90831,1,3.1,23830,73873.0
221748,90831,2,8.08,22910,185112.8
221749,90831,3,10.72,20790,222868.8
221750,90832,1,3.34,23830,79592.2
221751,90832,2,4.12,22910,94389.2
221752,90833,1,4.51,23830,107473.3
221753,90833,2,9.77,22910,223830.7
221754,90833,3,11.76,20790,244490.4
221755,90834,1,16.5,23830,393195.0
221756,90834,2,17.26,22910,395426.6
221757,90834,3,19.42,20790,403741.8000000001
221758,90835,1,2.07,23830,49328.1
221759,90835,2,2.05,22910,46965.49999999999
221760,90836,1,1.88,23830,44800.4
221761,90836,2,2.67,22910,61169.7
221762,90837,1,4.15,23830,98894.5
221763,90837,2,3.65,22910,83621.5
221764,90838,1,2.91,23830,69345.3
221765,90838,2,2.39,22910,54754.9
221766,90839,1,3.64,23830,86741.2
221767,90839,2,2.56,22910,58649.6
221768,90840,1,1.04,23830,24783.2
221769,90840,2,2.01,22910,46049.1
221770,90841,1,5.0,23830,119150.0
221771,90841,2,2.2,22910,50402.00000000001
221772,90842,1,12.1,23830,288343.0
221773,90842,2,19.51,22910,446974.1
221774,90842,3,8.78,20790,182536.2
221775,90843,1,1.62,23830,38604.600000000006
221776,90843,2,2.59,22910,59336.9
221777,90844,1,8.59,23830,204699.7
221778,90844,2,11.69,22910,267817.9
221779,90844,3,8.88,20790,184615.2
221780,90845,1,3.12,23830,74349.6
221781,90845,2,2.37,22910,54296.7
221782,90846,1,1.11,23830,26451.300000000003
221783,90846,2,1.74,22910,39863.4
221784,90847,1,9.33,23830,222333.9
221785,90847,2,18.49,22910,423605.9
221786,90847,3,12.86,20790,267359.4
221787,90848,1,8.55,23830,203746.50000000003
221788,90848,2,2.77,22910,63460.7
221789,90848,3,6.76,20790,140540.4
221790,90849,1,16.07,23830,382948.1
221791,90849,2,19.2,22910,439872.0
221792,90849,3,1.56,20790,32432.4
221793,90850,1,3.63,23830,86502.9
221794,90850,2,2.18,22910,49943.8
221795,90851,1,15.57,23830,371033.1
221796,90851,2,15.13,22910,346628.30000000005
221797,90851,3,2.56,20790,53222.4
221798,90852,1,13.65,23830,325279.5
221799,90852,2,2.79,22910,63918.9
221800,90852,3,11.87,20790,246777.3
221801,90853,1,2.49,23830,59336.7
221802,90853,2,4.79,22910,109738.9
221803,90854,1,14.24,23830,339339.2
221804,90854,2,10.24,22910,234598.4
221805,90854,3,19.24,20790,399999.6
221806,90855,1,3.48,23830,82928.4
221807,90855,2,2.79,22910,63918.9
221808,90856,1,4.54,23830,108188.2
221809,90856,2,3.88,22910,88890.8
221810,90857,1,11.51,23830,274283.3
221811,90857,2,15.76,22910,361061.6
221812,90857,3,12.66,20790,263201.4
221813,90858,1,18.4,23830,438472.0
221814,90858,2,4.88,22910,111800.8
221815,90858,3,18.05,20790,375259.5
221816,90859,1,1.8,23830,42894.0
221817,90859,2,3.97,22910,90952.7
221818,90860,1,19.45,23830,463493.5
221819,90860,2,15.79,22910,361748.9
221820,90860,3,14.32,20790,297712.8
221821,90861,1,6.19,23830,147507.7
221822,90861,2,15.3,22910,350523.0
221823,90861,3,17.24,20790,358419.6
221824,90862,1,11.02,23830,262606.6
221825,90862,2,1.73,22910,39634.3
221826,90862,3,15.66,20790,325571.4
221827,90863,1,18.22,23830,434182.6
221828,90863,2,14.6,22910,334486.0
221829,90863,3,14.66,20790,304781.4
221830,90864,1,7.11,23830,169431.30000000002
221831,90864,2,12.88,22910,295080.80000000005
221832,90864,3,10.9,20790,226611.0
221833,90865,1,4.78,23830,113907.4
221834,90865,2,2.85,22910,65293.5
221835,90866,1,1.38,23830,32885.399999999994
221836,90866,2,4.42,22910,101262.2
221837,90867,1,1.6,23830,38128.0
221838,90867,2,1.57,22910,35968.700000000004
221839,90868,1,4.54,23830,108188.2
221840,90868,2,4.31,22910,98742.1
221841,90869,1,4.59,23830,109379.7
221842,90869,2,2.17,22910,49714.7
221843,90870,1,4.93,23830,117481.9
221844,90870,2,3.78,22910,86599.79999999999
221845,90871,1,1.65,23830,39319.5
221846,90871,2,1.35,22910,30928.500000000004
221847,90872,1,9.31,23830,221857.3
221848,90872,2,7.73,22910,177094.30000000002
221849,90872,3,3.99,20790,82952.1
221850,90873,1,7.05,23830,168001.5
221851,90873,2,10.02,22910,229558.2
221852,90873,3,17.83,20790,370685.7
221853,90874,1,3.08,23830,73396.40000000001
221854,90874,2,3.61,22910,82705.09999999999
221855,90875,1,4.43,23830,105566.9
221856,90875,2,2.88,22910,65980.8
221857,90875,3,18.36,20790,381704.4
221858,90876,1,9.38,23830,223525.4
221859,90876,2,17.16,22910,393135.6
221860,90876,3,16.38,20790,340540.19999999995
221861,90877,1,4.03,23830,96034.9
221862,90877,2,11.75,22910,269192.5
221863,90877,3,9.07,20790,188565.3
221864,90878,1,2.25,23830,53617.5
221865,90878,2,19.92,22910,456367.2
221866,90878,3,11.79,20790,245114.1
221867,90879,1,4.29,23830,102230.7
221868,90879,2,3.57,22910,81788.7
221869,90880,1,4.67,23830,111286.1
221870,90880,2,4.42,22910,101262.2
221871,90881,1,12.68,23830,302164.4
221872,90881,2,18.25,22910,418107.5
221873,90881,3,14.71,20790,305820.9
221874,90882,1,18.15,23830,432514.5
221875,90882,2,3.55,22910,81330.5
221876,90882,3,11.52,20790,239500.8
221877,90883,1,3.08,23830,73396.40000000001
221878,90883,2,1.14,22910,26117.4
221879,90884,1,8.9,23830,212087.0
221880,90884,2,9.26,22910,212146.6
221881,90884,3,6.95,20790,144490.5
221882,90885,1,10.6,23830,252598.0
221883,90885,2,17.04,22910,390386.4
221884,90885,3,3.81,20790,79209.9
221885,90886,1,19.81,23830,472072.3
221886,90886,2,8.08,22910,185112.8
221887,90886,3,14.66,20790,304781.4
221888,90887,1,12.46,23830,296921.80000000005
221889,90887,2,14.62,22910,334944.19999999995
221890,90887,3,4.63,20790,96257.7
221891,90888,1,4.97,23830,118435.1
221892,90888,2,2.98,22910,68271.8
221893,90889,1,4.03,23830,96034.9
221894,90889,2,2.29,22910,52463.9
221895,90890,1,15.26,23830,363645.8
221896,90890,2,8.06,22910,184654.6
221897,90890,3,14.8,20790,307692.0
221898,90891,1,2.46,23830,58621.8
221899,90891,2,3.35,22910,76748.5
224965,92155,1,10.92,23830,260223.6
224966,92155,2,12.56,22910,287749.60000000003
224967,92155,3,12.49,20790,259667.1
224968,92156,1,1.36,23830,32408.800000000003
224969,92156,2,3.1,22910,71021.0
224970,92157,1,3.72,23830,88647.6
224971,92157,2,2.21,22910,50631.1
224972,92158,1,15.57,23830,371033.1
224973,92158,2,3.99,22910,91410.9
224974,92158,3,11.94,20790,248232.6
224975,92159,1,17.53,23830,417739.9
224976,92159,2,8.59,22910,196796.9
224977,92159,3,3.24,20790,67359.6
224978,92160,1,10.65,23830,253789.5
224979,92160,2,14.89,22910,341129.9
224980,92160,3,1.83,20790,38045.7
224981,92161,1,4.01,23830,95558.3
224982,92161,2,1.74,22910,39863.4
224983,92162,1,6.47,23830,154180.1
224984,92162,2,10.39,22910,238034.9
224985,92162,3,11.3,20790,234927.00000000003
224986,92163,1,5.59,23830,133209.69999999998
224987,92163,2,15.11,22910,346170.1
224988,92163,3,3.09,20790,64241.1
224989,92164,1,14.63,23830,348632.9
224990,92164,2,13.06,22910,299204.60000000003
224991,92164,3,4.58,20790,95218.2
224992,92165,1,5.35,23830,127490.5
224993,92165,2,11.99,22910,274690.9
224994,92165,3,19.32,20790,401662.8
224995,92166,1,10.15,23830,241874.5
224996,92166,2,3.8,22910,87058.0
224997,92166,3,2.68,20790,55717.2
224998,92167,1,3.46,23830,82451.8
224999,92167,2,2.83,22910,64835.3
225000,92168,1,12.14,23830,289296.2
225001,92168,2,6.54,22910,149831.4
225002,92168,3,18.48,20790,384199.2
225003,92169,1,17.09,23830,407254.7
225004,92169,2,11.5,22910,263465.0
225005,92169,3,13.58,20790,282328.2
225006,92170,1,1.32,23830,31455.6
225007,92170,2,9.97,22910,228412.7
225008,92170,3,6.7,20790,139293.0
225009,92171,1,2.24,23830,53379.2
225010,92171,2,8.43,22910,193131.3
225011,92171,3,7.97,20790,165696.3
225012,92172,1,3.98,23830,94843.4
225013,92172,2,1.96,22910,44903.6
225014,92173,1,2.46,23830,58621.8
225015,92173,2,3.07,22910,70333.7
225016,92174,1,2.18,23830,51949.4
225017,92174,2,4.44,22910,101720.4
225018,92175,1,3.71,23830,88409.3
225019,92175,2,2.15,22910,49256.5
225020,92176,1,2.01,23830,47898.3
225021,92176,2,3.71,22910,84996.1
225022,92177,1,11.3,23830,269279.0
225023,92177,2,17.08,22910,391302.8
225024,92177,3,15.72,20790,326818.8
225025,92178,1,16.78,23830,399867.4
225026,92178,2,4.21,22910,96451.1
225027,92178,3,17.01,20790,353637.9
225028,92179,1,2.85,23830,67915.5
225029,92179,2,4.25,22910,97367.5
225030,92180,1,3.47,23830,82690.1
225031,92180,2,1.47,22910,33677.7
225032,92181,1,3.26,23830,77685.79999999999
225033,92181,2,3.27,22910,74915.7
225034,92182,1,3.89,23830,92698.7
225035,92182,2,1.97,22910,45132.7
225036,92183,1,1.72,23830,40987.6
225037,92183,2,4.42,22910,101262.2
225038,92184,1,4.91,23830,117005.3
225039,92184,2,1.65,22910,37801.5
225040,92185,1,1.64,23830,39081.2
225041,92185,2,3.79,22910,86828.9
225042,92186,1,10.67,23830,254266.1
225043,92186,2,2.21,22910,50631.1
225044,92186,3,6.1,20790,126819.0
225045,92187,1,3.88,23830,92460.4
225046,92187,2,4.79,22910,109738.9
225047,92188,1,12.99,23830,309551.7
225048,92188,2,6.74,22910,154413.4
225049,92188,3,3.29,20790,68399.1
225050,92189,1,2.66,23830,63387.8
225051,92189,2,4.94,22910,113175.4
225052,92190,1,1.22,23830,29072.6
225053,92190,2,4.65,22910,106531.5
225054,92191,1,19.39,23830,462063.7
225055,92191,2,3.83,22910,87745.3
225056,92191,3,3.9,20790,81081.0
225057,92192,1,16.86,23830,401773.8
225058,92192,2,17.59,22910,402986.9
225059,92192,3,6.47,20790,134511.3
225060,92193,1,3.97,23830,94605.1
225061,92193,2,6.14,22910,140667.4
225062,92193,3,7.25,20790,150727.5
225063,92194,1,1.43,23830,34076.9
225064,92194,2,1.02,22910,23368.2
225065,92195,1,2.76,23830,65770.79999999999
225066,92195,2,2.2,22910,50402.00000000001
225067,92196,1,1.13,23830,26927.9
225068,92196,2,1.75,22910,40092.5
225069,92197,1,2.0,23830,47660.0
225070,92197,2,3.52,22910,80643.2
225071,92198,1,2.52,23830,60051.6
225072,92198,2,4.43,22910,101491.3
225073,92199,1,2.3,23830,54808.99999999999
225074,92199,2,9.45,22910,216499.5
225075,92199,3,17.86,20790,371309.4
225076,92200,1,3.94,23830,93890.2
225077,92200,2,4.77,22910,109280.7
225078,92201,1,13.99,23830,333381.7
225079,92201,2,16.75,22910,383742.5
225080,92201,3,18.76,20790,390020.4
225081,92202,1,4.87,23830,116052.1
225082,92202,2,3.93,22910,90036.3
225083,92203,1,1.59,23830,37889.7
225084,92203,2,1.38,22910,31615.8
225085,92204,1,4.58,23830,109141.4
225086,92204,2,1.36,22910,31157.6
225087,92205,1,3.18,23830,75779.40000000001
225088,92205,2,3.2,22910,73312.0
225089,92206,1,4.14,23830,98656.2
225090,92206,2,3.43,22910,78581.3
225091,92207,1,17.82,23830,424650.6
225092,92207,2,8.62,22910,197484.2
225093,92207,3,15.74,20790,327234.6
225094,92208,1,2.02,23830,48136.6
225095,92208,2,15.64,22910,358312.4
225096,92208,3,17.69,20790,367775.1
225097,92209,1,16.13,23830,384377.9
225098,92209,2,14.2,22910,325322.0
225099,92209,3,19.97,20790,415176.3
225100,92210,1,4.86,23830,115813.8
225101,92210,2,4.35,22910,99658.5
225102,92211,1,1.36,23830,32408.800000000003
225103,92211,2,1.39,22910,31844.9
225104,92212,1,4.46,23830,106281.8
225105,92212,2,4.3,22910,98513.0
225106,92213,1,4.76,23830,113430.8
225107,92213,2,1.94,22910,44445.4
225108,92214,1,1.8,23830,42894.0
225109,92214,2,4.69,22910,107447.9
225110,92215,1,3.05,23830,72681.5
225111,92215,2,3.81,22910,87287.1
225112,92216,1,17.85,23830,425365.50000000006
225113,92216,2,6.51,22910,149144.1
225114,92216,3,1.27,20790,26403.3
228020,93406,1,4.28,23830,101992.4
228021,93406,2,3.15,22910,72166.5
228022,93407,1,1.29,23830,30740.7
228023,93407,2,1.58,22910,36197.8
228024,93408,1,11.04,23830,263083.19999999995
228025,93408,2,3.71,22910,84996.1
228026,93408,3,10.28,20790,213721.2
228027,93409,1,11.87,23830,282862.1
228028,93409,2,3.17,22910,72624.7
228029,93409,3,17.55,20790,364864.5
228030,93410,1,7.76,23830,184920.8
228031,93410,2,3.73,22910,85454.3
228032,93410,3,5.05,20790,104989.5
228033,93411,1,3.2,23830,76256.0
228034,93411,2,2.13,22910,48798.3
228035,93412,1,2.35,23830,56000.5
228036,93412,2,13.96,22910,319823.60000000003
228037,93412,3,6.57,20790,136590.30000000002
228038,93413,1,1.23,23830,29310.9
228039,93413,2,2.5,22910,57275.0
228040,93414,1,2.26,23830,53855.8
228041,93414,2,4.57,22910,104698.7
228042,93415,1,2.78,23830,66247.4
228043,93415,2,1.33,22910,30470.300000000003
228044,93416,1,1.35,23830,32170.500000000004
228045,93416,2,4.13,22910,94618.3
228046,93417,1,13.06,23830,311219.8
228047,93417,2,8.76,22910,200691.6
228048,93417,3,6.81,20790,141579.9
228049,93418,1,6.8,23830,162044.0
228050,93418,2,6.79,22910,155558.9
228051,93418,3,5.97,20790,124116.3
228052,93419,1,1.49,23830,35506.7
228053,93419,2,4.17,22910,95534.7
228054,93420,1,1.18,23830,28119.4
228055,93420,2,2.97,22910,68042.70000000001
228056,93421,1,4.69,23830,111762.7
228057,93421,2,1.08,22910,24742.800000000003
228058,93422,1,3.47,23830,82690.1
228059,93422,2,14.06,22910,322114.60000000003
228060,93422,3,1.96,20790,40748.4
228061,93423,1,1.81,23830,43132.3
228062,93423,2,8.32,22910,190611.2
228063,93423,3,16.46,20790,342203.4
228064,93424,1,2.45,23830,58383.50000000001
228065,93424,2,2.29,22910,52463.9
228066,93425,1,11.53,23830,274759.9
228067,93425,2,13.53,22910,309972.3
228068,93425,3,7.45,20790,154885.5
228069,93426,1,3.59,23830,85549.7
228070,93426,2,2.81,22910,64377.1
228071,93427,1,13.8,23830,328854.0
228072,93427,2,13.92,22910,318907.2
228073,93427,3,14.32,20790,297712.8
228074,93428,1,3.3,23830,78639.0
228075,93428,2,3.53,22910,80872.29999999999
228076,93429,1,9.38,23830,223525.4
228077,93429,2,8.11,22910,185800.1
228078,93429,3,16.68,20790,346777.2
228079,93430,1,2.72,23830,64817.600000000006
228080,93430,2,2.36,22910,54067.6
228081,93431,1,9.98,23830,237823.4
228082,93431,2,1.23,22910,28179.3
228083,93431,3,4.9,20790,101871.0
228084,93432,1,3.67,23830,87456.09999999999
228085,93432,2,1.57,22910,35968.700000000004
228086,93433,1,3.56,23830,84834.8
228087,93433,2,2.26,22910,51776.6
228088,93434,1,1.12,23830,26689.6
228089,93434,2,2.79,22910,63918.9
228090,93435,1,6.88,23830,163950.4
228091,93435,2,5.49,22910,125775.9
228092,93435,3,2.49,20790,51767.100000000006
228093,93436,1,15.86,23830,377943.8
228094,93436,2,6.77,22910,155100.69999999998
228095,93436,3,18.55,20790,385654.5
228096,93437,1,8.22,23830,195882.6
228097,93437,2,16.89,22910,386949.9
228098,93437,3,11.89,20790,247193.1
228099,93438,1,4.21,23830,100324.3
228100,93438,2,4.23,22910,96909.3
228101,93439,1,1.57,23830,37413.1
228102,93439,2,4.1,22910,93931.0
228103,93440,1,10.22,23830,243542.6
228104,93440,2,10.13,22910,232078.3
228105,93440,3,3.69,20790,76715.1
228106,93441,1,11.01,23830,262368.3
228107,93441,2,9.01,22910,206419.1
228108,93441,3,3.23,20790,67151.7
228109,93442,1,4.94,23830,117720.2
228110,93442,2,2.88,22910,65980.8
228111,93443,1,3.85,23830,91745.5
228112,93443,2,1.74,22910,39863.4
228113,93444,1,3.4,23830,81022.0
228114,93444,2,3.73,22910,85454.3
228115,93445,1,14.7,23830,350301.0
228116,93445,2,6.68,22910,153038.8
228117,93445,3,5.48,20790,113929.2
228118,93446,1,4.65,23830,110809.5
228119,93446,2,1.89,22910,43299.9
228120,93447,1,8.11,23830,193261.3
228121,93447,2,6.74,22910,154413.4
228122,93447,3,10.67,20790,221829.3
228123,93448,1,5.39,23830,128443.7
228124,93448,2,11.69,22910,267817.9
228125,93448,3,8.31,20790,172764.90000000002
228126,93449,1,5.6,23830,133448.0
228127,93449,2,12.23,22910,280189.3
228128,93449,3,13.92,20790,289396.8
228129,93450,1,3.77,23830,89839.1
228130,93450,2,1.15,22910,26346.5
228131,93451,1,16.52,23830,393671.6
228132,93451,2,3.92,22910,89807.2
228133,93451,3,8.54,20790,177546.59999999998
228134,93452,1,3.76,23830,89600.79999999999
228135,93452,2,3.83,22910,87745.3
228136,93453,1,1.49,23830,35506.7
228137,93453,2,1.29,22910,29553.9
228138,93454,1,2.91,23830,69345.3
228139,93454,2,4.55,22910,104240.5
228140,93455,1,2.9,23830,69107.0
228141,93455,2,15.25,22910,349377.5
228142,93455,3,8.22,20790,170893.80000000002
228143,93456,1,17.36,23830,413688.8
228144,93456,2,15.88,22910,363810.8000000001
228145,93456,3,15.45,20790,321205.5
228146,93457,1,4.16,23830,99132.8
228147,93457,2,4.37,22910,100116.7
228148,93457,3,2.77,20790,57588.3
228149,93458,1,2.19,23830,52187.7
228150,93458,2,11.37,22910,260486.7
228151,93458,3,10.34,20790,214968.6
228152,93459,1,2.36,23830,56238.8
228153,93459,2,2.95,22910,67584.5
228154,93460,1,4.87,23830,116052.1
228155,93460,2,4.1,22910,93931.0
228156,93461,1,12.69,23830,302402.7
228157,93461,2,3.08,22910,70562.8
228158,93461,3,11.69,20790,243035.1
228159,93462,1,3.64,23830,86741.2
228160,93462,2,1.09,22910,24971.9
228161,93462,3,11.4,20790,237006.0
228162,93463,1,3.54,23830,84358.2
228163,93463,2,4.75,22910,108822.5
231159,94684,1,2.16,23830,51472.8
231160,94684,2,1.54,22910,35281.4
231161,94685,1,3.44,23830,81975.2
231162,94685,2,1.09,22910,24971.9
231163,94686,1,1.94,23830,46230.2
231164,94686,2,4.44,22910,101720.4
231165,94687,1,3.66,23830,87217.8
231166,94687,2,2.53,22910,57962.3
231167,94688,1,1.61,23830,38366.3
231168,94688,2,2.61,22910,59795.1
231169,94688,3,3.1,20790,64449.0
231170,94689,1,3.44,23830,81975.2
231171,94689,2,2.61,22910,59795.1
231172,94690,1,2.0,23830,47660.0
231173,94690,2,3.21,22910,73541.1
231174,94691,1,12.14,23830,289296.2
231175,94691,2,1.93,22910,44216.3
231176,94691,3,18.7,20790,388773.0
231177,94692,1,4.68,23830,111524.4
231178,94692,2,6.96,22910,159453.6
231179,94692,3,9.85,20790,204781.5
231180,94693,1,1.67,23830,39796.1
231181,94693,2,3.78,22910,86599.79999999999
231182,94694,1,1.4,23830,33362.0
231183,94694,2,2.99,22910,68500.90000000001
231184,94695,1,3.71,23830,88409.3
231185,94695,2,1.62,22910,37114.2
231186,94696,1,2.77,23830,66009.1
231187,94696,2,4.24,22910,97138.4
231188,94696,3,4.21,20790,87525.9
231189,94697,1,4.47,23830,106520.1
231190,94697,2,2.23,22910,51089.3
231191,94698,1,2.36,23830,56238.8
231192,94698,2,1.45,22910,33219.5
231193,94699,1,2.6,23830,61958.0
231194,94699,2,2.26,22910,51776.6
231195,94700,1,11.97,23830,285245.10000000003
231196,94700,2,4.59,22910,105156.9
231197,94700,3,12.7,20790,264033.0
231198,94701,1,10.32,23830,245925.6
231199,94701,2,13.63,22910,312263.30000000005
231200,94701,3,4.81,20790,99999.9
231201,94702,1,3.97,23830,94605.1
231202,94702,2,4.44,22910,101720.4
231203,94702,3,13.72,20790,285238.8
231204,94703,1,2.01,23830,47898.3
231205,94703,2,4.02,22910,92098.2
231206,94704,1,8.38,23830,199695.4
231207,94704,2,14.2,22910,325322.0
231208,94704,3,6.18,20790,128482.2
231209,94705,1,4.6,23830,109618.0
231210,94705,2,2.61,22910,59795.1
231211,94706,1,1.23,23830,29310.9
231212,94706,2,1.66,22910,38030.6
231213,94706,3,17.36,20790,360914.4
231214,94707,1,4.88,23830,116290.4
231215,94707,2,2.96,22910,67813.6
231216,94708,1,13.65,23830,325279.5
231217,94708,2,7.68,22910,175948.8
231218,94708,3,10.66,20790,221621.4
231219,94709,1,2.96,23830,70536.8
231220,94709,2,3.48,22910,79726.8
231221,94710,1,5.84,23830,139167.19999999998
231222,94710,2,5.17,22910,118444.7
231223,94710,3,11.76,20790,244490.4
231224,94711,1,4.4,23830,104852.0
231225,94711,2,3.6,22910,82476.0
231226,94712,1,7.18,23830,171099.4
231227,94712,2,12.02,22910,275378.2
231228,94712,3,19.57,20790,406860.3
231229,94713,1,4.29,23830,102230.7
231230,94713,2,4.57,22910,104698.7
231231,94714,1,2.83,23830,67438.90000000001
231232,94714,2,3.21,22910,73541.1
231233,94715,1,4.88,23830,116290.4
231234,94715,2,4.88,22910,111800.8
231235,94716,1,8.32,23830,198265.6
231236,94716,2,10.61,22910,243075.1
231237,94716,3,1.14,20790,23700.6
231238,94717,1,2.03,23830,48374.9
231239,94717,2,4.11,22910,94160.1
231240,94718,1,3.96,23830,94366.8
231241,94718,2,2.72,22910,62315.2
231242,94719,1,6.99,23830,166571.7
231243,94719,2,8.86,22910,202982.6
231244,94719,3,2.09,20790,43451.1
231245,94720,1,4.71,23830,112239.3
231246,94720,2,1.94,22910,44445.4
231247,94721,1,14.79,23830,352445.69999999995
231248,94721,2,14.24,22910,326238.4
231249,94721,3,11.38,20790,236590.2
231250,94722,1,2.15,23830,51234.5
231251,94722,2,1.87,22910,42841.7
231252,94723,1,11.06,23830,263559.8
231253,94723,2,3.76,22910,86141.59999999999
231254,94723,3,5.15,20790,107068.5
231255,94724,1,1.34,23830,31932.2
231256,94724,2,3.15,22910,72166.5
231257,94725,1,6.35,23830,151320.5
231258,94725,2,15.6,22910,357396.0
231259,94725,3,15.36,20790,319334.4
231260,94726,1,1.54,23830,36698.2
231261,94726,2,3.16,22910,72395.6
231262,94727,1,12.01,23830,286198.3
231263,94727,2,1.54,22910,35281.4
231264,94727,3,14.74,20790,306444.6
231265,94728,1,2.43,23830,57906.9
231266,94728,2,4.95,22910,113404.5
231267,94729,1,4.77,23830,113669.1
231268,94729,2,2.18,22910,49943.8
231269,94729,3,6.05,20790,125779.5
231270,94730,1,3.48,23830,82928.4
231271,94730,2,1.8,22910,41238.0
231272,94731,1,9.88,23830,235440.4
231273,94731,2,18.38,22910,421085.8
231274,94731,3,19.6,20790,407484.00000000006
231275,94732,1,1.98,23830,47183.4
231276,94732,2,3.21,22910,73541.1
231277,94733,1,1.64,23830,39081.2
231278,94733,2,2.63,22910,60253.3
231279,94734,1,3.66,23830,87217.8
231280,94734,2,3.98,22910,91181.8
231281,94735,1,2.58,23830,61481.4
231282,94735,2,1.32,22910,30241.2
231283,94736,1,3.77,23830,89839.1
231284,94736,2,4.79,22910,109738.9
231285,94737,1,5.43,23830,129396.9
231286,94737,2,18.51,22910,424064.1
231287,94737,3,4.24,20790,88149.6
231288,94738,1,19.12,23830,455629.6
231289,94738,2,16.36,22910,374807.6
231290,94738,3,9.22,20790,191683.8
231291,94739,1,3.68,23830,87694.40000000001
231292,94739,2,12.36,22910,283167.6
231293,94739,3,5.44,20790,113097.6
231294,94740,1,4.79,23830,114145.7
231295,94740,2,1.03,22910,23597.3
231296,94741,1,4.65,23830,110809.5
231297,94741,2,4.52,22910,103553.2
231298,94742,1,5.79,23830,137975.7
231299,94742,2,2.51,22910,57504.1
231300,94742,3,5.52,20790,114760.8
231301,94743,1,2.04,23830,48613.2
231302,94743,2,3.12,22910,71479.2
231303,94744,1,13.88,23830,330760.4
231304,94744,2,2.65,22910,60711.5
231305,94744,3,14.17,20790,294594.3
234403,96009,1,1.66,23830,39557.8
234404,96009,2,1.25,22910,28637.5
234405,96010,1,2.73,23830,65055.9
234406,96010,2,4.52,22910,103553.2
234407,96011,1,2.72,23830,64817.600000000006
234408,96011,2,2.06,22910,47194.6
234409,96012,1,7.74,23830,184444.2
234410,96012,2,9.08,22910,208022.8
234411,96012,3,7.64,20790,158835.6
234412,96013,1,3.6,23830,85788.0
234413,96013,2,11.2,22910,256592.0
234414,96013,3,8.24,20790,171309.6
234415,96014,1,3.67,23830,87456.09999999999
234416,96014,2,1.67,22910,38259.7
234417,96015,1,3.51,23830,83643.29999999999
234418,96015,2,2.78,22910,63689.8
234419,96016,1,9.54,23830,227338.2
234420,96016,2,17.21,22910,394281.1
234421,96016,3,5.04,20790,104781.6
234422,96017,1,9.19,23830,218997.7
234423,96017,2,1.04,22910,23826.4
234424,96017,3,15.49,20790,322037.1
234425,96018,1,13.36,23830,318368.8
234426,96018,2,1.65,22910,37801.5
234427,96018,3,4.96,20790,103118.4
234428,96019,1,10.73,23830,255695.9
234429,96019,2,7.94,22910,181905.4
234430,96019,3,16.44,20790,341787.60000000003
234431,96020,1,18.88,23830,449910.4
234432,96020,2,1.71,22910,39176.1
234433,96020,3,12.95,20790,269230.5
234434,96021,1,7.66,23830,182537.8
234435,96021,2,3.44,22910,78810.4
234436,96021,3,10.87,20790,225987.3
234437,96022,1,2.28,23830,54332.4
234438,96022,2,1.43,22910,32761.3
234439,96023,1,2.98,23830,71013.4
234440,96023,2,3.52,22910,80643.2
234441,96024,1,3.75,23830,89362.5
234442,96024,2,3.43,22910,78581.3
234443,96025,1,4.18,23830,99609.4
234444,96025,2,2.35,22910,53838.5
234445,96026,1,3.19,23830,76017.7
234446,96026,2,3.37,22910,77206.7
234447,96027,1,4.47,23830,106520.1
234448,96027,2,1.69,22910,38717.9
234449,96028,1,18.65,23830,444429.5
234450,96028,2,5.58,22910,127837.8
234451,96028,3,19.06,20790,396257.4
234452,96029,1,4.72,23830,112477.6
234453,96029,2,1.81,22910,41467.1
234454,96030,1,4.06,23830,96749.8
234455,96030,2,1.5,22910,34365.0
234456,96031,1,2.09,23830,49804.7
234457,96031,2,2.96,22910,67813.6
234458,96032,1,1.49,23830,35506.7
234459,96032,2,2.3,22910,52692.99999999999
234460,96033,1,2.17,23830,51711.1
234461,96033,2,12.79,22910,293018.9
234462,96033,3,5.76,20790,119750.4
234463,96034,1,4.33,23830,103183.9
234464,96034,2,3.1,22910,71021.0
234465,96035,1,3.52,23830,83881.6
234466,96035,2,16.21,22910,371371.1
234467,96035,3,15.92,20790,330976.8
234468,96036,1,1.76,23830,41940.8
234469,96036,2,2.19,22910,50172.9
234470,96037,1,5.47,23830,130350.1
234471,96037,2,14.56,22910,333569.60000000003
234472,96037,3,10.64,20790,221205.6
234473,96038,1,3.46,23830,82451.8
234474,96038,2,3.82,22910,87516.2
234475,96039,1,1.36,23830,32408.800000000003
234476,96039,2,2.66,22910,60940.600000000006
234477,96040,1,4.99,23830,118911.7
234478,96040,2,4.93,22910,112946.3
234479,96041,1,2.39,23830,56953.7
234480,96041,2,3.22,22910,73770.20000000001
234481,96042,1,9.49,23830,226146.7
234482,96042,2,2.17,22910,49714.7
234483,96042,3,18.69,20790,388565.1
234484,96043,1,3.78,23830,90077.4
234485,96043,2,3.42,22910,78352.2
234486,96044,1,3.51,23830,83643.29999999999
234487,96044,2,2.51,22910,57504.1
234488,96045,1,1.82,23830,43370.6
234489,96045,2,1.21,22910,27721.1
234490,96046,1,1.86,23830,44323.8
234491,96046,2,2.44,22910,55900.4
234492,96047,1,3.5,23830,83405.0
234493,96047,2,4.55,22910,104240.5
234494,96048,1,1.91,23830,45515.3
234495,96048,2,1.12,22910,25659.2
234496,96049,1,16.07,23830,382948.1
234497,96049,2,16.93,22910,387866.3
234498,96049,3,4.15,20790,86278.50000000001
234499,96050,1,6.03,23830,143694.9
234500,96050,2,3.0,22910,68730.0
234501,96050,3,2.33,20790,48440.7
234502,96051,1,4.13,23830,98417.9
234503,96051,2,2.0,22910,45820.0
234504,96052,1,3.68,23830,87694.40000000001
234505,96052,2,2.18,22910,49943.8
234506,96053,1,4.45,23830,106043.5
234507,96053,2,2.15,22910,49256.5
234508,96054,1,2.13,23830,50757.9
234509,96054,2,13.34,22910,305619.4
234510,96054,3,6.94,20790,144282.6
234511,96055,1,10.25,23830,244257.5
234512,96055,2,11.0,22910,252010.0
234513,96055,3,15.01,20790,312057.9
234514,96056,1,2.46,23830,58621.8
234515,96056,2,2.9,22910,66439.0
234516,96057,1,3.87,23830,92222.1
234517,96057,2,4.88,22910,111800.8
234518,96058,1,4.94,23830,117720.2
234519,96058,2,3.95,22910,90494.5
234520,96058,3,10.16,20790,211226.4
234521,96059,1,2.73,23830,65055.9
234522,96059,2,4.72,22910,108135.2
234523,96060,1,1.79,23830,42655.7
234524,96060,2,4.05,22910,92785.5
234525,96061,1,15.53,23830,370079.9
234526,96061,2,10.25,22910,234827.5
234527,96061,3,2.95,20790,61330.50000000001
234528,96062,1,8.21,23830,195644.3
234529,96062,2,3.31,22910,75832.1
234530,96062,3,8.48,20790,176299.2
234531,96063,1,1.09,23830,25974.7
234532,96063,2,19.68,22910,450868.8
234533,96063,3,7.6,20790,158004.0
234534,96064,1,7.33,23830,174673.9
234535,96064,2,14.92,22910,341817.2
234536,96064,3,13.22,20790,274843.8
234537,96065,1,1.68,23830,40034.4
234538,96065,2,3.84,22910,87974.4
234539,96066,1,2.17,23830,51711.1
234540,96066,2,3.45,22910,79039.5
234541,96067,1,2.05,23830,48851.49999999999
234542,96067,2,1.27,22910,29095.7
234543,96068,1,4.05,23830,96511.5
234544,96068,2,2.75,22910,63002.5
234545,96069,1,4.01,23830,95558.3
234546,96069,2,4.9,22910,112259.0
234547,96070,1,3.64,23830,86741.2
234548,96070,2,2.79,22910,63918.9
234549,96071,1,2.19,23830,52187.7
234550,96071,2,4.65,22910,106531.5
234551,96072,1,4.1,23830,97703.0
234552,96072,2,4.9,22910,112259.0
234553,96073,1,2.61,23830,62196.3
234554,96073,2,1.57,22910,35968.700000000004
237633,97321,1,1.87,23830,44562.100000000006
237634,97321,2,1.2,22910,27492.0
237635,97322,1,2.75,23830,65532.5
237636,97322,2,19.09,22910,437351.9
237637,97322,3,7.62,20790,158419.8
237638,97323,1,4.23,23830,100800.9
237639,97323,2,2.79,22910,63918.9
237640,97324,1,1.14,23830,27166.2
237641,97324,2,14.94,22910,342275.4
237642,97324,3,8.83,20790,183575.7
237643,97325,1,3.57,23830,85073.09999999999
237644,97325,2,2.83,22910,64835.3
237645,97326,1,7.06,23830,168239.8
237646,97326,2,2.3,22910,52692.99999999999
237647,97326,3,7.24,20790,150519.6
237648,97327,1,12.08,23830,287866.4
237649,97327,2,8.33,22910,190840.3
237650,97327,3,17.64,20790,366735.6
237651,97328,1,4.39,23830,104613.7
237652,97328,2,1.06,22910,24284.6
237653,97329,1,3.43,23830,81736.90000000001
237654,97329,2,3.42,22910,78352.2
237655,97330,1,7.56,23830,180154.8
237656,97330,2,4.74,22910,108593.4
237657,97330,3,12.46,20790,259043.4
237658,97331,1,2.72,23830,64817.600000000006
237659,97331,2,13.6,22910,311576.0
237660,97331,3,2.95,20790,61330.50000000001
237661,97332,1,19.04,23830,453723.2
237662,97332,2,16.9,22910,387179.0
237663,97332,3,6.81,20790,141579.9
237664,97333,1,3.43,23830,81736.90000000001
237665,97333,2,2.06,22910,47194.6
237666,97334,1,4.15,23830,98894.5
237667,97334,2,4.41,22910,101033.1
237668,97335,1,3.41,23830,81260.3
237669,97335,2,2.58,22910,59107.8
237670,97336,1,2.7,23830,64341.00000000001
237671,97336,2,16.01,22910,366789.1
237672,97336,3,8.61,20790,179001.9
237673,97337,1,4.65,23830,110809.5
237674,97337,2,1.6,22910,36656.0
237675,97338,1,13.4,23830,319322.0
237676,97338,2,15.02,22910,344108.2
237677,97338,3,7.33,20790,152390.7
237678,97339,1,4.56,23830,108664.8
237679,97339,2,10.33,22910,236660.3
237680,97339,3,16.88,20790,350935.19999999995
237681,97340,1,19.65,23830,468259.5
237682,97340,2,14.38,22910,329445.80000000005
237683,97340,3,14.36,20790,298544.4
237684,97341,1,6.04,23830,143933.2
237685,97341,2,12.61,22910,288895.1
237686,97341,3,10.8,20790,224532.00000000003
237687,97342,1,9.85,23830,234725.5
237688,97342,2,18.87,22910,432311.7
237689,97342,3,1.07,20790,22245.300000000003
237690,97343,1,2.18,23830,51949.4
237691,97343,2,4.19,22910,95992.9
237692,97344,1,1.97,23830,46945.1
237693,97344,2,1.28,22910,29324.8
237694,97345,1,3.23,23830,76970.9
237695,97345,2,3.87,22910,88661.7
237696,97346,1,3.0,23830,71490.0
237697,97346,2,4.84,22910,110884.4
237698,97346,3,18.83,20790,391475.7
237699,97347,1,1.33,23830,31693.9
237700,97347,2,3.45,22910,79039.5
237701,97348,1,13.44,23830,320275.2
237702,97348,2,19.42,22910,444912.2
237703,97348,3,7.48,20790,155509.2
237704,97349,1,3.08,23830,73396.40000000001
237705,97349,2,1.59,22910,36426.9
237706,97350,1,14.75,23830,351492.5
237707,97350,2,12.2,22910,279502.0
237708,97350,3,8.24,20790,171309.6
237709,97351,1,2.93,23830,69821.90000000001
237710,97351,2,1.54,22910,35281.4
237711,97352,1,4.62,23830,110094.6
237712,97352,2,3.58,22910,82017.8
237713,97353,1,2.39,23830,56953.7
237714,97353,2,2.05,22910,46965.49999999999
237715,97354,1,1.82,23830,43370.6
237716,97354,2,1.94,22910,44445.4
237717,97355,1,2.39,23830,56953.7
237718,97355,2,4.52,22910,103553.2
237719,97356,1,11.13,23830,265227.9
237720,97356,2,4.58,22910,104927.8
237721,97356,3,7.28,20790,151351.2
237722,97357,1,17.83,23830,424888.9
237723,97357,2,5.15,22910,117986.5
237724,97357,3,14.48,20790,301039.2
237725,97358,1,5.6,23830,133448.0
237726,97358,2,6.03,22910,138147.30000000002
237727,97358,3,19.81,20790,411849.9
237728,97359,1,2.7,23830,64341.00000000001
237729,97359,2,3.42,22910,78352.2
237730,97360,1,17.31,23830,412497.3
237731,97360,2,13.81,22910,316387.10000000003
237732,97360,3,14.4,20790,299376.0
237733,97361,1,19.36,23830,461348.8
237734,97361,2,1.29,22910,29553.9
237735,97361,3,4.72,20790,98128.8
237736,97362,1,5.48,23830,130588.4
237737,97362,2,15.1,22910,345941.0
237738,97362,3,17.43,20790,362369.7
237739,97363,1,3.53,23830,84119.9
237740,97363,2,2.0,22910,45820.0
237741,97364,1,3.02,23830,71966.6
237742,97364,2,3.7,22910,84767.0
237743,97365,1,2.9,23830,69107.0
237744,97365,2,3.6,22910,82476.0
237745,97366,1,18.85,23830,449195.50000000006
237746,97366,2,4.97,22910,113862.7
237747,97366,3,2.66,20790,55301.4
237748,97367,1,4.82,23830,114860.6
237749,97367,2,3.01,22910,68959.09999999999
237750,97368,1,19.91,23830,474455.3
237751,97368,2,17.22,22910,394510.2
237752,97368,3,2.18,20790,45322.2
237753,97369,1,6.83,23830,162758.9
237754,97369,2,2.85,22910,65293.5
237755,97369,3,8.89,20790,184823.1
237756,97370,1,1.41,23830,33600.3
237757,97370,2,2.4,22910,54984.0
237758,97371,1,1.1,23830,26213.000000000004
237759,97371,2,1.76,22910,40321.6
237760,97372,1,1.32,23830,31455.6
237761,97372,2,3.07,22910,70333.7
237762,97373,1,2.21,23830,52664.3
237763,97373,2,4.27,22910,97825.7
237764,97374,1,1.03,23830,24544.9
237765,97374,2,2.31,22910,52922.1
237766,97375,1,6.34,23830,151082.19999999998
237767,97375,2,10.87,22910,249031.7
237768,97375,3,16.3,20790,338877.0
237769,97376,1,16.06,23830,382709.8
237770,97376,2,12.12,22910,277669.19999999995
237771,97376,3,3.51,20790,72972.9
237772,97377,1,3.88,23830,92460.4
237773,97377,2,4.46,22910,102178.6
237774,97378,1,11.06,23830,263559.8
237775,97378,2,5.48,22910,125546.8
237776,97378,3,3.84,20790,79833.59999999999
237777,97379,1,3.39,23830,80783.7
237778,97379,2,4.09,22910,93701.9
237779,97380,1,18.53,23830,441569.9
237780,97380,2,3.65,22910,83621.5
237781,97380,3,16.37,20790,340332.30000000005
237782,97381,1,5.17,23830,123201.1
237783,97381,2,3.37,22910,77206.7
237784,97381,3,17.24,20790,358419.6
237785,97382,1,11.54,23830,274998.19999999995
237786,97382,2,5.13,22910,117528.3
237787,97382,3,4.91,20790,102078.9
237788,97383,1,14.35,23830,341960.5
237789,97383,2,5.75,22910,131732.5
237790,97383,3,19.91,20790,413928.9
237791,97384,1,8.66,23830,206367.8
237792,97384,2,1.34,22910,30699.4
237793,97384,3,11.71,20790,243450.9
237794,97385,1,18.46,23830,439901.8000000001
237795,97385,2,15.26,22910,349606.6
237796,97385,3,11.2,20790,232848.0
237797,97386,1,8.2,23830,195406.0
237798,97386,2,18.13,22910,415358.3
237799,97386,3,19.01,20790,395217.9
237800,97387,1,2.73,23830,65055.9
237801,97387,2,3.33,22910,76290.3
237802,97388,1,3.88,23830,92460.4
237803,97388,2,3.61,22910,82705.09999999999
237804,97389,1,1.32,23830,31455.6
237805,97389,2,3.74,22910,85683.40000000001
237806,97390,1,4.8,23830,114384.0
237807,97390,2,1.94,22910,44445.4
237808,97391,1,4.84,23830,115337.2
237809,97391,2,10.92,22910,250177.2
237810,97391,3,15.25,20790,317047.5
237811,97392,1,1.69,23830,40272.7
237812,97392,2,2.16,22910,49485.600000000006
237813,97393,1,3.8,23830,90554.0
237814,97393,2,3.48,22910,79726.8
237815,97394,1,2.76,23830,65770.79999999999
237816,97394,2,2.34,22910,53609.4
237817,97395,1,1.44,23830,34315.2
237818,97395,2,2.45,22910,56129.50000000001
237819,97396,1,19.15,23830,456344.5
237820,97396,2,9.74,22910,223143.4
237821,97396,3,7.12,20790,148024.8
237822,97397,1,2.68,23830,63864.4
237823,97397,2,4.52,22910,103553.2
237824,97398,1,2.89,23830,68868.7
237825,97398,2,3.26,22910,74686.59999999999
237826,97399,1,1.98,23830,47183.4
237827,97399,2,3.48,22910,79726.8
237828,97400,1,4.94,23830,117720.2
237829,97400,2,1.36,22910,31157.6
237830,97401,1,3.19,23830,76017.7
237831,97401,2,2.05,22910,46965.49999999999
237832,97402,1,13.97,23830,332905.10000000003
237833,97402,2,10.61,22910,243075.1
237834,97402,3,18.98,20790,394594.2
237835,97403,1,2.45,23830,58383.50000000001
237836,97403,2,2.64,22910,60482.4
237837,97404,1,3.02,23830,71966.6
237838,97404,2,3.03,22910,69417.29999999999
237839,97405,1,6.68,23830,159184.4
237840,97405,2,16.36,22910,374807.6
237841,97405,3,11.32,20790,235342.8
237842,97406,1,18.44,23830,439425.2
237843,97406,2,14.13,22910,323718.30000000005
237844,97406,3,16.66,20790,346361.4
237845,97407,1,19.33,23830,460633.9
237846,97407,2,9.33,22910,213750.3
237847,97407,3,5.79,20790,120374.1
237848,97408,1,3.71,23830,88409.3
237849,97408,2,1.29,22910,29553.9
237850,97409,1,4.53,23830,107949.9
237851,97409,2,2.23,22910,51089.3
237852,97410,1,15.34,23830,365552.2
237853,97410,2,4.73,22910,108364.3
237854,97410,3,5.69,20790,118295.1
237855,97411,1,11.33,23830,269993.9
237856,97411,2,2.51,22910,57504.1
237857,97411,3,11.16,20790,232016.4
237858,97412,1,2.98,23830,71013.4
237859,97412,2,1.61,22910,36885.100000000006
237860,97413,1,12.58,23830,299781.4
237861,97413,2,4.86,22910,111342.6
237862,97413,3,16.83,20790,349895.69999999995
237863,97414,1,10.52,23830,250691.6
237864,97414,2,18.27,22910,418565.7
237865,97414,3,2.63,20790,54677.7
237866,97415,1,17.28,23830,411782.4
237867,97415,2,5.24,22910,120048.4
237868,97415,3,3.19,20790,66320.1
237869,97416,1,15.22,23830,362692.6
237870,97416,2,11.47,22910,262777.7
237871,97416,3,12.23,20790,254261.7
237872,97417,1,17.73,23830,422505.9
237873,97417,2,7.83,22910,179385.3
237874,97417,3,6.88,20790,143035.2
237875,97418,1,3.48,23830,82928.4
237876,97418,2,14.14,22910,323947.4
237877,97418,3,18.73,20790,389396.7
237878,97419,1,2.91,23830,69345.3
237879,97419,2,3.12,22910,71479.2
237880,97420,1,4.87,23830,116052.1
237881,97420,2,1.79,22910,41008.9
237882,97421,1,2.95,23830,70298.5
237883,97421,2,8.55,22910,195880.50000000003
237884,97421,3,13.02,20790,270685.8
237885,97422,1,3.0,23830,71490.0
237886,97422,2,1.01,22910,23139.1
237887,97422,3,5.61,20790,116631.9
237888,97423,1,2.1,23830,50043.0
237889,97423,2,1.9,22910,43529.0
237890,97424,1,2.79,23830,66485.7
237891,97424,2,1.14,22910,26117.4
237892,97425,1,2.39,23830,56953.7
237893,97425,2,2.93,22910,67126.3
237894,97426,1,3.22,23830,76732.6
237895,97426,2,2.83,22910,64835.3
242368,99274,1,3.11,23830,74111.3
242369,99274,2,9.08,22910,208022.8
242370,99274,3,14.34,20790,298128.6
242371,99275,1,3.29,23830,78400.7
242372,99275,2,4.51,22910,103324.1
242373,99276,1,4.43,23830,105566.9
242374,99276,2,3.23,22910,73999.3
242375,99277,1,1.22,23830,29072.6
242376,99277,2,3.62,22910,82934.2
242377,99278,1,1.49,23830,35506.7
242378,99278,2,1.77,22910,40550.7
242379,99279,1,19.88,23830,473740.4
242380,99279,2,8.96,22910,205273.6
242381,99279,3,3.33,20790,69230.7
242382,99280,1,3.75,23830,89362.5
242383,99280,2,3.55,22910,81330.5
242384,99281,1,2.49,23830,59336.7
242385,99281,2,7.19,22910,164722.90000000002
242386,99281,3,13.78,20790,286486.2
242387,99282,1,1.97,23830,46945.1
242388,99282,2,3.09,22910,70791.9
242389,99283,1,3.78,23830,90077.4
242390,99283,2,15.7,22910,359687.0
242391,99283,3,11.36,20790,236174.4
242392,99284,1,16.62,23830,396054.6
242393,99284,2,2.72,22910,62315.2
242394,99284,3,16.95,20790,352390.5
242395,99285,1,17.53,23830,417739.9
242396,99285,2,9.91,22910,227038.1
242397,99285,3,12.94,20790,269022.6
242398,99286,1,1.35,23830,32170.500000000004
242399,99286,2,3.64,22910,83392.40000000001
242400,99287,1,1.81,23830,43132.3
242401,99287,2,2.45,22910,56129.50000000001
242402,99288,1,1.8,23830,42894.0
242403,99288,2,3.67,22910,84079.7
242404,99289,1,4.26,23830,101515.8
242405,99289,2,2.93,22910,67126.3
242406,99290,1,16.26,23830,387475.8000000001
242407,99290,2,4.66,22910,106760.6
242408,99290,3,17.35,20790,360706.50000000006
242409,99291,1,1.07,23830,25498.1
242410,99291,2,1.93,22910,44216.3
242411,99292,1,18.3,23830,436089.0
242412,99292,2,14.33,22910,328300.3
242413,99292,3,13.9,20790,288981.0
242414,99293,1,3.02,23830,71966.6
242415,99293,2,2.06,22910,47194.6
242416,99294,1,1.03,23830,24544.9
242417,99294,2,2.86,22910,65522.6
242418,99295,1,2.79,23830,66485.7
242419,99295,2,3.31,22910,75832.1
242420,99296,1,2.28,23830,54332.4
242421,99296,2,1.39,22910,31844.9
242422,99297,1,11.25,23830,268087.5
242423,99297,2,2.54,22910,58191.4
242424,99297,3,11.37,20790,236382.3
242425,99298,1,3.29,23830,78400.7
242426,99298,2,4.47,22910,102407.7
242427,99299,1,3.02,23830,71966.6
242428,99299,2,2.95,22910,67584.5
242429,99299,3,17.82,20790,370477.8
242430,99300,1,3.59,23830,85549.7
242431,99300,2,1.78,22910,40779.8
242432,99301,1,4.25,23830,101277.5
242433,99301,2,3.62,22910,82934.2
242434,99302,1,17.26,23830,411305.8000000001
242435,99302,2,3.54,22910,81101.4
242436,99302,3,10.64,20790,221205.6
242437,99303,1,2.08,23830,49566.4
242438,99303,2,4.55,22910,104240.5
242439,99304,1,4.03,23830,96034.9
242440,99304,2,4.35,22910,99658.5
242441,99305,1,4.8,23830,114384.0
242442,99305,2,4.86,22910,111342.6
242443,99306,1,1.45,23830,34553.5
242444,99306,2,4.96,22910,113633.6
242445,99307,1,8.3,23830,197789.00000000003
242446,99307,2,16.23,22910,371829.3
242447,99307,3,3.71,20790,77130.9
242448,99308,1,1.27,23830,30264.1
242449,99308,2,2.31,22910,52922.1
242450,99309,1,18.47,23830,440140.1
242451,99309,2,5.99,22910,137230.9
242452,99309,3,1.78,20790,37006.2
242453,99310,1,2.15,23830,51234.5
242454,99310,2,2.39,22910,54754.9
242455,99311,1,3.78,23830,90077.4
242456,99311,2,1.76,22910,40321.6
242457,99312,1,5.83,23830,138928.9
242458,99312,2,4.76,22910,109051.6
242459,99312,3,7.83,20790,162785.7
242460,99313,1,19.2,23830,457536.0
242461,99313,2,15.3,22910,350523.0
242462,99313,3,14.23,20790,295841.7
242463,99314,1,1.29,23830,30740.7
242464,99314,2,1.67,22910,38259.7
242465,99315,1,14.99,23830,357211.7
242466,99315,2,10.13,22910,232078.3
242467,99315,3,11.02,20790,229105.8
242468,99316,1,2.47,23830,58860.100000000006
242469,99316,2,2.68,22910,61398.8
242470,99317,1,2.38,23830,56715.4
242471,99317,2,2.07,22910,47423.7
242472,99318,1,2.68,23830,63864.4
242473,99318,2,1.78,22910,40779.8
242474,99319,1,19.63,23830,467782.9
242475,99319,2,2.08,22910,47652.8
242476,99319,3,2.65,20790,55093.5
242477,99320,1,14.14,23830,336956.2
242478,99320,2,16.54,22910,378931.4
242479,99320,3,3.43,20790,71309.7
242480,99321,1,3.22,23830,76732.6
242481,99321,2,4.62,22910,105844.2
242482,99322,1,3.41,23830,81260.3
242483,99322,2,2.6,22910,59566.0
242484,99323,1,2.12,23830,50519.600000000006
242485,99323,2,1.09,22910,24971.9
242486,99324,1,4.92,23830,117243.6
242487,99324,2,4.93,22910,112946.3
242488,99325,1,2.75,23830,65532.5
242489,99325,2,4.92,22910,112717.2
242490,99326,1,2.27,23830,54094.1
242491,99326,2,1.91,22910,43758.1
242492,99327,1,1.09,23830,25974.7
242493,99327,2,1.82,22910,41696.2
242494,99328,1,4.83,23830,115098.9
242495,99328,2,2.13,22910,48798.3
242496,99329,1,4.59,23830,109379.7
242497,99329,2,4.06,22910,93014.6
242498,99330,1,8.4,23830,200172.0
242499,99330,2,19.49,22910,446515.9
242500,99330,3,18.37,20790,381912.3000000001
242501,99331,1,19.45,23830,463493.5
242502,99331,2,19.65,22910,450181.5
242503,99331,3,14.59,20790,303326.1
242504,99332,1,2.57,23830,61243.1
242505,99332,2,3.15,22910,72166.5
242506,99333,1,3.61,23830,86026.3
242507,99333,2,3.28,22910,75144.79999999999
242508,99333,3,3.83,20790,79625.7
242509,99334,1,4.64,23830,110571.2
242510,99334,2,1.63,22910,37343.3
242511,99335,1,9.23,23830,219950.9
242512,99335,2,16.83,22910,385575.3
242513,99335,3,3.24,20790,67359.6
242514,99336,1,2.41,23830,57430.3
242515,99336,2,2.26,22910,51776.6
242516,99337,1,13.52,23830,322181.6
242517,99337,2,10.47,22910,239867.7
242518,99337,3,14.7,20790,305613.0
242519,99338,1,7.46,23830,177771.8
242520,99338,2,4.04,22910,92556.4
242521,99338,3,7.68,20790,159667.19999999998
242522,99339,1,2.06,23830,49089.8
242523,99339,2,4.85,22910,111113.5
242524,99340,1,2.25,23830,53617.5
242525,99340,2,3.47,22910,79497.70000000001
242526,99341,1,1.82,23830,43370.6
242527,99341,2,1.38,22910,31615.8
242528,99342,1,12.63,23830,300972.9
242529,99342,2,19.28,22910,441704.8000000001
242530,99342,3,6.75,20790,140332.5
242531,99343,1,16.99,23830,404871.7
242532,99343,2,9.23,22910,211459.3
242533,99343,3,11.48,20790,238669.2
242534,99344,1,1.16,23830,27642.8
242535,99344,2,4.3,22910,98513.0
242536,99345,1,4.53,23830,107949.9
242537,99345,2,4.53,22910,103782.3
242538,99346,1,2.74,23830,65294.2
242539,99346,2,2.66,22910,60940.600000000006
242540,99347,1,2.95,23830,70298.5
242541,99347,2,1.72,22910,39405.2
242542,99348,1,1.17,23830,27881.1
242543,99348,2,3.33,22910,76290.3
242544,99349,1,10.88,23830,259270.4
242545,99349,2,1.28,22910,29324.8
242546,99349,3,9.53,20790,198128.7
242547,99350,1,18.01,23830,429178.3000000001
242548,99350,2,17.52,22910,401383.2
242549,99350,3,17.47,20790,363201.3
242550,99351,1,2.35,23830,56000.5
242551,99351,2,2.75,22910,63002.5
242552,99352,1,2.49,23830,59336.7
242553,99352,2,1.33,22910,30470.300000000003
242554,99352,3,11.49,20790,238877.1
242555,99353,1,17.18,23830,409399.4
242556,99353,2,11.44,22910,262090.4
242557,99353,3,15.34,20790,318918.6
242558,99354,1,1.32,23830,31455.6
242559,99354,2,1.23,22910,28179.3
242560,99355,1,4.25,23830,101277.5
242561,99355,2,4.83,22910,110655.3
242562,99356,1,1.77,23830,42179.1
242563,99356,2,3.39,22910,77664.90000000001
242564,99357,1,4.39,23830,104613.7
242565,99357,2,2.32,22910,53151.2
242566,99358,1,12.43,23830,296206.9
242567,99358,2,6.89,22910,157849.9
242568,99358,3,6.28,20790,130561.2
242569,99359,1,4.2,23830,100086.0
242570,99359,2,3.85,22910,88203.5
242571,99360,1,19.7,23830,469451.0
242572,99360,2,14.68,22910,336318.8
242573,99360,3,17.69,20790,367775.1
242574,99361,1,2.02,23830,48136.6
242575,99361,2,3.15,22910,72166.5
242576,99362,1,4.77,23830,113669.1
242577,99362,2,4.82,22910,110426.2
242578,99363,1,12.36,23830,294538.8
242579,99363,2,18.11,22910,414900.1
242580,99363,3,6.72,20790,139708.8
242581,99364,1,3.14,23830,74826.2
242582,99364,2,1.3,22910,29783.0
242583,99365,1,19.1,23830,455153.00000000006
242584,99365,2,7.61,22910,174345.1
242585,99365,3,12.54,20790,260706.6
242586,99366,1,2.91,23830,69345.3
242587,99366,2,2.29,22910,52463.9
242588,99367,1,3.25,23830,77447.5
242589,99367,2,1.15,22910,26346.5
242590,99368,1,2.39,23830,56953.7
242591,99368,2,1.06,22910,24284.6
242592,99368,3,13.5,20790,280665.0
242593,99369,1,1.96,23830,46706.8
242594,99369,2,4.98,22910,114091.8
242595,99370,1,4.05,23830,96511.5
242596,99370,2,1.43,22910,32761.3
242597,99371,1,2.26,23830,53855.8
242598,99371,2,3.64,22910,83392.40000000001
242599,99372,1,4.59,23830,109379.7
242600,99372,2,2.8,22910,64147.99999999999
242601,99373,1,3.52,23830,83881.6
242602,99373,2,2.63,22910,60253.3
242603,99374,1,3.51,23830,83643.29999999999
242604,99374,2,4.84,22910,110884.4
242605,99375,1,7.83,23830,186588.9
242606,99375,2,12.03,22910,275607.3
242607,99375,3,1.62,20790,33679.8
242608,99376,1,9.37,23830,223287.1
242609,99376,2,14.38,22910,329445.80000000005
242610,99376,3,5.85,20790,121621.5
242611,99377,1,4.04,23830,96273.2
242612,99377,2,1.42,22910,32532.2
242613,99378,1,2.5,23830,59575.0
242614,99378,2,4.57,22910,104698.7
242615,99379,1,8.52,23830,203031.6
242616,99379,2,3.06,22910,70104.6
242617,99379,3,6.79,20790,141164.1
242618,99380,1,1.61,23830,38366.3
242619,99380,2,1.77,22910,40550.7
242620,99381,1,10.69,23830,254742.7
242621,99381,2,3.11,22910,71250.09999999999
242622,99381,3,2.62,20790,54469.8
242623,99382,1,3.7,23830,88171.0
242624,99382,2,2.31,22910,52922.1
242625,99383,1,4.4,23830,104852.0
242626,99383,2,13.07,22910,299433.7
242627,99383,3,18.43,20790,383159.7
242628,99384,1,6.0,23830,142980.0
242629,99384,2,14.13,22910,323718.30000000005
242630,99384,3,15.02,20790,312265.8
242631,99385,1,1.21,23830,28834.3
242632,99385,2,2.76,22910,63231.6
242633,99386,1,3.19,23830,76017.7
242634,99386,2,3.45,22910,79039.5
242635,99387,1,18.41,23830,438710.3
242636,99387,2,16.04,22910,367476.4
242637,99387,3,5.32,20790,110602.8
242638,99388,1,3.97,23830,94605.1
242639,99388,2,3.93,22910,90036.3
242640,99389,1,4.96,23830,118196.8
242641,99389,2,4.63,22910,106073.3
242642,99390,1,4.02,23830,95796.6
242643,99390,2,3.17,22910,72624.7
247114,101209,1,1.68,23830,40034.4
247115,101209,2,4.32,22910,98971.2
247116,101210,1,17.58,23830,418931.4
247117,101210,2,14.68,22910,336318.8
247118,101210,3,1.38,20790,28690.2
247119,101211,1,17.93,23830,427271.9
247120,101211,2,14.2,22910,325322.0
247121,101211,3,9.41,20790,195633.9
247122,101212,1,9.0,23830,214470.0
247123,101212,2,11.93,22910,273316.3
247124,101212,3,2.31,20790,48024.9
247125,101213,1,5.56,23830,132494.8
247126,101213,2,6.09,22910,139521.9
247127,101213,3,10.21,20790,212265.9
247128,101214,1,4.43,23830,105566.9
247129,101214,2,1.74,22910,39863.4
247130,101215,1,2.71,23830,64579.3
247131,101215,2,2.38,22910,54525.8
247132,101216,1,3.04,23830,72443.2
247133,101216,2,1.84,22910,42154.4
247134,101217,1,1.57,23830,37413.1
247135,101217,2,1.88,22910,43070.8
247136,101218,1,2.19,23830,52187.7
247137,101218,2,4.17,22910,95534.7
247138,101219,1,11.5,23830,274045.0
247139,101219,2,11.77,22910,269650.7
247140,101219,3,14.94,20790,310602.6
247141,101220,1,9.1,23830,216853.0
247142,101220,2,9.87,22910,226121.7
247143,101220,3,2.06,20790,42827.4
247144,101221,1,4.79,23830,114145.7
247145,101221,2,4.61,22910,105615.1
247146,101222,1,7.23,23830,172290.90000000002
247147,101222,2,10.2,22910,233682.0
247148,101222,3,6.54,20790,135966.6
247149,101223,1,3.28,23830,78162.4
247150,101223,2,4.13,22910,94618.3
247151,101224,1,4.27,23830,101754.1
247152,101224,2,4.52,22910,103553.2
247153,101225,1,2.48,23830,59098.4
247154,101225,2,1.23,22910,28179.3
247155,101226,1,4.09,23830,97464.7
247156,101226,2,3.56,22910,81559.6
247157,101227,1,10.95,23830,260938.5
247158,101227,2,1.18,22910,27033.8
247159,101227,3,12.65,20790,262993.5
247160,101228,1,6.49,23830,154656.7
247161,101228,2,16.69,22910,382367.9
247162,101228,3,9.21,20790,191475.9
247163,101229,1,13.38,23830,318845.4
247164,101229,2,12.95,22910,296684.5
247165,101229,3,3.91,20790,81288.90000000001
247166,101230,1,3.71,23830,88409.3
247167,101230,2,3.7,22910,84767.0
247168,101230,3,7.32,20790,152182.80000000002
247169,101231,1,13.4,23830,319322.0
247170,101231,2,18.68,22910,427958.8
247171,101231,3,8.3,20790,172557.00000000003
247172,101232,1,5.38,23830,128205.4
247173,101232,2,3.05,22910,69875.5
247174,101232,3,3.62,20790,75259.8
247175,101233,1,15.28,23830,364122.4
247176,101233,2,19.95,22910,457054.5
247177,101233,3,15.02,20790,312265.8
247178,101234,1,4.41,23830,105090.3
247179,101234,2,1.67,22910,38259.7
247180,101235,1,4.56,23830,108664.8
247181,101235,2,1.51,22910,34594.1
247182,101236,1,14.67,23830,349586.1
247183,101236,2,7.13,22910,163348.3
247184,101236,3,5.55,20790,115384.5
247185,101237,1,4.99,23830,118911.7
247186,101237,2,2.84,22910,65064.4
247187,101238,1,5.08,23830,121056.4
247188,101238,2,4.87,22910,111571.7
247189,101238,3,13.1,20790,272349.0
247190,101239,1,4.8,23830,114384.0
247191,101239,2,13.4,22910,306994.0
247192,101239,3,16.06,20790,333887.4
247193,101240,1,14.08,23830,335526.4
247194,101240,2,19.1,22910,437581.00000000006
247195,101240,3,15.33,20790,318710.7
247196,101241,1,10.8,23830,257364.00000000003
247197,101241,2,18.12,22910,415129.2
247198,101241,3,15.26,20790,317255.4
247199,101242,1,1.27,23830,30264.1
247200,101242,2,4.7,22910,107677.0
247201,101243,1,2.34,23830,55762.2
247202,101243,2,1.25,22910,28637.5
247203,101244,1,8.86,23830,211133.8
247204,101244,2,11.14,22910,255217.4
247205,101244,3,13.49,20790,280457.1
247206,101245,1,4.11,23830,97941.3
247207,101245,2,4.81,22910,110197.1
247208,101246,1,2.95,23830,70298.5
247209,101246,2,4.45,22910,101949.5
247210,101247,1,18.13,23830,432037.9
247211,101247,2,18.42,22910,422002.2
247212,101247,3,5.11,20790,106236.9
247213,101248,1,3.47,23830,82690.1
247214,101248,2,3.05,22910,69875.5
247215,101249,1,2.59,23830,61719.7
247216,101249,2,15.67,22910,358999.7
247217,101249,3,19.52,20790,405820.8
247218,101250,1,3.3,23830,78639.0
247219,101250,2,14.01,22910,320969.1
247220,101250,3,2.87,20790,59667.3
247221,101251,1,3.32,23830,79115.59999999999
247222,101251,2,1.71,22910,39176.1
247223,101252,1,2.65,23830,63149.5
247224,101252,2,3.11,22910,71250.09999999999
247225,101253,1,18.57,23830,442523.1
247226,101253,2,13.65,22910,312721.5
247227,101253,3,16.73,20790,347816.7
247228,101254,1,2.4,23830,57192.0
247229,101254,2,2.75,22910,63002.5
247230,101255,1,4.78,23830,113907.4
247231,101255,2,4.65,22910,106531.5
247232,101256,1,6.86,23830,163473.80000000002
247233,101256,2,1.89,22910,43299.9
247234,101256,3,14.63,20790,304157.7
247235,101257,1,11.49,23830,273806.7
247236,101257,2,10.22,22910,234140.2
247237,101257,3,11.23,20790,233471.7
247238,101258,1,3.97,23830,94605.1
247239,101258,2,1.01,22910,23139.1
247240,101259,1,3.07,23830,73158.09999999999
247241,101259,2,3.23,22910,73999.3
247242,101260,1,3.77,23830,89839.1
247243,101260,2,3.97,22910,90952.7
247244,101261,1,3.13,23830,74587.9
247245,101261,2,4.85,22910,111113.5
247246,101262,1,4.4,23830,104852.0
247247,101262,2,1.77,22910,40550.7
247248,101263,1,3.76,23830,89600.79999999999
247249,101263,2,4.03,22910,92327.3
247250,101264,1,4.42,23830,105328.6
247251,101264,2,3.62,22910,82934.2
247252,101265,1,4.56,23830,108664.8
247253,101265,2,3.55,22910,81330.5
247254,101266,1,1.25,23830,29787.5
247255,101266,2,2.09,22910,47881.9
247256,101267,1,2.23,23830,53140.9
247257,101267,2,4.01,22910,91869.1
247258,101268,1,2.35,23830,56000.5
247259,101268,2,3.16,22910,72395.6
247260,101269,1,11.77,23830,280479.1
247261,101269,2,9.06,22910,207564.6
247262,101269,3,9.18,20790,190852.2
247263,101270,1,1.28,23830,30502.4
247264,101270,2,3.55,22910,81330.5
247265,101271,1,1.89,23830,45038.7
247266,101271,2,4.7,22910,107677.0
247267,101272,1,12.87,23830,306692.1
247268,101272,2,11.13,22910,254988.3
247269,101272,3,9.81,20790,203949.9
247270,101273,1,3.69,23830,87932.7
247271,101273,2,1.4,22910,32074.0
247272,101274,1,1.96,23830,46706.8
247273,101274,2,1.16,22910,26575.6
247274,101275,1,4.63,23830,110332.9
247275,101275,2,1.19,22910,27262.9
247276,101276,1,2.82,23830,67200.59999999999
247277,101276,2,3.97,22910,90952.7
247278,101277,1,4.85,23830,115575.5
247279,101277,2,2.6,22910,59566.0
247280,101278,1,16.76,23830,399390.8000000001
247281,101278,2,12.38,22910,283625.80000000005
247282,101278,3,9.18,20790,190852.2
247283,101279,1,3.76,23830,89600.79999999999
247284,101279,2,3.87,22910,88661.7
247285,101280,1,19.14,23830,456106.2
247286,101280,2,16.38,22910,375265.8
247287,101280,3,1.64,20790,34095.6
247288,101281,1,1.08,23830,25736.4
247289,101281,2,3.05,22910,69875.5
247290,101282,1,2.46,23830,58621.8
247291,101282,2,12.19,22910,279272.9
247292,101282,3,17.73,20790,368606.7
247293,101283,1,3.66,23830,87217.8
247294,101283,2,1.38,22910,31615.8
247295,101284,1,2.75,23830,65532.5
247296,101284,2,1.87,22910,42841.7
247297,101285,1,4.59,23830,109379.7
247298,101285,2,2.72,22910,62315.2
247299,101286,1,1.66,23830,39557.8
247300,101286,2,3.03,22910,69417.29999999999
247301,101287,1,4.44,23830,105805.2
247302,101287,2,4.4,22910,100804.0
247303,101288,1,3.89,23830,92698.7
247304,101288,2,3.52,22910,80643.2
247305,101289,1,1.76,23830,41940.8
247306,101289,2,1.2,22910,27492.0
247307,101290,1,1.35,23830,32170.500000000004
247308,101290,2,4.63,22910,106073.3
247309,101290,3,5.46,20790,113513.4
247310,101291,1,4.27,23830,101754.1
247311,101291,2,3.13,22910,71708.3
247312,101292,1,17.02,23830,405586.6
247313,101292,2,16.49,22910,377785.9
247314,101292,3,1.94,20790,40332.6
247315,101293,1,15.65,23830,372939.5
247316,101293,2,18.42,22910,422002.2
247317,101293,3,5.44,20790,113097.6
247318,101294,1,12.78,23830,304547.4
247319,101294,2,17.81,22910,408027.1
247320,101294,3,4.34,20790,90228.6
247321,101295,1,19.22,23830,458012.6
247322,101295,2,14.41,22910,330133.1
247323,101295,3,12.73,20790,264656.7
247324,101296,1,4.53,23830,107949.9
247325,101296,2,1.78,22910,40779.8
247326,101297,1,12.58,23830,299781.4
247327,101297,2,7.26,22910,166326.6
247328,101297,3,17.32,20790,360082.8
247329,101298,1,2.8,23830,66724.0
247330,101298,2,4.42,22910,101262.2
247331,101299,1,4.56,23830,108664.8
247332,101299,2,3.55,22910,81330.5
247333,101300,1,1.05,23830,25021.5
247334,101300,2,2.38,22910,54525.8
247335,101301,1,2.18,23830,51949.4
247336,101301,2,2.76,22910,63231.6
247337,101302,1,5.94,23830,141550.2
247338,101302,2,18.05,22910,413525.5
247339,101302,3,15.56,20790,323492.4
247340,101303,1,4.62,23830,110094.6
247341,101303,2,3.6,22910,82476.0
251811,103133,1,5.49,23830,130826.7
251812,103133,2,3.09,22910,70791.9
251813,103133,3,14.43,20790,299999.7
251814,103134,1,1.85,23830,44085.5
251815,103134,2,11.64,22910,266672.4
251816,103134,3,13.99,20790,290852.1
251817,103135,1,1.84,23830,43847.2
251818,103135,2,4.14,22910,94847.4
251819,103136,1,4.39,23830,104613.7
251820,103136,2,2.88,22910,65980.8
251821,103137,1,3.11,23830,74111.3
251822,103137,2,2.51,22910,57504.1
251823,103138,1,1.45,23830,34553.5
251824,103138,2,1.5,22910,34365.0
251825,103139,1,3.41,23830,81260.3
251826,103139,2,2.73,22910,62544.3
251827,103140,1,2.74,23830,65294.2
251828,103140,2,3.09,22910,70791.9
251829,103141,1,1.61,23830,38366.3
251830,103141,2,1.72,22910,39405.2
251831,103142,1,1.1,23830,26213.000000000004
251832,103142,2,1.43,22910,32761.3
251833,103143,1,1.43,23830,34076.9
251834,103143,2,2.24,22910,51318.4
251835,103144,1,5.66,23830,134877.80000000002
251836,103144,2,13.55,22910,310430.5
251837,103144,3,6.11,20790,127026.9
251838,103145,1,3.15,23830,75064.5
251839,103145,2,19.77,22910,452930.7
251840,103145,3,1.12,20790,23284.800000000003
251841,103146,1,10.46,23830,249261.8
251842,103146,2,18.87,22910,432311.7
251843,103146,3,2.15,20790,44698.5
251844,103147,1,2.64,23830,62911.2
251845,103147,2,3.44,22910,78810.4
251846,103148,1,4.45,23830,106043.5
251847,103148,2,4.6,22910,105386.0
251848,103149,1,1.46,23830,34791.8
251849,103149,2,15.1,22910,345941.0
251850,103149,3,8.25,20790,171517.5
251851,103150,1,1.38,23830,32885.399999999994
251852,103150,2,3.72,22910,85225.20000000001
251853,103151,1,1.96,23830,46706.8
251854,103151,2,1.94,22910,44445.4
251855,103152,1,19.9,23830,474217.0
251856,103152,2,8.09,22910,185341.9
251857,103152,3,19.32,20790,401662.8
251858,103153,1,11.29,23830,269040.69999999995
251859,103153,2,7.17,22910,164264.7
251860,103153,3,19.41,20790,403533.9
251861,103154,1,1.88,23830,44800.4
251862,103154,2,4.11,22910,94160.1
251863,103155,1,1.65,23830,39319.5
251864,103155,2,3.23,22910,73999.3
251865,103156,1,2.2,23830,52426.00000000001
251866,103156,2,3.37,22910,77206.7
251867,103157,1,3.91,23830,93175.3
251868,103157,2,2.06,22910,47194.6
251869,103158,1,16.9,23830,402727.0
251870,103158,2,9.88,22910,226350.8
251871,103158,3,7.93,20790,164864.69999999998
251872,103159,1,2.33,23830,55523.9
251873,103159,2,1.48,22910,33906.8
251874,103160,1,2.2,23830,52426.00000000001
251875,103160,2,3.53,22910,80872.29999999999
251876,103161,1,1.35,23830,32170.500000000004
251877,103161,2,1.55,22910,35510.5
251878,103162,1,1.0,23830,23830.0
251879,103162,2,4.37,22910,100116.7
251880,103163,1,6.02,23830,143456.59999999998
251881,103163,2,13.28,22910,304244.8
251882,103163,3,10.74,20790,223284.6
251883,103164,1,4.34,23830,103422.2
251884,103164,2,2.72,22910,62315.2
251885,103165,1,2.01,23830,47898.3
251886,103165,2,2.94,22910,67355.4
251887,103166,1,1.16,23830,27642.8
251888,103166,2,2.68,22910,61398.8
251889,103167,1,2.46,23830,58621.8
251890,103167,2,2.74,22910,62773.4
251891,103168,1,4.16,23830,99132.8
251892,103168,2,4.33,22910,99200.3
251893,103169,1,2.93,23830,69821.90000000001
251894,103169,2,4.16,22910,95305.6
251895,103170,1,19.93,23830,474931.9
251896,103170,2,11.28,22910,258424.8
251897,103170,3,2.18,20790,45322.2
251898,103171,1,3.04,23830,72443.2
251899,103171,2,3.42,22910,78352.2
251900,103172,1,4.6,23830,109618.0
251901,103172,2,2.83,22910,64835.3
251902,103173,1,15.57,23830,371033.1
251903,103173,2,18.98,22910,434831.8
251904,103173,3,13.7,20790,284823.0
251905,103174,1,2.36,23830,56238.8
251906,103174,2,4.24,22910,97138.4
251907,103175,1,3.95,23830,94128.5
251908,103175,2,1.58,22910,36197.8
251909,103176,1,6.7,23830,159661.0
251910,103176,2,2.1,22910,48111.0
251911,103176,3,16.04,20790,333471.6
251912,103177,1,2.87,23830,68392.1
251913,103177,2,3.48,22910,79726.8
251914,103178,1,1.79,23830,42655.7
251915,103178,2,4.89,22910,112029.9
251916,103179,1,2.69,23830,64102.7
251917,103179,2,3.18,22910,72853.8
251918,103180,1,3.87,23830,92222.1
251919,103180,2,4.63,22910,106073.3
251920,103181,1,12.4,23830,295492.0
251921,103181,2,12.45,22910,285229.5
251922,103181,3,5.98,20790,124324.2
254087,104074,1,1.04,23830,24783.2
254088,104074,2,4.67,22910,106989.7
254089,104075,1,2.44,23830,58145.2
254090,104075,2,4.09,22910,93701.9
254091,104076,1,1.88,23830,44800.4
254092,104076,2,1.1,22910,25201.000000000004
254093,104077,1,4.36,23830,103898.8
254094,104077,2,4.21,22910,96451.1
254095,104078,1,4.56,23830,108664.8
254096,104078,2,1.53,22910,35052.3
254097,104079,1,2.62,23830,62434.600000000006
254098,104079,2,2.1,22910,48111.0
254099,104080,1,3.27,23830,77924.1
254100,104080,2,3.96,22910,90723.6
254101,104081,1,16.7,23830,397961.0
254102,104081,2,1.37,22910,31386.7
254103,104081,3,12.1,20790,251559.0
254104,104082,1,11.51,23830,274283.3
254105,104082,2,17.92,22910,410547.2
254106,104082,3,15.08,20790,313513.2
254107,104083,1,2.81,23830,66962.3
254108,104083,2,13.34,22910,305619.4
254109,104083,3,2.61,20790,54261.9
254110,104084,1,2.83,23830,67438.90000000001
254111,104084,2,3.81,22910,87287.1
254112,104085,1,1.17,23830,27881.1
254113,104085,2,9.74,22910,223143.4
254114,104085,3,5.68,20790,118087.2
254115,104086,1,12.25,23830,291917.5
254116,104086,2,4.26,22910,97596.6
254117,104086,3,3.42,20790,71101.8
254118,104087,1,14.25,23830,339577.5
254119,104087,2,3.99,22910,91410.9
254120,104087,3,18.69,20790,388565.1
254121,104088,1,1.52,23830,36221.6
254122,104088,2,3.66,22910,83850.6
254123,104089,1,6.34,23830,151082.19999999998
254124,104089,2,15.5,22910,355105.0
254125,104089,3,15.67,20790,325779.3
254126,104090,1,4.4,23830,104852.0
254127,104090,2,4.39,22910,100574.9
254128,104091,1,1.68,23830,40034.4
254129,104091,2,3.7,22910,84767.0
254130,104092,1,5.41,23830,128920.3
254131,104092,2,8.48,22910,194276.8
254132,104092,3,16.98,20790,353014.2
254133,104093,1,3.56,23830,84834.8
254134,104093,2,2.81,22910,64377.1
254135,104094,1,2.54,23830,60528.2
254136,104094,2,4.55,22910,104240.5
254137,104095,1,4.66,23830,111047.8
254138,104095,2,2.4,22910,54984.0
254139,104096,1,3.41,23830,81260.3
254140,104096,2,1.32,22910,30241.2
254141,104097,1,10.11,23830,240921.3
254142,104097,2,6.39,22910,146394.9
254143,104097,3,11.73,20790,243866.7
254144,104098,1,15.46,23830,368411.8000000001
254145,104098,2,6.06,22910,138834.59999999998
254146,104098,3,18.2,20790,378378.0
254147,104099,1,4.25,23830,101277.5
254148,104099,2,3.74,22910,85683.40000000001
254149,104099,3,7.93,20790,164864.69999999998
254150,104100,1,15.63,23830,372462.9
254151,104100,2,17.52,22910,401383.2
254152,104100,3,15.37,20790,319542.3
254153,104101,1,7.06,23830,168239.8
254154,104101,2,14.24,22910,326238.4
254155,104101,3,6.97,20790,144906.3
254156,104102,1,12.21,23830,290964.30000000005
254157,104102,2,3.28,22910,75144.79999999999
254158,104102,3,1.79,20790,37214.1
254159,104103,1,3.84,23830,91507.2
254160,104103,2,3.72,22910,85225.20000000001
254161,104104,1,17.88,23830,426080.4
254162,104104,2,4.68,22910,107218.8
254163,104104,3,10.8,20790,224532.00000000003
254164,104105,1,1.93,23830,45991.9
254165,104105,2,3.26,22910,74686.59999999999
254166,104105,3,3.68,20790,76507.2
254167,104106,1,4.67,23830,111286.1
254168,104106,2,1.75,22910,40092.5
254169,104107,1,2.32,23830,55285.6
254170,104107,2,2.08,22910,47652.8
254171,104108,1,17.12,23830,407969.6
254172,104108,2,3.72,22910,85225.20000000001
254173,104108,3,12.99,20790,270062.1
254174,104109,1,16.05,23830,382471.5
254175,104109,2,14.07,22910,322343.7
254176,104109,3,6.13,20790,127442.7
254177,104110,1,11.56,23830,275474.8
254178,104110,2,18.72,22910,428875.2
254179,104110,3,14.03,20790,291683.7
254180,104111,1,17.38,23830,414165.4
254181,104111,2,12.83,22910,293935.3
254182,104111,3,6.22,20790,129313.8
254183,104112,1,2.22,23830,52902.600000000006
254184,104112,2,2.84,22910,65064.4
254185,104113,1,1.27,23830,30264.1
254186,104113,2,1.95,22910,44674.5
254187,104114,1,1.28,23830,30502.4
254188,104114,2,3.84,22910,87974.4
254189,104115,1,2.21,23830,52664.3
254190,104115,2,2.79,22910,63918.9
254191,104116,1,10.93,23830,260461.9
254192,104116,2,12.8,22910,293248.0
254193,104116,3,9.9,20790,205821.0
254194,104117,1,3.21,23830,76494.3
254195,104117,2,15.96,22910,365643.6
254196,104117,3,9.31,20790,193554.9
254197,104118,1,8.41,23830,200410.3
254198,104118,2,9.96,22910,228183.6
254199,104118,3,6.05,20790,125779.5
254200,104119,1,12.45,23830,296683.5
254201,104119,2,10.45,22910,239409.5
254202,104119,3,2.51,20790,52182.9
254203,104120,1,15.5,23830,369365.0
254204,104120,2,6.65,22910,152351.5
254205,104120,3,15.01,20790,312057.9
254206,104121,1,19.23,23830,458250.9
254207,104121,2,18.44,22910,422460.4
254208,104121,3,12.97,20790,269646.3
254209,104122,1,4.91,23830,117005.3
254210,104122,2,2.36,22910,54067.6
254211,104123,1,14.6,23830,347918.0
254212,104123,2,17.32,22910,396801.2
254213,104123,3,11.01,20790,228897.9
254214,104124,1,3.83,23830,91268.9
254215,104124,2,3.46,22910,79268.6
256417,105045,1,14.55,23830,346726.5
256418,105045,2,18.99,22910,435060.9
256419,105045,3,9.32,20790,193762.8
256420,105046,1,7.01,23830,167048.3
256421,105046,2,15.61,22910,357625.1
256422,105046,3,9.2,20790,191268.0
256423,105047,1,3.34,23830,79592.2
256424,105047,2,3.61,22910,82705.09999999999
256425,105048,1,10.92,23830,260223.6
256426,105048,2,8.5,22910,194735.0
256427,105048,3,10.79,20790,224324.1
256428,105049,1,1.57,23830,37413.1
256429,105049,2,1.76,22910,40321.6
256430,105050,1,4.73,23830,112715.9
256431,105050,2,3.01,22910,68959.09999999999
256432,105051,1,1.87,23830,44562.100000000006
256433,105051,2,1.71,22910,39176.1
256434,105052,1,9.11,23830,217091.3
256435,105052,2,14.62,22910,334944.19999999995
256436,105052,3,1.6,20790,33264.0
256437,105053,1,3.21,23830,76494.3
256438,105053,2,1.26,22910,28866.6
256439,105053,3,16.35,20790,339916.50000000006
256440,105054,1,9.04,23830,215423.2
256441,105054,2,14.11,22910,323260.1
256442,105054,3,4.56,20790,94802.4
256443,105055,1,1.38,23830,32885.399999999994
256444,105055,2,1.25,22910,28637.5
256445,105056,1,14.59,23830,347679.7
256446,105056,2,14.32,22910,328071.2
256447,105056,3,18.57,20790,386070.3
256448,105057,1,14.16,23830,337432.8
256449,105057,2,5.99,22910,137230.9
256450,105057,3,11.59,20790,240956.1
256451,105058,1,1.63,23830,38842.9
256452,105058,2,4.94,22910,113175.4
256453,105059,1,12.44,23830,296445.2
256454,105059,2,18.64,22910,427042.4
256455,105059,3,5.03,20790,104573.7
256456,105060,1,2.68,23830,63864.4
256457,105060,2,4.76,22910,109051.6
256458,105061,1,13.12,23830,312649.6
256459,105061,2,15.74,22910,360603.4
256460,105061,3,19.41,20790,403533.9
256461,105062,1,3.52,23830,83881.6
256462,105062,2,2.99,22910,68500.90000000001
256463,105063,1,1.62,23830,38604.600000000006
256464,105063,2,2.91,22910,66668.1
256465,105064,1,16.56,23830,394624.8
256466,105064,2,8.97,22910,205502.7
256467,105064,3,6.86,20790,142619.4
256468,105065,1,2.23,23830,53140.9
256469,105065,2,3.14,22910,71937.40000000001
256470,105066,1,2.67,23830,63626.1
256471,105066,2,1.86,22910,42612.600000000006
256472,105067,1,19.76,23830,470880.8000000001
256473,105067,2,2.81,22910,64377.1
256474,105067,3,2.82,20790,58627.8
256475,105068,1,2.24,23830,53379.2
256476,105068,2,19.41,22910,444683.1
256477,105068,3,1.08,20790,22453.2
256478,105069,1,16.25,23830,387237.5
256479,105069,2,17.64,22910,404132.4
256480,105069,3,2.51,20790,52182.9
256481,105070,1,3.18,23830,75779.40000000001
256482,105070,2,4.75,22910,108822.5
256483,105071,1,2.64,23830,62911.2
256484,105071,2,4.84,22910,110884.4
256485,105072,1,4.47,23830,106520.1
256486,105072,2,1.29,22910,29553.9
256487,105073,1,10.18,23830,242589.4
256488,105073,2,18.65,22910,427271.5
256489,105073,3,7.76,20790,161330.4
256490,105074,1,2.19,23830,52187.7
256491,105074,2,13.13,22910,300808.30000000005
256492,105074,3,11.68,20790,242827.2
256493,105075,1,1.33,23830,31693.9
256494,105075,2,2.03,22910,46507.3
256495,105076,1,3.35,23830,79830.5
256496,105076,2,1.55,22910,35510.5
256497,105077,1,1.47,23830,35030.1
256498,105077,2,4.4,22910,100804.0
256499,105078,1,18.25,23830,434897.5
256500,105078,2,18.08,22910,414212.8
256501,105078,3,15.84,20790,329313.6
256502,105079,1,4.45,23830,106043.5
256503,105079,2,2.87,22910,65751.7
256504,105080,1,2.64,23830,62911.2
256505,105080,2,4.31,22910,98742.1
256506,105081,1,18.78,23830,447527.4
256507,105081,2,13.71,22910,314096.10000000003
256508,105081,3,9.36,20790,194594.4
256509,105082,1,2.58,23830,61481.4
256510,105082,2,11.57,22910,265068.7
256511,105082,3,4.51,20790,93762.9
256512,105083,1,4.56,23830,108664.8
256513,105083,2,4.43,22910,101491.3
256514,105084,1,4.99,23830,118911.7
256515,105084,2,3.43,22910,78581.3
256516,105085,1,3.01,23830,71728.29999999999
256517,105085,2,4.41,22910,101033.1
256518,105086,1,4.97,23830,118435.1
256519,105086,2,1.36,22910,31157.6
256520,105087,1,13.58,23830,323611.4
256521,105087,2,2.37,22910,54296.7
256522,105087,3,10.55,20790,219334.50000000003
256523,105088,1,3.89,23830,92698.7
256524,105088,2,1.98,22910,45361.8
256525,105089,1,3.9,23830,92937.0
256526,105089,2,2.75,22910,63002.5
256527,105090,1,1.27,23830,30264.1
256528,105090,2,4.69,22910,107447.9
256529,105091,1,5.5,23830,131065.0
256530,105091,2,5.64,22910,129212.4
256531,105091,3,17.74,20790,368814.6
256532,105092,1,1.22,23830,29072.6
256533,105092,2,2.66,22910,60940.600000000006
256534,105093,1,15.71,23830,374369.3000000001
256535,105093,2,16.22,22910,371600.2
256536,105093,3,17.38,20790,361330.2
256537,105094,1,4.0,23830,95320.0
256538,105094,2,4.64,22910,106302.4
256539,105095,1,1.48,23830,35268.4
256540,105095,2,1.95,22910,44674.5
256541,105096,1,4.62,23830,110094.6
256542,105096,2,4.55,22910,104240.5
256543,105097,1,2.98,23830,71013.4
256544,105097,2,3.88,22910,88890.8
256545,105098,1,4.1,23830,97703.0
256546,105098,2,4.85,22910,111113.5
256547,105099,1,1.83,23830,43608.9
256548,105099,2,2.04,22910,46736.4
256549,105100,1,1.4,23830,33362.0
256550,105100,2,2.4,22910,54984.0
256551,105101,1,13.04,23830,310743.19999999995
256552,105101,2,13.84,22910,317074.4
256553,105101,3,14.63,20790,304157.7
256554,105102,1,14.31,23830,341007.3
256555,105102,2,2.3,22910,52692.99999999999
256556,105102,3,16.78,20790,348856.2
256557,105103,1,1.7,23830,40511.0
256558,105103,2,3.71,22910,84996.1
256559,105104,1,2.66,23830,63387.8
256560,105104,2,1.27,22910,29095.7
256561,105105,1,3.98,23830,94843.4
256562,105105,2,1.23,22910,28179.3
256563,105106,1,2.85,23830,67915.5
256564,105106,2,2.87,22910,65751.7
258702,105992,1,18.1,23830,431323.00000000006
258703,105992,2,5.67,22910,129899.7
258704,105992,3,8.98,20790,186694.2
258705,105993,1,17.22,23830,410352.6
258706,105993,2,1.4,22910,32074.0
258707,105993,3,14.95,20790,310810.5
258708,105994,1,3.3,23830,78639.0
258709,105994,2,2.17,22910,49714.7
258710,105995,1,1.62,23830,38604.600000000006
258711,105995,2,3.4,22910,77894.0
258712,105996,1,18.0,23830,428940.0
258713,105996,2,8.25,22910,189007.5
258714,105996,3,8.75,20790,181912.5
258715,105997,1,1.04,23830,24783.2
258716,105997,2,7.14,22910,163577.4
258717,105997,3,16.23,20790,337421.7
258718,105998,1,5.0,23830,119150.0
258719,105998,2,4.4,22910,100804.0
258720,105999,1,17.83,23830,424888.9
258721,105999,2,5.62,22910,128754.2
258722,105999,3,2.67,20790,55509.3
258723,106000,1,5.35,23830,127490.5
258724,106000,2,1.25,22910,28637.5
258725,106000,3,3.87,20790,80457.3
258726,106001,1,2.24,23830,53379.2
258727,106001,2,4.86,22910,111342.6
258728,106002,1,1.84,23830,43847.2
258729,106002,2,4.3,22910,98513.0
258730,106003,1,15.33,23830,365313.9
258731,106003,2,1.86,22910,42612.600000000006
258732,106003,3,9.01,20790,187317.9
258733,106004,1,2.03,23830,48374.9
258734,106004,2,2.03,22910,46507.3
258735,106005,1,1.99,23830,47421.7
258736,106005,2,3.32,22910,76061.2
258737,106006,1,3.02,23830,71966.6
258738,106006,2,3.77,22910,86370.7
258739,106007,1,19.83,23830,472548.9
258740,106007,2,2.55,22910,58420.49999999999
258741,106007,3,19.82,20790,412057.8
258742,106008,1,3.32,23830,79115.59999999999
258743,106008,2,1.03,22910,23597.3
258744,106009,1,14.64,23830,348871.2
258745,106009,2,3.7,22910,84767.0
258746,106009,3,2.43,20790,50519.7
258747,106010,1,4.11,23830,97941.3
258748,106010,2,1.71,22910,39176.1
258749,106011,1,2.64,23830,62911.2
258750,106011,2,4.15,22910,95076.5
258751,106012,1,8.58,23830,204461.4
258752,106012,2,11.58,22910,265297.8
258753,106012,3,2.54,20790,52806.6
258754,106013,1,13.01,23830,310028.3
258755,106013,2,14.17,22910,324634.7
258756,106013,3,2.47,20790,51351.3
258757,106014,1,3.92,23830,93413.6
258758,106014,2,4.81,22910,110197.1
258759,106015,1,3.78,23830,90077.4
258760,106015,2,1.17,22910,26804.7
258761,106016,1,4.62,23830,110094.6
258762,106016,2,2.74,22910,62773.4
258763,106017,1,1.86,23830,44323.8
258764,106017,2,4.06,22910,93014.6
258765,106018,1,6.64,23830,158231.19999999998
258766,106018,2,15.39,22910,352584.9
258767,106018,3,5.9,20790,122661.0
258768,106019,1,4.18,23830,99609.4
258769,106019,2,3.9,22910,89349.0
258770,106020,1,8.91,23830,212325.3
258771,106020,2,5.78,22910,132419.80000000002
258772,106020,3,4.27,20790,88773.29999999999
258773,106021,1,1.89,23830,45038.7
258774,106021,2,3.91,22910,89578.1
258775,106022,1,3.6,23830,85788.0
258776,106022,2,3.39,22910,77664.90000000001
258777,106023,1,2.99,23830,71251.70000000001
258778,106023,2,3.68,22910,84308.8
258779,106024,1,5.94,23830,141550.2
258780,106024,2,11.59,22910,265526.9
258781,106024,3,16.69,20790,346985.10000000003
258782,106025,1,5.57,23830,132733.1
258783,106025,2,6.09,22910,139521.9
258784,106025,3,19.8,20790,411642.0
258785,106026,1,3.24,23830,77209.20000000001
258786,106026,2,2.22,22910,50860.2
258787,106027,1,8.69,23830,207082.7
258788,106027,2,4.75,22910,108822.5
258789,106027,3,12.6,20790,261954.0
258790,106028,1,4.59,23830,109379.7
258791,106028,2,2.25,22910,51547.5
258792,106029,1,17.77,23830,423459.1
258793,106029,2,5.4,22910,123714.0
258794,106029,3,1.23,20790,25571.7
258795,106030,1,5.88,23830,140120.4
258796,106030,2,15.35,22910,351668.5
258797,106030,3,11.27,20790,234303.3
258798,106031,1,4.8,23830,114384.0
258799,106031,2,13.52,22910,309743.2
258800,106031,3,10.58,20790,219958.2
258801,106032,1,4.56,23830,108664.8
258802,106032,2,6.87,22910,157391.7
258803,106032,3,12.58,20790,261538.2
258804,106033,1,3.7,23830,88171.0
258805,106033,2,3.41,22910,78123.1
258806,106034,1,11.72,23830,279287.60000000003
258807,106034,2,1.52,22910,34823.2
258808,106034,3,1.11,20790,23076.9
258809,106035,1,1.77,23830,42179.1
258810,106035,2,4.92,22910,112717.2
258811,106036,1,10.66,23830,254027.8
258812,106036,2,1.23,22910,28179.3
258813,106036,3,19.64,20790,408315.6
258814,106037,1,2.7,23830,64341.00000000001
258815,106037,2,4.35,22910,99658.5
258816,106038,1,3.11,23830,74111.3
258817,106038,2,3.47,22910,79497.70000000001
258818,106039,1,10.0,23830,238300.0
258819,106039,2,5.24,22910,120048.4
258820,106039,3,17.26,20790,358835.4
260989,106921,1,8.66,23830,206367.8
260990,106921,2,16.65,22910,381451.5
260991,106921,3,17.39,20790,361538.1
260992,106922,1,1.16,23830,27642.8
260993,106922,2,3.48,22910,79726.8
260994,106923,1,5.88,23830,140120.4
260995,106923,2,7.58,22910,173657.8
260996,106923,3,7.42,20790,154261.8
260997,106924,1,4.26,23830,101515.8
260998,106924,2,11.87,22910,271941.69999999995
260999,106924,3,2.79,20790,58004.1
261000,106925,1,1.87,23830,44562.100000000006
261001,106925,2,2.08,22910,47652.8
261002,106926,1,6.4,23830,152512.0
261003,106926,2,15.86,22910,363352.6
261004,106926,3,17.91,20790,372348.9
261005,106927,1,3.38,23830,80545.4
261006,106927,2,3.95,22910,90494.5
261007,106928,1,3.13,23830,74587.9
261008,106928,2,4.99,22910,114320.9
261009,106929,1,8.23,23830,196120.9
261010,106929,2,16.02,22910,367018.2
261011,106929,3,11.57,20790,240540.3
261012,106930,1,2.97,23830,70775.1
261013,106930,2,1.91,22910,43758.1
261014,106931,1,3.83,23830,91268.9
261015,106931,2,4.57,22910,104698.7
261016,106932,1,6.59,23830,157039.69999999998
261017,106932,2,14.55,22910,333340.5
261018,106932,3,10.81,20790,224739.9
261019,106933,1,1.95,23830,46468.5
261020,106933,2,4.13,22910,94618.3
261021,106934,1,8.39,23830,199933.7
261022,106934,2,2.02,22910,46278.2
261023,106934,3,16.3,20790,338877.0
261024,106935,1,16.29,23830,388190.7
261025,106935,2,7.33,22910,167930.3
261026,106935,3,12.93,20790,268814.7
261027,106936,1,1.62,23830,38604.600000000006
261028,106936,2,3.12,22910,71479.2
261029,106937,1,4.03,23830,96034.9
261030,106937,2,2.59,22910,59336.9
261031,106938,1,8.84,23830,210657.2
261032,106938,2,6.78,22910,155329.80000000002
261033,106938,3,9.59,20790,199376.1
261034,106939,1,5.27,23830,125584.1
261035,106939,2,5.03,22910,115237.3
261036,106939,3,12.89,20790,267983.10000000003
261712,107217,1,1.51,23830,35983.3
261713,107217,2,4.71,22910,107906.1
261714,107218,1,4.81,23830,114622.3
261715,107218,2,1.97,22910,45132.7
261716,107219,1,2.97,23830,70775.1
261717,107219,2,1.88,22910,43070.8
261718,107220,1,2.13,23830,50757.9
261719,107220,2,7.21,22910,165181.1
261720,107220,3,16.3,20790,338877.0
261721,107221,1,4.45,23830,106043.5
261722,107221,2,8.47,22910,194047.7
261723,107221,3,5.27,20790,109563.3
261724,107222,1,8.12,23830,193499.6
261725,107222,2,14.38,22910,329445.80000000005
261726,107222,3,14.89,20790,309563.10000000003
261727,107223,1,13.57,23830,323373.10000000003
261728,107223,2,6.22,22910,142500.19999999998
261729,107223,3,19.18,20790,398752.2
261730,107224,1,2.9,23830,69107.0
261731,107224,2,1.81,22910,41467.1
261732,107225,1,4.9,23830,116767.0
261733,107225,2,4.51,22910,103324.1
261734,107226,1,4.28,23830,101992.4
261735,107226,2,1.52,22910,34823.2
261736,107227,1,7.24,23830,172529.2
261737,107227,2,11.12,22910,254759.2
261738,107227,3,4.53,20790,94178.7
261739,107228,1,4.72,23830,112477.6
261740,107228,2,6.88,22910,157620.8
261741,107228,3,12.06,20790,250727.4
261742,107229,1,9.49,23830,226146.7
261743,107229,2,12.96,22910,296913.60000000003
261744,107229,3,2.83,20790,58835.7
261745,107230,1,16.5,23830,393195.0
261746,107230,2,4.4,22910,100804.0
261747,107230,3,8.32,20790,172972.80000000002
261748,107231,1,1.26,23830,30025.8
261749,107231,2,4.92,22910,112717.2
261750,107232,1,2.02,23830,48136.6
261751,107232,2,3.64,22910,83392.40000000001
261752,107233,1,14.45,23830,344343.5
261753,107233,2,13.54,22910,310201.4
261754,107233,3,6.71,20790,139500.9
261755,107234,1,3.78,23830,90077.4
261756,107234,2,3.76,22910,86141.59999999999
261757,107235,1,1.13,23830,26927.9
261758,107235,2,19.19,22910,439642.9
261759,107235,3,4.82,20790,100207.8
261760,107236,1,4.83,23830,115098.9
261761,107236,2,2.57,22910,58878.7
261762,107237,1,3.2,23830,76256.0
261763,107237,2,2.74,22910,62773.4
262483,107531,1,3.88,23830,92460.4
262484,107531,2,3.89,22910,89119.90000000001
262485,107532,1,1.24,23830,29549.2
262486,107532,2,2.32,22910,53151.2
262487,107532,3,4.61,20790,95841.9
262488,107533,1,1.42,23830,33838.6
262489,107533,2,4.8,22910,109968.0
262490,107534,1,3.7,23830,88171.0
262491,107534,2,2.97,22910,68042.70000000001
262492,107535,1,16.26,23830,387475.8000000001
262493,107535,2,4.41,22910,101033.1
262494,107535,3,10.69,20790,222245.1
262495,107536,1,6.3,23830,150129.0
262496,107536,2,1.41,22910,32303.1
262497,107536,3,4.53,20790,94178.7
262498,107537,1,1.34,23830,31932.2
262499,107537,2,1.31,22910,30012.1
262500,107538,1,2.64,23830,62911.2
262501,107538,2,2.8,22910,64147.99999999999
262502,107539,1,2.12,23830,50519.600000000006
262503,107539,2,11.94,22910,273545.4
262504,107539,3,6.45,20790,134095.5
262505,107540,1,9.79,23830,233295.7
262506,107540,2,3.19,22910,73082.9
262507,107540,3,15.56,20790,323492.4
262508,107541,1,3.09,23830,73634.7
262509,107541,2,3.19,22910,73082.9
262510,107542,1,2.05,23830,48851.49999999999
262511,107542,2,10.77,22910,246740.7
262512,107542,3,7.57,20790,157380.30000000002
262513,107543,1,9.29,23830,221380.7
262514,107543,2,13.72,22910,314325.2
262515,107543,3,10.83,20790,225155.7
262516,107544,1,12.67,23830,301926.1
262517,107544,2,12.34,22910,282709.4
262518,107544,3,18.68,20790,388357.2
262519,107545,1,1.49,23830,35506.7
262520,107545,2,2.43,22910,55671.3
263188,107812,1,2.9,23830,69107.0
263189,107812,2,12.27,22910,281105.7
263190,107812,3,13.33,20790,277130.7
263191,107813,1,2.05,23830,48851.49999999999
263192,107813,2,4.31,22910,98742.1
263193,107814,1,4.43,23830,105566.9
263194,107814,2,4.43,22910,101491.3
263195,107815,1,2.2,23830,52426.00000000001
263196,107815,2,4.94,22910,113175.4
263197,107816,1,1.9,23830,45277.0
263198,107816,2,2.09,22910,47881.9
263199,107817,1,3.14,23830,74826.2
263200,107817,2,3.57,22910,81788.7
263201,107818,1,3.46,23830,82451.8
263202,107818,2,4.13,22910,94618.3
263203,107819,1,2.35,23830,56000.5
263204,107819,2,3.29,22910,75373.9
263205,107820,1,1.38,23830,32885.399999999994
263206,107820,2,4.14,22910,94847.4
263207,107821,1,4.8,23830,114384.0
263208,107821,2,3.82,22910,87516.2
263209,107822,1,1.92,23830,45753.6
263210,107822,2,4.31,22910,98742.1
263211,107823,1,1.06,23830,25259.800000000003
263212,107823,2,4.88,22910,111800.8
263213,107824,1,4.12,23830,98179.6
263214,107824,2,4.58,22910,104927.8
263215,107825,1,3.52,23830,83881.6
263216,107825,2,4.4,22910,100804.0
263217,107826,1,17.15,23830,408684.5
263218,107826,2,7.05,22910,161515.5
263219,107826,3,13.39,20790,278378.10000000003
263220,107827,1,2.19,23830,52187.7
263221,107827,2,4.84,22910,110884.4
263222,107828,1,4.94,23830,117720.2
263223,107828,2,4.42,22910,101262.2
263224,107829,1,15.99,23830,381041.7
263225,107829,2,13.81,22910,316387.10000000003
263226,107829,3,18.98,20790,394594.2
263227,107830,1,3.52,23830,83881.6
263228,107830,2,2.5,22910,57275.0
263976,108139,1,4.5,23830,107235.0
263977,108139,2,4.42,22910,101262.2
263978,108140,1,3.74,23830,89124.20000000001
263979,108140,2,1.15,22910,26346.5
263980,108141,1,10.81,23830,257602.3
263981,108141,2,10.35,22910,237118.5
263982,108141,3,11.71,20790,243450.9
263983,108142,1,19.35,23830,461110.50000000006
263984,108142,2,9.7,22910,222227.0
263985,108142,3,6.23,20790,129521.7
263986,108143,1,10.76,23830,256410.8
263987,108143,2,13.37,22910,306306.69999999995
263988,108143,3,1.5,20790,31185.0
263989,108144,1,3.98,23830,94843.4
263990,108144,2,1.61,22910,36885.100000000006
263991,108145,1,1.65,23830,39319.5
263992,108145,2,1.01,22910,23139.1
263993,108146,1,2.64,23830,62911.2
263994,108146,2,3.52,22910,80643.2
263995,108147,1,4.04,23830,96273.2
263996,108147,2,3.99,22910,91410.9
263997,108148,1,4.81,23830,114622.3
263998,108148,2,4.16,22910,95305.6
263999,108149,1,4.91,23830,117005.3
264000,108149,2,2.05,22910,46965.49999999999
264001,108149,3,14.12,20790,293554.8
264002,108150,1,2.11,23830,50281.3
264003,108150,2,1.4,22910,32074.0
264004,108151,1,4.9,23830,116767.0
264005,108151,2,2.92,22910,66897.2
264006,108152,1,4.7,23830,112001.0
264007,108152,2,3.2,22910,73312.0
264008,108153,1,2.2,23830,52426.00000000001
264009,108153,2,4.72,22910,108135.2
264010,108154,1,2.15,23830,51234.5
264011,108154,2,2.16,22910,49485.600000000006
264012,108155,1,7.83,23830,186588.9
264013,108155,2,16.84,22910,385804.4
264014,108155,3,4.14,20790,86070.59999999999
264750,108461,1,4.0,23830,95320.0
264751,108461,2,2.37,22910,54296.7
264752,108462,1,1.5,23830,35745.0
264753,108462,2,4.13,22910,94618.3
264754,108463,1,14.85,23830,353875.5
264755,108463,2,3.29,22910,75373.9
264756,108463,3,14.85,20790,308731.5
264757,108464,1,2.5,23830,59575.0
264758,108464,2,2.51,22910,57504.1
264759,108465,1,3.81,23830,90792.3
264760,108465,2,2.46,22910,56358.6
264761,108465,3,18.69,20790,388565.1
264762,108466,1,1.01,23830,24068.3
264763,108466,2,1.4,22910,32074.0
264764,108467,1,5.1,23830,121533.0
264765,108467,2,19.43,22910,445141.3
264766,108467,3,13.71,20790,285030.9
264767,108468,1,10.47,23830,249500.1
264768,108468,2,16.77,22910,384200.7
264769,108468,3,6.19,20790,128690.1
264770,108469,1,16.99,23830,404871.7
264771,108469,2,10.08,22910,230932.8
264772,108469,3,18.67,20790,388149.3000000001
264773,108470,1,12.46,23830,296921.80000000005
264774,108470,2,6.86,22910,157162.6
264775,108470,3,11.72,20790,243658.8
264776,108471,1,13.39,23830,319083.7
264777,108471,2,1.16,22910,26575.6
264778,108471,3,6.28,20790,130561.2
264779,108472,1,4.05,23830,96511.5
264780,108472,2,3.78,22910,86599.79999999999
264781,108473,1,13.48,23830,321228.4
264782,108473,2,16.92,22910,387637.2
264783,108473,3,9.2,20790,191268.0
264784,108474,1,4.55,23830,108426.5
264785,108474,2,4.06,22910,93014.6
264786,108474,3,13.11,20790,272556.9
264787,108475,1,1.86,23830,44323.8
264788,108475,2,11.44,22910,262090.4
264789,108475,3,19.27,20790,400623.3
264790,108476,1,18.18,23830,433229.4
264791,108476,2,12.19,22910,279272.9
264792,108476,3,4.16,20790,86486.40000000001
264793,108477,1,4.07,23830,96988.1
264794,108477,2,18.48,22910,423376.8
264795,108477,3,16.12,20790,335134.80000000005
264796,108478,1,1.37,23830,32647.1
264797,108478,2,7.95,22910,182134.5
264798,108478,3,9.51,20790,197712.9
264799,108479,1,3.85,23830,91745.5
264800,108479,2,2.39,22910,54754.9
264801,108480,1,4.2,23830,100086.0
264802,108480,2,2.96,22910,67813.6
265548,108780,1,13.26,23830,315985.8
265549,108780,2,16.59,22910,380076.9
265550,108780,3,13.64,20790,283575.60000000003
265551,108781,1,2.42,23830,57668.6
265552,108781,2,2.13,22910,48798.3
265553,108782,1,14.42,23830,343628.6
265554,108782,2,7.88,22910,180530.8
265555,108782,3,13.7,20790,284823.0
265556,108783,1,1.16,23830,27642.8
265557,108783,2,9.89,22910,226579.9
265558,108783,3,13.48,20790,280249.2
265559,108784,1,5.61,23830,133686.30000000002
265560,108784,2,9.93,22910,227496.3
265561,108784,3,14.46,20790,300623.4
265562,108785,1,1.7,23830,40511.0
265563,108785,2,2.79,22910,63918.9
265564,108786,1,16.65,23830,396769.5
265565,108786,2,16.4,22910,375724.0
265566,108786,3,14.85,20790,308731.5
265567,108787,1,2.07,23830,49328.1
265568,108787,2,3.96,22910,90723.6
265569,108788,1,4.75,23830,113192.5
265570,108788,2,4.16,22910,95305.6
266262,109076,1,3.26,23830,77685.79999999999
266263,109076,2,1.57,22910,35968.700000000004
266264,109077,1,16.95,23830,403918.5
266265,109077,2,18.08,22910,414212.8
266266,109077,3,6.16,20790,128066.4
266267,109078,1,1.11,23830,26451.300000000003
266268,109078,2,4.73,22910,108364.3
266269,109079,1,16.61,23830,395816.3
266270,109079,2,6.75,22910,154642.5
266271,109079,3,18.47,20790,383991.3
266272,109080,1,1.52,23830,36221.6
266273,109080,2,1.03,22910,23597.3
266274,109081,1,4.49,23830,106996.7
266275,109081,2,3.45,22910,79039.5
266276,109082,1,3.08,23830,73396.40000000001
266277,109082,2,1.26,22910,28866.6
266278,109083,1,1.8,23830,42894.0
266279,109083,2,3.03,22910,69417.29999999999
266280,109084,1,3.85,23830,91745.5
266281,109084,2,3.52,22910,80643.2
266282,109085,1,18.88,23830,449910.4
266283,109085,2,19.69,22910,451097.9
266284,109085,3,18.62,20790,387109.8000000001
266285,109086,1,4.26,23830,101515.8
266286,109086,2,3.28,22910,75144.79999999999
266287,109087,1,3.09,23830,73634.7
266288,109087,2,4.04,22910,92556.4
266289,109088,1,2.58,23830,61481.4
266290,109088,2,4.07,22910,93243.7
266291,109089,1,3.31,23830,78877.3
266292,109089,2,4.63,22910,106073.3
266293,109090,1,2.81,23830,66962.3
266294,109090,2,1.52,22910,34823.2
266295,109091,1,4.46,23830,106281.8
266296,109091,2,3.22,22910,73770.20000000001
266297,109092,1,6.38,23830,152035.4
266298,109092,2,6.14,22910,140667.4
266299,109092,3,11.98,20790,249064.2
266300,109093,1,1.18,23830,28119.4
266301,109093,2,4.23,22910,96909.3
266302,109094,1,14.87,23830,354352.1
266303,109094,2,18.96,22910,434373.6
266304,109094,3,11.32,20790,235342.8
266305,109095,1,4.6,23830,109618.0
266306,109095,2,1.37,22910,31386.7
266307,109096,1,4.08,23830,97226.4
266308,109096,2,2.77,22910,63460.7
266309,109097,1,17.67,23830,421076.1
266310,109097,2,15.69,22910,359457.9
266311,109097,3,13.26,20790,275675.4
266312,109098,1,3.79,23830,90315.7
266313,109098,2,2.3,22910,52692.99999999999
266314,109099,1,6.81,23830,162282.3
266315,109099,2,15.41,22910,353043.1
266316,109099,3,17.38,20790,361330.2
266317,109100,1,3.69,23830,87932.7
266318,109100,2,2.71,22910,62086.1
266319,109101,1,2.29,23830,54570.7
266320,109101,2,2.36,22910,54067.6
266321,109102,1,6.06,23830,144409.8
266322,109102,2,13.22,22910,302870.2
266323,109102,3,12.89,20790,267983.10000000003
266324,109103,1,3.92,23830,93413.6
266325,109103,2,3.72,22910,85225.20000000001
266326,109104,1,4.57,23830,108903.1
266327,109104,2,1.54,22910,35281.4
266328,109105,1,3.13,23830,74587.9
266329,109105,2,1.01,22910,23139.1
266330,109106,1,11.59,23830,276189.7
266331,109106,2,5.85,22910,134023.5
266332,109106,3,9.93,20790,206444.7
266333,109107,1,1.34,23830,31932.2
266334,109107,2,2.34,22910,53609.4
266335,109108,1,6.21,23830,147984.3
266336,109108,2,1.9,22910,43529.0
266337,109108,3,19.91,20790,413928.9
266338,109109,1,6.62,23830,157754.6
266339,109109,2,5.52,22910,126463.2
266340,109109,3,8.31,20790,172764.90000000002
266341,109110,1,3.39,23830,80783.7
266342,109110,2,9.51,22910,217874.1
266343,109110,3,7.88,20790,163825.2
266344,109111,1,13.3,23830,316939.0
266345,109111,2,14.05,22910,321885.5
266346,109111,3,15.18,20790,315592.2
266347,109112,1,4.46,23830,106281.8
266348,109112,2,2.65,22910,60711.5
266349,109113,1,17.15,23830,408684.5
266350,109113,2,10.49,22910,240325.9
266351,109113,3,13.28,20790,276091.2
266352,109114,1,3.46,23830,82451.8
266353,109114,2,1.45,22910,33219.5
266354,109115,1,3.63,23830,86502.9
266355,109115,2,2.33,22910,53380.3
266356,109116,1,4.52,23830,107711.6
266357,109116,2,4.73,22910,108364.3
266358,109117,1,17.32,23830,412735.6
266359,109117,2,17.25,22910,395197.5
266360,109117,3,2.42,20790,50311.8
266361,109118,1,1.45,23830,34553.5
266362,109118,2,4.29,22910,98283.9
266363,109119,1,14.74,23830,351254.2
266364,109119,2,3.12,22910,71479.2
266365,109119,3,3.75,20790,77962.5
266366,109120,1,3.64,23830,86741.2
266367,109120,2,4.16,22910,95305.6
266368,109121,1,16.63,23830,396292.9
266369,109121,2,7.48,22910,171366.80000000002
266370,109121,3,18.24,20790,379209.6
266371,109122,1,8.37,23830,199457.1
266372,109122,2,6.77,22910,155100.69999999998
266373,109122,3,7.09,20790,147401.1
266374,109123,1,2.07,23830,49328.1
266375,109123,2,2.26,22910,51776.6
266376,109124,1,4.39,23830,104613.7
266377,109124,2,3.9,22910,89349.0
266378,109125,1,15.57,23830,371033.1
266379,109125,2,2.53,22910,57962.3
266380,109125,3,19.93,20790,414344.7
266381,109126,1,3.51,23830,83643.29999999999
266382,109126,2,2.91,22910,66668.1
266383,109127,1,3.65,23830,86979.5
266384,109127,2,2.43,22910,55671.3
266385,109128,1,16.81,23830,400582.3
266386,109128,2,9.07,22910,207793.7
266387,109128,3,15.09,20790,313721.1
266388,109129,1,3.65,23830,86979.5
266389,109129,2,3.09,22910,70791.9
266390,109130,1,6.4,23830,152512.0
266391,109130,2,13.34,22910,305619.4
266392,109130,3,12.22,20790,254053.8
266393,109131,1,11.34,23830,270232.2
266394,109131,2,1.32,22910,30241.2
266395,109131,3,14.67,20790,304989.3
266396,109132,1,4.5,23830,107235.0
266397,109132,2,2.86,22910,65522.6
266398,109133,1,4.96,23830,118196.8
266399,109133,2,1.36,22910,31157.6
266400,109134,1,3.84,23830,91507.2
266401,109134,2,3.67,22910,84079.7
266402,109135,1,4.06,23830,96749.8
266403,109135,2,4.07,22910,93243.7
266404,109136,1,1.61,23830,38366.3
266405,109136,2,3.04,22910,69646.4
266406,109137,1,13.69,23830,326232.7
266407,109137,2,7.48,22910,171366.80000000002
266408,109137,3,18.38,20790,382120.2
266409,109138,1,2.18,23830,51949.4
266410,109138,2,2.27,22910,52005.7
266411,109139,1,3.14,23830,74826.2
266412,109139,2,2.12,22910,48569.2
266413,109140,1,1.08,23830,25736.4
266414,109140,2,4.3,22910,98513.0
266415,109141,1,7.72,23830,183967.6
266416,109141,2,14.04,22910,321656.4
266417,109141,3,9.76,20790,202910.4
266418,109142,1,17.55,23830,418216.5
266419,109142,2,12.89,22910,295309.9
266420,109142,3,19.17,20790,398544.3000000001
266421,109143,1,4.17,23830,99371.1
266422,109143,2,1.3,22910,29783.0
266423,109144,1,18.64,23830,444191.2
266424,109144,2,17.87,22910,409401.7
266425,109144,3,16.96,20790,352598.4
266426,109145,1,4.52,23830,107711.6
266427,109145,2,2.74,22910,62773.4
266428,109146,1,12.75,23830,303832.5
266429,109146,2,11.43,22910,261861.3
266430,109146,3,7.6,20790,158004.0
266431,109147,1,10.0,23830,238300.0
266432,109147,2,15.75,22910,360832.5
266433,109147,3,13.32,20790,276922.8
266434,109148,1,1.33,23830,31693.9
266435,109148,2,3.09,22910,70791.9
266436,109149,1,2.45,23830,58383.50000000001
266437,109149,2,3.64,22910,83392.40000000001
266438,109150,1,1.44,23830,34315.2
266439,109150,2,3.66,22910,83850.6
266440,109151,1,2.28,23830,54332.4
266441,109151,2,4.56,22910,104469.6
266442,109152,1,1.19,23830,28357.7
266443,109152,2,3.88,22910,88890.8
266444,109153,1,1.14,23830,27166.2
266445,109153,2,2.49,22910,57045.9
266446,109154,1,13.67,23830,325756.1
266447,109154,2,6.83,22910,156475.3
266448,109154,3,19.92,20790,414136.8000000001
266449,109155,1,1.56,23830,37174.8
266450,109155,2,2.33,22910,53380.3
266451,109156,1,3.82,23830,91030.6
266452,109156,2,4.22,22910,96680.2
266453,109157,1,3.68,23830,87694.40000000001
266454,109157,2,2.65,22910,60711.5
266455,109158,1,2.23,23830,53140.9
266456,109158,2,2.45,22910,56129.50000000001
266457,109159,1,2.54,23830,60528.2
266458,109159,2,3.59,22910,82246.9
266459,109160,1,11.26,23830,268325.8
266460,109160,2,4.53,22910,103782.3
266461,109160,3,15.43,20790,320789.7
266462,109161,1,16.19,23830,385807.7
266463,109161,2,5.99,22910,137230.9
266464,109161,3,16.77,20790,348648.3
266465,109162,1,19.97,23830,475885.1
266466,109162,2,7.54,22910,172741.4
266467,109162,3,17.0,20790,353430.0
266468,109163,1,1.14,23830,27166.2
266469,109163,2,3.88,22910,88890.8
266470,109164,1,4.6,23830,109618.0
266471,109164,2,7.56,22910,173199.59999999998
266472,109164,3,3.26,20790,67775.4
266473,109165,1,4.17,23830,99371.1
266474,109165,2,2.71,22910,62086.1
266475,109166,1,2.82,23830,67200.59999999999
266476,109166,2,3.68,22910,84308.8
266477,109167,1,3.1,23830,73873.0
266478,109167,2,3.8,22910,87058.0
266479,109168,1,1.04,23830,24783.2
266480,109168,2,1.69,22910,38717.9
266481,109169,1,17.39,23830,414403.7
266482,109169,2,5.46,22910,125088.6
266483,109169,3,5.29,20790,109979.1
266484,109170,1,3.2,23830,76256.0
266485,109170,2,2.82,22910,64606.2
266486,109171,1,19.84,23830,472787.2
266487,109171,2,19.46,22910,445828.6
266488,109171,3,12.36,20790,256964.4
271121,111080,1,3.85,23830,91745.5
271122,111080,2,16.89,22910,386949.9
271123,111080,3,6.15,20790,127858.5
271124,111081,1,1.34,23830,31932.2
271125,111081,2,3.0,22910,68730.0
271126,111082,1,8.95,23830,213278.5
271127,111082,2,3.94,22910,90265.4
271128,111082,3,10.42,20790,216631.8
271129,111083,1,3.14,23830,74826.2
271130,111083,2,3.59,22910,82246.9
271131,111084,1,3.76,23830,89600.79999999999
271132,111084,2,2.29,22910,52463.9
271133,111085,1,16.7,23830,397961.0
271134,111085,2,3.23,22910,73999.3
271135,111085,3,1.21,20790,25155.9
271136,111086,1,18.2,23830,433706.0
271137,111086,2,19.12,22910,438039.2
271138,111086,3,3.32,20790,69022.8
271139,111087,1,4.25,23830,101277.5
271140,111087,2,4.28,22910,98054.8
271141,111088,1,1.1,23830,26213.000000000004
271142,111088,2,4.08,22910,93472.8
271143,111089,1,1.51,23830,35983.3
271144,111089,2,2.73,22910,62544.3
271145,111090,1,1.33,23830,31693.9
271146,111090,2,4.64,22910,106302.4
271147,111091,1,1.33,23830,31693.9
271148,111091,2,3.44,22910,78810.4
271149,111092,1,3.44,23830,81975.2
271150,111092,2,1.14,22910,26117.4
271151,111093,1,3.75,23830,89362.5
271152,111093,2,4.07,22910,93243.7
271153,111094,1,11.7,23830,278811.0
271154,111094,2,16.08,22910,368392.8
271155,111094,3,3.0,20790,62370.0
271156,111095,1,4.84,23830,115337.2
271157,111095,2,1.96,22910,44903.6
271158,111096,1,4.54,23830,108188.2
271159,111096,2,6.59,22910,150976.9
271160,111096,3,14.45,20790,300415.5
271161,111097,1,1.54,23830,36698.2
271162,111097,2,2.01,22910,46049.1
271163,111098,1,1.16,23830,27642.8
271164,111098,2,4.47,22910,102407.7
271165,111099,1,1.27,23830,30264.1
271166,111099,2,2.96,22910,67813.6
271167,111100,1,9.13,23830,217567.9
271168,111100,2,1.31,22910,30012.1
271169,111100,3,9.56,20790,198752.4
271170,111101,1,12.49,23830,297636.7
271171,111101,2,16.32,22910,373891.2
271172,111101,3,18.75,20790,389812.5
271173,111102,1,12.03,23830,286674.9
271174,111102,2,5.32,22910,121881.2
271175,111102,3,12.5,20790,259875.0
271176,111103,1,17.26,23830,411305.8000000001
271177,111103,2,14.86,22910,340442.6
271178,111103,3,19.35,20790,402286.50000000006
271179,111104,1,1.5,23830,35745.0
271180,111104,2,19.57,22910,448348.7
271181,111104,3,13.45,20790,279625.5
271182,111105,1,7.83,23830,186588.9
271183,111105,2,1.34,22910,30699.4
271184,111105,3,7.86,20790,163409.4
271185,111106,1,4.37,23830,104137.1
271186,111106,2,2.93,22910,67126.3
271187,111107,1,1.7,23830,40511.0
271188,111107,2,3.15,22910,72166.5
271189,111108,1,4.79,23830,114145.7
271190,111108,2,3.68,22910,84308.8
271191,111109,1,14.54,23830,346488.19999999995
271192,111109,2,15.85,22910,363123.5
271193,111109,3,19.5,20790,405405.0
271194,111110,1,9.92,23830,236393.6
271195,111110,2,6.63,22910,151893.3
271196,111110,3,8.47,20790,176091.30000000002
271197,111111,1,13.24,23830,315509.2
271198,111111,2,6.89,22910,157849.9
271199,111111,3,11.49,20790,238877.1
271200,111112,1,4.23,23830,100800.9
271201,111112,2,1.88,22910,43070.8
271202,111113,1,2.51,23830,59813.3
271203,111113,2,1.56,22910,35739.6
271204,111114,1,12.32,23830,293585.60000000003
271205,111114,2,12.98,22910,297371.8
271206,111114,3,16.29,20790,338669.1
271207,111115,1,13.69,23830,326232.7
271208,111115,2,5.03,22910,115237.3
271209,111115,3,19.91,20790,413928.9
271210,111116,1,3.7,23830,88171.0
271211,111116,2,3.27,22910,74915.7
271212,111117,1,3.51,23830,83643.29999999999
271213,111117,2,1.94,22910,44445.4
271214,111118,1,1.27,23830,30264.1
271215,111118,2,2.46,22910,56358.6
271216,111119,1,4.78,23830,113907.4
271217,111119,2,4.49,22910,102865.9
271218,111120,1,12.72,23830,303117.60000000003
271219,111120,2,19.77,22910,452930.7
271220,111120,3,11.97,20790,248856.3
271221,111121,1,14.51,23830,345773.3
271222,111121,2,14.62,22910,334944.19999999995
271223,111121,3,19.39,20790,403118.1
271224,111122,1,4.53,23830,107949.9
271225,111122,2,2.21,22910,50631.1
271226,111123,1,4.54,23830,108188.2
271227,111123,2,2.66,22910,60940.600000000006
271228,111124,1,15.91,23830,379135.3
271229,111124,2,17.81,22910,408027.1
271230,111124,3,8.92,20790,185446.8
271231,111125,1,11.52,23830,274521.6
271232,111125,2,3.92,22910,89807.2
271233,111125,3,16.16,20790,335966.4
271234,111126,1,4.58,23830,109141.4
271235,111126,2,2.93,22910,67126.3
271236,111127,1,5.08,23830,121056.4
271237,111127,2,3.89,22910,89119.90000000001
271238,111127,3,8.34,20790,173388.6
271239,111128,1,2.75,23830,65532.5
271240,111128,2,3.87,22910,88661.7
271241,111129,1,11.99,23830,285721.7
271242,111129,2,16.92,22910,387637.2
271243,111129,3,5.35,20790,111226.5
271244,111130,1,17.71,23830,422029.3000000001
271245,111130,2,12.77,22910,292560.7
271246,111130,3,1.55,20790,32224.5
271247,111131,1,9.88,23830,235440.4
271248,111131,2,5.69,22910,130357.9
271249,111131,3,10.7,20790,222453.0
271250,111132,1,2.11,23830,50281.3
271251,111132,2,1.1,22910,25201.000000000004
271252,111133,1,1.65,23830,39319.5
271253,111133,2,3.63,22910,83163.3
271254,111134,1,1.57,23830,37413.1
271255,111134,2,4.16,22910,95305.6
271256,111135,1,9.0,23830,214470.0
271257,111135,2,12.07,22910,276523.7
271258,111135,3,13.36,20790,277754.4
271259,111136,1,2.17,23830,51711.1
271260,111136,2,2.63,22910,60253.3
271261,111137,1,4.82,23830,114860.6
271262,111137,2,4.36,22910,99887.6
271263,111138,1,4.32,23830,102945.6
271264,111138,2,3.81,22910,87287.1
271265,111139,1,3.47,23830,82690.1
271266,111139,2,4.55,22910,104240.5
271267,111140,1,2.93,23830,69821.90000000001
271268,111140,2,3.31,22910,75832.1
271269,111141,1,3.42,23830,81498.59999999999
271270,111141,2,1.52,22910,34823.2
271271,111142,1,3.86,23830,91983.8
271272,111142,2,14.76,22910,338151.6
271273,111142,3,13.99,20790,290852.1
271274,111143,1,9.92,23830,236393.6
271275,111143,2,8.05,22910,184425.50000000003
271276,111143,3,10.82,20790,224947.8
271277,111144,1,1.0,23830,23830.0
271278,111144,2,1.36,22910,31157.6
271279,111145,1,7.68,23830,183014.4
271280,111145,2,5.4,22910,123714.0
271281,111145,3,17.04,20790,354261.6
271282,111146,1,2.51,23830,59813.3
271283,111146,2,2.95,22910,67584.5
271284,111147,1,2.32,23830,55285.6
271285,111147,2,6.59,22910,150976.9
271286,111147,3,12.54,20790,260706.6
271287,111148,1,11.33,23830,269993.9
271288,111148,2,6.42,22910,147082.2
271289,111148,3,13.24,20790,275259.6
271290,111149,1,2.54,23830,60528.2
271291,111149,2,14.55,22910,333340.5
271292,111149,3,14.0,20790,291060.0
271293,111150,1,7.66,23830,182537.8
271294,111150,2,8.84,22910,202524.4
271295,111150,3,8.21,20790,170685.90000000002
271296,111151,1,1.16,23830,27642.8
271297,111151,2,1.93,22910,44216.3
271298,111152,1,4.75,23830,113192.5
271299,111152,2,2.91,22910,66668.1
271300,111153,1,3.85,23830,91745.5
271301,111153,2,4.0,22910,91640.0
271302,111154,1,4.32,23830,102945.6
271303,111154,2,10.82,22910,247886.2
271304,111154,3,5.83,20790,121205.7
271305,111155,1,16.0,23830,381280.0
271306,111155,2,2.94,22910,67355.4
271307,111155,3,3.17,20790,65904.3
271308,111156,1,1.55,23830,36936.5
271309,111156,2,2.05,22910,46965.49999999999
271310,111157,1,1.62,23830,38604.600000000006
271311,111157,2,1.51,22910,34594.1
271312,111158,1,4.42,23830,105328.6
271313,111158,2,3.78,22910,86599.79999999999
271314,111159,1,3.98,23830,94843.4
271315,111159,2,2.14,22910,49027.4
271316,111160,1,2.82,23830,67200.59999999999
271317,111160,2,1.92,22910,43987.2
271318,111161,1,4.33,23830,103183.9
271319,111161,2,1.49,22910,34135.9
271320,111161,3,7.82,20790,162577.80000000002
271321,111162,1,15.73,23830,374845.9
271322,111162,2,9.29,22910,212833.9
271323,111162,3,14.7,20790,305613.0
271324,111163,1,13.22,23830,315032.60000000003
271325,111163,2,7.67,22910,175719.7
271326,111163,3,16.64,20790,345945.60000000003
271327,111164,1,8.33,23830,198503.9
271328,111164,2,17.47,22910,400237.7
271329,111164,3,1.33,20790,27650.7
271330,111165,1,15.12,23830,360309.6
271331,111165,2,17.13,22910,392448.3
271332,111165,3,19.41,20790,403533.9
271333,111166,1,1.45,23830,34553.5
271334,111166,2,1.19,22910,27262.9
271335,111166,3,1.42,20790,29521.8
271336,111167,1,4.04,23830,96273.2
271337,111167,2,4.58,22910,104927.8
271338,111167,3,7.42,20790,154261.8
271339,111168,1,4.95,23830,117958.5
271340,111168,2,11.49,22910,263235.9
271341,111168,3,18.46,20790,383783.4
271342,111169,1,13.62,23830,324564.6
271343,111169,2,16.07,22910,368163.7
271344,111169,3,6.97,20790,144906.3
271345,111170,1,13.37,23830,318607.1
271346,111170,2,13.07,22910,299433.7
271347,111170,3,1.69,20790,35135.1
275967,113075,1,2.93,23830,69821.90000000001
275968,113075,2,3.66,22910,83850.6
275969,113076,1,4.38,23830,104375.4
275970,113076,2,10.93,22910,250406.3
275971,113076,3,2.84,20790,59043.6
275972,113077,1,11.54,23830,274998.19999999995
275973,113077,2,12.65,22910,289811.5
275974,113077,3,17.56,20790,365072.4
275975,113078,1,4.75,23830,113192.5
275976,113078,2,1.27,22910,29095.7
275977,113079,1,4.46,23830,106281.8
275978,113079,2,18.35,22910,420398.50000000006
275979,113079,3,6.09,20790,126611.1
275980,113080,1,4.17,23830,99371.1
275981,113080,2,2.71,22910,62086.1
275982,113081,1,4.48,23830,106758.4
275983,113081,2,3.18,22910,72853.8
275984,113082,1,4.52,23830,107711.6
275985,113082,2,3.75,22910,85912.5
275986,113083,1,2.26,23830,53855.8
275987,113083,2,2.58,22910,59107.8
275988,113084,1,4.33,23830,103183.9
275989,113084,2,7.57,22910,173428.7
275990,113084,3,2.3,20790,47816.99999999999
275991,113085,1,3.22,23830,76732.6
275992,113085,2,9.19,22910,210542.9
275993,113085,3,15.2,20790,316008.0
275994,113086,1,2.22,23830,52902.600000000006
275995,113086,2,2.27,22910,52005.7
275996,113087,1,12.89,23830,307168.7
275997,113087,2,16.23,22910,371829.3
275998,113087,3,3.16,20790,65696.40000000001
275999,113088,1,2.16,23830,51472.8
276000,113088,2,4.0,22910,91640.0
276001,113089,1,3.46,23830,82451.8
276002,113089,2,1.73,22910,39634.3
276003,113090,1,2.29,23830,54570.7
276004,113090,2,2.74,22910,62773.4
276005,113091,1,10.58,23830,252121.4
276006,113091,2,7.54,22910,172741.4
276007,113091,3,19.67,20790,408939.3000000001
276008,113092,1,18.74,23830,446574.2
276009,113092,2,10.26,22910,235056.6
276010,113092,3,16.53,20790,343658.7
276011,113093,1,4.96,23830,118196.8
276012,113093,2,2.33,22910,53380.3
276013,113094,1,6.59,23830,157039.69999999998
276014,113094,2,5.36,22910,122797.6
276015,113094,3,10.16,20790,211226.4
276016,113095,1,17.82,23830,424650.6
276017,113095,2,11.0,22910,252010.0
276018,113095,3,18.21,20790,378585.9
276019,113096,1,9.12,23830,217329.6
276020,113096,2,10.73,22910,245824.3
276021,113096,3,11.45,20790,238045.5
276022,113097,1,3.65,23830,86979.5
276023,113097,2,4.81,22910,110197.1
276024,113098,1,13.81,23830,329092.3
276025,113098,2,6.17,22910,141354.7
276026,113098,3,7.35,20790,152806.5
276027,113099,1,2.05,23830,48851.49999999999
276028,113099,2,1.15,22910,26346.5
276029,113100,1,9.54,23830,227338.2
276030,113100,2,15.35,22910,351668.5
276031,113100,3,17.96,20790,373388.4
276032,113101,1,1.55,23830,36936.5
276033,113101,2,3.2,22910,73312.0
276034,113102,1,1.04,23830,24783.2
276035,113102,2,1.93,22910,44216.3
276036,113103,1,2.1,23830,50043.0
276037,113103,2,3.0,22910,68730.0
276038,113104,1,4.73,23830,112715.9
276039,113104,2,3.96,22910,90723.6
276040,113105,1,2.57,23830,61243.1
276041,113105,2,3.69,22910,84537.9
276042,113106,1,10.05,23830,239491.50000000003
276043,113106,2,5.44,22910,124630.4
276044,113106,3,19.7,20790,409563.0
276045,113107,1,1.95,23830,46468.5
276046,113107,2,1.62,22910,37114.2
276047,113108,1,4.59,23830,109379.7
276048,113108,2,3.98,22910,91181.8
276049,113109,1,7.81,23830,186112.3
276050,113109,2,3.15,22910,72166.5
276051,113109,3,4.37,20790,90852.3
276052,113110,1,4.79,23830,114145.7
276053,113110,2,4.87,22910,111571.7
276054,113111,1,3.35,23830,79830.5
276055,113111,2,1.37,22910,31386.7
276056,113112,1,2.73,23830,65055.9
276057,113112,2,1.0,22910,22910.0
276058,113113,1,7.74,23830,184444.2
276059,113113,2,3.76,22910,86141.59999999999
276060,113113,3,11.53,20790,239708.7
276061,113114,1,5.26,23830,125345.8
276062,113114,2,18.04,22910,413296.4
276063,113114,3,12.06,20790,250727.4
276064,113115,1,11.17,23830,266181.1
276065,113115,2,2.17,22910,49714.7
276066,113115,3,16.47,20790,342411.3
276067,113116,1,2.07,23830,49328.1
276068,113116,2,4.48,22910,102636.8
276069,113117,1,4.73,23830,112715.9
276070,113117,2,3.37,22910,77206.7
276071,113118,1,10.99,23830,261891.7
276072,113118,2,11.27,22910,258195.7
276073,113118,3,7.84,20790,162993.6
276074,113119,1,15.88,23830,378420.4
276075,113119,2,7.12,22910,163119.2
276076,113119,3,3.65,20790,75883.5
276077,113120,1,16.82,23830,400820.6
276078,113120,2,11.02,22910,252468.2
276079,113120,3,1.93,20790,40124.7
276080,113121,1,10.77,23830,256649.1
276081,113121,2,5.13,22910,117528.3
276082,113121,3,17.87,20790,371517.3000000001
276083,113122,1,4.03,23830,96034.9
276084,113122,2,1.67,22910,38259.7
276085,113123,1,4.1,23830,97703.0
276086,113123,2,2.04,22910,46736.4
276087,113124,1,3.99,23830,95081.7
276088,113124,2,3.88,22910,88890.8
276089,113125,1,3.7,23830,88171.0
276090,113125,2,1.71,22910,39176.1
276091,113126,1,12.83,23830,305738.9
276092,113126,2,9.75,22910,223372.5
276093,113126,3,20.0,20790,415800.0
276094,113127,1,2.98,23830,71013.4
276095,113127,2,2.96,22910,67813.6
276096,113128,1,15.56,23830,370794.8
276097,113128,2,9.55,22910,218790.50000000003
276098,113128,3,10.3,20790,214137.00000000003
276099,113129,1,4.73,23830,112715.9
276100,113129,2,4.32,22910,98971.2
276101,113130,1,2.92,23830,69583.59999999999
276102,113130,2,3.11,22910,71250.09999999999
276103,113131,1,10.96,23830,261176.8
276104,113131,2,3.2,22910,73312.0
276105,113131,3,6.83,20790,141995.7
276106,113132,1,4.98,23830,118673.4
276107,113132,2,2.73,22910,62544.3
276108,113133,1,1.27,23830,30264.1
276109,113133,2,2.85,22910,65293.5
276110,113134,1,1.74,23830,41464.2
276111,113134,2,1.81,22910,41467.1
276112,113135,1,18.27,23830,435374.1
276113,113135,2,18.27,22910,418565.7
276114,113135,3,3.74,20790,77754.6
276115,113136,1,3.02,23830,71966.6
276116,113136,2,3.4,22910,77894.0
276117,113137,1,14.11,23830,336241.3
276118,113137,2,7.51,22910,172054.1
276119,113137,3,10.91,20790,226818.9
276120,113138,1,4.04,23830,96273.2
276121,113138,2,1.44,22910,32990.4
276122,113139,1,4.53,23830,107949.9
276123,113139,2,19.78,22910,453159.8000000001
276124,113139,3,11.24,20790,233679.6
276125,113140,1,4.89,23830,116528.7
276126,113140,2,3.51,22910,80414.09999999999
276127,113141,1,15.85,23830,377705.5
276128,113141,2,2.43,22910,55671.3
276129,113141,3,13.96,20790,290228.4
276130,113142,1,2.55,23830,60766.49999999999
276131,113142,2,2.07,22910,47423.7
276132,113143,1,3.99,23830,95081.7
276133,113143,2,1.81,22910,41467.1
276134,113144,1,19.08,23830,454676.4
276135,113144,2,1.46,22910,33448.6
276136,113144,3,2.73,20790,56756.7
276137,113145,1,8.05,23830,191831.50000000003
276138,113145,2,12.21,22910,279731.10000000003
276139,113145,3,19.82,20790,412057.8
276140,113146,1,1.44,23830,34315.2
276141,113146,2,4.97,22910,113862.7
276142,113147,1,5.71,23830,136069.3
276143,113147,2,4.52,22910,103553.2
276144,113147,3,18.83,20790,391475.7
276145,113148,1,2.16,23830,51472.8
276146,113148,2,3.34,22910,76519.4
276147,113149,1,1.45,23830,34553.5
276148,113149,2,4.08,22910,93472.8
276149,113149,3,5.37,20790,111642.3
276150,113150,1,1.23,23830,29310.9
276151,113150,2,4.34,22910,99429.4
276152,113151,1,19.8,23830,471834.0
276153,113151,2,4.9,22910,112259.0
276154,113151,3,18.21,20790,378585.9
276155,113152,1,3.92,23830,93413.6
276156,113152,2,1.67,22910,38259.7
276157,113153,1,1.33,23830,31693.9
276158,113153,2,1.24,22910,28408.4
276159,113154,1,3.34,23830,79592.2
276160,113154,2,4.44,22910,101720.4
276161,113155,1,2.17,23830,51711.1
276162,113155,2,4.67,22910,106989.7
276163,113156,1,14.56,23830,346964.8
276164,113156,2,16.37,22910,375036.7
276165,113156,3,18.83,20790,391475.7
276166,113157,1,13.38,23830,318845.4
276167,113157,2,16.95,22910,388324.5
276168,113157,3,2.25,20790,46777.5
276169,113158,1,1.2,23830,28596.0
276170,113158,2,2.41,22910,55213.100000000006
276171,113159,1,12.52,23830,298351.6
276172,113159,2,15.46,22910,354188.60000000003
276173,113159,3,1.35,20790,28066.500000000004
276174,113160,1,18.82,23830,448480.6
276175,113160,2,17.14,22910,392677.4
276176,113160,3,9.1,20790,189189.0
276177,113161,1,11.07,23830,263798.10000000003
276178,113161,2,10.87,22910,249031.7
276179,113161,3,16.0,20790,332640.0
276180,113162,1,1.96,23830,46706.8
276181,113162,2,4.21,22910,96451.1
276182,113163,1,4.32,23830,102945.6
276183,113163,2,4.25,22910,97367.5
276184,113164,1,3.98,23830,94843.4
276185,113164,2,1.95,22910,44674.5
276186,113165,1,16.62,23830,396054.6
276187,113165,2,12.6,22910,288666.0
276188,113165,3,7.98,20790,165904.2
276189,113166,1,3.27,23830,77924.1
276190,113166,2,1.41,22910,32303.1
276191,113167,1,1.33,23830,31693.9
276192,113167,2,2.66,22910,60940.600000000006
276193,113167,3,12.92,20790,268606.8
276194,113168,1,1.15,23830,27404.5
276195,113168,2,3.31,22910,75832.1
280876,115090,1,3.1,23830,73873.0
280877,115090,2,10.91,22910,249948.1
280878,115090,3,7.37,20790,153222.3
280879,115091,1,2.43,23830,57906.9
280880,115091,2,1.9,22910,43529.0
280881,115091,3,13.06,20790,271517.4
280882,115092,1,1.49,23830,35506.7
280883,115092,2,3.27,22910,74915.7
280884,115093,1,12.66,23830,301687.8
280885,115093,2,14.99,22910,343420.9
280886,115093,3,4.36,20790,90644.4
280887,115094,1,10.36,23830,246878.8
280888,115094,2,4.75,22910,108822.5
280889,115094,3,11.65,20790,242203.5
280890,115095,1,3.48,23830,82928.4
280891,115095,2,4.47,22910,102407.7
280892,115096,1,1.16,23830,27642.8
280893,115096,2,3.7,22910,84767.0
280894,115097,1,3.02,23830,71966.6
280895,115097,2,5.0,22910,114550.0
280896,115098,1,2.2,23830,52426.00000000001
280897,115098,2,4.16,22910,95305.6
280898,115099,1,1.82,23830,43370.6
280899,115099,2,9.65,22910,221081.5
280900,115099,3,11.82,20790,245737.8
280901,115100,1,1.05,23830,25021.5
280902,115100,2,3.71,22910,84996.1
280903,115101,1,1.6,23830,38128.0
280904,115101,2,1.91,22910,43758.1
280905,115102,1,2.27,23830,54094.1
280906,115102,2,2.73,22910,62544.3
280907,115103,1,4.55,23830,108426.5
280908,115103,2,4.28,22910,98054.8
280909,115104,1,1.35,23830,32170.500000000004
280910,115104,2,1.47,22910,33677.7
280911,115105,1,1.11,23830,26451.300000000003
280912,115105,2,10.05,22910,230245.50000000003
280913,115105,3,7.15,20790,148648.5
280914,115106,1,4.76,23830,113430.8
280915,115106,2,3.81,22910,87287.1
280916,115107,1,9.51,23830,226623.3
280917,115107,2,6.59,22910,150976.9
280918,115107,3,7.93,20790,164864.69999999998
280919,115108,1,6.02,23830,143456.59999999998
280920,115108,2,1.13,22910,25888.3
280921,115108,3,3.01,20790,62577.9
280922,115109,1,4.97,23830,118435.1
280923,115109,2,11.18,22910,256133.8
280924,115109,3,8.22,20790,170893.80000000002
280925,115110,1,4.78,23830,113907.4
280926,115110,2,2.21,22910,50631.1
280927,115111,1,2.28,23830,54332.4
280928,115111,2,4.5,22910,103095.0
280929,115112,1,4.0,23830,95320.0
280930,115112,2,3.46,22910,79268.6
280931,115113,1,15.41,23830,367220.3
280932,115113,2,8.14,22910,186487.4
280933,115113,3,17.59,20790,365696.1
280934,115114,1,12.92,23830,307883.6
280935,115114,2,8.88,22910,203440.8
280936,115114,3,1.72,20790,35758.8
280937,115115,1,4.9,23830,116767.0
280938,115115,2,3.48,22910,79726.8
280939,115116,1,2.59,23830,61719.7
280940,115116,2,4.63,22910,106073.3
280941,115117,1,4.64,23830,110571.2
280942,115117,2,4.36,22910,99887.6
280943,115118,1,13.13,23830,312887.9
280944,115118,2,14.32,22910,328071.2
280945,115118,3,5.27,20790,109563.3
280946,115119,1,1.3,23830,30979.0
280947,115119,2,2.8,22910,64147.99999999999
280948,115120,1,3.51,23830,83643.29999999999
280949,115120,2,3.22,22910,73770.20000000001
280950,115121,1,11.06,23830,263559.8
280951,115121,2,15.44,22910,353730.4
280952,115121,3,16.07,20790,334095.3
280953,115122,1,1.68,23830,40034.4
280954,115122,2,4.81,22910,110197.1
280955,115123,1,3.03,23830,72204.9
280956,115123,2,4.57,22910,104698.7
280957,115124,1,5.16,23830,122962.8
280958,115124,2,10.22,22910,234140.2
280959,115124,3,18.89,20790,392723.1
280960,115125,1,4.85,23830,115575.5
280961,115125,2,4.22,22910,96680.2
280962,115126,1,4.19,23830,99847.7
280963,115126,2,1.71,22910,39176.1
280964,115127,1,4.75,23830,113192.5
280965,115127,2,11.17,22910,255904.7
280966,115127,3,12.21,20790,253845.9
280967,115128,1,5.89,23830,140358.69999999998
280968,115128,2,3.88,22910,88890.8
280969,115128,3,10.89,20790,226403.1
280970,115129,1,11.09,23830,264274.7
280971,115129,2,12.57,22910,287978.7
280972,115129,3,12.67,20790,263409.3
280973,115130,1,1.8,23830,42894.0
280974,115130,2,4.49,22910,102865.9
280975,115131,1,2.32,23830,55285.6
280976,115131,2,3.74,22910,85683.40000000001
280977,115132,1,4.75,23830,113192.5
280978,115132,2,4.32,22910,98971.2
280979,115133,1,2.98,23830,71013.4
280980,115133,2,4.74,22910,108593.4
280981,115134,1,1.69,23830,40272.7
280982,115134,2,1.11,22910,25430.1
280983,115135,1,3.73,23830,88885.9
280984,115135,2,2.4,22910,54984.0
280985,115136,1,11.55,23830,275236.5
280986,115136,2,7.32,22910,167701.2
280987,115136,3,2.99,20790,62162.100000000006
280988,115137,1,12.14,23830,289296.2
280989,115137,2,12.15,22910,278356.5
280990,115137,3,18.34,20790,381288.6
280991,115138,1,3.04,23830,72443.2
280992,115138,2,3.21,22910,73541.1
280993,115139,1,5.8,23830,138214.0
280994,115139,2,14.04,22910,321656.4
280995,115139,3,11.43,20790,237629.7
280996,115140,1,4.3,23830,102469.0
280997,115140,2,4.95,22910,113404.5
280998,115140,3,10.86,20790,225779.4
280999,115141,1,3.78,23830,90077.4
281000,115141,2,1.23,22910,28179.3
281001,115142,1,4.57,23830,108903.1
281002,115142,2,2.08,22910,47652.8
281003,115143,1,4.79,23830,114145.7
281004,115143,2,3.2,22910,73312.0
281005,115144,1,5.86,23830,139643.80000000002
281006,115144,2,16.51,22910,378244.1
281007,115144,3,2.81,20790,58419.9
281008,115145,1,8.54,23830,203508.2
281009,115145,2,11.58,22910,265297.8
281010,115145,3,12.78,20790,265696.2
281011,115146,1,3.68,23830,87694.40000000001
281012,115146,2,4.89,22910,112029.9
281013,115147,1,1.78,23830,42417.4
281014,115147,2,2.02,22910,46278.2
281015,115148,1,3.52,23830,83881.6
281016,115148,2,3.37,22910,77206.7
281017,115149,1,3.7,23830,88171.0
281018,115149,2,1.21,22910,27721.1
281019,115150,1,2.16,23830,51472.8
281020,115150,2,1.33,22910,30470.300000000003
283992,116367,1,4.19,23830,99847.7
283993,116367,2,3.06,22910,70104.6
283994,116368,1,2.5,23830,59575.0
283995,116368,2,2.12,22910,48569.2
283996,116369,1,2.35,23830,56000.5
283997,116369,2,3.14,22910,71937.40000000001
283998,116370,1,19.01,23830,453008.3000000001
283999,116370,2,4.49,22910,102865.9
284000,116370,3,17.24,20790,358419.6
284001,116371,1,1.41,23830,33600.3
284002,116371,2,3.71,22910,84996.1
284003,116372,1,2.13,23830,50757.9
284004,116372,2,2.03,22910,46507.3
284005,116373,1,3.39,23830,80783.7
284006,116373,2,3.36,22910,76977.59999999999
284007,116374,1,2.93,23830,69821.90000000001
284008,116374,2,3.81,22910,87287.1
284009,116375,1,1.6,23830,38128.0
284010,116375,2,4.34,22910,99429.4
284011,116376,1,3.0,23830,71490.0
284012,116376,2,3.77,22910,86370.7
284013,116377,1,11.1,23830,264513.0
284014,116377,2,19.5,22910,446745.0
284015,116377,3,3.06,20790,63617.4
284016,116378,1,4.67,23830,111286.1
284017,116378,2,16.06,22910,367934.6
284018,116378,3,17.5,20790,363825.0
284019,116379,1,3.34,23830,79592.2
284020,116379,2,4.05,22910,92785.5
284021,116380,1,11.84,23830,282147.2
284022,116380,2,14.3,22910,327613.0
284023,116380,3,13.92,20790,289396.8
284024,116381,1,4.71,23830,112239.3
284025,116381,2,1.39,22910,31844.9
284026,116382,1,2.36,23830,56238.8
284027,116382,2,3.2,22910,73312.0
284028,116383,1,3.74,23830,89124.20000000001
284029,116383,2,3.0,22910,68730.0
284030,116384,1,2.4,23830,57192.0
284031,116384,2,3.6,22910,82476.0
284032,116385,1,19.4,23830,462302.0
284033,116385,2,18.18,22910,416503.8
284034,116385,3,17.89,20790,371933.1
284035,116386,1,1.39,23830,33123.7
284036,116386,2,3.95,22910,90494.5
284037,116387,1,1.69,23830,40272.7
284038,116387,2,1.18,22910,27033.8
284039,116388,1,1.27,23830,30264.1
284040,116388,2,13.64,22910,312492.4
284041,116388,3,3.79,20790,78794.1
284042,116389,1,5.67,23830,135116.1
284043,116389,2,18.74,22910,429333.4
284044,116389,3,18.17,20790,377754.3000000001
284045,116390,1,17.88,23830,426080.4
284046,116390,2,15.52,22910,355563.2
284047,116390,3,2.6,20790,54054.0
284048,116391,1,12.23,23830,291440.9
284049,116391,2,14.41,22910,330133.1
284050,116391,3,5.09,20790,105821.1
284051,116392,1,2.34,23830,55762.2
284052,116392,2,3.0,22910,68730.0
284053,116393,1,2.76,23830,65770.79999999999
284054,116393,2,1.37,22910,31386.7
284055,116394,1,14.09,23830,335764.7
284056,116394,2,2.59,22910,59336.9
284057,116394,3,18.61,20790,386901.9
284058,116395,1,3.22,23830,76732.6
284059,116395,2,8.61,22910,197255.1
284060,116395,3,5.01,20790,104157.9
284061,116396,1,2.51,23830,59813.3
284062,116396,2,1.33,22910,30470.300000000003
284063,116397,1,4.66,23830,111047.8
284064,116397,2,3.53,22910,80872.29999999999
284065,116398,1,1.81,23830,43132.3
284066,116398,2,2.42,22910,55442.2
284067,116399,1,1.92,23830,45753.6
284068,116399,2,2.31,22910,52922.1
284069,116400,1,4.45,23830,106043.5
284070,116400,2,3.14,22910,71937.40000000001
284071,116401,1,3.01,23830,71728.29999999999
284072,116401,2,14.93,22910,342046.3
284073,116401,3,7.97,20790,165696.3
284074,116402,1,3.83,23830,91268.9
284075,116402,2,3.92,22910,89807.2
284076,116403,1,2.47,23830,58860.100000000006
284077,116403,2,3.93,22910,90036.3
284078,116404,1,3.36,23830,80068.8
284079,116404,2,1.99,22910,45590.9
284080,116405,1,1.24,23830,29549.2
284081,116405,2,2.78,22910,63689.8
284082,116406,1,16.09,23830,383424.7
284083,116406,2,10.35,22910,237118.5
284084,116406,3,7.92,20790,164656.8
284085,116407,1,2.46,23830,58621.8
284086,116407,2,4.28,22910,98054.8
284087,116408,1,4.32,23830,102945.6
284088,116408,2,3.86,22910,88432.59999999999
284089,116409,1,4.24,23830,101039.2
284090,116409,2,4.34,22910,99429.4
284091,116410,1,2.31,23830,55047.3
284092,116410,2,1.74,22910,39863.4
284093,116411,1,8.51,23830,202793.3
284094,116411,2,17.12,22910,392219.2
284095,116411,3,17.74,20790,368814.6
284096,116412,1,13.81,23830,329092.3
284097,116412,2,16.95,22910,388324.5
284098,116412,3,10.16,20790,211226.4
284099,116413,1,3.06,23830,72919.8
284100,116413,2,8.3,22910,190153.00000000003
284101,116413,3,14.5,20790,301455.0
284102,116414,1,17.69,23830,421552.7
284103,116414,2,5.12,22910,117299.2
284104,116414,3,11.45,20790,238045.5
284105,116415,1,3.71,23830,88409.3
284106,116415,2,6.73,22910,154184.30000000002
284107,116415,3,18.72,20790,389188.8
284108,116416,1,3.07,23830,73158.09999999999
284109,116416,2,4.92,22910,112717.2
284110,116417,1,4.67,23830,111286.1
284111,116417,2,3.85,22910,88203.5
284112,116418,1,3.07,23830,73158.09999999999
284113,116418,2,4.28,22910,98054.8
284114,116419,1,14.34,23830,341722.2
284115,116419,2,7.48,22910,171366.80000000002
284116,116419,3,19.41,20790,403533.9
284117,116420,1,1.07,23830,25498.1
284118,116420,2,9.96,22910,228183.6
284119,116420,3,12.7,20790,264033.0
284120,116421,1,3.46,23830,82451.8
284121,116421,2,2.57,22910,58878.7
284122,116422,1,2.45,23830,58383.50000000001
284123,116422,2,3.81,22910,87287.1
284124,116423,1,3.87,23830,92222.1
284125,116423,2,2.11,22910,48340.1
284126,116424,1,9.48,23830,225908.4
284127,116424,2,17.8,22910,407798.0
284128,116424,3,14.37,20790,298752.3
284129,116425,1,1.62,23830,38604.600000000006
284130,116425,2,1.4,22910,32074.0
284131,116426,1,7.19,23830,171337.7
284132,116426,2,12.08,22910,276752.8
284133,116426,3,11.86,20790,246569.4
284134,116427,1,19.05,23830,453961.5
284135,116427,2,19.44,22910,445370.4
284136,116427,3,11.13,20790,231392.7
284137,116428,1,7.85,23830,187065.5
284138,116428,2,11.63,22910,266443.30000000005
284139,116428,3,15.71,20790,326610.9
287056,117615,1,8.96,23830,213516.8
287057,117615,2,18.98,22910,434831.8
287058,117615,3,19.63,20790,408107.7
287059,117616,1,3.04,23830,72443.2
287060,117616,2,4.21,22910,96451.1
287061,117617,1,4.29,23830,102230.7
287062,117617,2,2.91,22910,66668.1
287063,117618,1,2.99,23830,71251.70000000001
287064,117618,2,4.13,22910,94618.3
287065,117619,1,2.18,23830,51949.4
287066,117619,2,2.82,22910,64606.2
287067,117620,1,7.09,23830,168954.69999999998
287068,117620,2,19.85,22910,454763.50000000006
287069,117620,3,15.15,20790,314968.5
287070,117621,1,7.26,23830,173005.8
287071,117621,2,5.64,22910,129212.4
287072,117621,3,6.16,20790,128066.4
287073,117622,1,16.95,23830,403918.5
287074,117622,2,15.83,22910,362665.3
287075,117622,3,3.33,20790,69230.7
287076,117623,1,1.73,23830,41225.9
287077,117623,2,3.22,22910,73770.20000000001
287078,117624,1,7.92,23830,188733.6
287079,117624,2,9.6,22910,219936.0
287080,117624,3,10.39,20790,216008.1
287081,117625,1,3.96,23830,94366.8
287082,117625,2,3.95,22910,90494.5
287083,117626,1,1.52,23830,36221.6
287084,117626,2,2.57,22910,58878.7
287085,117627,1,3.29,23830,78400.7
287086,117627,2,3.68,22910,84308.8
287087,117628,1,1.19,23830,28357.7
287088,117628,2,1.08,22910,24742.800000000003
287089,117629,1,12.1,23830,288343.0
287090,117629,2,3.91,22910,89578.1
287091,117629,3,6.87,20790,142827.3
287092,117630,1,3.97,23830,94605.1
287093,117630,2,3.41,22910,78123.1
287094,117631,1,4.68,23830,111524.4
287095,117631,2,4.47,22910,102407.7
287096,117632,1,2.98,23830,71013.4
287097,117632,2,2.94,22910,67355.4
287098,117633,1,1.51,23830,35983.3
287099,117633,2,4.42,22910,101262.2
287100,117634,1,4.48,23830,106758.4
287101,117634,2,4.0,22910,91640.0
287102,117635,1,1.73,23830,41225.9
287103,117635,2,2.87,22910,65751.7
287104,117636,1,14.99,23830,357211.7
287105,117636,2,10.18,22910,233223.8
287106,117636,3,19.99,20790,415592.1
287107,117637,1,1.4,23830,33362.0
287108,117637,2,2.57,22910,58878.7
287109,117638,1,3.55,23830,84596.5
287110,117638,2,2.1,22910,48111.0
287111,117639,1,2.87,23830,68392.1
287112,117639,2,4.78,22910,109509.8
287113,117640,1,2.84,23830,67677.2
287114,117640,2,1.14,22910,26117.4
287115,117641,1,4.97,23830,118435.1
287116,117641,2,2.81,22910,64377.1
287117,117642,1,1.29,23830,30740.7
287118,117642,2,3.72,22910,85225.20000000001
287119,117643,1,4.38,23830,104375.4
287120,117643,2,3.2,22910,73312.0
287121,117644,1,3.18,23830,75779.40000000001
287122,117644,2,3.84,22910,87974.4
287123,117645,1,4.89,23830,116528.7
287124,117645,2,4.55,22910,104240.5
287125,117646,1,4.35,23830,103660.5
287126,117646,2,4.36,22910,99887.6
287127,117647,1,1.37,23830,32647.1
287128,117647,2,2.03,22910,46507.3
287129,117648,1,12.6,23830,300258.0
287130,117648,2,1.0,22910,22910.0
287131,117648,3,12.92,20790,268606.8
287132,117649,1,7.53,23830,179439.9
287133,117649,2,7.34,22910,168159.4
287134,117649,3,14.55,20790,302494.5
287135,117650,1,3.02,23830,71966.6
287136,117650,2,4.23,22910,96909.3
287137,117651,1,2.41,23830,57430.3
287138,117651,2,2.51,22910,57504.1
287139,117652,1,2.14,23830,50996.2
287140,117652,2,11.89,22910,272399.9
287141,117652,3,1.15,20790,23908.5
287142,117653,1,3.45,23830,82213.5
287143,117653,2,4.81,22910,110197.1
287144,117654,1,4.09,23830,97464.7
287145,117654,2,7.68,22910,175948.8
287146,117654,3,13.08,20790,271933.2
287147,117655,1,13.79,23830,328615.69999999995
287148,117655,2,19.32,22910,442621.2
287149,117655,3,1.65,20790,34303.5
287150,117656,1,4.32,23830,102945.6
287151,117656,2,3.94,22910,90265.4
287152,117657,1,4.49,23830,106996.7
287153,117657,2,2.7,22910,61857.00000000001
287154,117658,1,6.24,23830,148699.2
287155,117658,2,2.38,22910,54525.8
287156,117658,3,17.68,20790,367567.2
287157,117659,1,4.57,23830,108903.1
287158,117659,2,4.33,22910,99200.3
287159,117660,1,11.43,23830,272376.9
287160,117660,2,4.84,22910,110884.4
287161,117660,3,13.73,20790,285446.7
287162,117661,1,6.05,23830,144171.5
287163,117661,2,19.54,22910,447661.4
287164,117661,3,13.06,20790,271517.4
287165,117662,1,4.79,23830,114145.7
287166,117662,2,3.77,22910,86370.7
287167,117663,1,2.28,23830,54332.4
287168,117663,2,13.99,22910,320510.9
287169,117663,3,3.33,20790,69230.7
287170,117664,1,2.16,23830,51472.8
287171,117664,2,3.26,22910,74686.59999999999
287172,117665,1,1.84,23830,43847.2
287173,117665,2,1.87,22910,42841.7
287174,117666,1,3.98,23830,94843.4
287175,117666,2,1.9,22910,43529.0
287176,117667,1,6.69,23830,159422.7
287177,117667,2,2.91,22910,66668.1
287178,117667,3,18.64,20790,387525.6
287179,117668,1,4.69,23830,111762.7
287180,117668,2,3.65,22910,83621.5
287181,117669,1,3.58,23830,85311.40000000001
287182,117669,2,3.26,22910,74686.59999999999
287183,117670,1,2.67,23830,63626.1
287184,117670,2,4.64,22910,106302.4
287185,117671,1,4.8,23830,114384.0
287186,117671,2,1.47,22910,33677.7
287187,117672,1,11.11,23830,264751.3
287188,117672,2,13.12,22910,300579.19999999995
287189,117672,3,3.27,20790,67983.3
287190,117673,1,6.82,23830,162520.6
287191,117673,2,13.42,22910,307452.2
287192,117673,3,19.0,20790,395010.0
287193,117674,1,9.13,23830,217567.9
287194,117674,2,11.25,22910,257737.5
287195,117674,3,12.55,20790,260914.50000000003
287196,117675,1,9.87,23830,235202.1
287197,117675,2,15.28,22910,350064.8
287198,117675,3,8.41,20790,174843.9
287199,117676,1,5.3,23830,126299.0
287200,117676,2,11.99,22910,274690.9
287201,117676,3,16.42,20790,341371.80000000005
287202,117677,1,2.44,23830,58145.2
287203,117677,2,11.76,22910,269421.6
287204,117677,3,7.77,20790,161538.3
287205,117678,1,4.47,23830,106520.1
287206,117678,2,3.72,22910,85225.20000000001
287207,117679,1,3.55,23830,84596.5
287208,117679,2,6.69,22910,153267.90000000002
287209,117679,3,6.43,20790,133679.69999999998
287210,117680,1,2.83,23830,67438.90000000001
287211,117680,2,3.49,22910,79955.90000000001
287212,117681,1,17.51,23830,417263.3000000001
287213,117681,2,6.16,22910,141125.6
287214,117681,3,6.66,20790,138461.4
287215,117682,1,11.15,23830,265704.5
287216,117682,2,4.61,22910,105615.1
287217,117682,3,19.87,20790,413097.3000000001
287218,117683,1,3.94,23830,93890.2
287219,117683,2,1.53,22910,35052.3
287220,117684,1,3.76,23830,89600.79999999999
287221,117684,2,4.64,22910,106302.4
287222,117685,1,1.43,23830,34076.9
287223,117685,2,4.44,22910,101720.4
287224,117686,1,1.06,23830,25259.800000000003
287225,117686,2,4.08,22910,93472.8
287226,117687,1,3.37,23830,80307.1
287227,117687,2,4.33,22910,99200.3
287228,117688,1,15.89,23830,378658.7
287229,117688,2,9.18,22910,210313.8
287230,117688,3,4.05,20790,84199.5
287231,117689,1,2.43,23830,57906.9
287232,117689,2,2.28,22910,52234.8
287233,117690,1,4.81,23830,114622.3
287234,117690,2,6.07,22910,139063.7
287235,117690,3,3.57,20790,74220.3
287236,117691,1,13.2,23830,314556.0
287237,117691,2,16.74,22910,383513.4
287238,117691,3,6.31,20790,131184.9
287239,117692,1,17.73,23830,422505.9
287240,117692,2,2.22,22910,50860.2
287241,117692,3,16.11,20790,334926.9
287242,117693,1,9.41,23830,224240.3
287243,117693,2,9.37,22910,214666.7
287244,117693,3,15.57,20790,323700.3
287245,117694,1,2.49,23830,59336.7
287246,117694,2,1.88,22910,43070.8
287247,117695,1,1.4,23830,33362.0
287248,117695,2,1.7,22910,38947.0
290265,118932,1,18.86,23830,449433.8
290266,118932,2,14.03,22910,321427.3
290267,118932,3,7.42,20790,154261.8
290268,118933,1,4.65,23830,110809.5
290269,118933,2,1.5,22910,34365.0
290270,118934,1,1.19,23830,28357.7
290271,118934,2,3.79,22910,86828.9
290272,118935,1,4.02,23830,95796.6
290273,118935,2,4.05,22910,92785.5
290274,118936,1,4.08,23830,97226.4
290275,118936,2,2.22,22910,50860.2
290276,118937,1,13.23,23830,315270.9
290277,118937,2,8.24,22910,188778.4
290278,118937,3,13.05,20790,271309.5
290279,118938,1,4.74,23830,112954.2
290280,118938,2,4.25,22910,97367.5
290281,118939,1,9.37,23830,223287.1
290282,118939,2,6.78,22910,155329.80000000002
290283,118939,3,15.62,20790,324739.8
290284,118940,1,18.7,23830,445621.0
290285,118940,2,12.97,22910,297142.7
290286,118940,3,1.96,20790,40748.4
290287,118941,1,1.64,23830,39081.2
290288,118941,2,1.49,22910,34135.9
290289,118942,1,8.37,23830,199457.1
290290,118942,2,2.41,22910,55213.100000000006
290291,118942,3,5.18,20790,107692.2
290292,118943,1,2.55,23830,60766.49999999999
290293,118943,2,3.12,22910,71479.2
290294,118944,1,1.7,23830,40511.0
290295,118944,2,1.1,22910,25201.000000000004
290296,118945,1,8.29,23830,197550.7
290297,118945,2,13.43,22910,307681.3
290298,118945,3,9.27,20790,192723.3
290299,118946,1,4.32,23830,102945.6
290300,118946,2,3.73,22910,85454.3
290301,118947,1,3.02,23830,71966.6
290302,118947,2,6.69,22910,153267.90000000002
290303,118947,3,6.87,20790,142827.3
290304,118948,1,1.91,23830,45515.3
290305,118948,2,2.0,22910,45820.0
290306,118949,1,4.37,23830,104137.1
290307,118949,2,2.51,22910,57504.1
290308,118950,1,4.09,23830,97464.7
290309,118950,2,4.56,22910,104469.6
290310,118951,1,4.12,23830,98179.6
290311,118951,2,4.01,22910,91869.1
290312,118952,1,4.56,23830,108664.8
290313,118952,2,2.5,22910,57275.0
290314,118952,3,14.4,20790,299376.0
290315,118953,1,3.84,23830,91507.2
290316,118953,2,11.53,22910,264152.3
290317,118953,3,6.83,20790,141995.7
290318,118954,1,2.38,23830,56715.4
290319,118954,2,4.18,22910,95763.8
290320,118955,1,5.22,23830,124392.6
290321,118955,2,14.77,22910,338380.7
290322,118955,3,14.68,20790,305197.2
290323,118956,1,3.28,23830,78162.4
290324,118956,2,2.07,22910,47423.7
290325,118957,1,1.64,23830,39081.2
290326,118957,2,3.33,22910,76290.3
290327,118958,1,4.44,23830,105805.2
290328,118958,2,1.1,22910,25201.000000000004
290329,118959,1,1.63,23830,38842.9
290330,118959,2,3.12,22910,71479.2
290331,118960,1,4.0,23830,95320.0
290332,118960,2,2.23,22910,51089.3
290333,118961,1,17.62,23830,419884.6
290334,118961,2,6.68,22910,153038.8
290335,118961,3,19.96,20790,414968.4
290336,118962,1,13.63,23830,324802.9
290337,118962,2,10.41,22910,238493.1
290338,118962,3,4.6,20790,95634.0
290339,118963,1,2.84,23830,67677.2
290340,118963,2,2.71,22910,62086.1
290341,118964,1,14.09,23830,335764.7
290342,118964,2,2.76,22910,63231.6
290343,118964,3,17.13,20790,356132.69999999995
290344,118965,1,2.21,23830,52664.3
290345,118965,2,4.43,22910,101491.3
290346,118966,1,2.0,23830,47660.0
290347,118966,2,2.95,22910,67584.5
290348,118967,1,1.4,23830,33362.0
290349,118967,2,5.98,22910,137001.80000000002
290350,118967,3,15.92,20790,330976.8
290351,118968,1,2.99,23830,71251.70000000001
290352,118968,2,2.7,22910,61857.00000000001
290353,118969,1,9.93,23830,236631.9
290354,118969,2,4.77,22910,109280.7
290355,118969,3,19.72,20790,409978.8
290356,118970,1,14.9,23830,355067.0
290357,118970,2,18.91,22910,433228.1
290358,118970,3,15.19,20790,315800.1
290359,118971,1,1.89,23830,45038.7
290360,118971,2,4.76,22910,109051.6
290361,118972,1,1.91,23830,45515.3
290362,118972,2,1.99,22910,45590.9
290363,118973,1,2.2,23830,52426.00000000001
290364,118973,2,3.54,22910,81101.4
290365,118974,1,1.97,23830,46945.1
290366,118974,2,3.06,22910,70104.6
290367,118975,1,1.24,23830,29549.2
290368,118975,2,2.21,22910,50631.1
290369,118976,1,17.47,23830,416310.1
290370,118976,2,7.72,22910,176865.19999999998
290371,118976,3,18.1,20790,376299.00000000006
290372,118977,1,5.71,23830,136069.3
290373,118977,2,2.01,22910,46049.1
290374,118977,3,7.15,20790,148648.5
290375,118978,1,2.85,23830,67915.5
290376,118978,2,11.4,22910,261174.0
290377,118978,3,6.15,20790,127858.5
290378,118979,1,3.24,23830,77209.20000000001
290379,118979,2,2.03,22910,46507.3
290380,118980,1,5.57,23830,132733.1
290381,118980,2,18.27,22910,418565.7
290382,118980,3,7.14,20790,148440.6
290383,118981,1,3.65,23830,86979.5
290384,118981,2,1.09,22910,24971.9
290385,118982,1,2.37,23830,56477.100000000006
290386,118982,2,1.16,22910,26575.6
290387,118983,1,4.1,23830,97703.0
290388,118983,2,3.06,22910,70104.6
290389,118984,1,4.45,23830,106043.5
290390,118984,2,2.25,22910,51547.5
290391,118984,3,11.27,20790,234303.3
290392,118985,1,4.08,23830,97226.4
290393,118985,2,2.82,22910,64606.2
290394,118986,1,4.33,23830,103183.9
290395,118986,2,2.51,22910,57504.1
290396,118987,1,3.99,23830,95081.7
290397,118987,2,4.19,22910,95992.9
290398,118988,1,2.72,23830,64817.600000000006
290399,118988,2,1.62,22910,37114.2
290400,118989,1,11.23,23830,267610.9
290401,118989,2,7.29,22910,167013.9
290402,118989,3,17.64,20790,366735.6
290403,118990,1,1.54,23830,36698.2
290404,118990,2,7.31,22910,167472.09999999998
290405,118990,3,14.17,20790,294594.3
290406,118991,1,1.9,23830,45277.0
290407,118991,2,3.26,22910,74686.59999999999
290408,118992,1,2.55,23830,60766.49999999999
290409,118992,2,2.46,22910,56358.6
290410,118993,1,17.04,23830,406063.2
290411,118993,2,14.09,22910,322801.9
290412,118993,3,18.85,20790,391891.50000000006
290413,118994,1,5.07,23830,120818.1
290414,118994,2,10.88,22910,249260.8
290415,118994,3,1.25,20790,25987.5
290416,118995,1,2.18,23830,51949.4
290417,118995,2,1.43,22910,32761.3
290418,118995,3,13.79,20790,286694.1
290419,118996,1,16.84,23830,401297.2
290420,118996,2,17.84,22910,408714.4
290421,118996,3,7.62,20790,158419.8
290422,118997,1,4.34,23830,103422.2
290423,118997,2,3.31,22910,75832.1
290424,118998,1,4.69,23830,111762.7
290425,118998,2,4.84,22910,110884.4
290426,118999,1,1.47,23830,35030.1
290427,118999,2,2.28,22910,52234.8
290428,119000,1,4.52,23830,107711.6
290429,119000,2,3.7,22910,84767.0
293364,120193,1,1.12,23830,26689.6
293365,120193,2,2.54,22910,58191.4
293366,120194,1,3.18,23830,75779.40000000001
293367,120194,2,2.3,22910,52692.99999999999
293368,120195,1,12.78,23830,304547.4
293369,120195,2,8.59,22910,196796.9
293370,120195,3,18.02,20790,374635.8
293371,120196,1,3.82,23830,91030.6
293372,120196,2,4.92,22910,112717.2
293373,120197,1,2.3,23830,54808.99999999999
293374,120197,2,4.23,22910,96909.3
293375,120198,1,17.86,23830,425603.8
293376,120198,2,12.2,22910,279502.0
293377,120198,3,11.89,20790,247193.1
293378,120199,1,4.32,23830,102945.6
293379,120199,2,4.78,22910,109509.8
293380,120200,1,11.81,23830,281432.3
293381,120200,2,2.82,22910,64606.2
293382,120200,3,3.24,20790,67359.6
293383,120201,1,5.32,23830,126775.6
293384,120201,2,3.77,22910,86370.7
293385,120201,3,8.82,20790,183367.8
293386,120202,1,3.24,23830,77209.20000000001
293387,120202,2,4.0,22910,91640.0
293388,120203,1,6.87,23830,163712.1
293389,120203,2,5.14,22910,117757.4
293390,120203,3,5.92,20790,123076.8
293391,120204,1,3.18,23830,75779.40000000001
293392,120204,2,11.22,22910,257050.2
293393,120204,3,3.8,20790,79002.0
293394,120205,1,2.96,23830,70536.8
293395,120205,2,2.25,22910,51547.5
293396,120206,1,9.58,23830,228291.4
293397,120206,2,8.98,22910,205731.8
293398,120206,3,16.6,20790,345114.00000000006
293399,120207,1,2.74,23830,65294.2
293400,120207,2,3.21,22910,73541.1
293401,120208,1,1.33,23830,31693.9
293402,120208,2,1.5,22910,34365.0
293403,120209,1,4.48,23830,106758.4
293404,120209,2,4.91,22910,112488.1
293405,120210,1,12.3,23830,293109.0
293406,120210,2,2.79,22910,63918.9
293407,120210,3,1.29,20790,26819.1
293408,120211,1,8.09,23830,192784.7
293409,120211,2,14.58,22910,334027.8
293410,120211,3,2.24,20790,46569.600000000006
293411,120212,1,4.69,23830,111762.7
293412,120212,2,3.54,22910,81101.4
293413,120213,1,7.96,23830,189686.8
293414,120213,2,17.99,22910,412150.9
293415,120213,3,6.51,20790,135342.9
293416,120214,1,3.73,23830,88885.9
293417,120214,2,4.52,22910,103553.2
293418,120215,1,1.98,23830,47183.4
293419,120215,2,4.78,22910,109509.8
293420,120216,1,3.64,23830,86741.2
293421,120216,2,3.42,22910,78352.2
293422,120217,1,3.13,23830,74587.9
293423,120217,2,3.35,22910,76748.5
293424,120218,1,9.99,23830,238061.7
293425,120218,2,10.18,22910,233223.8
293426,120218,3,12.21,20790,253845.9
293427,120219,1,9.58,23830,228291.4
293428,120219,2,15.11,22910,346170.1
293429,120219,3,9.71,20790,201870.9
293430,120220,1,3.06,23830,72919.8
293431,120220,2,1.58,22910,36197.8
293432,120221,1,4.97,23830,118435.1
293433,120221,2,3.85,22910,88203.5
293434,120221,3,17.17,20790,356964.30000000005
293435,120222,1,3.37,23830,80307.1
293436,120222,2,9.01,22910,206419.1
293437,120222,3,12.41,20790,258003.9
293438,120223,1,2.47,23830,58860.100000000006
293439,120223,2,2.72,22910,62315.2
293440,120224,1,10.65,23830,253789.5
293441,120224,2,6.13,22910,140438.3
293442,120224,3,13.22,20790,274843.8
293443,120225,1,4.98,23830,118673.4
293444,120225,2,2.02,22910,46278.2
293445,120226,1,3.3,23830,78639.0
293446,120226,2,4.92,22910,112717.2
293447,120227,1,4.16,23830,99132.8
293448,120227,2,1.57,22910,35968.700000000004
293449,120228,1,19.31,23830,460157.3
293450,120228,2,3.19,22910,73082.9
293451,120228,3,3.32,20790,69022.8
293452,120229,1,2.35,23830,56000.5
293453,120229,2,1.15,22910,26346.5
293454,120230,1,1.31,23830,31217.300000000003
293455,120230,2,4.77,22910,109280.7
293456,120231,1,1.92,23830,45753.6
293457,120231,2,1.03,22910,23597.3
293458,120232,1,2.58,23830,61481.4
293459,120232,2,13.66,22910,312950.6
293460,120232,3,13.73,20790,285446.7
293461,120233,1,8.78,23830,209227.4
293462,120233,2,5.71,22910,130816.1
293463,120233,3,3.9,20790,81081.0
293464,120234,1,1.64,23830,39081.2
293465,120234,2,4.95,22910,113404.5
293466,120235,1,1.04,23830,24783.2
293467,120235,2,4.67,22910,106989.7
293468,120236,1,18.63,23830,443952.9
293469,120236,2,10.65,22910,243991.5
293470,120236,3,10.32,20790,214552.8
293471,120237,1,12.3,23830,293109.0
293472,120237,2,4.59,22910,105156.9
293473,120237,3,14.31,20790,297504.9
293474,120238,1,2.09,23830,49804.7
293475,120238,2,2.79,22910,63918.9
293476,120239,1,4.77,23830,113669.1
293477,120239,2,3.29,22910,75373.9
293478,120240,1,7.92,23830,188733.6
293479,120240,2,1.83,22910,41925.3
293480,120240,3,7.0,20790,145530.0
293481,120241,1,2.42,23830,57668.6
293482,120241,2,4.47,22910,102407.7
293483,120242,1,6.36,23830,151558.80000000002
293484,120242,2,1.45,22910,33219.5
293485,120242,3,18.36,20790,381704.4
293486,120243,1,4.8,23830,114384.0
293487,120243,2,2.61,22910,59795.1
293488,120244,1,1.73,23830,41225.9
293489,120244,2,2.89,22910,66209.90000000001
293490,120244,3,19.59,20790,407276.1
293491,120245,1,1.43,23830,34076.9
293492,120245,2,2.7,22910,61857.00000000001
293493,120246,1,1.63,23830,38842.9
293494,120246,2,2.19,22910,50172.9
293495,120247,1,2.96,23830,70536.8
293496,120247,2,1.07,22910,24513.7
293497,120248,1,6.03,23830,143694.9
293498,120248,2,16.42,22910,376182.2
293499,120248,3,18.18,20790,377962.2
293500,120249,1,2.08,23830,49566.4
293501,120249,2,2.42,22910,55442.2
293502,120250,1,1.33,23830,31693.9
293503,120250,2,1.28,22910,29324.8
293504,120251,1,4.56,23830,108664.8
293505,120251,2,2.05,22910,46965.49999999999
293506,120252,1,16.44,23830,391765.2
293507,120252,2,15.99,22910,366330.9
293508,120252,3,9.69,20790,201455.1
293509,120253,1,4.33,23830,103183.9
293510,120253,2,4.94,22910,113175.4
293511,120254,1,2.02,23830,48136.6
293512,120254,2,2.62,22910,60024.2
293513,120255,1,3.21,23830,76494.3
293514,120255,2,2.54,22910,58191.4
293515,120256,1,4.03,23830,96034.9
293516,120256,2,1.05,22910,24055.5
293517,120257,1,9.15,23830,218044.5
293518,120257,2,7.11,22910,162890.1
293519,120257,3,11.83,20790,245945.7
293520,120258,1,10.87,23830,259032.1
293521,120258,2,2.76,22910,63231.6
293522,120258,3,12.29,20790,255509.1
293523,120259,1,15.15,23830,361024.5
293524,120259,2,10.53,22910,241242.3
293525,120259,3,10.18,20790,211642.2
293526,120260,1,2.44,23830,58145.2
293527,120260,2,3.48,22910,79726.8
293528,120261,1,1.62,23830,38604.600000000006
293529,120261,2,4.16,22910,95305.6
293530,120262,1,3.41,23830,81260.3
293531,120262,2,4.03,22910,92327.3
293532,120263,1,1.18,23830,28119.4
293533,120263,2,1.24,22910,28408.4
293534,120264,1,3.38,23830,80545.4
293535,120264,2,3.93,22910,90036.3
293536,120265,1,10.31,23830,245687.3
293537,120265,2,14.39,22910,329674.9
293538,120265,3,11.0,20790,228690.0
293539,120266,1,2.21,23830,52664.3
293540,120266,2,4.2,22910,96222.0
293541,120267,1,11.33,23830,269993.9
293542,120267,2,9.41,22910,215583.1
293543,120267,3,12.44,20790,258627.6
296653,121541,1,17.45,23830,415833.5
296654,121541,2,12.41,22910,284313.1
296655,121541,3,2.64,20790,54885.600000000006
296656,121542,1,3.36,23830,80068.8
296657,121542,2,4.53,22910,103782.3
296658,121543,1,2.49,23830,59336.7
296659,121543,2,2.93,22910,67126.3
296660,121544,1,1.81,23830,43132.3
296661,121544,2,3.32,22910,76061.2
296662,121545,1,2.95,23830,70298.5
296663,121545,2,10.05,22910,230245.50000000003
296664,121545,3,12.68,20790,263617.2
296665,121546,1,15.56,23830,370794.8
296666,121546,2,11.56,22910,264839.60000000003
296667,121546,3,9.02,20790,187525.8
296668,121547,1,13.09,23830,311934.7
296669,121547,2,6.74,22910,154413.4
296670,121547,3,5.34,20790,111018.6
296671,121548,1,12.42,23830,295968.6
296672,121548,2,17.07,22910,391073.7
296673,121548,3,7.1,20790,147609.0
296674,121549,1,4.86,23830,115813.8
296675,121549,2,2.68,22910,61398.8
296676,121550,1,18.76,23830,447050.8000000001
296677,121550,2,8.11,22910,185800.1
296678,121550,3,19.34,20790,402078.6
296679,121551,1,11.49,23830,273806.7
296680,121551,2,4.7,22910,107677.0
296681,121551,3,2.77,20790,57588.3
296682,121552,1,8.35,23830,198980.5
296683,121552,2,11.56,22910,264839.60000000003
296684,121552,3,1.73,20790,35966.7
296685,121553,1,10.54,23830,251168.2
296686,121553,2,4.79,22910,109738.9
296687,121553,3,19.45,20790,404365.5
296688,121554,1,4.93,23830,117481.9
296689,121554,2,1.02,22910,23368.2
296690,121555,1,1.75,23830,41702.5
296691,121555,2,2.62,22910,60024.2
296692,121556,1,2.22,23830,52902.600000000006
296693,121556,2,14.95,22910,342504.5
296694,121556,3,17.45,20790,362785.5
296695,121557,1,9.49,23830,226146.7
296696,121557,2,10.62,22910,243304.2
296697,121557,3,8.53,20790,177338.69999999998
296698,121558,1,6.28,23830,149652.4
296699,121558,2,14.69,22910,336547.9
296700,121558,3,2.34,20790,48648.6
296701,121559,1,10.0,23830,238300.0
296702,121559,2,9.47,22910,216957.7
296703,121559,3,9.19,20790,191060.1
296704,121560,1,17.58,23830,418931.4
296705,121560,2,2.08,22910,47652.8
296706,121560,3,4.72,20790,98128.8
296707,121561,1,8.97,23830,213755.1
296708,121561,2,3.11,22910,71250.09999999999
296709,121561,3,14.14,20790,293970.60000000003
296710,121562,1,1.73,23830,41225.9
296711,121562,2,1.88,22910,43070.8
296712,121563,1,1.2,23830,28596.0
296713,121563,2,14.95,22910,342504.5
296714,121563,3,14.63,20790,304157.7
296715,121564,1,7.45,23830,177533.5
296716,121564,2,19.28,22910,441704.8000000001
296717,121564,3,10.23,20790,212681.7
296718,121565,1,10.35,23830,246640.5
296719,121565,2,12.18,22910,279043.8
296720,121565,3,13.74,20790,285654.6
296721,121566,1,3.27,23830,77924.1
296722,121566,2,1.2,22910,27492.0
296723,121567,1,18.54,23830,441808.2
296724,121567,2,12.04,22910,275836.4
296725,121567,3,17.14,20790,356340.60000000003
296726,121568,1,2.9,23830,69107.0
296727,121568,2,1.25,22910,28637.5
296728,121569,1,1.2,23830,28596.0
296729,121569,2,1.78,22910,40779.8
296730,121570,1,8.42,23830,200648.6
296731,121570,2,18.79,22910,430478.9
296732,121570,3,7.9,20790,164241.0
296733,121571,1,19.98,23830,476123.4
296734,121571,2,16.76,22910,383971.6
296735,121571,3,18.09,20790,376091.1
296736,121572,1,19.32,23830,460395.6
296737,121572,2,15.51,22910,355334.1
296738,121572,3,3.11,20790,64656.9
296739,121573,1,1.25,23830,29787.5
296740,121573,2,4.51,22910,103324.1
296741,121574,1,19.21,23830,457774.3000000001
296742,121574,2,8.56,22910,196109.6
296743,121574,3,13.55,20790,281704.5
296744,121575,1,1.41,23830,33600.3
296745,121575,2,2.77,22910,63460.7
296746,121576,1,7.47,23830,178010.1
296747,121576,2,8.77,22910,200920.7
296748,121576,3,15.26,20790,317255.4
296749,121577,1,2.63,23830,62672.9
296750,121577,2,4.81,22910,110197.1
296751,121578,1,4.21,23830,100324.3
296752,121578,2,2.49,22910,57045.9
296753,121579,1,2.56,23830,61004.8
296754,121579,2,1.39,22910,31844.9
296755,121580,1,1.7,23830,40511.0
296756,121580,2,3.12,22910,71479.2
296757,121581,1,2.6,23830,61958.0
296758,121581,2,4.73,22910,108364.3
296759,121582,1,3.03,23830,72204.9
296760,121582,2,1.47,22910,33677.7
296761,121583,1,3.59,23830,85549.7
296762,121583,2,4.45,22910,101949.5
296763,121584,1,6.37,23830,151797.1
296764,121584,2,3.36,22910,76977.59999999999
296765,121584,3,4.94,20790,102702.6
296766,121585,1,16.54,23830,394148.2
296767,121585,2,17.5,22910,400925.0
296768,121585,3,6.87,20790,142827.3
296769,121586,1,7.56,23830,180154.8
296770,121586,2,12.62,22910,289124.19999999995
296771,121586,3,18.72,20790,389188.8
296772,121587,1,11.2,23830,266896.0
296773,121587,2,12.38,22910,283625.80000000005
296774,121587,3,12.83,20790,266735.7
296775,121588,1,3.53,23830,84119.9
296776,121588,2,2.97,22910,68042.70000000001
296777,121589,1,2.99,23830,71251.70000000001
296778,121589,2,1.44,22910,32990.4
296779,121590,1,3.6,23830,85788.0
296780,121590,2,4.82,22910,110426.2
296781,121591,1,12.92,23830,307883.6
296782,121591,2,19.23,22910,440559.3
296783,121591,3,19.92,20790,414136.8000000001
296784,121592,1,3.61,23830,86026.3
296785,121592,2,1.9,22910,43529.0
296786,121593,1,10.11,23830,240921.3
296787,121593,2,5.19,22910,118902.9
296788,121593,3,2.91,20790,60498.9
296789,121594,1,15.38,23830,366505.4
296790,121594,2,13.38,22910,306535.80000000005
296791,121594,3,17.46,20790,362993.4
296792,121595,1,4.3,23830,102469.0
296793,121595,2,4.86,22910,111342.6
296794,121596,1,3.98,23830,94843.4
296795,121596,2,3.95,22910,90494.5
296796,121597,1,11.37,23830,270947.1
296797,121597,2,18.66,22910,427500.6
296798,121597,3,12.57,20790,261330.3
296799,121598,1,16.63,23830,396292.9
296800,121598,2,1.28,22910,29324.8
296801,121598,3,14.56,20790,302702.4
296802,121599,1,2.63,23830,62672.9
296803,121599,2,16.11,22910,369080.1
296804,121599,3,7.79,20790,161954.1
296805,121600,1,2.17,23830,51711.1
296806,121600,2,4.25,22910,97367.5
296807,121601,1,14.22,23830,338862.60000000003
296808,121601,2,2.44,22910,55900.4
296809,121601,3,11.51,20790,239292.9
296810,121602,1,2.48,23830,59098.4
296811,121602,2,3.23,22910,73999.3
296812,121603,1,3.93,23830,93651.9
296813,121603,2,1.31,22910,30012.1
296814,121604,1,7.52,23830,179201.59999999998
296815,121604,2,19.68,22910,450868.8
296816,121604,3,4.32,20790,89812.8
296817,121605,1,3.88,23830,92460.4
296818,121605,2,1.11,22910,25430.1
296819,121606,1,13.42,23830,319798.6
296820,121606,2,5.06,22910,115924.6
296821,121606,3,2.38,20790,49480.2
299863,122855,1,1.13,23830,26927.9
299864,122855,2,3.86,22910,88432.59999999999
299865,122856,1,3.75,23830,89362.5
299866,122856,2,4.76,22910,109051.6
299867,122857,1,4.73,23830,112715.9
299868,122857,2,1.12,22910,25659.2
299869,122858,1,3.64,23830,86741.2
299870,122858,2,2.15,22910,49256.5
299871,122859,1,1.87,23830,44562.100000000006
299872,122859,2,2.7,22910,61857.00000000001
299873,122860,1,7.51,23830,178963.3
299874,122860,2,10.29,22910,235743.9
299875,122860,3,18.75,20790,389812.5
299876,122861,1,2.6,23830,61958.0
299877,122861,2,4.45,22910,101949.5
299878,122862,1,1.78,23830,42417.4
299879,122862,2,3.08,22910,70562.8
299880,122863,1,6.25,23830,148937.5
299881,122863,2,1.69,22910,38717.9
299882,122863,3,15.56,20790,323492.4
299883,122864,1,3.77,23830,89839.1
299884,122864,2,2.71,22910,62086.1
299885,122865,1,3.55,23830,84596.5
299886,122865,2,4.09,22910,93701.9
299887,122866,1,3.95,23830,94128.5
299888,122866,2,17.59,22910,402986.9
299889,122866,3,2.64,20790,54885.600000000006
299890,122867,1,9.15,23830,218044.5
299891,122867,2,4.54,22910,104011.4
299892,122867,3,13.16,20790,273596.4
299893,122868,1,5.14,23830,122486.2
299894,122868,2,7.58,22910,173657.8
299895,122868,3,4.86,20790,101039.4
299896,122869,1,7.91,23830,188495.3
299897,122869,2,6.06,22910,138834.59999999998
299898,122869,3,14.83,20790,308315.7
299899,122870,1,12.13,23830,289057.9
299900,122870,2,10.82,22910,247886.2
299901,122870,3,8.8,20790,182952.00000000003
299902,122871,1,3.0,23830,71490.0
299903,122871,2,3.79,22910,86828.9
299904,122872,1,15.35,23830,365790.5
299905,122872,2,8.21,22910,188091.1
299906,122872,3,9.37,20790,194802.3
299907,122873,1,2.78,23830,66247.4
299908,122873,2,3.55,22910,81330.5
299909,122874,1,1.03,23830,24544.9
299910,122874,2,1.89,22910,43299.9
299911,122875,1,3.7,23830,88171.0
299912,122875,2,1.76,22910,40321.6
299913,122876,1,9.95,23830,237108.5
299914,122876,2,6.96,22910,159453.6
299915,122876,3,14.93,20790,310394.7
299916,122877,1,1.74,23830,41464.2
299917,122877,2,3.48,22910,79726.8
299918,122878,1,1.27,23830,30264.1
299919,122878,2,4.96,22910,113633.6
299920,122879,1,17.88,23830,426080.4
299921,122879,2,4.87,22910,111571.7
299922,122879,3,9.86,20790,204989.4
299923,122880,1,11.31,23830,269517.3
299924,122880,2,5.63,22910,128983.3
299925,122880,3,6.47,20790,134511.3
299926,122881,1,9.26,23830,220665.8
299927,122881,2,11.54,22910,264381.4
299928,122881,3,18.77,20790,390228.3
299929,122882,1,1.84,23830,43847.2
299930,122882,2,3.82,22910,87516.2
299931,122883,1,4.27,23830,101754.1
299932,122883,2,2.41,22910,55213.100000000006
299933,122884,1,11.03,23830,262844.9
299934,122884,2,18.57,22910,425438.7
299935,122884,3,9.08,20790,188773.2
299936,122885,1,2.39,23830,56953.7
299937,122885,2,19.53,22910,447432.3000000001
299938,122885,3,15.28,20790,317671.2
299939,122886,1,17.96,23830,427986.8000000001
299940,122886,2,9.84,22910,225434.4
299941,122886,3,1.2,20790,24948.0
299942,122887,1,3.44,23830,81975.2
299943,122887,2,3.68,22910,84308.8
299944,122888,1,3.01,23830,71728.29999999999
299945,122888,2,2.86,22910,65522.6
299946,122889,1,3.0,23830,71490.0
299947,122889,2,2.87,22910,65751.7
299948,122890,1,1.78,23830,42417.4
299949,122890,2,3.28,22910,75144.79999999999
299950,122891,1,15.02,23830,357926.6
299951,122891,2,17.76,22910,406881.6
299952,122891,3,7.41,20790,154053.9
299953,122892,1,6.9,23830,164427.0
299954,122892,2,2.7,22910,61857.00000000001
299955,122892,3,8.89,20790,184823.1
299956,122893,1,11.39,23830,271423.7
299957,122893,2,13.47,22910,308597.7
299958,122893,3,15.82,20790,328897.8
299959,122894,1,1.58,23830,37651.4
299960,122894,2,4.53,22910,103782.3
299961,122895,1,4.88,23830,116290.4
299962,122895,2,3.55,22910,81330.5
299963,122896,1,9.77,23830,232819.1
299964,122896,2,6.98,22910,159911.80000000002
299965,122896,3,14.69,20790,305405.1
299966,122897,1,7.51,23830,178963.3
299967,122897,2,15.11,22910,346170.1
299968,122897,3,8.09,20790,168191.1
299969,122898,1,2.16,23830,51472.8
299970,122898,2,2.1,22910,48111.0
299971,122899,1,5.51,23830,131303.3
299972,122899,2,15.26,22910,349606.6
299973,122899,3,14.44,20790,300207.6
299974,122900,1,18.47,23830,440140.1
299975,122900,2,18.8,22910,430708.0
299976,122900,3,11.03,20790,229313.7
299977,122901,1,1.39,23830,33123.7
299978,122901,2,1.2,22910,27492.0
299979,122902,1,2.02,23830,48136.6
299980,122902,2,2.18,22910,49943.8
299981,122903,1,3.1,23830,73873.0
299982,122903,2,2.76,22910,63231.6
299983,122904,1,13.6,23830,324088.0
299984,122904,2,16.89,22910,386949.9
299985,122904,3,17.23,20790,358211.7
299986,122905,1,4.48,23830,106758.4
299987,122905,2,1.54,22910,35281.4
299988,122906,1,11.03,23830,262844.9
299989,122906,2,2.11,22910,48340.1
299990,122906,3,11.95,20790,248440.5
299991,122907,1,1.65,23830,39319.5
299992,122907,2,18.48,22910,423376.8
299993,122907,3,2.8,20790,58211.99999999999
299994,122908,1,1.78,23830,42417.4
299995,122908,2,2.17,22910,49714.7
299996,122909,1,8.15,23830,194214.5
299997,122909,2,17.88,22910,409630.8
299998,122909,3,5.55,20790,115384.5
299999,122910,1,14.75,23830,351492.5
300000,122910,2,3.75,22910,85912.5
300001,122910,3,6.17,20790,128274.3
300002,122911,1,6.54,23830,155848.2
300003,122911,2,4.1,22910,93931.0
300004,122911,3,17.02,20790,353845.8
300005,122912,1,3.88,23830,92460.4
300006,122912,2,3.27,22910,74915.7
303117,124182,1,3.99,23830,95081.7
303118,124182,2,1.67,22910,38259.7
303119,124183,1,10.04,23830,239253.2
303120,124183,2,4.06,22910,93014.6
303121,124183,3,15.73,20790,327026.7
303122,124184,1,1.4,23830,33362.0
303123,124184,2,2.03,22910,46507.3
303124,124185,1,3.97,23830,94605.1
303125,124185,2,1.71,22910,39176.1
303126,124186,1,2.18,23830,51949.4
303127,124186,2,1.87,22910,42841.7
303128,124187,1,10.9,23830,259747.0
303129,124187,2,8.68,22910,198858.8
303130,124187,3,5.0,20790,103950.0
303131,124188,1,4.65,23830,110809.5
303132,124188,2,2.8,22910,64147.99999999999
303133,124189,1,9.45,23830,225193.5
303134,124189,2,8.86,22910,202982.6
303135,124189,3,10.95,20790,227650.5
303136,124190,1,3.28,23830,78162.4
303137,124190,2,1.92,22910,43987.2
303138,124191,1,16.64,23830,396531.2
303139,124191,2,2.93,22910,67126.3
303140,124191,3,7.27,20790,151143.3
303141,124192,1,3.82,23830,91030.6
303142,124192,2,3.53,22910,80872.29999999999
303143,124193,1,9.07,23830,216138.1
303144,124193,2,3.56,22910,81559.6
303145,124193,3,4.59,20790,95426.1
303146,124194,1,17.31,23830,412497.3
303147,124194,2,1.5,22910,34365.0
303148,124194,3,10.12,20790,210394.8
303149,124195,1,4.2,23830,100086.0
303150,124195,2,3.71,22910,84996.1
303151,124195,3,17.14,20790,356340.60000000003
303152,124196,1,2.01,23830,47898.3
303153,124196,2,3.14,22910,71937.40000000001
303154,124197,1,3.69,23830,87932.7
303155,124197,2,3.66,22910,83850.6
303156,124198,1,11.57,23830,275713.10000000003
303157,124198,2,6.99,22910,160140.9
303158,124198,3,14.14,20790,293970.60000000003
303159,124199,1,4.55,23830,108426.5
303160,124199,2,4.1,22910,93931.0
303161,124200,1,16.0,23830,381280.0
303162,124200,2,10.54,22910,241471.4
303163,124200,3,10.04,20790,208731.6
303164,124201,1,4.73,23830,112715.9
303165,124201,2,3.51,22910,80414.09999999999
303166,124202,1,19.59,23830,466829.7
303167,124202,2,7.23,22910,165639.30000000002
303168,124202,3,4.59,20790,95426.1
303169,124203,1,1.85,23830,44085.5
303170,124203,2,17.96,22910,411463.6
303171,124203,3,9.09,20790,188981.1
303172,124204,1,13.17,23830,313841.1
303173,124204,2,11.89,22910,272399.9
303174,124204,3,12.36,20790,256964.4
303175,124205,1,3.17,23830,75541.09999999999
303176,124205,2,1.43,22910,32761.3
303177,124206,1,13.43,23830,320036.9
303178,124206,2,18.93,22910,433686.3
303179,124206,3,8.05,20790,167359.50000000003
303180,124207,1,11.16,23830,265942.8
303181,124207,2,8.54,22910,195651.4
303182,124207,3,7.0,20790,145530.0
303183,124208,1,15.06,23830,358879.8
303184,124208,2,5.5,22910,126005.0
303185,124208,3,8.21,20790,170685.90000000002
303186,124209,1,4.17,23830,99371.1
303187,124209,2,2.98,22910,68271.8
303188,124210,1,1.87,23830,44562.100000000006
303189,124210,2,3.32,22910,76061.2
303190,124211,1,4.58,23830,109141.4
303191,124211,2,2.91,22910,66668.1
303192,124212,1,6.72,23830,160137.6
303193,124212,2,16.17,22910,370454.7
303194,124212,3,18.81,20790,391059.9
303195,124213,1,17.94,23830,427510.2
303196,124213,2,14.18,22910,324863.8
303197,124213,3,8.77,20790,182328.3
303198,124214,1,3.33,23830,79353.90000000001
303199,124214,2,1.98,22910,45361.8
303200,124215,1,1.81,23830,43132.3
303201,124215,2,1.29,22910,29553.9
303202,124216,1,4.54,23830,108188.2
303203,124216,2,1.96,22910,44903.6
303204,124217,1,16.72,23830,398437.6
303205,124217,2,18.23,22910,417649.3
303206,124217,3,5.13,20790,106652.7
303207,124218,1,8.75,23830,208512.5
303208,124218,2,2.61,22910,59795.1
303209,124218,3,10.25,20790,213097.5
303210,124219,1,2.62,23830,62434.600000000006
303211,124219,2,4.69,22910,107447.9
303212,124220,1,3.89,23830,92698.7
303213,124220,2,3.42,22910,78352.2
303214,124221,1,3.53,23830,84119.9
303215,124221,2,2.28,22910,52234.8
303216,124222,1,13.76,23830,327900.8
303217,124222,2,3.49,22910,79955.90000000001
303218,124222,3,15.33,20790,318710.7
303219,124223,1,12.46,23830,296921.80000000005
303220,124223,2,15.41,22910,353043.1
303221,124223,3,3.93,20790,81704.7
303222,124224,1,1.83,23830,43608.9
303223,124224,2,3.08,22910,70562.8
303224,124225,1,18.16,23830,432752.8
303225,124225,2,16.97,22910,388782.7
303226,124225,3,16.58,20790,344698.19999999995
303227,124226,1,1.78,23830,42417.4
303228,124226,2,3.09,22910,70791.9
303229,124227,1,3.89,23830,92698.7
303230,124227,2,9.8,22910,224518.00000000003
303231,124227,3,17.9,20790,372141.0
303232,124228,1,15.49,23830,369126.7
303233,124228,2,15.98,22910,366101.8
303234,124228,3,15.55,20790,323284.5
303235,124229,1,10.54,23830,251168.2
303236,124229,2,3.41,22910,78123.1
303237,124229,3,11.85,20790,246361.5
303238,124230,1,1.64,23830,39081.2
303239,124230,2,2.71,22910,62086.1
303240,124231,1,1.09,23830,25974.7
303241,124231,2,1.61,22910,36885.100000000006
303242,124232,1,5.74,23830,136784.2
303243,124232,2,5.97,22910,136772.69999999998
303244,124232,3,3.03,20790,62993.7
303245,124233,1,2.71,23830,64579.3
303246,124233,2,3.79,22910,86828.9
303247,124234,1,4.45,23830,106043.5
303248,124234,2,14.82,22910,339526.2
303249,124234,3,15.52,20790,322660.8
303250,124235,1,4.44,23830,105805.2
303251,124235,2,1.87,22910,42841.7
303252,124236,1,1.55,23830,36936.5
303253,124236,2,3.19,22910,73082.9
303254,124237,1,19.79,23830,471595.7
303255,124237,2,3.33,22910,76290.3
303256,124237,3,6.62,20790,137629.8
303257,124238,1,7.41,23830,176580.30000000002
303258,124238,2,1.14,22910,26117.4
303259,124238,3,5.17,20790,107484.3
303260,124239,1,3.68,23830,87694.40000000001
303261,124239,2,18.73,22910,429104.3
303262,124239,3,18.6,20790,386694.00000000006
303263,124240,1,8.41,23830,200410.3
303264,124240,2,9.02,22910,206648.2
303265,124240,3,7.17,20790,149064.3
303266,124241,1,4.71,23830,112239.3
303267,124241,2,4.6,22910,105386.0
303268,124242,1,4.63,23830,110332.9
303269,124242,2,1.14,22910,26117.4
303270,124243,1,4.86,23830,115813.8
303271,124243,2,2.1,22910,48111.0
303272,124244,1,7.15,23830,170384.5
303273,124244,2,5.29,22910,121193.9
303274,124244,3,14.61,20790,303741.9
303275,124245,1,9.25,23830,220427.5
303276,124245,2,13.96,22910,319823.60000000003
303277,124245,3,5.31,20790,110394.9
303278,124246,1,1.98,23830,47183.4
303279,124246,2,17.4,22910,398634.0
303280,124246,3,17.82,20790,370477.8
303281,124247,1,8.37,23830,199457.1
303282,124247,2,7.88,22910,180530.8
303283,124247,3,5.9,20790,122661.0
303284,124248,1,4.61,23830,109856.3
303285,124248,2,2.1,22910,48111.0
303286,124249,1,18.69,23830,445382.7
303287,124249,2,9.11,22910,208710.1
303288,124249,3,5.39,20790,112058.1
303289,124250,1,4.3,23830,102469.0
303290,124250,2,1.75,22910,40092.5
303291,124251,1,13.18,23830,314079.4
303292,124251,2,7.56,22910,173199.59999999998
303293,124251,3,13.5,20790,280665.0
303294,124252,1,17.63,23830,420122.9
303295,124252,2,2.71,22910,62086.1
303296,124252,3,12.25,20790,254677.5
303297,124253,1,15.86,23830,377943.8
303298,124253,2,7.08,22910,162202.8
303299,124253,3,13.49,20790,280457.1
303300,124254,1,2.42,23830,57668.6
303301,124254,2,2.64,22910,60482.4
303302,124255,1,9.19,23830,218997.7
303303,124255,2,14.58,22910,334027.8
303304,124255,3,12.91,20790,268398.9
303305,124256,1,3.99,23830,95081.7
303306,124256,2,1.18,22910,27033.8
303307,124257,1,19.3,23830,459919.0
303308,124257,2,7.13,22910,163348.3
303309,124257,3,19.18,20790,398752.2
303310,124258,1,4.5,23830,107235.0
303311,124258,2,1.38,22910,31615.8
303312,124259,1,7.03,23830,167524.9
303313,124259,2,9.17,22910,210084.7
303314,124259,3,7.02,20790,145945.8
303315,124260,1,4.95,23830,117958.5
303316,124260,2,3.39,22910,77664.90000000001
303317,124261,1,5.23,23830,124630.9
303318,124261,2,5.26,22910,120506.6
303319,124261,3,18.87,20790,392307.3000000001
303320,124262,1,1.15,23830,27404.5
303321,124262,2,3.14,22910,71937.40000000001
303322,124262,3,11.76,20790,244490.4
303323,124263,1,4.55,23830,108426.5
303324,124263,2,1.93,22910,44216.3
303325,124264,1,10.71,23830,255219.3
303326,124264,2,15.36,22910,351897.6
303327,124264,3,15.39,20790,319958.10000000003
303328,124265,1,3.43,23830,81736.90000000001
303329,124265,2,3.27,22910,74915.7
303330,124266,1,16.09,23830,383424.7
303331,124266,2,3.53,22910,80872.29999999999
303332,124266,3,6.41,20790,133263.9
303333,124267,1,2.98,23830,71013.4
303334,124267,2,1.11,22910,25430.1
303335,124268,1,1.59,23830,37889.7
303336,124268,2,11.77,22910,269650.7
303337,124268,3,11.34,20790,235758.6
303338,124269,1,2.52,23830,60051.6
303339,124269,2,4.37,22910,100116.7
303340,124270,1,3.93,23830,93651.9
303341,124270,2,8.57,22910,196338.7
303342,124270,3,18.52,20790,385030.8
303343,124271,1,4.53,23830,107949.9
303344,124271,2,3.76,22910,86141.59999999999
303345,124272,1,4.02,23830,95796.6
303346,124272,2,18.71,22910,428646.1
303347,124272,3,16.85,20790,350311.50000000006
303348,124273,1,2.4,23830,57192.0
303349,124273,2,3.58,22910,82017.8
303350,124274,1,3.86,23830,91983.8
303351,124274,2,1.79,22910,41008.9
303352,124275,1,4.64,23830,110571.2
303353,124275,2,3.33,22910,76290.3
303354,124276,1,2.11,23830,50281.3
303355,124276,2,3.89,22910,89119.90000000001
303356,124277,1,2.0,23830,47660.0
303357,124277,2,1.3,22910,29783.0
303358,124278,1,3.71,23830,88409.3
303359,124278,2,4.02,22910,92098.2
303360,124279,1,15.7,23830,374131.0
303361,124279,2,9.56,22910,219019.6
303362,124279,3,9.16,20790,190436.4
303363,124280,1,1.8,23830,42894.0
303364,124280,2,1.62,22910,37114.2
303365,124281,1,2.53,23830,60289.9
303366,124281,2,4.55,22910,104240.5
303367,124282,1,1.14,23830,27166.2
303368,124282,2,2.39,22910,54754.9
303369,124283,1,19.49,23830,464446.7
303370,124283,2,3.47,22910,79497.70000000001
303371,124283,3,6.97,20790,144906.3
303372,124284,1,5.07,23830,120818.1
303373,124284,2,7.94,22910,181905.4
303374,124284,3,16.33,20790,339500.69999999995
303375,124285,1,1.26,23830,30025.8
303376,124285,2,2.87,22910,65751.7
303377,124286,1,4.08,23830,97226.4
303378,124286,2,2.04,22910,46736.4
308003,126169,1,2.42,23830,57668.6
308004,126169,2,3.39,22910,77664.90000000001
308005,126170,1,4.24,23830,101039.2
308006,126170,2,2.97,22910,68042.70000000001
308007,126171,1,16.68,23830,397484.4
308008,126171,2,19.45,22910,445599.5
308009,126171,3,15.74,20790,327234.6
308010,126172,1,1.24,23830,29549.2
308011,126172,2,18.91,22910,433228.1
308012,126172,3,12.86,20790,267359.4
308013,126173,1,2.35,23830,56000.5
308014,126173,2,2.87,22910,65751.7
308015,126174,1,3.83,23830,91268.9
308016,126174,2,1.77,22910,40550.7
308017,126175,1,4.52,23830,107711.6
308018,126175,2,2.69,22910,61627.9
308019,126176,1,2.47,23830,58860.100000000006
308020,126176,2,2.99,22910,68500.90000000001
308021,126177,1,4.42,23830,105328.6
308022,126177,2,3.3,22910,75603.0
308023,126178,1,4.17,23830,99371.1
308024,126178,2,1.13,22910,25888.3
308025,126179,1,13.21,23830,314794.30000000005
308026,126179,2,15.86,22910,363352.6
308027,126179,3,2.6,20790,54054.0
308028,126180,1,3.08,23830,73396.40000000001
308029,126180,2,3.56,22910,81559.6
308030,126181,1,7.14,23830,170146.19999999998
308031,126181,2,10.45,22910,239409.5
308032,126181,3,16.48,20790,342619.2
308033,126182,1,15.34,23830,365552.2
308034,126182,2,7.02,22910,160828.19999999998
308035,126182,3,16.81,20790,349479.9
308036,126183,1,3.05,23830,72681.5
308037,126183,2,2.63,22910,60253.3
308038,126184,1,1.74,23830,41464.2
308039,126184,2,4.91,22910,112488.1
308040,126184,3,18.84,20790,391683.6
308041,126185,1,4.79,23830,114145.7
308042,126185,2,4.65,22910,106531.5
308043,126186,1,4.77,23830,113669.1
308044,126186,2,4.9,22910,112259.0
308045,126187,1,5.5,23830,131065.0
308046,126187,2,14.2,22910,325322.0
308047,126187,3,18.65,20790,387733.5
308048,126188,1,18.31,23830,436327.3
308049,126188,2,19.56,22910,448119.6
308050,126188,3,16.92,20790,351766.80000000005
308051,126189,1,2.8,23830,66724.0
308052,126189,2,3.11,22910,71250.09999999999
308053,126190,1,19.86,23830,473263.8
308054,126190,2,1.7,22910,38947.0
308055,126190,3,10.62,20790,220789.8
308056,126191,1,1.86,23830,44323.8
308057,126191,2,4.06,22910,93014.6
308058,126192,1,1.21,23830,28834.3
308059,126192,2,1.98,22910,45361.8
308060,126193,1,1.64,23830,39081.2
308061,126193,2,3.14,22910,71937.40000000001
308062,126194,1,2.36,23830,56238.8
308063,126194,2,3.3,22910,75603.0
308064,126195,1,2.03,23830,48374.9
308065,126195,2,3.07,22910,70333.7
308066,126196,1,4.77,23830,113669.1
308067,126196,2,1.17,22910,26804.7
308068,126197,1,4.5,23830,107235.0
308069,126197,2,1.24,22910,28408.4
308070,126198,1,3.68,23830,87694.40000000001
308071,126198,2,18.65,22910,427271.5
308072,126198,3,12.22,20790,254053.8
308073,126199,1,6.64,23830,158231.19999999998
308074,126199,2,16.99,22910,389240.9
308075,126199,3,10.13,20790,210602.7
308076,126200,1,2.22,23830,52902.600000000006
308077,126200,2,1.91,22910,43758.1
308078,126201,1,4.02,23830,95796.6
308079,126201,2,4.72,22910,108135.2
308080,126202,1,6.0,23830,142980.0
308081,126202,2,11.85,22910,271483.5
308082,126202,3,11.89,20790,247193.1
308083,126203,1,18.02,23830,429416.6
308084,126203,2,13.73,22910,314554.3
308085,126203,3,15.67,20790,325779.3
308086,126204,1,10.31,23830,245687.3
308087,126204,2,6.02,22910,137918.19999999998
308088,126204,3,8.54,20790,177546.59999999998
308089,126205,1,19.88,23830,473740.4
308090,126205,2,6.99,22910,160140.9
308091,126205,3,11.46,20790,238253.4
308092,126206,1,19.93,23830,474931.9
308093,126206,2,16.27,22910,372745.7
308094,126206,3,13.67,20790,284199.3
308095,126207,1,4.72,23830,112477.6
308096,126207,2,1.73,22910,39634.3
308097,126208,1,3.8,23830,90554.0
308098,126208,2,8.15,22910,186716.5
308099,126208,3,12.12,20790,251974.8
308100,126209,1,16.01,23830,381518.3000000001
308101,126209,2,17.34,22910,397259.4
308102,126209,3,9.69,20790,201455.1
308103,126210,1,1.19,23830,28357.7
308104,126210,2,4.98,22910,114091.8
308105,126211,1,3.13,23830,74587.9
308106,126211,2,4.62,22910,105844.2
308107,126212,1,1.99,23830,47421.7
308108,126212,2,3.97,22910,90952.7
308109,126213,1,10.86,23830,258793.8
308110,126213,2,3.48,22910,79726.8
308111,126213,3,2.13,20790,44282.7
308112,126214,1,4.77,23830,113669.1
308113,126214,2,4.73,22910,108364.3
308114,126215,1,15.63,23830,372462.9
308115,126215,2,11.61,22910,265985.1
308116,126215,3,18.32,20790,380872.8
308117,126216,1,4.36,23830,103898.8
308118,126216,2,3.25,22910,74457.5
308119,126217,1,3.56,23830,84834.8
308120,126217,2,1.48,22910,33906.8
308121,126218,1,4.05,23830,96511.5
308122,126218,2,9.54,22910,218561.4
308123,126218,3,12.55,20790,260914.50000000003
308124,126219,1,2.22,23830,52902.600000000006
308125,126219,2,4.38,22910,100345.8
308126,126220,1,2.11,23830,50281.3
308127,126220,2,2.38,22910,54525.8
308128,126221,1,7.21,23830,171814.3
308129,126221,2,9.92,22910,227267.2
308130,126221,3,4.54,20790,94386.6
308131,126222,1,4.05,23830,96511.5
308132,126222,2,4.7,22910,107677.0
308133,126223,1,17.45,23830,415833.5
308134,126223,2,17.61,22910,403445.1
308135,126223,3,13.1,20790,272349.0
308136,126224,1,2.21,23830,52664.3
308137,126224,2,3.75,22910,85912.5
308138,126225,1,2.44,23830,58145.2
308139,126225,2,2.19,22910,50172.9
308140,126226,1,1.33,23830,31693.9
308141,126226,2,5.91,22910,135398.1
308142,126226,3,13.44,20790,279417.6
308143,126227,1,2.24,23830,53379.2
308144,126227,2,3.78,22910,86599.79999999999
308145,126228,1,2.72,23830,64817.600000000006
308146,126228,2,4.78,22910,109509.8
308147,126229,1,13.95,23830,332428.5
308148,126229,2,6.77,22910,155100.69999999998
308149,126229,3,9.61,20790,199791.9
308150,126230,1,4.38,23830,104375.4
308151,126230,2,3.57,22910,81788.7
308152,126231,1,4.09,23830,97464.7
308153,126231,2,1.32,22910,30241.2
308154,126232,1,4.73,23830,112715.9
308155,126232,2,2.98,22910,68271.8
308156,126233,1,7.77,23830,185159.1
308157,126233,2,19.43,22910,445141.3
308158,126233,3,5.6,20790,116424.0
308159,126234,1,14.98,23830,356973.4
308160,126234,2,16.06,22910,367934.6
308161,126234,3,12.92,20790,268606.8
308162,126235,1,2.51,23830,59813.3
308163,126235,2,4.72,22910,108135.2
308164,126236,1,3.4,23830,81022.0
308165,126236,2,2.62,22910,60024.2
308166,126237,1,4.27,23830,101754.1
308167,126237,2,13.44,22910,307910.4
308168,126237,3,13.47,20790,280041.3
308169,126238,1,14.2,23830,338386.0
308170,126238,2,12.9,22910,295539.0
308171,126238,3,3.8,20790,79002.0
308172,126239,1,1.55,23830,36936.5
308173,126239,2,2.41,22910,55213.100000000006
308174,126240,1,4.35,23830,103660.5
308175,126240,2,16.44,22910,376640.4
308176,126240,3,17.08,20790,355093.19999999995
308177,126241,1,11.99,23830,285721.7
308178,126241,2,3.45,22910,79039.5
308179,126241,3,18.5,20790,384615.0
308180,126242,1,4.4,23830,104852.0
308181,126242,2,2.37,22910,54296.7
308182,126243,1,1.02,23830,24306.6
308183,126243,2,4.6,22910,105386.0
308184,126244,1,4.52,23830,107711.6
308185,126244,2,3.37,22910,77206.7
308186,126245,1,1.14,23830,27166.2
308187,126245,2,3.48,22910,79726.8
308188,126246,1,3.33,23830,79353.90000000001
308189,126246,2,2.46,22910,56358.6
308190,126247,1,8.84,23830,210657.2
308191,126247,2,15.9,22910,364269.0
308192,126247,3,14.84,20790,308523.6
308193,126248,1,9.63,23830,229482.9
308194,126248,2,8.96,22910,205273.6
308195,126248,3,1.37,20790,28482.300000000003
308196,126249,1,2.95,23830,70298.5
308197,126249,2,18.42,22910,422002.2
308198,126249,3,19.12,20790,397504.8000000001
308199,126250,1,6.8,23830,162044.0
308200,126250,2,16.78,22910,384429.8000000001
308201,126250,3,2.89,20790,60083.100000000006
308202,126251,1,16.03,23830,381994.9
308203,126251,2,3.9,22910,89349.0
308204,126251,3,14.71,20790,305820.9
308205,126252,1,5.59,23830,133209.69999999998
308206,126252,2,2.66,22910,60940.600000000006
308207,126252,3,16.73,20790,347816.7
308208,126253,1,4.53,23830,107949.9
308209,126253,2,3.27,22910,74915.7
308210,126254,1,5.33,23830,127013.9
308211,126254,2,19.97,22910,457512.7
308212,126254,3,5.59,20790,116216.1
308213,126255,1,2.6,23830,61958.0
308214,126255,2,1.61,22910,36885.100000000006
308215,126256,1,1.92,23830,45753.6
308216,126256,2,3.46,22910,79268.6
308217,126257,1,2.87,23830,68392.1
308218,126257,2,2.49,22910,57045.9
308219,126258,1,3.78,23830,90077.4
308220,126258,2,8.25,22910,189007.5
308221,126258,3,12.15,20790,252598.5
308222,126259,1,8.43,23830,200886.9
308223,126259,2,14.29,22910,327383.9
308224,126259,3,15.23,20790,316631.7
308225,126260,1,14.2,23830,338386.0
308226,126260,2,6.2,22910,142042.0
308227,126260,3,3.4,20790,70686.0
308228,126261,1,12.19,23830,290487.7
308229,126261,2,19.67,22910,450639.7
308230,126261,3,10.05,20790,208939.50000000003
308231,126262,1,3.27,23830,77924.1
308232,126262,2,1.04,22910,23826.4
308233,126263,1,1.38,23830,32885.399999999994
308234,126263,2,1.52,22910,34823.2
308235,126264,1,8.2,23830,195406.0
308236,126264,2,2.32,22910,53151.2
308237,126264,3,12.08,20790,251143.2
308238,126265,1,1.73,23830,41225.9
308239,126265,2,2.59,22910,59336.9
308240,126266,1,1.09,23830,25974.7
308241,126266,2,4.73,22910,108364.3
308242,126267,1,1.77,23830,42179.1
308243,126267,2,1.31,22910,30012.1
308244,126268,1,3.08,23830,73396.40000000001
308245,126268,2,2.75,22910,63002.5
308246,126269,1,4.47,23830,106520.1
308247,126269,2,2.53,22910,57962.3
308248,126270,1,6.61,23830,157516.30000000002
308249,126270,2,13.34,22910,305619.4
308250,126270,3,6.36,20790,132224.4
308251,126271,1,15.84,23830,377467.2
308252,126271,2,10.51,22910,240784.1
308253,126271,3,19.82,20790,412057.8
308254,126272,1,1.63,23830,38842.9
308255,126272,2,2.16,22910,49485.600000000006
308256,126273,1,14.01,23830,333858.3
308257,126273,2,17.6,22910,403216.00000000006
308258,126273,3,16.21,20790,337005.9
308259,126274,1,1.68,23830,40034.4
308260,126274,2,1.12,22910,25659.2
308261,126275,1,3.26,23830,77685.79999999999
308262,126275,2,16.27,22910,372745.7
308263,126275,3,4.32,20790,89812.8
308264,126276,1,1.84,23830,43847.2
308265,126276,2,3.08,22910,70562.8
312786,128135,1,2.86,23830,68153.8
312787,128135,2,1.0,22910,22910.0
312788,128136,1,4.21,23830,100324.3
312789,128136,2,3.33,22910,76290.3
312790,128137,1,9.01,23830,214708.3
312791,128137,2,9.78,22910,224059.8
312792,128137,3,16.79,20790,349064.1
312793,128138,1,1.54,23830,36698.2
312794,128138,2,4.0,22910,91640.0
312795,128139,1,10.86,23830,258793.8
312796,128139,2,12.46,22910,285458.60000000003
312797,128139,3,13.6,20790,282744.0
312798,128140,1,3.2,23830,76256.0
312799,128140,2,19.58,22910,448577.8
312800,128140,3,6.21,20790,129105.9
312801,128141,1,2.73,23830,65055.9
312802,128141,2,4.79,22910,109738.9
312803,128142,1,1.01,23830,24068.3
312804,128142,2,15.69,22910,359457.9
312805,128142,3,14.67,20790,304989.3
312806,128143,1,4.85,23830,115575.5
312807,128143,2,3.64,22910,83392.40000000001
312808,128144,1,2.63,23830,62672.9
312809,128144,2,4.33,22910,99200.3
312810,128145,1,8.48,23830,202078.4
312811,128145,2,11.76,22910,269421.6
312812,128145,3,5.53,20790,114968.7
312813,128146,1,4.83,23830,115098.9
312814,128146,2,1.23,22910,28179.3
312815,128147,1,5.92,23830,141073.6
312816,128147,2,16.03,22910,367247.3000000001
312817,128147,3,7.9,20790,164241.0
312818,128148,1,2.7,23830,64341.00000000001
312819,128148,2,4.12,22910,94389.2
312820,128149,1,17.29,23830,412020.7
312821,128149,2,14.22,22910,325780.2
312822,128149,3,14.18,20790,294802.2
312823,128150,1,12.97,23830,309075.10000000003
312824,128150,2,18.98,22910,434831.8
312825,128150,3,4.39,20790,91268.1
312826,128151,1,5.23,23830,124630.9
312827,128151,2,7.76,22910,177781.6
312828,128151,3,14.42,20790,299791.8
312829,128152,1,5.28,23830,125822.4
312830,128152,2,16.54,22910,378931.4
312831,128152,3,19.61,20790,407691.9
312832,128153,1,1.37,23830,32647.1
312833,128153,2,3.93,22910,90036.3
312834,128154,1,1.01,23830,24068.3
312835,128154,2,2.08,22910,47652.8
312836,128155,1,6.97,23830,166095.1
312837,128155,2,1.96,22910,44903.6
312838,128155,3,5.6,20790,116424.0
312839,128156,1,2.58,23830,61481.4
312840,128156,2,3.62,22910,82934.2
312841,128157,1,8.09,23830,192784.7
312842,128157,2,12.7,22910,290957.0
312843,128157,3,11.65,20790,242203.5
312844,128158,1,2.92,23830,69583.59999999999
312845,128158,2,1.79,22910,41008.9
312846,128158,3,10.31,20790,214344.9
312847,128159,1,4.01,23830,95558.3
312848,128159,2,2.28,22910,52234.8
312849,128160,1,3.19,23830,76017.7
312850,128160,2,4.78,22910,109509.8
312851,128161,1,1.43,23830,34076.9
312852,128161,2,8.55,22910,195880.50000000003
312853,128161,3,1.36,20790,28274.4
312854,128162,1,1.03,23830,24544.9
312855,128162,2,2.16,22910,49485.600000000006
312856,128163,1,1.52,23830,36221.6
312857,128163,2,4.89,22910,112029.9
312858,128164,1,1.98,23830,47183.4
312859,128164,2,1.48,22910,33906.8
312860,128165,1,4.41,23830,105090.3
312861,128165,2,11.26,22910,257966.6
312862,128165,3,5.12,20790,106444.8
312863,128166,1,2.31,23830,55047.3
312864,128166,2,3.48,22910,79726.8
312865,128167,1,4.79,23830,114145.7
312866,128167,2,3.14,22910,71937.40000000001
312867,128168,1,1.21,23830,28834.3
312868,128168,2,1.08,22910,24742.800000000003
312869,128169,1,4.9,23830,116767.0
312870,128169,2,1.89,22910,43299.9
312871,128170,1,1.81,23830,43132.3
312872,128170,2,1.77,22910,40550.7
312873,128171,1,4.34,23830,103422.2
312874,128171,2,2.06,22910,47194.6
312875,128171,3,18.23,20790,379001.7
312876,128172,1,8.39,23830,199933.7
312877,128172,2,17.9,22910,410089.0
312878,128172,3,3.37,20790,70062.3
312879,128173,1,1.8,23830,42894.0
312880,128173,2,2.15,22910,49256.5
312881,128174,1,2.05,23830,48851.49999999999
312882,128174,2,2.28,22910,52234.8
312883,128175,1,4.72,23830,112477.6
312884,128175,2,1.96,22910,44903.6
312885,128176,1,2.22,23830,52902.600000000006
312886,128176,2,1.83,22910,41925.3
312887,128177,1,3.82,23830,91030.6
312888,128177,2,1.49,22910,34135.9
312889,128178,1,3.69,23830,87932.7
312890,128178,2,3.66,22910,83850.6
312891,128179,1,17.78,23830,423697.4
312892,128179,2,7.51,22910,172054.1
312893,128179,3,19.38,20790,402910.2
312894,128180,1,4.39,23830,104613.7
312895,128180,2,1.14,22910,26117.4
312896,128181,1,7.32,23830,174435.6
312897,128181,2,6.1,22910,139751.0
312898,128181,3,16.63,20790,345737.69999999995
312899,128182,1,12.96,23830,308836.80000000005
312900,128182,2,17.91,22910,410318.1
312901,128182,3,8.6,20790,178794.0
312902,128183,1,2.68,23830,63864.4
312903,128183,2,2.53,22910,57962.3
312904,128184,1,14.0,23830,333620.0
312905,128184,2,17.3,22910,396343.0
312906,128184,3,7.12,20790,148024.8
312907,128185,1,1.25,23830,29787.5
312908,128185,2,2.58,22910,59107.8
312909,128186,1,4.94,23830,117720.2
312910,128186,2,4.76,22910,109051.6
312911,128187,1,10.49,23830,249976.7
312912,128187,2,11.94,22910,273545.4
312913,128187,3,3.54,20790,73596.6
312914,128188,1,2.17,23830,51711.1
312915,128188,2,8.23,22910,188549.3
312916,128188,3,14.55,20790,302494.5
312917,128189,1,3.58,23830,85311.40000000001
312918,128189,2,8.15,22910,186716.5
312919,128189,3,9.45,20790,196465.5
312920,128190,1,3.39,23830,80783.7
312921,128190,2,7.82,22910,179156.2
312922,128190,3,9.23,20790,191891.7
312923,128191,1,13.71,23830,326709.30000000005
312924,128191,2,7.26,22910,166326.6
312925,128191,3,10.12,20790,210394.8
312926,128192,1,9.01,23830,214708.3
312927,128192,2,18.61,22910,426355.1
312928,128192,3,6.65,20790,138253.5
312929,128193,1,7.21,23830,171814.3
312930,128193,2,5.01,22910,114779.1
312931,128193,3,18.2,20790,378378.0
312932,128194,1,3.96,23830,94366.8
312933,128194,2,1.57,22910,35968.700000000004
312934,128195,1,8.74,23830,208274.2
312935,128195,2,10.17,22910,232994.7
312936,128195,3,6.67,20790,138669.3
312937,128196,1,2.06,23830,49089.8
312938,128196,2,2.79,22910,63918.9
312939,128197,1,4.14,23830,98656.2
312940,128197,2,1.77,22910,40550.7
312941,128198,1,2.94,23830,70060.2
312942,128198,2,2.62,22910,60024.2
312943,128199,1,2.2,23830,52426.00000000001
312944,128199,2,16.91,22910,387408.1
312945,128199,3,13.13,20790,272972.7
312946,128200,1,3.23,23830,76970.9
312947,128200,2,3.62,22910,82934.2
312948,128201,1,12.01,23830,286198.3
312949,128201,2,3.94,22910,90265.4
312950,128201,3,1.39,20790,28898.1
312951,128202,1,8.21,23830,195644.3
312952,128202,2,13.87,22910,317761.69999999995
312953,128202,3,15.2,20790,316008.0
312954,128203,1,6.14,23830,146316.19999999998
312955,128203,2,10.81,22910,247657.1
312956,128203,3,6.79,20790,141164.1
312957,128204,1,4.82,23830,114860.6
312958,128204,2,1.95,22910,44674.5
312959,128205,1,17.08,23830,407016.4
312960,128205,2,10.96,22910,251093.6
312961,128205,3,3.55,20790,73804.5
312962,128206,1,4.23,23830,100800.9
312963,128206,2,2.75,22910,63002.5
312964,128207,1,2.77,23830,66009.1
312965,128207,2,2.7,22910,61857.00000000001
312966,128208,1,7.7,23830,183491.0
312967,128208,2,11.96,22910,274003.60000000003
312968,128208,3,3.05,20790,63409.49999999999
312969,128209,1,10.4,23830,247832.0
312970,128209,2,18.71,22910,428646.1
312971,128209,3,13.63,20790,283367.7
312972,128210,1,14.86,23830,354113.8
312973,128210,2,14.52,22910,332653.2
312974,128210,3,5.33,20790,110810.7
312975,128211,1,8.16,23830,194452.8
312976,128211,2,17.84,22910,408714.4
312977,128211,3,18.87,20790,392307.3000000001
312978,128212,1,4.73,23830,112715.9
312979,128212,2,5.39,22910,123484.9
312980,128212,3,17.33,20790,360290.7
312981,128213,1,1.88,23830,44800.4
312982,128213,2,4.74,22910,108593.4
312983,128214,1,1.83,23830,43608.9
312984,128214,2,3.2,22910,73312.0
312985,128215,1,1.59,23830,37889.7
312986,128215,2,2.58,22910,59107.8
312987,128216,1,18.66,23830,444667.8
312988,128216,2,4.3,22910,98513.0
312989,128216,3,1.51,20790,31392.9
312990,128217,1,17.34,23830,413212.2
312991,128217,2,6.9,22910,158079.0
312992,128217,3,18.91,20790,393138.9
312993,128218,1,17.93,23830,427271.9
312994,128218,2,16.75,22910,383742.5
312995,128218,3,18.09,20790,376091.1
312996,128219,1,2.78,23830,66247.4
312997,128219,2,3.56,22910,81559.6
312998,128220,1,2.62,23830,62434.600000000006
312999,128220,2,2.41,22910,55213.100000000006
313000,128221,1,1.83,23830,43608.9
313001,128221,2,2.53,22910,57962.3
313002,128222,1,2.37,23830,56477.100000000006
313003,128222,2,2.49,22910,57045.9
313004,128223,1,1.36,23830,32408.800000000003
313005,128223,2,1.84,22910,42154.4
317655,130118,1,11.4,23830,271662.0
317656,130118,2,15.36,22910,351897.6
317657,130118,3,18.72,20790,389188.8
317658,130119,1,9.89,23830,235678.7
317659,130119,2,17.0,22910,389470.0
317660,130119,3,15.88,20790,330145.2
317661,130120,1,16.07,23830,382948.1
317662,130120,2,10.42,22910,238722.2
317663,130120,3,17.97,20790,373596.3
317664,130121,1,4.11,23830,97941.3
317665,130121,2,17.84,22910,408714.4
317666,130121,3,18.16,20790,377546.4
317667,130122,1,4.58,23830,109141.4
317668,130122,2,3.12,22910,71479.2
317669,130123,1,4.34,23830,103422.2
317670,130123,2,1.06,22910,24284.6
317671,130124,1,4.02,23830,95796.6
317672,130124,2,1.73,22910,39634.3
317673,130125,1,17.56,23830,418454.8
317674,130125,2,9.94,22910,227725.4
317675,130125,3,9.22,20790,191683.8
317676,130126,1,1.45,23830,34553.5
317677,130126,2,4.45,22910,101949.5
317678,130127,1,3.52,23830,83881.6
317679,130127,2,3.38,22910,77435.8
317680,130128,1,3.94,23830,93890.2
317681,130128,2,2.24,22910,51318.4
317682,130129,1,3.65,23830,86979.5
317683,130129,2,4.79,22910,109738.9
317684,130130,1,1.62,23830,38604.600000000006
317685,130130,2,3.46,22910,79268.6
317686,130131,1,1.17,23830,27881.1
317687,130131,2,2.25,22910,51547.5
317688,130131,3,1.08,20790,22453.2
317689,130132,1,2.88,23830,68630.4
317690,130132,2,18.72,22910,428875.2
317691,130132,3,11.01,20790,228897.9
317692,130133,1,2.87,23830,68392.1
317693,130133,2,5.39,22910,123484.9
317694,130133,3,12.73,20790,264656.7
317695,130134,1,1.03,23830,24544.9
317696,130134,2,1.28,22910,29324.8
317697,130135,1,13.46,23830,320751.80000000005
317698,130135,2,15.79,22910,361748.9
317699,130135,3,7.36,20790,153014.4
317700,130136,1,9.27,23830,220904.1
317701,130136,2,12.32,22910,282251.2
317702,130136,3,3.75,20790,77962.5
317703,130137,1,1.68,23830,40034.4
317704,130137,2,4.98,22910,114091.8
317705,130138,1,13.69,23830,326232.7
317706,130138,2,15.29,22910,350293.9
317707,130138,3,5.11,20790,106236.9
317708,130139,1,4.38,23830,104375.4
317709,130139,2,14.02,22910,321198.2
317710,130139,3,6.78,20790,140956.2
317711,130140,1,3.43,23830,81736.90000000001
317712,130140,2,2.28,22910,52234.8
317713,130141,1,2.89,23830,68868.7
317714,130141,2,4.65,22910,106531.5
317715,130142,1,4.82,23830,114860.6
317716,130142,2,3.7,22910,84767.0
317717,130143,1,5.37,23830,127967.1
317718,130143,2,14.78,22910,338609.8
317719,130143,3,17.04,20790,354261.6
317720,130144,1,17.15,23830,408684.5
317721,130144,2,14.33,22910,328300.3
317722,130144,3,13.51,20790,280872.9
317723,130145,1,4.02,23830,95796.6
317724,130145,2,3.06,22910,70104.6
317725,130146,1,16.52,23830,393671.6
317726,130146,2,8.83,22910,202295.3
317727,130146,3,13.14,20790,273180.60000000003
317728,130147,1,4.82,23830,114860.6
317729,130147,2,3.24,22910,74228.40000000001
317730,130148,1,4.07,23830,96988.1
317731,130148,2,4.58,22910,104927.8
317732,130149,1,1.93,23830,45991.9
317733,130149,2,3.11,22910,71250.09999999999
317734,130150,1,1.31,23830,31217.300000000003
317735,130150,2,1.67,22910,38259.7
317736,130151,1,4.02,23830,95796.6
317737,130151,2,4.72,22910,108135.2
317738,130152,1,3.14,23830,74826.2
317739,130152,2,1.54,22910,35281.4
317740,130153,1,3.08,23830,73396.40000000001
317741,130153,2,1.75,22910,40092.5
317742,130154,1,7.72,23830,183967.6
317743,130154,2,17.48,22910,400466.8
317744,130154,3,12.02,20790,249895.8
317745,130155,1,3.92,23830,93413.6
317746,130155,2,3.27,22910,74915.7
317747,130156,1,2.49,23830,59336.7
317748,130156,2,2.13,22910,48798.3
317749,130157,1,3.15,23830,75064.5
317750,130157,2,3.37,22910,77206.7
317751,130158,1,2.73,23830,65055.9
317752,130158,2,2.2,22910,50402.00000000001
317753,130159,1,4.78,23830,113907.4
317754,130159,2,1.62,22910,37114.2
317755,130160,1,6.62,23830,157754.6
317756,130160,2,12.36,22910,283167.6
317757,130160,3,7.83,20790,162785.7
317758,130161,1,1.52,23830,36221.6
317759,130161,2,3.71,22910,84996.1
317760,130162,1,1.58,23830,37651.4
317761,130162,2,1.04,22910,23826.4
317762,130163,1,4.88,23830,116290.4
317763,130163,2,1.89,22910,43299.9
317764,130164,1,2.38,23830,56715.4
317765,130164,2,4.06,22910,93014.6
317766,130165,1,1.18,23830,28119.4
317767,130165,2,3.16,22910,72395.6
317768,130165,3,4.18,20790,86902.2
317769,130166,1,2.79,23830,66485.7
317770,130166,2,2.4,22910,54984.0
317771,130167,1,3.18,23830,75779.40000000001
317772,130167,2,2.41,22910,55213.100000000006
317773,130168,1,16.86,23830,401773.8
317774,130168,2,14.32,22910,328071.2
317775,130168,3,12.61,20790,262161.9
317776,130169,1,12.35,23830,294300.5
317777,130169,2,9.0,22910,206190.0
317778,130169,3,1.23,20790,25571.7
317779,130170,1,4.39,23830,104613.7
317780,130170,2,1.72,22910,39405.2
317781,130171,1,3.17,23830,75541.09999999999
317782,130171,2,3.13,22910,71708.3
319814,131000,1,3.47,23830,82690.1
319815,131000,2,16.49,22910,377785.9
319816,131000,3,7.13,20790,148232.7
319817,131001,1,2.19,23830,52187.7
319818,131001,2,5.2,22910,119132.0
319819,131001,3,9.25,20790,192307.5
319820,131002,1,11.26,23830,268325.8
319821,131002,2,14.7,22910,336777.0
319822,131002,3,13.5,20790,280665.0
319823,131003,1,3.04,23830,72443.2
319824,131003,2,3.33,22910,76290.3
319825,131004,1,1.78,23830,42417.4
319826,131004,2,3.29,22910,75373.9
319827,131005,1,10.7,23830,254981.0
319828,131005,2,5.37,22910,123026.7
319829,131005,3,12.47,20790,259251.3
319830,131006,1,2.5,23830,59575.0
319831,131006,2,1.58,22910,36197.8
319832,131007,1,17.49,23830,416786.7
319833,131007,2,10.31,22910,236202.1
319834,131007,3,9.28,20790,192931.2
319835,131008,1,12.11,23830,288581.3
319836,131008,2,7.77,22910,178010.69999999998
319837,131008,3,5.46,20790,113513.4
319838,131009,1,7.79,23830,185635.7
319839,131009,2,18.53,22910,424522.3000000001
319840,131009,3,7.5,20790,155925.0
319841,131010,1,6.76,23830,161090.8
319842,131010,2,14.58,22910,334027.8
319843,131010,3,10.73,20790,223076.7
319844,131011,1,7.55,23830,179916.5
319845,131011,2,13.55,22910,310430.5
319846,131011,3,3.76,20790,78170.4
319847,131012,1,12.22,23830,291202.60000000003
319848,131012,2,6.56,22910,150289.59999999998
319849,131012,3,12.78,20790,265696.2
319850,131013,1,2.69,23830,64102.7
319851,131013,2,1.45,22910,33219.5
319852,131014,1,1.1,23830,26213.000000000004
319853,131014,2,6.81,22910,156017.09999999998
319854,131014,3,10.41,20790,216423.9
319855,131015,1,2.44,23830,58145.2
319856,131015,2,2.63,22910,60253.3
319857,131016,1,1.75,23830,41702.5
319858,131016,2,4.91,22910,112488.1
319859,131017,1,2.56,23830,61004.8
319860,131017,2,2.02,22910,46278.2
319861,131018,1,4.7,23830,112001.0
319862,131018,2,1.06,22910,24284.6
319863,131019,1,4.34,23830,103422.2
319864,131019,2,2.44,22910,55900.4
319865,131020,1,17.76,23830,423220.8000000001
319866,131020,2,14.17,22910,324634.7
319867,131020,3,11.21,20790,233055.9
319868,131021,1,2.7,23830,64341.00000000001
319869,131021,2,1.8,22910,41238.0
319870,131022,1,14.5,23830,345535.0
319871,131022,2,14.12,22910,323489.19999999995
319872,131022,3,7.67,20790,159459.3
319873,131023,1,2.88,23830,68630.4
319874,131023,2,4.32,22910,98971.2
319875,131024,1,4.27,23830,101754.1
319876,131024,2,2.55,22910,58420.49999999999
319877,131025,1,2.36,23830,56238.8
319878,131025,2,3.97,22910,90952.7
319879,131026,1,1.28,23830,30502.4
319880,131026,2,3.74,22910,85683.40000000001
319881,131027,1,3.42,23830,81498.59999999999
319882,131027,2,4.09,22910,93701.9
319883,131028,1,15.41,23830,367220.3
319884,131028,2,8.89,22910,203669.9
319885,131028,3,1.37,20790,28482.300000000003
319886,131029,1,6.07,23830,144648.1
319887,131029,2,1.45,22910,33219.5
319888,131029,3,11.05,20790,229729.50000000003
319889,131030,1,2.56,23830,61004.8
319890,131030,2,3.19,22910,73082.9
319891,131031,1,3.77,23830,89839.1
319892,131031,2,4.55,22910,104240.5
319893,131032,1,19.34,23830,460872.2
319894,131032,2,14.54,22910,333111.4
319895,131032,3,17.68,20790,367567.2
319896,131033,1,1.51,23830,35983.3
319897,131033,2,3.59,22910,82246.9
319898,131034,1,1.82,23830,43370.6
319899,131034,2,1.02,22910,23368.2
319900,131035,1,1.14,23830,27166.2
319901,131035,2,3.23,22910,73999.3
319902,131036,1,2.4,23830,57192.0
319903,131036,2,4.58,22910,104927.8
319904,131037,1,4.52,23830,107711.6
319905,131037,2,1.3,22910,29783.0
319906,131038,1,1.53,23830,36459.9
319907,131038,2,4.58,22910,104927.8
319908,131039,1,16.83,23830,401058.9
319909,131039,2,14.31,22910,327842.10000000003
319910,131039,3,4.59,20790,95426.1
319911,131040,1,6.83,23830,162758.9
319912,131040,2,3.62,22910,82934.2
319913,131040,3,19.52,20790,405820.8
319914,131041,1,3.57,23830,85073.09999999999
319915,131041,2,4.06,22910,93014.6
319916,131042,1,10.4,23830,247832.0
319917,131042,2,16.06,22910,367934.6
319918,131042,3,11.89,20790,247193.1
319919,131043,1,10.46,23830,249261.8
319920,131043,2,2.18,22910,49943.8
319921,131043,3,5.7,20790,118503.0
319922,131044,1,1.59,23830,37889.7
319923,131044,2,3.3,22910,75603.0
319924,131045,1,4.01,23830,95558.3
319925,131045,2,7.01,22910,160599.1
319926,131045,3,6.77,20790,140748.3
319927,131046,1,3.05,23830,72681.5
319928,131046,2,4.66,22910,106760.6
319929,131047,1,1.39,23830,33123.7
319930,131047,2,4.49,22910,102865.9
319931,131048,1,12.02,23830,286436.6
319932,131048,2,8.15,22910,186716.5
319933,131048,3,2.56,20790,53222.4
319934,131049,1,1.48,23830,35268.4
319935,131049,2,4.3,22910,98513.0
319936,131050,1,7.12,23830,169669.6
319937,131050,2,4.71,22910,107906.1
319938,131050,3,7.9,20790,164241.0
319939,131051,1,1.8,23830,42894.0
319940,131051,2,4.88,22910,111800.8
319941,131051,3,6.72,20790,139708.8
319942,131052,1,5.48,23830,130588.4
319943,131052,2,12.93,22910,296226.3
319944,131052,3,5.97,20790,124116.3
319945,131053,1,1.8,23830,42894.0
319946,131053,2,2.03,22910,46507.3
319947,131054,1,3.37,23830,80307.1
319948,131054,2,4.83,22910,110655.3
319949,131055,1,7.88,23830,187780.4
319950,131055,2,14.52,22910,332653.2
319951,131055,3,14.39,20790,299168.10000000003
319952,131056,1,4.29,23830,102230.7
319953,131056,2,3.19,22910,73082.9
319954,131057,1,19.75,23830,470642.5
319955,131057,2,11.08,22910,253842.8
319956,131057,3,14.13,20790,293762.7
322060,131915,1,3.92,23830,93413.6
322061,131915,2,1.56,22910,35739.6
322062,131916,1,2.37,23830,56477.100000000006
322063,131916,2,18.73,22910,429104.3
322064,131916,3,16.04,20790,333471.6
322065,131917,1,2.5,23830,59575.0
322066,131917,2,3.76,22910,86141.59999999999
322067,131918,1,1.2,23830,28596.0
322068,131918,2,3.3,22910,75603.0
322069,131919,1,4.04,23830,96273.2
322070,131919,2,1.66,22910,38030.6
322071,131920,1,3.29,23830,78400.7
322072,131920,2,7.32,22910,167701.2
322073,131920,3,4.75,20790,98752.5
322074,131921,1,3.73,23830,88885.9
322075,131921,2,2.41,22910,55213.100000000006
322076,131922,1,1.5,23830,35745.0
322077,131922,2,2.26,22910,51776.6
322078,131923,1,12.17,23830,290011.1
322079,131923,2,11.44,22910,262090.4
322080,131923,3,4.8,20790,99792.0
322081,131924,1,17.46,23830,416071.8000000001
322082,131924,2,18.38,22910,421085.8
322083,131924,3,11.88,20790,246985.2
322084,131925,1,4.32,23830,102945.6
322085,131925,2,10.0,22910,229100.0
322086,131925,3,15.03,20790,312473.7
322087,131926,1,10.67,23830,254266.1
322088,131926,2,9.36,22910,214437.6
322089,131926,3,9.25,20790,192307.5
322090,131927,1,12.6,23830,300258.0
322091,131927,2,16.64,22910,381222.4
322092,131927,3,19.68,20790,409147.2
322093,131928,1,2.31,23830,55047.3
322094,131928,2,2.36,22910,54067.6
322095,131929,1,3.47,23830,82690.1
322096,131929,2,2.91,22910,66668.1
322097,131930,1,3.62,23830,86264.6
322098,131930,2,4.18,22910,95763.8
322099,131931,1,9.47,23830,225670.1
322100,131931,2,15.8,22910,361978.0
322101,131931,3,5.69,20790,118295.1
322102,131932,1,4.45,23830,106043.5
322103,131932,2,12.25,22910,280647.5
322104,131932,3,5.77,20790,119958.3
322105,131933,1,4.94,23830,117720.2
322106,131933,2,15.87,22910,363581.7
322107,131933,3,12.41,20790,258003.9
322108,131934,1,1.96,23830,46706.8
322109,131934,2,3.19,22910,73082.9
322110,131935,1,3.24,23830,77209.20000000001
322111,131935,2,2.75,22910,63002.5
322112,131936,1,1.33,23830,31693.9
322113,131936,2,1.92,22910,43987.2
322114,131937,1,6.46,23830,153941.8
322115,131937,2,15.68,22910,359228.8
322116,131937,3,12.62,20790,262369.8
322117,131938,1,3.62,23830,86264.6
322118,131938,2,15.53,22910,355792.3
322119,131938,3,2.78,20790,57796.2
322120,131939,1,4.59,23830,109379.7
322121,131939,2,3.06,22910,70104.6
322122,131940,1,1.18,23830,28119.4
322123,131940,2,4.95,22910,113404.5
322124,131941,1,8.12,23830,193499.6
322125,131941,2,10.96,22910,251093.6
322126,131941,3,4.48,20790,93139.2
322127,131942,1,15.66,23830,373177.8
322128,131942,2,11.88,22910,272170.80000000005
322129,131942,3,12.43,20790,258419.7
322130,131943,1,3.51,23830,83643.29999999999
322131,131943,2,4.44,22910,101720.4
322132,131944,1,1.09,23830,25974.7
322133,131944,2,2.21,22910,50631.1
322134,131945,1,4.98,23830,118673.4
322135,131945,2,1.04,22910,23826.4
322136,131946,1,4.98,23830,118673.4
322137,131946,2,5.44,22910,124630.4
322138,131946,3,17.5,20790,363825.0
322139,131947,1,3.24,23830,77209.20000000001
322140,131947,2,2.37,22910,54296.7
322141,131948,1,2.96,23830,70536.8
322142,131948,2,4.39,22910,100574.9
322143,131949,1,11.02,23830,262606.6
322144,131949,2,8.98,22910,205731.8
322145,131949,3,10.83,20790,225155.7
322146,131950,1,5.64,23830,134401.19999999998
322147,131950,2,15.67,22910,358999.7
322148,131950,3,15.94,20790,331392.6
322149,131951,1,5.49,23830,130826.7
322150,131951,2,6.85,22910,156933.5
322151,131951,3,8.23,20790,171101.7
322152,131952,1,8.1,23830,193023.0
322153,131952,2,5.07,22910,116153.7
322154,131952,3,7.28,20790,151351.2
322155,131953,1,4.9,23830,116767.0
322156,131953,2,19.28,22910,441704.8000000001
322157,131953,3,3.6,20790,74844.0
322158,131954,1,9.19,23830,218997.7
322159,131954,2,17.32,22910,396801.2
322160,131954,3,5.41,20790,112473.9
322161,131955,1,3.13,23830,74587.9
322162,131955,2,2.2,22910,50402.00000000001
322163,131956,1,2.99,23830,71251.70000000001
322164,131956,2,2.51,22910,57504.1
322165,131957,1,2.93,23830,69821.90000000001
322166,131957,2,4.52,22910,103553.2
322167,131958,1,1.4,23830,33362.0
322168,131958,2,15.07,22910,345253.7
322169,131958,3,3.17,20790,65904.3
322170,131959,1,3.85,23830,91745.5
322171,131959,2,16.13,22910,369538.3
322172,131959,3,6.32,20790,131392.80000000002
322173,131960,1,19.3,23830,459919.0
322174,131960,2,5.72,22910,131045.2
322175,131960,3,9.6,20790,199584.0
322176,131961,1,4.08,23830,97226.4
322177,131961,2,1.98,22910,45361.8
322178,131962,1,1.39,23830,33123.7
322179,131962,2,1.12,22910,25659.2
322180,131963,1,12.18,23830,290249.4
322181,131963,2,4.8,22910,109968.0
322182,131963,3,6.95,20790,144490.5
322183,131964,1,15.44,23830,367935.2
322184,131964,2,2.64,22910,60482.4
322185,131964,3,19.55,20790,406444.5
322186,131965,1,3.09,23830,73634.7
322187,131965,2,1.94,22910,44445.4
322188,131966,1,18.34,23830,437042.2
322189,131966,2,9.84,22910,225434.4
322190,131966,3,14.0,20790,291060.0
322191,131967,1,1.7,23830,40511.0
322192,131967,2,1.16,22910,26575.6
322193,131968,1,8.47,23830,201840.1
322194,131968,2,6.75,22910,154642.5
322195,131968,3,9.5,20790,197505.0
324321,132836,1,11.99,23830,285721.7
324322,132836,2,15.23,22910,348919.3
324323,132836,3,6.58,20790,136798.2
324324,132837,1,4.72,23830,112477.6
324325,132837,2,4.47,22910,102407.7
324326,132838,1,9.73,23830,231865.9
324327,132838,2,13.74,22910,314783.4
324328,132838,3,16.4,20790,340955.99999999994
324329,132839,1,1.47,23830,35030.1
324330,132839,2,1.27,22910,29095.7
324331,132840,1,3.0,23830,71490.0
324332,132840,2,1.81,22910,41467.1
324333,132841,1,12.83,23830,305738.9
324334,132841,2,10.97,22910,251322.7
324335,132841,3,19.98,20790,415384.2
324336,132842,1,1.91,23830,45515.3
324337,132842,2,2.64,22910,60482.4
324338,132843,1,1.52,23830,36221.6
324339,132843,2,3.99,22910,91410.9
324340,132844,1,2.26,23830,53855.8
324341,132844,2,7.44,22910,170450.40000000002
324342,132844,3,10.07,20790,209355.3
324343,132845,1,5.98,23830,142503.40000000002
324344,132845,2,7.55,22910,172970.5
324345,132845,3,6.01,20790,124947.9
324346,132846,1,2.87,23830,68392.1
324347,132846,2,2.9,22910,66439.0
324348,132847,1,3.04,23830,72443.2
324349,132847,2,4.94,22910,113175.4
324350,132848,1,15.2,23830,362216.0
324351,132848,2,11.88,22910,272170.80000000005
324352,132848,3,18.96,20790,394178.4
324353,132849,1,3.81,23830,90792.3
324354,132849,2,3.52,22910,80643.2
324355,132850,1,15.04,23830,358403.19999999995
324356,132850,2,1.97,22910,45132.7
324357,132850,3,12.62,20790,262369.8
324358,132851,1,13.29,23830,316700.69999999995
324359,132851,2,11.77,22910,269650.7
324360,132851,3,12.78,20790,265696.2
324361,132852,1,2.59,23830,61719.7
324362,132852,2,3.3,22910,75603.0
324363,132853,1,7.06,23830,168239.8
324364,132853,2,7.43,22910,170221.3
324365,132853,3,3.96,20790,82328.4
324366,132854,1,3.13,23830,74587.9
324367,132854,2,1.1,22910,25201.000000000004
324368,132855,1,4.72,23830,112477.6
324369,132855,2,4.49,22910,102865.9
324370,132856,1,19.16,23830,456582.8
324371,132856,2,19.22,22910,440330.2
324372,132856,3,1.27,20790,26403.3
324373,132857,1,6.25,23830,148937.5
324374,132857,2,15.7,22910,359687.0
324375,132857,3,7.55,20790,156964.5
324376,132858,1,3.08,23830,73396.40000000001
324377,132858,2,2.9,22910,66439.0
324378,132859,1,7.29,23830,173720.7
324379,132859,2,9.51,22910,217874.1
324380,132859,3,18.18,20790,377962.2
324381,132860,1,5.31,23830,126537.3
324382,132860,2,11.88,22910,272170.80000000005
324383,132860,3,18.99,20790,394802.1
324384,132861,1,1.31,23830,31217.300000000003
324385,132861,2,4.33,22910,99200.3
324386,132862,1,1.98,23830,47183.4
324387,132862,2,2.32,22910,53151.2
324388,132863,1,1.2,23830,28596.0
324389,132863,2,1.77,22910,40550.7
324390,132864,1,18.17,23830,432991.1
324391,132864,2,12.53,22910,287062.3
324392,132864,3,18.31,20790,380664.9
324393,132865,1,1.12,23830,26689.6
324394,132865,2,2.79,22910,63918.9
324395,132866,1,10.5,23830,250215.0
324396,132866,2,18.68,22910,427958.8
324397,132866,3,8.52,20790,177130.8
324398,132867,1,13.65,23830,325279.5
324399,132867,2,2.12,22910,48569.2
324400,132867,3,7.66,20790,159251.4
324401,132868,1,1.31,23830,31217.300000000003
324402,132868,2,5.82,22910,133336.2
324403,132868,3,2.01,20790,41787.9
324404,132869,1,16.24,23830,386999.2
324405,132869,2,19.43,22910,445141.3
324406,132869,3,14.89,20790,309563.10000000003
324407,132870,1,2.73,23830,65055.9
324408,132870,2,19.06,22910,436664.6
324409,132870,3,16.47,20790,342411.3
324410,132871,1,4.27,23830,101754.1
324411,132871,2,4.11,22910,94160.1
324412,132872,1,1.34,23830,31932.2
324413,132872,2,1.99,22910,45590.9
324414,132873,1,4.49,23830,106996.7
324415,132873,2,4.17,22910,95534.7
324416,132874,1,10.84,23830,258317.2
324417,132874,2,19.14,22910,438497.4
324418,132874,3,14.59,20790,303326.1
324419,132875,1,3.02,23830,71966.6
324420,132875,2,2.96,22910,67813.6
324421,132876,1,4.84,23830,115337.2
324422,132876,2,1.42,22910,32532.2
324423,132877,1,14.24,23830,339339.2
324424,132877,2,14.34,22910,328529.4
324425,132877,3,1.2,20790,24948.0
324426,132878,1,4.94,23830,117720.2
324427,132878,2,2.79,22910,63918.9
324428,132879,1,9.82,23830,234010.6
324429,132879,2,4.13,22910,94618.3
324430,132879,3,10.16,20790,211226.4
324431,132880,1,19.14,23830,456106.2
324432,132880,2,9.21,22910,211001.1
324433,132880,3,15.4,20790,320166.0
324434,132881,1,2.41,23830,57430.3
324435,132881,2,12.08,22910,276752.8
324436,132881,3,7.15,20790,148648.5
324437,132882,1,2.02,23830,48136.6
324438,132882,2,4.56,22910,104469.6
324439,132883,1,3.17,23830,75541.09999999999
324440,132883,2,1.0,22910,22910.0
324441,132884,1,2.21,23830,52664.3
324442,132884,2,4.97,22910,113862.7
324443,132885,1,7.53,23830,179439.9
324444,132885,2,12.59,22910,288436.9
324445,132885,3,2.22,20790,46153.8
324446,132886,1,2.8,23830,66724.0
324447,132886,2,2.18,22910,49943.8
324448,132887,1,8.35,23830,198980.5
324449,132887,2,10.49,22910,240325.9
324450,132887,3,18.99,20790,394802.1
324451,132888,1,3.98,23830,94843.4
324452,132888,2,4.02,22910,92098.2
324453,132889,1,11.24,23830,267849.2
324454,132889,2,14.39,22910,329674.9
324455,132889,3,12.66,20790,263201.4
324456,132890,1,2.86,23830,68153.8
324457,132890,2,3.25,22910,74457.5
324458,132891,1,1.71,23830,40749.3
324459,132891,2,1.22,22910,27950.2
324460,132892,1,3.38,23830,80545.4
324461,132892,2,13.58,22910,311117.8
324462,132892,3,6.02,20790,125155.8
324463,132893,1,4.25,23830,101277.5
324464,132893,2,3.71,22910,84996.1
324465,132894,1,3.85,23830,91745.5
324466,132894,2,7.09,22910,162431.9
324467,132894,3,14.21,20790,295425.9
326727,133819,1,13.64,23830,325041.2
326728,133819,2,11.06,22910,253384.6
326729,133819,3,6.74,20790,140124.6
326730,133820,1,11.87,23830,282862.1
326731,133820,2,10.2,22910,233682.0
326732,133820,3,18.23,20790,379001.7
326733,133821,1,13.94,23830,332190.2
326734,133821,2,3.94,22910,90265.4
326735,133821,3,13.62,20790,283159.8
326736,133822,1,8.62,23830,205414.6
326737,133822,2,13.12,22910,300579.19999999995
326738,133822,3,10.31,20790,214344.9
326739,133823,1,2.89,23830,68868.7
326740,133823,2,1.48,22910,33906.8
326741,133824,1,3.97,23830,94605.1
326742,133824,2,4.28,22910,98054.8
326743,133825,1,3.39,23830,80783.7
326744,133825,2,2.48,22910,56816.8
326745,133826,1,8.55,23830,203746.50000000003
326746,133826,2,6.25,22910,143187.5
326747,133826,3,7.85,20790,163201.5
327418,134098,1,2.76,23830,65770.79999999999
327419,134098,2,1.15,22910,26346.5
327420,134099,1,3.66,23830,87217.8
327421,134099,2,3.67,22910,84079.7
327422,134100,1,2.43,23830,57906.9
327423,134100,2,2.16,22910,49485.600000000006
327424,134101,1,6.41,23830,152750.30000000002
327425,134101,2,13.76,22910,315241.6
327426,134101,3,7.46,20790,155093.4
327427,134102,1,3.8,23830,90554.0
327428,134102,2,2.68,22910,61398.8
327429,134103,1,7.51,23830,178963.3
327430,134103,2,17.01,22910,389699.1
327431,134103,3,5.93,20790,123284.7
327432,134104,1,14.65,23830,349109.5
327433,134104,2,19.3,22910,442163.0
327434,134104,3,17.82,20790,370477.8
327435,134105,1,1.76,23830,41940.8
327436,134105,2,3.3,22910,75603.0
327437,134106,1,3.07,23830,73158.09999999999
327438,134106,2,2.63,22910,60253.3
327439,134107,1,3.69,23830,87932.7
327440,134107,2,4.55,22910,104240.5
327441,134108,1,10.14,23830,241636.2
327442,134108,2,8.9,22910,203899.0
327443,134108,3,5.96,20790,123908.4
327444,134109,1,2.4,23830,57192.0
327445,134109,2,4.35,22910,99658.5
327446,134110,1,1.26,23830,30025.8
327447,134110,2,1.1,22910,25201.000000000004
328164,134400,1,3.46,23830,82451.8
328165,134400,2,3.11,22910,71250.09999999999
328166,134401,1,5.54,23830,132018.2
328167,134401,2,9.47,22910,216957.7
328168,134401,3,16.29,20790,338669.1
328169,134402,1,3.25,23830,77447.5
328170,134402,2,1.86,22910,42612.600000000006
328171,134402,3,14.78,20790,307276.2
328172,134403,1,3.74,23830,89124.20000000001
328173,134403,2,1.13,22910,25888.3
328174,134404,1,2.96,23830,70536.8
328175,134404,2,4.07,22910,93243.7
328176,134405,1,14.04,23830,334573.19999999995
328177,134405,2,9.75,22910,223372.5
328178,134405,3,2.48,20790,51559.2
328179,134406,1,2.62,23830,62434.600000000006
328180,134406,2,1.75,22910,40092.5
328181,134407,1,4.1,23830,97703.0
328182,134407,2,1.81,22910,41467.1
328183,134408,1,3.77,23830,89839.1
328184,134408,2,3.89,22910,89119.90000000001
328185,134409,1,14.35,23830,341960.5
328186,134409,2,5.89,22910,134939.9
328187,134409,3,9.19,20790,191060.1
328188,134410,1,4.97,23830,118435.1
328189,134410,2,2.56,22910,58649.6
328190,134411,1,15.06,23830,358879.8
328191,134411,2,10.07,22910,230703.7
328192,134411,3,15.71,20790,326610.9
328193,134412,1,3.04,23830,72443.2
328194,134412,2,1.97,22910,45132.7
328861,134688,1,2.06,23830,49089.8
328862,134688,2,1.23,22910,28179.3
328863,134689,1,1.43,23830,34076.9
328864,134689,2,3.54,22910,81101.4
328865,134690,1,1.61,23830,38366.3
328866,134690,2,4.19,22910,95992.9
328867,134691,1,1.06,23830,25259.800000000003
328868,134691,2,3.1,22910,71021.0
328869,134692,1,1.41,23830,33600.3
328870,134692,2,4.59,22910,105156.9
328871,134693,1,13.55,23830,322896.5
328872,134693,2,5.72,22910,131045.2
328873,134693,3,2.87,20790,59667.3
328874,134694,1,4.0,23830,95320.0
328875,134694,2,1.99,22910,45590.9
328876,134695,1,4.88,23830,116290.4
328877,134695,2,3.41,22910,78123.1
328878,134696,1,4.54,23830,108188.2
328879,134696,2,3.08,22910,70562.8
328880,134696,3,14.62,20790,303949.8
328881,134697,1,3.94,23830,93890.2
328882,134697,2,3.26,22910,74686.59999999999
328883,134698,1,1.14,23830,27166.2
328884,134698,2,1.16,22910,26575.6
328885,134699,1,3.26,23830,77685.79999999999
328886,134699,2,4.85,22910,111113.5
328887,134700,1,2.19,23830,52187.7
328888,134700,2,2.2,22910,50402.00000000001
328889,134701,1,17.68,23830,421314.4
328890,134701,2,16.51,22910,378244.1
328891,134701,3,15.98,20790,332224.2
328892,134702,1,2.08,23830,49566.4
328893,134702,2,11.88,22910,272170.80000000005
328894,134702,3,9.88,20790,205405.2
329579,134985,1,7.25,23830,172767.5
329580,134985,2,19.84,22910,454534.4
329581,134985,3,1.64,20790,34095.6
329582,134986,1,2.04,23830,48613.2
329583,134986,2,3.54,22910,81101.4
329584,134987,1,2.08,23830,49566.4
329585,134987,2,2.46,22910,56358.6
329586,134988,1,3.28,23830,78162.4
329587,134988,2,3.47,22910,79497.70000000001
329588,134989,1,11.33,23830,269993.9
329589,134989,2,16.71,22910,382826.1
329590,134989,3,14.84,20790,308523.6
329591,134990,1,1.01,23830,24068.3
329592,134990,2,3.46,22910,79268.6
329593,134991,1,11.42,23830,272138.6
329594,134991,2,12.14,22910,278127.4
329595,134991,3,11.16,20790,232016.4
329596,134992,1,3.58,23830,85311.40000000001
329597,134992,2,1.85,22910,42383.5
329598,134993,1,17.7,23830,421791.0
329599,134993,2,2.95,22910,67584.5
329600,134993,3,10.28,20790,213721.2
329601,134994,1,1.1,23830,26213.000000000004
329602,134994,2,4.19,22910,95992.9
329603,134995,1,3.89,23830,92698.7
329604,134995,2,4.68,22910,107218.8
329605,134996,1,3.25,23830,77447.5
329606,134996,2,3.34,22910,76519.4
329607,134997,1,2.48,23830,59098.4
329608,134997,2,19.85,22910,454763.50000000006
329609,134997,3,18.96,20790,394178.4
329610,134998,1,9.24,23830,220189.2
329611,134998,2,2.72,22910,62315.2
329612,134998,3,18.76,20790,390020.4
329613,134999,1,8.34,23830,198742.2
329614,134999,2,1.01,22910,23139.1
329615,134999,3,2.91,20790,60498.9
329616,135000,1,1.54,23830,36698.2
329617,135000,2,14.45,22910,331049.5
329618,135000,3,2.68,20790,55717.2
329619,135001,1,4.08,23830,97226.4
329620,135001,2,3.99,22910,91410.9
330307,135284,1,1.83,23830,43608.9
330308,135284,2,2.95,22910,67584.5
330309,135285,1,4.19,23830,99847.7
330310,135285,2,1.84,22910,42154.4
330311,135286,1,4.25,23830,101277.5
330312,135286,2,1.32,22910,30241.2
330313,135287,1,2.86,23830,68153.8
330314,135287,2,2.5,22910,57275.0
330315,135288,1,2.36,23830,56238.8
330316,135288,2,1.11,22910,25430.1
330317,135289,1,3.01,23830,71728.29999999999
330318,135289,2,2.02,22910,46278.2
330319,135290,1,8.31,23830,198027.3
330320,135290,2,18.95,22910,434144.5
330321,135290,3,19.35,20790,402286.50000000006
330322,135291,1,4.67,23830,111286.1
330323,135291,2,2.66,22910,60940.600000000006
330324,135292,1,13.87,23830,330522.1
330325,135292,2,19.0,22910,435290.0
330326,135292,3,7.89,20790,164033.1
330327,135293,1,4.86,23830,115813.8
330328,135293,2,4.92,22910,112717.2
330329,135294,1,4.88,23830,116290.4
330330,135294,2,6.17,22910,141354.7
330331,135294,3,15.71,20790,326610.9
330332,135295,1,4.49,23830,106996.7
330333,135295,2,2.44,22910,55900.4
330334,135296,1,5.75,23830,137022.5
330335,135296,2,11.35,22910,260028.5
330336,135296,3,17.76,20790,369230.4
330337,135297,1,10.28,23830,244972.4
330338,135297,2,8.95,22910,205044.5
330339,135297,3,1.72,20790,35758.8
331053,135589,1,11.79,23830,280955.69999999995
331054,135589,2,13.98,22910,320281.8
331055,135589,3,12.24,20790,254469.6
331056,135590,1,1.22,23830,29072.6
331057,135590,2,2.8,22910,64147.99999999999
331058,135591,1,4.04,23830,96273.2
331059,135591,2,1.11,22910,25430.1
331060,135592,1,4.19,23830,99847.7
331061,135592,2,1.07,22910,24513.7
331062,135593,1,9.91,23830,236155.3
331063,135593,2,16.49,22910,377785.9
331064,135593,3,13.62,20790,283159.8
331065,135594,1,13.03,23830,310504.9
331066,135594,2,6.07,22910,139063.7
331067,135594,3,1.21,20790,25155.9
331068,135595,1,2.73,23830,65055.9
331069,135595,2,3.67,22910,84079.7
331070,135596,1,2.35,23830,56000.5
331071,135596,2,2.47,22910,56587.7
331072,135597,1,3.67,23830,87456.09999999999
331073,135597,2,2.46,22910,56358.6
331074,135598,1,18.73,23830,446335.9
331075,135598,2,11.89,22910,272399.9
331076,135598,3,19.39,20790,403118.1
331077,135599,1,2.46,23830,58621.8
331078,135599,2,4.01,22910,91869.1
331079,135600,1,12.77,23830,304309.1
331080,135600,2,16.45,22910,376869.5
331081,135600,3,2.09,20790,43451.1
331082,135601,1,5.39,23830,128443.7
331083,135601,2,12.79,22910,293018.9
331084,135601,3,14.55,20790,302494.5
331791,135895,1,2.56,23830,61004.8
331792,135895,2,1.26,22910,28866.6
331793,135896,1,1.92,23830,45753.6
331794,135896,2,2.84,22910,65064.4
331795,135897,1,18.08,23830,430846.4
331796,135897,2,1.83,22910,41925.3
331797,135897,3,7.22,20790,150103.8
331798,135898,1,1.19,23830,28357.7
331799,135898,2,4.54,22910,104011.4
331800,135899,1,16.03,23830,381994.9
331801,135899,2,18.37,22910,420856.7
331802,135899,3,7.29,20790,151559.1
331803,135900,1,1.56,23830,37174.8
331804,135900,2,1.89,22910,43299.9
331805,135901,1,2.66,23830,63387.8
331806,135901,2,1.66,22910,38030.6
331807,135902,1,3.31,23830,78877.3
331808,135902,2,4.6,22910,105386.0
331809,135903,1,2.84,23830,67677.2
331810,135903,2,2.72,22910,62315.2
331811,135904,1,1.55,23830,36936.5
331812,135904,2,1.79,22910,41008.9
331813,135905,1,3.38,23830,80545.4
331814,135905,2,2.72,22910,62315.2
331815,135906,1,1.51,23830,35983.3
331816,135906,2,2.91,22910,66668.1
331817,135907,1,2.08,23830,49566.4
331818,135907,2,4.18,22910,95763.8
331819,135908,1,3.1,23830,73873.0
331820,135908,2,4.13,22910,94618.3
331821,135909,1,3.05,23830,72681.5
331822,135909,2,4.88,22910,111800.8
331823,135910,1,13.83,23830,329568.9
331824,135910,2,17.34,22910,397259.4
331825,135910,3,17.28,20790,359251.2
331826,135911,1,13.4,23830,319322.0
331827,135911,2,3.15,22910,72166.5
331828,135911,3,2.0,20790,41580.0
331829,135912,1,15.93,23830,379611.9
331830,135912,2,12.81,22910,293477.10000000003
331831,135912,3,6.67,20790,138669.3
331832,135913,1,16.84,23830,401297.2
331833,135913,2,8.94,22910,204815.4
331834,135913,3,11.21,20790,233055.9
331835,135914,1,13.53,23830,322419.9
331836,135914,2,5.73,22910,131274.30000000002
331837,135914,3,12.79,20790,265904.1
331838,135915,1,5.03,23830,119864.9
331839,135915,2,11.97,22910,274232.7
331840,135915,3,13.55,20790,281704.5
331841,135916,1,8.12,23830,193499.6
331842,135916,2,19.58,22910,448577.8
331843,135916,3,3.1,20790,64449.0
331844,135917,1,15.79,23830,376275.7
331845,135917,2,7.9,22910,180989.0
331846,135917,3,5.26,20790,109355.4
331847,135918,1,9.08,23830,216376.4
331848,135918,2,3.41,22910,78123.1
331849,135918,3,14.12,20790,293554.8
331850,135919,1,2.77,23830,66009.1
331851,135919,2,3.24,22910,74228.40000000001
331852,135920,1,2.47,23830,58860.100000000006
331853,135920,2,4.45,22910,101949.5
331854,135921,1,12.99,23830,309551.7
331855,135921,2,1.86,22910,42612.600000000006
331856,135921,3,17.45,20790,362785.5
331857,135922,1,1.19,23830,28357.7
331858,135922,2,19.89,22910,455679.9
331859,135922,3,15.49,20790,322037.1
331860,135923,1,1.11,23830,26451.300000000003
331861,135923,2,2.06,22910,47194.6
331862,135924,1,7.22,23830,172052.6
331863,135924,2,4.61,22910,105615.1
331864,135924,3,16.04,20790,333471.6
331865,135925,1,11.99,23830,285721.7
331866,135925,2,3.45,22910,79039.5
331867,135925,3,19.0,20790,395010.0
331868,135926,1,8.21,23830,195644.3
331869,135926,2,2.28,22910,52234.8
331870,135926,3,8.81,20790,183159.9
331871,135927,1,10.77,23830,256649.1
331872,135927,2,18.19,22910,416732.9
331873,135927,3,13.13,20790,272972.7
331874,135928,1,17.03,23830,405824.9
331875,135928,2,19.56,22910,448119.6
331876,135928,3,9.87,20790,205197.3
331877,135929,1,15.85,23830,377705.5
331878,135929,2,9.34,22910,213979.4
331879,135929,3,11.53,20790,239708.7
331880,135930,1,2.36,23830,56238.8
331881,135930,2,1.26,22910,28866.6
331882,135931,1,3.88,23830,92460.4
331883,135931,2,2.48,22910,56816.8
331884,135932,1,3.54,23830,84358.2
331885,135932,2,1.46,22910,33448.6
331886,135933,1,3.03,23830,72204.9
331887,135933,2,1.13,22910,25888.3
331888,135934,1,2.35,23830,56000.5
331889,135934,2,3.15,22910,72166.5
331890,135935,1,2.99,23830,71251.70000000001
331891,135935,2,4.64,22910,106302.4
331892,135936,1,3.29,23830,78400.7
331893,135936,2,4.9,22910,112259.0
331894,135937,1,5.01,23830,119388.3
331895,135937,2,11.4,22910,261174.0
331896,135937,3,7.38,20790,153430.2
331897,135938,1,6.5,23830,154895.0
331898,135938,2,19.81,22910,453847.1
331899,135938,3,4.9,20790,101871.0
331900,135939,1,11.97,23830,285245.10000000003
331901,135939,2,3.39,22910,77664.90000000001
331902,135939,3,16.65,20790,346153.49999999994
331903,135940,1,4.77,23830,113669.1
331904,135940,2,2.79,22910,63918.9
331905,135941,1,10.48,23830,249738.4
331906,135941,2,18.48,22910,423376.8
331907,135941,3,5.69,20790,118295.1
331908,135942,1,6.28,23830,149652.4
331909,135942,2,16.67,22910,381909.7
331910,135942,3,1.58,20790,32848.200000000004
331911,135943,1,4.44,23830,105805.2
331912,135943,2,4.15,22910,95076.5
331913,135944,1,2.56,23830,61004.8
331914,135944,2,4.14,22910,94847.4
331915,135945,1,3.35,23830,79830.5
331916,135945,2,2.59,22910,59336.9
331917,135946,1,4.05,23830,96511.5
331918,135946,2,2.3,22910,52692.99999999999
331919,135947,1,3.38,23830,80545.4
331920,135947,2,3.05,22910,69875.5
331921,135948,1,1.76,23830,41940.8
331922,135948,2,2.16,22910,49485.600000000006
331923,135949,1,14.4,23830,343152.0
331924,135949,2,8.29,22910,189923.9
331925,135949,3,16.56,20790,344282.4
331926,135950,1,4.66,23830,111047.8
331927,135950,2,12.05,22910,276065.5
331928,135950,3,9.27,20790,192723.3
331929,135951,1,19.06,23830,454199.8
331930,135951,2,1.16,22910,26575.6
331931,135951,3,10.59,20790,220166.1
331932,135952,1,19.76,23830,470880.8000000001
331933,135952,2,14.62,22910,334944.19999999995
331934,135952,3,3.33,20790,69230.7
331935,135953,1,19.79,23830,471595.7
331936,135953,2,3.78,22910,86599.79999999999
331937,135953,3,10.2,20790,212058.0
331938,135954,1,12.3,23830,293109.0
331939,135954,2,18.04,22910,413296.4
331940,135954,3,8.22,20790,170893.80000000002
331941,135955,1,4.62,23830,110094.6
331942,135955,2,3.29,22910,75373.9
331943,135956,1,1.15,23830,27404.5
331944,135956,2,5.0,22910,114550.0
331945,135957,1,3.11,23830,74111.3
331946,135957,2,3.09,22910,70791.9
331947,135958,1,14.81,23830,352922.3
331948,135958,2,15.66,22910,358770.6
331949,135958,3,9.25,20790,192307.5
331950,135959,1,3.14,23830,74826.2
331951,135959,2,5.29,22910,121193.9
331952,135959,3,11.26,20790,234095.4
331953,135960,1,13.44,23830,320275.2
331954,135960,2,17.98,22910,411921.8
331955,135960,3,17.76,20790,369230.4
331956,135961,1,1.77,23830,42179.1
331957,135961,2,2.74,22910,62773.4
331958,135962,1,12.78,23830,304547.4
331959,135962,2,12.97,22910,297142.7
331960,135962,3,2.26,20790,46985.4
331961,135963,1,4.35,23830,103660.5
331962,135963,2,14.87,22910,340671.69999999995
331963,135963,3,2.92,20790,60706.8
331964,135964,1,3.54,23830,84358.2
331965,135964,2,1.46,22910,33448.6
331966,135965,1,2.62,23830,62434.600000000006
331967,135965,2,4.59,22910,105156.9
331968,135966,1,8.73,23830,208035.9
331969,135966,2,18.92,22910,433457.2
331970,135966,3,12.2,20790,253638.0
331971,135967,1,2.47,23830,58860.100000000006
331972,135967,2,4.86,22910,111342.6
331973,135968,1,10.22,23830,243542.6
331974,135968,2,2.35,22910,53838.5
331975,135968,3,10.83,20790,225155.7
331976,135969,1,4.71,23830,112239.3
331977,135969,2,1.41,22910,32303.1
331978,135970,1,15.9,23830,378897.0
331979,135970,2,6.69,22910,153267.90000000002
331980,135970,3,7.15,20790,148648.5
331981,135971,1,1.39,23830,33123.7
331982,135971,2,1.27,22910,29095.7
331983,135972,1,14.34,23830,341722.2
331984,135972,2,10.32,22910,236431.2
331985,135972,3,2.64,20790,54885.600000000006
331986,135973,1,19.92,23830,474693.6
331987,135973,2,13.43,22910,307681.3
331988,135973,3,8.06,20790,167567.40000000002
331989,135974,1,13.03,23830,310504.9
331990,135974,2,4.48,22910,102636.8
331991,135974,3,4.21,20790,87525.9
331992,135975,1,4.25,23830,101277.5
331993,135975,2,2.84,22910,65064.4
331994,135976,1,1.48,23830,35268.4
331995,135976,2,4.66,22910,106760.6
331996,135977,1,4.67,23830,111286.1
331997,135977,2,1.53,22910,35052.3
331998,135978,1,2.34,23830,55762.2
331999,135978,2,2.84,22910,65064.4
332000,135979,1,4.87,23830,116052.1
332001,135979,2,3.37,22910,77206.7
332002,135980,1,4.2,23830,100086.0
332003,135980,2,1.78,22910,40779.8
332004,135981,1,2.33,23830,55523.9
332005,135981,2,3.54,22910,81101.4
332006,135982,1,8.02,23830,191116.6
332007,135982,2,10.35,22910,237118.5
332008,135982,3,7.38,20790,153430.2
332009,135983,1,1.45,23830,34553.5
332010,135983,2,3.88,22910,88890.8
332011,135984,1,1.6,23830,38128.0
332012,135984,2,3.22,22910,73770.20000000001
332013,135985,1,6.9,23830,164427.0
332014,135985,2,1.97,22910,45132.7
332015,135985,3,4.87,20790,101247.3
332016,135986,1,2.4,23830,57192.0
332017,135986,2,3.91,22910,89578.1
332018,135987,1,4.39,23830,104613.7
332019,135987,2,4.5,22910,103095.0
336383,137765,1,2.95,23830,70298.5
336384,137765,2,4.58,22910,104927.8
336385,137766,1,3.05,23830,72681.5
336386,137766,2,3.95,22910,90494.5
336387,137767,1,2.36,23830,56238.8
336388,137767,2,2.97,22910,68042.70000000001
336389,137768,1,14.49,23830,345296.7
336390,137768,2,15.4,22910,352814.0
336391,137768,3,9.12,20790,189604.8
336392,137769,1,6.22,23830,148222.6
336393,137769,2,12.42,22910,284542.2
336394,137769,3,14.78,20790,307276.2
336395,137770,1,18.28,23830,435612.4
336396,137770,2,11.63,22910,266443.30000000005
336397,137770,3,10.34,20790,214968.6
336398,137771,1,3.11,23830,74111.3
336399,137771,2,3.52,22910,80643.2
336400,137772,1,4.16,23830,99132.8
336401,137772,2,2.58,22910,59107.8
336402,137773,1,2.88,23830,68630.4
336403,137773,2,2.77,22910,63460.7
336404,137774,1,10.14,23830,241636.2
336405,137774,2,15.37,22910,352126.69999999995
336406,137774,3,16.87,20790,350727.30000000005
336407,137775,1,12.76,23830,304070.8
336408,137775,2,4.24,22910,97138.4
336409,137775,3,5.28,20790,109771.2
336410,137776,1,10.55,23830,251406.50000000003
336411,137776,2,9.4,22910,215354.0
336412,137776,3,8.18,20790,170062.19999999998
336413,137777,1,4.08,23830,97226.4
336414,137777,2,4.59,22910,105156.9
336415,137778,1,4.84,23830,115337.2
336416,137778,2,4.01,22910,91869.1
336417,137779,1,18.53,23830,441569.9
336418,137779,2,14.68,22910,336318.8
336419,137779,3,5.18,20790,107692.2
336420,137780,1,2.38,23830,56715.4
336421,137780,2,4.63,22910,106073.3
336422,137781,1,1.31,23830,31217.300000000003
336423,137781,2,11.71,22910,268276.10000000003
336424,137781,3,11.09,20790,230561.1
336425,137782,1,13.77,23830,328139.1
336426,137782,2,17.83,22910,408485.3
336427,137782,3,8.13,20790,169022.7
336428,137783,1,3.67,23830,87456.09999999999
336429,137783,2,4.48,22910,102636.8
336430,137784,1,5.11,23830,121771.3
336431,137784,2,11.3,22910,258883.00000000003
336432,137784,3,4.74,20790,98544.6
336433,137785,1,3.8,23830,90554.0
336434,137785,2,7.67,22910,175719.7
336435,137785,3,7.74,20790,160914.6
336436,137786,1,2.54,23830,60528.2
336437,137786,2,3.67,22910,84079.7
336438,137787,1,1.6,23830,38128.0
336439,137787,2,4.98,22910,114091.8
336440,137788,1,2.23,23830,53140.9
336441,137788,2,1.36,22910,31157.6
336442,137789,1,17.14,23830,408446.2
336443,137789,2,4.32,22910,98971.2
336444,137789,3,19.53,20790,406028.7
336445,137790,1,2.44,23830,58145.2
336446,137790,2,2.88,22910,65980.8
336447,137791,1,4.06,23830,96749.8
336448,137791,2,17.61,22910,403445.1
336449,137791,3,3.45,20790,71725.5
336450,137792,1,3.7,23830,88171.0
336451,137792,2,1.68,22910,38488.8
336452,137793,1,4.47,23830,106520.1
336453,137793,2,1.24,22910,28408.4
336454,137794,1,3.45,23830,82213.5
336455,137794,2,3.11,22910,71250.09999999999
336456,137795,1,9.29,23830,221380.7
336457,137795,2,15.09,22910,345711.9
336458,137795,3,14.29,20790,297089.1
336459,137796,1,8.86,23830,211133.8
336460,137796,2,4.81,22910,110197.1
336461,137796,3,13.86,20790,288149.4
336462,137797,1,1.8,23830,42894.0
336463,137797,2,4.01,22910,91869.1
336464,137798,1,19.57,23830,466353.1
336465,137798,2,9.44,22910,216270.4
336466,137798,3,5.67,20790,117879.3
336467,137799,1,2.59,23830,61719.7
336468,137799,2,4.9,22910,112259.0
336469,137800,1,5.7,23830,135831.0
336470,137800,2,9.61,22910,220165.1
336471,137800,3,13.71,20790,285030.9
336472,137801,1,2.05,23830,48851.49999999999
336473,137801,2,3.7,22910,84767.0
336474,137802,1,4.37,23830,104137.1
336475,137802,2,4.22,22910,96680.2
336476,137803,1,3.33,23830,79353.90000000001
336477,137803,2,2.16,22910,49485.600000000006
336478,137804,1,4.8,23830,114384.0
336479,137804,2,2.69,22910,61627.9
336480,137805,1,10.05,23830,239491.50000000003
336481,137805,2,12.39,22910,283854.9
336482,137805,3,19.23,20790,399791.7
336483,137806,1,11.31,23830,269517.3
336484,137806,2,5.2,22910,119132.0
336485,137806,3,6.91,20790,143658.9
336486,137807,1,11.58,23830,275951.4
336487,137807,2,16.59,22910,380076.9
336488,137807,3,6.44,20790,133887.6
336489,137808,1,17.92,23830,427033.6
336490,137808,2,6.46,22910,147998.6
336491,137808,3,12.63,20790,262577.7
336492,137809,1,3.17,23830,75541.09999999999
336493,137809,2,1.31,22910,30012.1
336494,137810,1,1.03,23830,24544.9
336495,137810,2,4.29,22910,98283.9
336496,137811,1,2.94,23830,70060.2
336497,137811,2,4.24,22910,97138.4
336498,137812,1,3.81,23830,90792.3
336499,137812,2,2.21,22910,50631.1
336500,137813,1,11.81,23830,281432.3
336501,137813,2,1.47,22910,33677.7
336502,137813,3,12.61,20790,262161.9
336503,137814,1,4.54,23830,108188.2
336504,137814,2,4.73,22910,108364.3
336505,137815,1,3.06,23830,72919.8
336506,137815,2,3.81,22910,87287.1
336507,137816,1,1.34,23830,31932.2
336508,137816,2,2.18,22910,49943.8
336509,137817,1,4.64,23830,110571.2
336510,137817,2,2.32,22910,53151.2
336511,137818,1,4.74,23830,112954.2
336512,137818,2,4.45,22910,101949.5
336513,137819,1,7.38,23830,175865.4
336514,137819,2,2.81,22910,64377.1
336515,137819,3,8.57,20790,178170.30000000002
336516,137820,1,1.44,23830,34315.2
336517,137820,2,3.23,22910,73999.3
336518,137821,1,3.45,23830,82213.5
336519,137821,2,3.18,22910,72853.8
336520,137822,1,9.37,23830,223287.1
336521,137822,2,3.63,22910,83163.3
336522,137822,3,4.66,20790,96881.4
336523,137823,1,4.44,23830,105805.2
336524,137823,2,3.94,22910,90265.4
336525,137824,1,3.91,23830,93175.3
336526,137824,2,4.35,22910,99658.5
336527,137825,1,9.52,23830,226861.6
336528,137825,2,19.85,22910,454763.50000000006
336529,137825,3,5.68,20790,118087.2
336530,137826,1,2.33,23830,55523.9
336531,137826,2,1.9,22910,43529.0
336532,137826,3,1.19,20790,24740.1
336533,137827,1,7.93,23830,188971.9
336534,137827,2,18.81,22910,430937.1
336535,137827,3,18.73,20790,389396.7
336536,137828,1,16.93,23830,403441.9
336537,137828,2,18.03,22910,413067.3000000001
336538,137828,3,14.69,20790,305405.1
336539,137829,1,2.7,23830,64341.00000000001
336540,137829,2,2.09,22910,47881.9
336541,137830,1,3.61,23830,86026.3
336542,137830,2,6.87,22910,157391.7
336543,137830,3,11.11,20790,230976.9
336544,137831,1,3.66,23830,87217.8
336545,137831,2,2.03,22910,46507.3
336546,137832,1,4.05,23830,96511.5
336547,137832,2,4.73,22910,108364.3
336548,137833,1,2.29,23830,54570.7
336549,137833,2,1.2,22910,27492.0
336550,137834,1,11.46,23830,273091.80000000005
336551,137834,2,3.48,22910,79726.8
336552,137834,3,10.76,20790,223700.4
336553,137835,1,10.62,23830,253074.6
336554,137835,2,15.16,22910,347315.6
336555,137835,3,9.06,20790,188357.4
336556,137836,1,15.48,23830,368888.4
336557,137836,2,5.22,22910,119590.2
336558,137836,3,16.36,20790,340124.4
336559,137837,1,3.43,23830,81736.90000000001
336560,137837,2,1.06,22910,24284.6
336561,137838,1,4.6,23830,109618.0
336562,137838,2,2.51,22910,57504.1
336563,137839,1,4.13,23830,98417.9
336564,137839,2,1.49,22910,34135.9
336565,137840,1,3.04,23830,72443.2
336566,137840,2,3.03,22910,69417.29999999999
336567,137841,1,4.77,23830,113669.1
336568,137841,2,2.78,22910,63689.8
336569,137842,1,13.03,23830,310504.9
336570,137842,2,2.76,22910,63231.6
336571,137842,3,1.38,20790,28690.2
336572,137843,1,2.31,23830,55047.3
336573,137843,2,1.79,22910,41008.9
336574,137844,1,9.94,23830,236870.2
336575,137844,2,9.36,22910,214437.6
336576,137844,3,16.33,20790,339500.69999999995
336577,137845,1,13.68,23830,325994.4
336578,137845,2,13.63,22910,312263.30000000005
336579,137845,3,10.72,20790,222868.8
336580,137846,1,12.01,23830,286198.3
336581,137846,2,9.47,22910,216957.7
336582,137846,3,4.23,20790,87941.70000000001
336583,137847,1,1.49,23830,35506.7
336584,137847,2,3.99,22910,91410.9
336585,137848,1,5.56,23830,132494.8
336586,137848,2,14.45,22910,331049.5
336587,137848,3,10.4,20790,216216.0
336588,137849,1,10.1,23830,240683.0
336589,137849,2,9.72,22910,222685.2
336590,137849,3,13.04,20790,271101.6
336591,137850,1,4.31,23830,102707.3
336592,137850,2,3.73,22910,85454.3
336593,137851,1,13.41,23830,319560.3
336594,137851,2,1.84,22910,42154.4
336595,137851,3,9.86,20790,204989.4
336596,137852,1,17.73,23830,422505.9
336597,137852,2,10.72,22910,245595.2
336598,137852,3,18.81,20790,391059.9
336599,137853,1,1.11,23830,26451.300000000003
336600,137853,2,3.17,22910,72624.7
336601,137854,1,4.9,23830,116767.0
336602,137854,2,4.4,22910,100804.0
336603,137855,1,2.41,23830,57430.3
336604,137855,2,1.4,22910,32074.0
336605,137856,1,14.02,23830,334096.6
336606,137856,2,4.71,22910,107906.1
336607,137856,3,5.59,20790,116216.1
336608,137857,1,12.35,23830,294300.5
336609,137857,2,12.74,22910,291873.4
336610,137857,3,5.23,20790,108731.7
336611,137858,1,3.82,23830,91030.6
336612,137858,2,3.88,22910,88890.8
336613,137859,1,2.54,23830,60528.2
336614,137859,2,4.31,22910,98742.1
336615,137860,1,7.95,23830,189448.5
336616,137860,2,4.79,22910,109738.9
336617,137860,3,16.45,20790,341995.5
336618,137861,1,10.0,23830,238300.0
336619,137861,2,9.99,22910,228870.9
336620,137861,3,6.82,20790,141787.80000000002
336621,137862,1,3.81,23830,90792.3
336622,137862,2,1.68,22910,38488.8
336623,137863,1,1.34,23830,31932.2
336624,137863,2,3.98,22910,91181.8
336625,137864,1,14.86,23830,354113.8
336626,137864,2,15.0,22910,343650.0
336627,137864,3,17.83,20790,370685.7
336628,137865,1,2.1,23830,50043.0
336629,137865,2,2.23,22910,51089.3
336630,137866,1,1.75,23830,41702.5
336631,137866,2,2.55,22910,58420.49999999999
336632,137867,1,19.14,23830,456106.2
336633,137867,2,15.72,22910,360145.2
336634,137867,3,17.91,20790,372348.9
336635,137868,1,11.04,23830,263083.19999999995
336636,137868,2,7.72,22910,176865.19999999998
336637,137868,3,18.38,20790,382120.2
336638,137869,1,1.42,23830,33838.6
336639,137869,2,4.47,22910,102407.7
336640,137870,1,1.16,23830,27642.8
336641,137870,2,4.75,22910,108822.5
341091,139699,1,1.95,23830,46468.5
341092,139699,2,3.64,22910,83392.40000000001
341093,139700,1,1.47,23830,35030.1
341094,139700,2,2.68,22910,61398.8
341095,139701,1,3.13,23830,74587.9
341096,139701,2,2.65,22910,60711.5
341097,139702,1,3.84,23830,91507.2
341098,139702,2,2.91,22910,66668.1
341099,139703,1,2.53,23830,60289.9
341100,139703,2,4.82,22910,110426.2
341101,139704,1,9.33,23830,222333.9
341102,139704,2,7.48,22910,171366.80000000002
341103,139704,3,18.86,20790,392099.4
341104,139705,1,12.62,23830,300734.6
341105,139705,2,6.97,22910,159682.69999999998
341106,139705,3,16.18,20790,336382.2
341107,139706,1,1.37,23830,32647.1
341108,139706,2,1.92,22910,43987.2
341109,139707,1,2.59,23830,61719.7
341110,139707,2,2.73,22910,62544.3
341111,139708,1,12.88,23830,306930.4
341112,139708,2,18.39,22910,421314.9
341113,139708,3,13.18,20790,274012.2
341114,139709,1,12.92,23830,307883.6
341115,139709,2,2.18,22910,49943.8
341116,139709,3,17.32,20790,360082.8
341117,139710,1,17.96,23830,427986.8000000001
341118,139710,2,10.27,22910,235285.7
341119,139710,3,3.89,20790,80873.1
341120,139711,1,1.14,23830,27166.2
341121,139711,2,1.4,22910,32074.0
341122,139712,1,4.69,23830,111762.7
341123,139712,2,8.47,22910,194047.7
341124,139712,3,5.04,20790,104781.6
341125,139713,1,3.49,23830,83166.70000000001
341126,139713,2,3.33,22910,76290.3
341127,139714,1,4.95,23830,117958.5
341128,139714,2,4.33,22910,99200.3
341129,139715,1,2.05,23830,48851.49999999999
341130,139715,2,4.57,22910,104698.7
341131,139716,1,16.34,23830,389382.2
341132,139716,2,17.89,22910,409859.9
341133,139716,3,17.26,20790,358835.4
341134,139717,1,2.2,23830,52426.00000000001
341135,139717,2,2.52,22910,57733.2
341136,139718,1,4.56,23830,108664.8
341137,139718,2,2.29,22910,52463.9
341138,139719,1,2.64,23830,62911.2
341139,139719,2,3.66,22910,83850.6
341140,139720,1,1.22,23830,29072.6
341141,139720,2,1.39,22910,31844.9
341142,139721,1,17.03,23830,405824.9
341143,139721,2,7.02,22910,160828.19999999998
341144,139721,3,3.28,20790,68191.2
341145,139722,1,2.16,23830,51472.8
341146,139722,2,4.44,22910,101720.4
341147,139723,1,18.53,23830,441569.9
341148,139723,2,1.95,22910,44674.5
341149,139723,3,6.6,20790,137214.0
341150,139724,1,3.85,23830,91745.5
341151,139724,2,1.77,22910,40550.7
341152,139725,1,6.54,23830,155848.2
341153,139725,2,2.06,22910,47194.6
341154,139725,3,7.64,20790,158835.6
341155,139726,1,4.24,23830,101039.2
341156,139726,2,1.04,22910,23826.4
341157,139727,1,2.69,23830,64102.7
341158,139727,2,3.5,22910,80185.0
341159,139728,1,2.61,23830,62196.3
341160,139728,2,2.89,22910,66209.90000000001
341161,139729,1,3.32,23830,79115.59999999999
341162,139729,2,2.29,22910,52463.9
341163,139730,1,7.67,23830,182776.1
341164,139730,2,17.39,22910,398404.9
341165,139730,3,16.41,20790,341163.9
341166,139731,1,1.37,23830,32647.1
341167,139731,2,3.62,22910,82934.2
341168,139732,1,4.97,23830,118435.1
341169,139732,2,15.01,22910,343879.1
341170,139732,3,17.45,20790,362785.5
341171,139733,1,2.02,23830,48136.6
341172,139733,2,4.03,22910,92327.3
341173,139734,1,3.5,23830,83405.0
341174,139734,2,1.35,22910,30928.500000000004
341175,139735,1,2.48,23830,59098.4
341176,139735,2,2.82,22910,64606.2
341177,139736,1,1.46,23830,34791.8
341178,139736,2,1.15,22910,26346.5
341179,139736,3,10.87,20790,225987.3
341180,139737,1,1.65,23830,39319.5
341181,139737,2,4.38,22910,100345.8
341182,139738,1,4.79,23830,114145.7
341183,139738,2,3.95,22910,90494.5
341184,139739,1,1.49,23830,35506.7
341185,139739,2,12.68,22910,290498.8
341186,139739,3,18.33,20790,381080.7
341187,139740,1,4.31,23830,102707.3
341188,139740,2,4.18,22910,95763.8
341189,139741,1,2.22,23830,52902.600000000006
341190,139741,2,3.51,22910,80414.09999999999
341191,139742,1,18.65,23830,444429.5
341192,139742,2,19.6,22910,449036.00000000006
341193,139742,3,12.54,20790,260706.6
341194,139743,1,1.08,23830,25736.4
341195,139743,2,4.14,22910,94847.4
341196,139744,1,3.28,23830,78162.4
341197,139744,2,1.77,22910,40550.7
341198,139745,1,2.23,23830,53140.9
341199,139745,2,4.38,22910,100345.8
341200,139746,1,2.98,23830,71013.4
341201,139746,2,3.67,22910,84079.7
341202,139747,1,4.05,23830,96511.5
341203,139747,2,3.06,22910,70104.6
341204,139748,1,2.57,23830,61243.1
341205,139748,2,17.99,22910,412150.9
341206,139748,3,16.17,20790,336174.30000000005
341207,139749,1,3.08,23830,73396.40000000001
341208,139749,2,3.57,22910,81788.7
341209,139750,1,3.85,23830,91745.5
341210,139750,2,2.64,22910,60482.4
341211,139751,1,16.21,23830,386284.3000000001
341212,139751,2,17.31,22910,396572.1
341213,139751,3,10.64,20790,221205.6
341214,139752,1,5.49,23830,130826.7
341215,139752,2,18.79,22910,430478.9
341216,139752,3,12.32,20790,256132.8
341217,139753,1,4.89,23830,116528.7
341218,139753,2,4.01,22910,91869.1
341219,139754,1,2.97,23830,70775.1
341220,139754,2,14.89,22910,341129.9
341221,139754,3,8.84,20790,183783.6
341222,139755,1,2.07,23830,49328.1
341223,139755,2,1.83,22910,41925.3
341224,139756,1,5.6,23830,133448.0
341225,139756,2,17.99,22910,412150.9
341226,139756,3,13.99,20790,290852.1
341227,139757,1,4.73,23830,112715.9
341228,139757,2,1.29,22910,29553.9
341229,139758,1,1.33,23830,31693.9
341230,139758,2,1.29,22910,29553.9
341231,139759,1,2.77,23830,66009.1
341232,139759,2,6.59,22910,150976.9
341233,139759,3,19.76,20790,410810.4
341234,139760,1,16.57,23830,394863.1
341235,139760,2,11.77,22910,269650.7
341236,139760,3,16.95,20790,352390.5
341237,139761,1,3.06,23830,72919.8
341238,139761,2,2.96,22910,67813.6
341239,139762,1,4.55,23830,108426.5
341240,139762,2,3.62,22910,82934.2
341241,139763,1,4.65,23830,110809.5
341242,139763,2,4.36,22910,99887.6
341243,139764,1,3.0,23830,71490.0
341244,139764,2,12.19,22910,279272.9
341245,139764,3,16.56,20790,344282.4
341246,139765,1,2.39,23830,56953.7
341247,139765,2,3.59,22910,82246.9
341248,139766,1,12.03,23830,286674.9
341249,139766,2,3.67,22910,84079.7
341250,139766,3,5.72,20790,118918.8
341251,139767,1,2.43,23830,57906.9
341252,139767,2,1.47,22910,33677.7
341253,139768,1,2.75,23830,65532.5
341254,139768,2,1.49,22910,34135.9
341255,139769,1,1.72,23830,40987.6
341256,139769,2,2.15,22910,49256.5
341257,139770,1,1.91,23830,45515.3
341258,139770,2,3.33,22910,76290.3
341259,139771,1,7.45,23830,177533.5
341260,139771,2,12.07,22910,276523.7
341261,139771,3,1.97,20790,40956.3
341262,139772,1,3.15,23830,75064.5
341263,139772,2,2.15,22910,49256.5
341264,139773,1,4.63,23830,110332.9
341265,139773,2,3.42,22910,78352.2
341266,139774,1,2.86,23830,68153.8
341267,139774,2,2.63,22910,60253.3
341268,139775,1,1.95,23830,46468.5
341269,139775,2,3.19,22910,73082.9
341270,139776,1,4.5,23830,107235.0
341271,139776,2,1.9,22910,43529.0
341272,139777,1,4.73,23830,112715.9
341273,139777,2,1.01,22910,23139.1
341274,139778,1,4.37,23830,104137.1
341275,139778,2,3.53,22910,80872.29999999999
341276,139779,1,4.16,23830,99132.8
341277,139779,2,1.36,22910,31157.6
341278,139780,1,15.46,23830,368411.8000000001
341279,139780,2,9.92,22910,227267.2
341280,139780,3,5.24,20790,108939.6
341281,139781,1,6.19,23830,147507.7
341282,139781,2,2.92,22910,66897.2
341283,139781,3,11.85,20790,246361.5
341284,139782,1,14.42,23830,343628.6
341285,139782,2,3.21,22910,73541.1
341286,139782,3,17.45,20790,362785.5
341287,139783,1,4.53,23830,107949.9
341288,139783,2,2.09,22910,47881.9
341289,139784,1,4.11,23830,97941.3
341290,139784,2,4.41,22910,101033.1
341291,139785,1,4.5,23830,107235.0
341292,139785,2,1.52,22910,34823.2
341293,139786,1,3.02,23830,71966.6
341294,139786,2,1.23,22910,28179.3
345841,141647,1,3.15,23830,75064.5
345842,141647,2,2.04,22910,46736.4
345843,141648,1,3.36,23830,80068.8
345844,141648,2,2.17,22910,49714.7
345845,141649,1,3.57,23830,85073.09999999999
345846,141649,2,4.49,22910,102865.9
345847,141650,1,9.99,23830,238061.7
345848,141650,2,12.23,22910,280189.3
345849,141650,3,14.4,20790,299376.0
345850,141651,1,4.49,23830,106996.7
345851,141651,2,2.97,22910,68042.70000000001
345852,141652,1,3.33,23830,79353.90000000001
345853,141652,2,2.54,22910,58191.4
345854,141653,1,3.08,23830,73396.40000000001
345855,141653,2,3.42,22910,78352.2
345856,141654,1,4.23,23830,100800.9
345857,141654,2,4.61,22910,105615.1
345858,141655,1,10.08,23830,240206.4
345859,141655,2,15.16,22910,347315.6
345860,141655,3,19.98,20790,415384.2
345861,141656,1,1.01,23830,24068.3
345862,141656,2,3.07,22910,70333.7
345863,141657,1,2.37,23830,56477.100000000006
345864,141657,2,3.13,22910,71708.3
345865,141658,1,13.81,23830,329092.3
345866,141658,2,18.17,22910,416274.7
345867,141658,3,17.66,20790,367151.4
345868,141659,1,2.84,23830,67677.2
345869,141659,2,1.61,22910,36885.100000000006
345870,141660,1,11.57,23830,275713.10000000003
345871,141660,2,17.36,22910,397717.6
345872,141660,3,14.21,20790,295425.9
345873,141661,1,4.11,23830,97941.3
345874,141661,2,3.6,22910,82476.0
345875,141662,1,5.16,23830,122962.8
345876,141662,2,16.39,22910,375494.9
345877,141662,3,16.45,20790,341995.5
345878,141663,1,4.97,23830,118435.1
345879,141663,2,3.88,22910,88890.8
345880,141664,1,18.89,23830,450148.7
345881,141664,2,16.68,22910,382138.8
345882,141664,3,11.79,20790,245114.1
345883,141665,1,2.66,23830,63387.8
345884,141665,2,8.97,22910,205502.7
345885,141665,3,7.9,20790,164241.0
345886,141666,1,3.89,23830,92698.7
345887,141666,2,3.68,22910,84308.8
345888,141667,1,1.58,23830,37651.4
345889,141667,2,2.7,22910,61857.00000000001
345890,141668,1,6.36,23830,151558.80000000002
345891,141668,2,1.93,22910,44216.3
345892,141668,3,8.7,20790,180873.0
345893,141669,1,17.01,23830,405348.3000000001
345894,141669,2,14.36,22910,328987.6
345895,141669,3,18.04,20790,375051.6
345896,141670,1,13.45,23830,320513.5
345897,141670,2,1.92,22910,43987.2
345898,141670,3,6.03,20790,125363.7
345899,141671,1,4.88,23830,116290.4
345900,141671,2,4.99,22910,114320.9
345901,141672,1,7.89,23830,188018.7
345902,141672,2,9.8,22910,224518.00000000003
345903,141672,3,6.33,20790,131600.7
345904,141673,1,18.28,23830,435612.4
345905,141673,2,12.37,22910,283396.69999999995
345906,141673,3,16.71,20790,347400.9
345907,141674,1,3.79,23830,90315.7
345908,141674,2,2.64,22910,60482.4
345909,141675,1,4.22,23830,100562.6
345910,141675,2,1.58,22910,36197.8
345911,141676,1,3.96,23830,94366.8
345912,141676,2,4.35,22910,99658.5
345913,141677,1,19.28,23830,459442.4
345914,141677,2,1.71,22910,39176.1
345915,141677,3,6.32,20790,131392.80000000002
345916,141678,1,3.13,23830,74587.9
345917,141678,2,4.4,22910,100804.0
345918,141679,1,1.39,23830,33123.7
345919,141679,2,4.24,22910,97138.4
345920,141680,1,2.96,23830,70536.8
345921,141680,2,9.16,22910,209855.6
345922,141680,3,3.69,20790,76715.1
345923,141681,1,2.62,23830,62434.600000000006
345924,141681,2,1.37,22910,31386.7
345925,141682,1,11.4,23830,271662.0
345926,141682,2,5.46,22910,125088.6
345927,141682,3,11.93,20790,248024.7
345928,141683,1,1.35,23830,32170.500000000004
345929,141683,2,2.19,22910,50172.9
345930,141684,1,2.21,23830,52664.3
345931,141684,2,3.69,22910,84537.9
345932,141685,1,4.09,23830,97464.7
345933,141685,2,1.44,22910,32990.4
345934,141686,1,3.72,23830,88647.6
345935,141686,2,2.61,22910,59795.1
345936,141687,1,12.5,23830,297875.0
345937,141687,2,18.05,22910,413525.5
345938,141687,3,3.15,20790,65488.5
345939,141688,1,2.64,23830,62911.2
345940,141688,2,1.83,22910,41925.3
345941,141689,1,4.12,23830,98179.6
345942,141689,2,1.33,22910,30470.300000000003
345943,141690,1,2.6,23830,61958.0
345944,141690,2,8.08,22910,185112.8
345945,141690,3,9.78,20790,203326.2
345946,141691,1,3.48,23830,82928.4
345947,141691,2,1.51,22910,34594.1
345948,141692,1,1.41,23830,33600.3
345949,141692,2,1.7,22910,38947.0
345950,141693,1,4.57,23830,108903.1
345951,141693,2,3.37,22910,77206.7
345952,141694,1,2.36,23830,56238.8
345953,141694,2,1.8,22910,41238.0
345954,141695,1,7.52,23830,179201.59999999998
345955,141695,2,12.77,22910,292560.7
345956,141695,3,14.87,20790,309147.3
345957,141696,1,1.17,23830,27881.1
345958,141696,2,2.87,22910,65751.7
345959,141697,1,3.8,23830,90554.0
345960,141697,2,15.49,22910,354875.9
345961,141697,3,15.73,20790,327026.7
345962,141698,1,2.1,23830,50043.0
345963,141698,2,9.54,22910,218561.4
345964,141698,3,4.48,20790,93139.2
345965,141699,1,4.58,23830,109141.4
345966,141699,2,4.54,22910,104011.4
345967,141700,1,4.31,23830,102707.3
345968,141700,2,3.89,22910,89119.90000000001
345969,141701,1,10.55,23830,251406.50000000003
345970,141701,2,19.26,22910,441246.6
345971,141701,3,2.5,20790,51975.0
345972,141702,1,2.2,23830,52426.00000000001
345973,141702,2,3.55,22910,81330.5
345974,141703,1,3.25,23830,77447.5
345975,141703,2,4.76,22910,109051.6
345976,141703,3,4.62,20790,96049.8
348959,142927,1,3.93,23830,93651.9
348960,142927,2,3.84,22910,87974.4
348961,142928,1,1.76,23830,41940.8
348962,142928,2,1.27,22910,29095.7
348963,142929,1,4.51,23830,107473.3
348964,142929,2,4.07,22910,93243.7
348965,142930,1,4.21,23830,100324.3
348966,142930,2,3.87,22910,88661.7
348967,142931,1,9.75,23830,232342.5
348968,142931,2,12.12,22910,277669.19999999995
348969,142931,3,9.4,20790,195426.0
348970,142932,1,3.5,23830,83405.0
348971,142932,2,4.98,22910,114091.8
348972,142933,1,2.27,23830,54094.1
348973,142933,2,1.07,22910,24513.7
348974,142934,1,3.22,23830,76732.6
348975,142934,2,4.58,22910,104927.8
348976,142935,1,2.78,23830,66247.4
348977,142935,2,1.26,22910,28866.6
348978,142936,1,4.0,23830,95320.0
348979,142936,2,18.27,22910,418565.7
348980,142936,3,16.52,20790,343450.8
348981,142937,1,2.62,23830,62434.600000000006
348982,142937,2,1.39,22910,31844.9
348983,142938,1,17.32,23830,412735.6
348984,142938,2,1.39,22910,31844.9
348985,142938,3,18.66,20790,387941.4
348986,142939,1,1.75,23830,41702.5
348987,142939,2,1.09,22910,24971.9
348988,142940,1,2.72,23830,64817.600000000006
348989,142940,2,11.99,22910,274690.9
348990,142940,3,8.64,20790,179625.6
348991,142941,1,7.12,23830,169669.6
348992,142941,2,7.75,22910,177552.5
348993,142941,3,17.3,20790,359667.0
348994,142942,1,16.38,23830,390335.4
348995,142942,2,6.06,22910,138834.59999999998
348996,142942,3,11.83,20790,245945.7
348997,142943,1,3.72,23830,88647.6
348998,142943,2,3.04,22910,69646.4
348999,142944,1,2.57,23830,61243.1
349000,142944,2,6.74,22910,154413.4
349001,142944,3,6.65,20790,138253.5
349002,142945,1,1.29,23830,30740.7
349003,142945,2,3.23,22910,73999.3
349004,142946,1,2.81,23830,66962.3
349005,142946,2,2.78,22910,63689.8
349006,142947,1,12.26,23830,292155.8
349007,142947,2,3.18,22910,72853.8
349008,142947,3,11.71,20790,243450.9
349009,142948,1,13.18,23830,314079.4
349010,142948,2,9.15,22910,209626.5
349011,142948,3,11.09,20790,230561.1
349012,142949,1,1.61,23830,38366.3
349013,142949,2,5.57,22910,127608.7
349014,142949,3,8.26,20790,171725.4
349015,142950,1,18.85,23830,449195.50000000006
349016,142950,2,18.95,22910,434144.5
349017,142950,3,11.23,20790,233471.7
349018,142951,1,1.52,23830,36221.6
349019,142951,2,1.86,22910,42612.600000000006
349020,142952,1,15.35,23830,365790.5
349021,142952,2,4.8,22910,109968.0
349022,142952,3,12.03,20790,250103.7
349023,142953,1,3.56,23830,84834.8
349024,142953,2,6.77,22910,155100.69999999998
349025,142953,3,18.1,20790,376299.00000000006
349026,142954,1,2.1,23830,50043.0
349027,142954,2,4.07,22910,93243.7
349028,142955,1,4.77,23830,113669.1
349029,142955,2,4.55,22910,104240.5
349030,142956,1,17.01,23830,405348.3000000001
349031,142956,2,1.44,22910,32990.4
349032,142956,3,12.2,20790,253638.0
349033,142957,1,8.52,23830,203031.6
349034,142957,2,18.69,22910,428187.9
349035,142957,3,19.65,20790,408523.5
349036,142958,1,12.9,23830,307407.0
349037,142958,2,15.22,22910,348690.2
349038,142958,3,5.55,20790,115384.5
349039,142959,1,1.86,23830,44323.8
349040,142959,2,2.19,22910,50172.9
349041,142959,3,7.99,20790,166112.1
349042,142960,1,6.87,23830,163712.1
349043,142960,2,9.98,22910,228641.8
349044,142960,3,7.05,20790,146569.5
349045,142961,1,14.98,23830,356973.4
349046,142961,2,18.02,22910,412838.2
349047,142961,3,3.83,20790,79625.7
349048,142962,1,2.98,23830,71013.4
349049,142962,2,8.42,22910,192902.2
349050,142962,3,5.42,20790,112681.8
349051,142963,1,4.15,23830,98894.5
349052,142963,2,2.68,22910,61398.8
349053,142964,1,11.11,23830,264751.3
349054,142964,2,1.78,22910,40779.8
349055,142964,3,18.1,20790,376299.00000000006
349056,142965,1,4.28,23830,101992.4
349057,142965,2,3.68,22910,84308.8
349058,142966,1,4.86,23830,115813.8
349059,142966,2,1.06,22910,24284.6
349060,142967,1,2.87,23830,68392.1
349061,142967,2,2.36,22910,54067.6
349062,142968,1,2.77,23830,66009.1
349063,142968,2,3.84,22910,87974.4
349064,142969,1,3.0,23830,71490.0
349065,142969,2,3.72,22910,85225.20000000001
349066,142970,1,16.46,23830,392241.8000000001
349067,142970,2,15.36,22910,351897.6
349068,142970,3,9.59,20790,199376.1
349069,142971,1,1.31,23830,31217.300000000003
349070,142971,2,4.42,22910,101262.2
349071,142972,1,2.85,23830,67915.5
349072,142972,2,8.8,22910,201608.00000000003
349073,142972,3,2.22,20790,46153.8
349074,142973,1,2.81,23830,66962.3
349075,142973,2,2.12,22910,48569.2
349076,142974,1,3.75,23830,89362.5
349077,142974,2,2.05,22910,46965.49999999999
349078,142975,1,1.12,23830,26689.6
349079,142975,2,4.43,22910,101491.3
349080,142976,1,18.38,23830,437995.4
349081,142976,2,9.3,22910,213063.00000000003
349082,142976,3,10.61,20790,220581.9
349083,142977,1,14.18,23830,337909.4
349084,142977,2,4.8,22910,109968.0
349085,142977,3,3.11,20790,64656.9
349086,142978,1,17.61,23830,419646.3
349087,142978,2,1.08,22910,24742.800000000003
349088,142978,3,9.96,20790,207068.4
349089,142979,1,6.09,23830,145124.69999999998
349090,142979,2,9.74,22910,223143.4
349091,142979,3,14.53,20790,302078.7
349092,142980,1,2.58,23830,61481.4
349093,142980,2,2.18,22910,49943.8
349094,142981,1,1.77,23830,42179.1
349095,142981,2,2.67,22910,61169.7
349096,142982,1,2.81,23830,66962.3
349097,142982,2,13.92,22910,318907.2
349098,142982,3,7.51,20790,156132.9
349099,142983,1,2.28,23830,54332.4
349100,142983,2,13.1,22910,300121.0
349101,142983,3,9.95,20790,206860.5
349102,142984,1,4.51,23830,107473.3
349103,142984,2,4.4,22910,100804.0
349104,142985,1,3.99,23830,95081.7
349105,142985,2,3.02,22910,69188.2
349106,142986,1,1.3,23830,30979.0
349107,142986,2,1.65,22910,37801.5
349108,142987,1,15.55,23830,370556.5
349109,142987,2,18.34,22910,420169.4
349110,142987,3,15.43,20790,320789.7
349111,142988,1,16.35,23830,389620.50000000006
349112,142988,2,11.55,22910,264610.5
349113,142988,3,7.6,20790,158004.0
349114,142989,1,8.45,23830,201363.5
349115,142989,2,13.89,22910,318219.9
349116,142989,3,18.58,20790,386278.2
349117,142990,1,1.52,23830,36221.6
349118,142990,2,4.03,22910,92327.3
349119,142991,1,18.26,23830,435135.8000000001
349120,142991,2,18.77,22910,430020.7
349121,142991,3,9.7,20790,201663.0
349122,142992,1,8.46,23830,201601.8
349123,142992,2,12.95,22910,296684.5
349124,142992,3,9.98,20790,207484.2
352165,144230,1,14.77,23830,351969.1
352166,144230,2,9.51,22910,217874.1
352167,144230,3,2.14,20790,44490.600000000006
352168,144231,1,4.14,23830,98656.2
352169,144231,2,2.6,22910,59566.0
352170,144232,1,2.04,23830,48613.2
352171,144232,2,1.26,22910,28866.6
352172,144233,1,15.47,23830,368650.1
352173,144233,2,4.58,22910,104927.8
352174,144233,3,2.61,20790,54261.9
352175,144234,1,7.01,23830,167048.3
352176,144234,2,5.25,22910,120277.5
352177,144234,3,15.86,20790,329729.4
352178,144235,1,3.36,23830,80068.8
352179,144235,2,1.69,22910,38717.9
352180,144236,1,1.07,23830,25498.1
352181,144236,2,1.3,22910,29783.0
352182,144237,1,1.26,23830,30025.8
352183,144237,2,1.79,22910,41008.9
352184,144238,1,3.92,23830,93413.6
352185,144238,2,2.04,22910,46736.4
352186,144239,1,16.91,23830,402965.3
352187,144239,2,15.09,22910,345711.9
352188,144239,3,2.49,20790,51767.100000000006
352189,144240,1,3.28,23830,78162.4
352190,144240,2,2.06,22910,47194.6
352191,144241,1,5.35,23830,127490.5
352192,144241,2,13.86,22910,317532.6
352193,144241,3,5.18,20790,107692.2
352194,144242,1,2.82,23830,67200.59999999999
352195,144242,2,4.25,22910,97367.5
352196,144243,1,4.6,23830,109618.0
352197,144243,2,3.67,22910,84079.7
352198,144244,1,16.06,23830,382709.8
352199,144244,2,9.52,22910,218103.2
352200,144244,3,8.43,20790,175259.69999999998
352201,144245,1,3.07,23830,73158.09999999999
352202,144245,2,3.97,22910,90952.7
352203,144246,1,1.34,23830,31932.2
352204,144246,2,4.84,22910,110884.4
352205,144247,1,15.58,23830,371271.4
352206,144247,2,17.05,22910,390615.5
352207,144247,3,14.09,20790,292931.1
352208,144248,1,3.24,23830,77209.20000000001
352209,144248,2,3.19,22910,73082.9
352210,144249,1,3.95,23830,94128.5
352211,144249,2,2.42,22910,55442.2
352212,144250,1,4.46,23830,106281.8
352213,144250,2,4.47,22910,102407.7
352214,144251,1,19.36,23830,461348.8
352215,144251,2,17.45,22910,399779.5
352216,144251,3,13.23,20790,275051.7
352217,144252,1,14.07,23830,335288.10000000003
352218,144252,2,9.27,22910,212375.7
352219,144252,3,13.53,20790,281288.7
352220,144253,1,1.38,23830,32885.399999999994
352221,144253,2,3.5,22910,80185.0
352222,144254,1,4.09,23830,97464.7
352223,144254,2,4.18,22910,95763.8
352224,144255,1,1.8,23830,42894.0
352225,144255,2,2.24,22910,51318.4
352226,144256,1,2.86,23830,68153.8
352227,144256,2,10.02,22910,229558.2
352228,144256,3,3.9,20790,81081.0
352229,144257,1,11.45,23830,272853.5
352230,144257,2,5.63,22910,128983.3
352231,144257,3,13.52,20790,281080.8
352232,144258,1,2.2,23830,52426.00000000001
352233,144258,2,1.27,22910,29095.7
352234,144259,1,18.35,23830,437280.50000000006
352235,144259,2,19.6,22910,449036.00000000006
352236,144259,3,1.52,20790,31600.8
352237,144260,1,4.8,23830,114384.0
352238,144260,2,1.2,22910,27492.0
352239,144261,1,2.55,23830,60766.49999999999
352240,144261,2,4.7,22910,107677.0
352241,144262,1,3.5,23830,83405.0
352242,144262,2,2.49,22910,57045.9
352243,144263,1,2.0,23830,47660.0
352244,144263,2,15.37,22910,352126.69999999995
352245,144263,3,15.05,20790,312889.5
352246,144264,1,13.03,23830,310504.9
352247,144264,2,14.44,22910,330820.4
352248,144264,3,4.06,20790,84407.4
352249,144265,1,4.24,23830,101039.2
352250,144265,2,1.82,22910,41696.2
352251,144266,1,13.54,23830,322658.19999999995
352252,144266,2,19.81,22910,453847.1
352253,144266,3,2.91,20790,60498.9
352254,144267,1,2.95,23830,70298.5
352255,144267,2,4.06,22910,93014.6
352256,144268,1,2.46,23830,58621.8
352257,144268,2,1.87,22910,42841.7
352258,144269,1,18.51,23830,441093.3000000001
352259,144269,2,1.21,22910,27721.1
352260,144269,3,6.76,20790,140540.4
352261,144270,1,3.56,23830,84834.8
352262,144270,2,18.45,22910,422689.5
352263,144270,3,15.98,20790,332224.2
352264,144271,1,9.33,23830,222333.9
352265,144271,2,11.62,22910,266214.19999999995
352266,144271,3,18.55,20790,385654.5
352267,144272,1,3.63,23830,86502.9
352268,144272,2,4.21,22910,96451.1
352269,144273,1,1.24,23830,29549.2
352270,144273,2,19.57,22910,448348.7
352271,144273,3,15.74,20790,327234.6
352272,144274,1,3.47,23830,82690.1
352273,144274,2,3.9,22910,89349.0
352274,144275,1,4.04,23830,96273.2
352275,144275,2,3.59,22910,82246.9
352276,144276,1,3.89,23830,92698.7
352277,144276,2,4.92,22910,112717.2
352278,144277,1,2.5,23830,59575.0
352279,144277,2,16.54,22910,378931.4
352280,144277,3,9.64,20790,200415.6
352281,144278,1,2.07,23830,49328.1
352282,144278,2,4.68,22910,107218.8
352283,144279,1,1.27,23830,30264.1
352284,144279,2,1.39,22910,31844.9
352285,144280,1,4.8,23830,114384.0
352286,144280,2,7.74,22910,177323.4
352287,144280,3,7.68,20790,159667.19999999998
352288,144281,1,2.49,23830,59336.7
352289,144281,2,1.1,22910,25201.000000000004
352290,144282,1,18.6,23830,443238.00000000006
352291,144282,2,7.2,22910,164952.0
352292,144282,3,1.58,20790,32848.200000000004
352293,144283,1,1.37,23830,32647.1
352294,144283,2,3.71,22910,84996.1
352295,144284,1,4.07,23830,96988.1
352296,144284,2,4.56,22910,104469.6
352297,144285,1,3.84,23830,91507.2
352298,144285,2,3.93,22910,90036.3
352299,144286,1,2.08,23830,49566.4
352300,144286,2,1.0,22910,22910.0
352301,144287,1,2.68,23830,63864.4
352302,144287,2,4.04,22910,92556.4
352303,144288,1,4.46,23830,106281.8
352304,144288,2,4.1,22910,93931.0
352305,144289,1,1.16,23830,27642.8
352306,144289,2,1.23,22910,28179.3
352307,144290,1,12.1,23830,288343.0
352308,144290,2,9.96,22910,228183.6
352309,144290,3,17.18,20790,357172.2
352310,144291,1,3.02,23830,71966.6
352311,144291,2,3.4,22910,77894.0
352312,144292,1,3.83,23830,91268.9
352313,144292,2,8.38,22910,191985.8
352314,144292,3,19.31,20790,401454.9
352315,144293,1,4.2,23830,100086.0
352316,144293,2,4.97,22910,113862.7
352317,144294,1,7.33,23830,174673.9
352318,144294,2,15.57,22910,356708.7
352319,144294,3,16.39,20790,340748.10000000003
352320,144295,1,4.74,23830,112954.2
352321,144295,2,3.17,22910,72624.7
352322,144296,1,2.15,23830,51234.5
352323,144296,2,2.77,22910,63460.7
352324,144297,1,16.28,23830,387952.4
352325,144297,2,7.45,22910,170679.5
352326,144297,3,10.51,20790,218502.9
352327,144298,1,17.21,23830,410114.3000000001
352328,144298,2,7.74,22910,177323.4
352329,144298,3,5.2,20790,108108.0
352330,144299,1,2.47,23830,58860.100000000006
352331,144299,2,3.47,22910,79497.70000000001
352332,144300,1,4.22,23830,100562.6
352333,144300,2,2.66,22910,60940.600000000006
352334,144301,1,1.8,23830,42894.0
352335,144301,2,4.41,22910,101033.1
352336,144302,1,2.29,23830,54570.7
352337,144302,2,3.69,22910,84537.9
352338,144303,1,2.6,23830,61958.0
352339,144303,2,4.84,22910,110884.4
352340,144304,1,2.59,23830,61719.7
352341,144304,2,19.14,22910,438497.4
352342,144304,3,4.31,20790,89604.9
352343,144305,1,1.9,23830,45277.0
352344,144305,2,3.3,22910,75603.0
352345,144306,1,16.94,23830,403680.2
352346,144306,2,18.99,22910,435060.9
352347,144306,3,4.98,20790,103534.2
352348,144307,1,3.37,23830,80307.1
352349,144307,2,4.8,22910,109968.0
352350,144308,1,4.59,23830,109379.7
352351,144308,2,2.03,22910,46507.3
352352,144309,1,13.39,23830,319083.7
352353,144309,2,19.48,22910,446286.8
352354,144309,3,9.09,20790,188981.1
352355,144310,1,11.56,23830,275474.8
352356,144310,2,7.56,22910,173199.59999999998
352357,144310,3,10.37,20790,215592.3
352358,144311,1,2.95,23830,70298.5
352359,144311,2,4.35,22910,99658.5
352360,144312,1,4.59,23830,109379.7
352361,144312,2,3.63,22910,83163.3
355341,145541,1,1.2,23830,28596.0
355342,145541,2,4.61,22910,105615.1
355343,145542,1,3.35,23830,79830.5
355344,145542,2,4.81,22910,110197.1
355345,145543,1,5.38,23830,128205.4
355346,145543,2,8.06,22910,184654.6
355347,145543,3,17.2,20790,357588.0
355348,145544,1,3.41,23830,81260.3
355349,145544,2,1.07,22910,24513.7
355350,145545,1,4.21,23830,100324.3
355351,145545,2,2.47,22910,56587.7
355352,145546,1,6.31,23830,150367.3
355353,145546,2,18.92,22910,433457.2
355354,145546,3,17.75,20790,369022.5
355355,145547,1,6.37,23830,151797.1
355356,145547,2,2.02,22910,46278.2
355357,145547,3,18.56,20790,385862.4
355358,145548,1,3.09,23830,73634.7
355359,145548,2,18.84,22910,431624.4
355360,145548,3,19.21,20790,399375.9
355361,145549,1,4.06,23830,96749.8
355362,145549,2,3.15,22910,72166.5
355363,145550,1,15.78,23830,376037.4
355364,145550,2,14.13,22910,323718.30000000005
355365,145550,3,11.2,20790,232848.0
355366,145551,1,2.9,23830,69107.0
355367,145551,2,1.64,22910,37572.4
355368,145552,1,1.14,23830,27166.2
355369,145552,2,3.81,22910,87287.1
355370,145553,1,4.7,23830,112001.0
355371,145553,2,5.49,22910,125775.9
355372,145553,3,15.25,20790,317047.5
355373,145554,1,1.15,23830,27404.5
355374,145554,2,2.35,22910,53838.5
355375,145555,1,2.37,23830,56477.100000000006
355376,145555,2,1.54,22910,35281.4
355377,145556,1,2.44,23830,58145.2
355378,145556,2,2.53,22910,57962.3
355379,145557,1,3.49,23830,83166.70000000001
355380,145557,2,7.46,22910,170908.6
355381,145557,3,10.44,20790,217047.6
355382,145558,1,17.29,23830,412020.7
355383,145558,2,11.48,22910,263006.8
355384,145558,3,13.9,20790,288981.0
355385,145559,1,1.15,23830,27404.5
355386,145559,2,4.46,22910,102178.6
355387,145560,1,3.62,23830,86264.6
355388,145560,2,2.97,22910,68042.70000000001
355389,145561,1,2.08,23830,49566.4
355390,145561,2,1.14,22910,26117.4
355391,145562,1,9.94,23830,236870.2
355392,145562,2,7.12,22910,163119.2
355393,145562,3,4.46,20790,92723.4
355394,145563,1,1.6,23830,38128.0
355395,145563,2,2.54,22910,58191.4
355396,145564,1,10.67,23830,254266.1
355397,145564,2,7.07,22910,161973.7
355398,145564,3,16.27,20790,338253.3
355399,145565,1,3.34,23830,79592.2
355400,145565,2,1.65,22910,37801.5
355401,145566,1,2.01,23830,47898.3
355402,145566,2,3.1,22910,71021.0
355403,145567,1,2.68,23830,63864.4
355404,145567,2,4.29,22910,98283.9
355405,145568,1,4.58,23830,109141.4
355406,145568,2,12.78,22910,292789.8
355407,145568,3,15.52,20790,322660.8
355408,145569,1,2.44,23830,58145.2
355409,145569,2,2.8,22910,64147.99999999999
355410,145570,1,2.24,23830,53379.2
355411,145570,2,14.74,22910,337693.4
355412,145570,3,11.53,20790,239708.7
355413,145571,1,4.4,23830,104852.0
355414,145571,2,2.01,22910,46049.1
355415,145572,1,2.94,23830,70060.2
355416,145572,2,4.31,22910,98742.1
355417,145573,1,2.7,23830,64341.00000000001
355418,145573,2,4.69,22910,107447.9
355419,145574,1,4.35,23830,103660.5
355420,145574,2,4.37,22910,100116.7
355421,145575,1,1.51,23830,35983.3
355422,145575,2,3.45,22910,79039.5
355423,145576,1,1.38,23830,32885.399999999994
355424,145576,2,3.58,22910,82017.8
355425,145577,1,13.8,23830,328854.0
355426,145577,2,10.33,22910,236660.3
355427,145577,3,2.52,20790,52390.8
355428,145578,1,4.18,23830,99609.4
355429,145578,2,3.43,22910,78581.3
355430,145579,1,1.92,23830,45753.6
355431,145579,2,3.0,22910,68730.0
355432,145580,1,3.76,23830,89600.79999999999
355433,145580,2,2.73,22910,62544.3
355434,145581,1,2.12,23830,50519.600000000006
355435,145581,2,3.06,22910,70104.6
355436,145582,1,3.52,23830,83881.6
355437,145582,2,1.94,22910,44445.4
355438,145583,1,4.55,23830,108426.5
355439,145583,2,1.44,22910,32990.4
355440,145584,1,13.84,23830,329807.2
355441,145584,2,4.32,22910,98971.2
355442,145584,3,2.52,20790,52390.8
355443,145585,1,4.1,23830,97703.0
355444,145585,2,4.68,22910,107218.8
355445,145586,1,4.94,23830,117720.2
355446,145586,2,4.73,22910,108364.3
355447,145587,1,4.07,23830,96988.1
355448,145587,2,9.77,22910,223830.7
355449,145587,3,9.98,20790,207484.2
355450,145588,1,17.26,23830,411305.8000000001
355451,145588,2,10.03,22910,229787.3
355452,145588,3,10.38,20790,215800.2
355453,145589,1,3.68,23830,87694.40000000001
355454,145589,2,3.76,22910,86141.59999999999
355455,145590,1,9.15,23830,218044.5
355456,145590,2,11.94,22910,273545.4
355457,145590,3,17.98,20790,373804.2
355458,145591,1,3.13,23830,74587.9
355459,145591,2,2.15,22910,49256.5
355460,145592,1,10.92,23830,260223.6
355461,145592,2,11.27,22910,258195.7
355462,145592,3,10.3,20790,214137.00000000003
355463,145593,1,4.88,23830,116290.4
355464,145593,2,3.75,22910,85912.5
358436,146807,1,3.36,23830,80068.8
358437,146807,2,3.06,22910,70104.6
358438,146808,1,2.0,23830,47660.0
358439,146808,2,4.51,22910,103324.1
358440,146809,1,17.61,23830,419646.3
358441,146809,2,17.82,22910,408256.2
358442,146809,3,6.1,20790,126819.0
358443,146810,1,13.6,23830,324088.0
358444,146810,2,8.3,22910,190153.00000000003
358445,146810,3,4.98,20790,103534.2
358446,146811,1,2.65,23830,63149.5
358447,146811,2,3.58,22910,82017.8
358448,146812,1,3.95,23830,94128.5
358449,146812,2,2.9,22910,66439.0
358450,146812,3,16.64,20790,345945.60000000003
358451,146813,1,1.23,23830,29310.9
358452,146813,2,1.92,22910,43987.2
358453,146814,1,3.89,23830,92698.7
358454,146814,2,2.19,22910,50172.9
358455,146815,1,1.07,23830,25498.1
358456,146815,2,1.4,22910,32074.0
358457,146816,1,8.72,23830,207797.6
358458,146816,2,8.35,22910,191298.5
358459,146816,3,12.79,20790,265904.1
358460,146817,1,11.15,23830,265704.5
358461,146817,2,10.77,22910,246740.7
358462,146817,3,14.42,20790,299791.8
358463,146818,1,3.85,23830,91745.5
358464,146818,2,4.08,22910,93472.8
358465,146819,1,1.46,23830,34791.8
358466,146819,2,4.95,22910,113404.5
358467,146820,1,3.01,23830,71728.29999999999
358468,146820,2,1.79,22910,41008.9
358469,146821,1,2.53,23830,60289.9
358470,146821,2,4.25,22910,97367.5
358471,146822,1,16.21,23830,386284.3000000001
358472,146822,2,11.11,22910,254530.1
358473,146822,3,13.28,20790,276091.2
358474,146823,1,5.11,23830,121771.3
358475,146823,2,18.09,22910,414441.9
358476,146823,3,15.31,20790,318294.9
358477,146824,1,1.91,23830,45515.3
358478,146824,2,4.33,22910,99200.3
358479,146825,1,16.37,23830,390097.1
358480,146825,2,19.27,22910,441475.7
358481,146825,3,4.31,20790,89604.9
358482,146826,1,6.89,23830,164188.69999999998
358483,146826,2,17.16,22910,393135.6
358484,146826,3,16.85,20790,350311.50000000006
358485,146827,1,10.59,23830,252359.7
358486,146827,2,8.26,22910,189236.6
358487,146827,3,14.03,20790,291683.7
358488,146828,1,1.11,23830,26451.300000000003
358489,146828,2,1.87,22910,42841.7
358490,146829,1,4.26,23830,101515.8
358491,146829,2,7.4,22910,169534.0
358492,146829,3,13.03,20790,270893.7
358493,146830,1,3.28,23830,78162.4
358494,146830,2,1.57,22910,35968.700000000004
358495,146831,1,13.1,23830,312173.0
358496,146831,2,6.44,22910,147540.40000000002
358497,146831,3,16.61,20790,345321.9
358498,146832,1,4.49,23830,106996.7
358499,146832,2,2.44,22910,55900.4
358500,146833,1,1.86,23830,44323.8
358501,146833,2,2.74,22910,62773.4
358502,146834,1,3.99,23830,95081.7
358503,146834,2,1.97,22910,45132.7
358504,146835,1,15.92,23830,379373.6
358505,146835,2,8.94,22910,204815.4
358506,146835,3,19.85,20790,412681.50000000006
358507,146836,1,1.65,23830,39319.5
358508,146836,2,2.82,22910,64606.2
358509,146837,1,4.85,23830,115575.5
358510,146837,2,4.43,22910,101491.3
358511,146838,1,4.93,23830,117481.9
358512,146838,2,4.38,22910,100345.8
358513,146839,1,2.17,23830,51711.1
358514,146839,2,18.29,22910,419023.9
358515,146839,3,19.82,20790,412057.8
358516,146840,1,2.82,23830,67200.59999999999
358517,146840,2,3.24,22910,74228.40000000001
358518,146841,1,15.77,23830,375799.1
358519,146841,2,12.05,22910,276065.5
358520,146841,3,12.01,20790,249687.9
358521,146842,1,9.28,23830,221142.4
358522,146842,2,1.29,22910,29553.9
358523,146842,3,8.86,20790,184199.4
358524,146843,1,3.04,23830,72443.2
358525,146843,2,1.57,22910,35968.700000000004
358526,146844,1,1.73,23830,41225.9
358527,146844,2,4.56,22910,104469.6
358528,146845,1,3.23,23830,76970.9
358529,146845,2,1.28,22910,29324.8
358530,146846,1,13.27,23830,316224.1
358531,146846,2,3.86,22910,88432.59999999999
358532,146846,3,2.58,20790,53638.2
358533,146847,1,4.07,23830,96988.1
358534,146847,2,4.35,22910,99658.5
358535,146848,1,1.88,23830,44800.4
358536,146848,2,3.37,22910,77206.7
358537,146849,1,7.74,23830,184444.2
358538,146849,2,6.62,22910,151664.2
358539,146849,3,9.67,20790,201039.3
358540,146850,1,10.68,23830,254504.4
358541,146850,2,4.97,22910,113862.7
358542,146850,3,6.26,20790,130145.4
358543,146851,1,17.31,23830,412497.3
358544,146851,2,12.69,22910,290727.9
358545,146851,3,12.69,20790,263825.1
358546,146852,1,2.24,23830,53379.2
358547,146852,2,2.26,22910,51776.6
358548,146853,1,19.5,23830,464685.0
358549,146853,2,19.0,22910,435290.0
358550,146853,3,15.62,20790,324739.8
358551,146854,1,15.8,23830,376514.0
358552,146854,2,18.66,22910,427500.6
358553,146854,3,15.28,20790,317671.2
358554,146855,1,4.02,23830,95796.6
358555,146855,2,15.51,22910,355334.1
358556,146855,3,6.58,20790,136798.2
358557,146856,1,5.97,23830,142265.1
358558,146856,2,4.82,22910,110426.2
358559,146856,3,19.13,20790,397712.7
358560,146857,1,2.33,23830,55523.9
358561,146857,2,1.07,22910,24513.7
358562,146858,1,17.19,23830,409637.7
358563,146858,2,5.99,22910,137230.9
358564,146858,3,17.79,20790,369854.1
358565,146859,1,2.02,23830,48136.6
358566,146859,2,2.08,22910,47652.8
358567,146860,1,4.42,23830,105328.6
358568,146860,2,1.13,22910,25888.3
358569,146861,1,1.7,23830,40511.0
358570,146861,2,4.75,22910,108822.5
358571,146862,1,10.87,23830,259032.1
358572,146862,2,16.58,22910,379847.8
358573,146862,3,18.13,20790,376922.7
358574,146863,1,2.13,23830,50757.9
358575,146863,2,1.06,22910,24284.6
358576,146864,1,9.91,23830,236155.3
358577,146864,2,18.38,22910,421085.8
358578,146864,3,14.75,20790,306652.5
358579,146865,1,4.87,23830,116052.1
358580,146865,2,1.54,22910,35281.4
358581,146866,1,4.2,23830,100086.0
358582,146866,2,2.66,22910,60940.600000000006
358583,146867,1,3.86,23830,91983.8
358584,146867,2,13.27,22910,304015.7
358585,146867,3,4.34,20790,90228.6
358586,146868,1,2.52,23830,60051.6
358587,146868,2,1.49,22910,34135.9
358588,146869,1,4.09,23830,97464.7
358589,146869,2,7.41,22910,169763.1
358590,146869,3,5.74,20790,119334.6
358591,146870,1,6.22,23830,148222.6
358592,146870,2,19.67,22910,450639.7
358593,146870,3,16.92,20790,351766.80000000005
361701,148133,1,1.34,23830,31932.2
361702,148133,2,17.33,22910,397030.3
361703,148133,3,10.73,20790,223076.7
361704,148134,1,4.58,23830,109141.4
361705,148134,2,3.62,22910,82934.2
361706,148135,1,1.97,23830,46945.1
361707,148135,2,17.73,22910,406194.3
361708,148135,3,13.47,20790,280041.3
361709,148136,1,4.89,23830,116528.7
361710,148136,2,2.09,22910,47881.9
361711,148137,1,4.9,23830,116767.0
361712,148137,2,3.26,22910,74686.59999999999
361713,148138,1,3.69,23830,87932.7
361714,148138,2,4.4,22910,100804.0
361715,148139,1,4.6,23830,109618.0
361716,148139,2,3.52,22910,80643.2
361717,148140,1,2.85,23830,67915.5
361718,148140,2,3.42,22910,78352.2
361719,148141,1,5.72,23830,136307.6
361720,148141,2,10.05,22910,230245.50000000003
361721,148141,3,15.92,20790,330976.8
361722,148142,1,4.66,23830,111047.8
361723,148142,2,2.92,22910,66897.2
361724,148143,1,1.76,23830,41940.8
361725,148143,2,3.79,22910,86828.9
361726,148144,1,4.85,23830,115575.5
361727,148144,2,3.65,22910,83621.5
361728,148144,3,11.76,20790,244490.4
361729,148145,1,3.25,23830,77447.5
361730,148145,2,1.68,22910,38488.8
361731,148146,1,17.76,23830,423220.8000000001
361732,148146,2,13.63,22910,312263.30000000005
361733,148146,3,6.87,20790,142827.3
361734,148147,1,3.49,23830,83166.70000000001
361735,148147,2,4.59,22910,105156.9
361736,148148,1,3.59,23830,85549.7
361737,148148,2,1.18,22910,27033.8
361738,148149,1,3.03,23830,72204.9
361739,148149,2,1.32,22910,30241.2
361740,148150,1,19.76,23830,470880.8000000001
361741,148150,2,17.24,22910,394968.4
361742,148150,3,18.03,20790,374843.7
361743,148151,1,1.03,23830,24544.9
361744,148151,2,18.28,22910,418794.8000000001
361745,148151,3,5.72,20790,118918.8
361746,148152,1,2.75,23830,65532.5
361747,148152,2,2.04,22910,46736.4
361748,148153,1,14.02,23830,334096.6
361749,148153,2,1.14,22910,26117.4
361750,148153,3,3.16,20790,65696.40000000001
361751,148154,1,2.14,23830,50996.2
361752,148154,2,4.97,22910,113862.7
361753,148155,1,2.38,23830,56715.4
361754,148155,2,4.04,22910,92556.4
361755,148156,1,2.63,23830,62672.9
361756,148156,2,2.85,22910,65293.5
361757,148157,1,4.38,23830,104375.4
361758,148157,2,1.19,22910,27262.9
361759,148157,3,4.09,20790,85031.09999999999
361760,148158,1,19.27,23830,459204.1
361761,148158,2,15.6,22910,357396.0
361762,148158,3,4.63,20790,96257.7
361763,148159,1,14.23,23830,339100.9
361764,148159,2,18.07,22910,413983.7
361765,148159,3,19.13,20790,397712.7
361766,148160,1,3.02,23830,71966.6
361767,148160,2,3.29,22910,75373.9
361768,148161,1,4.87,23830,116052.1
361769,148161,2,1.51,22910,34594.1
361770,148162,1,1.67,23830,39796.1
361771,148162,2,4.91,22910,112488.1
361772,148163,1,6.21,23830,147984.3
361773,148163,2,10.13,22910,232078.3
361774,148163,3,5.15,20790,107068.5
361775,148164,1,2.07,23830,49328.1
361776,148164,2,1.02,22910,23368.2
361777,148165,1,3.54,23830,84358.2
361778,148165,2,3.09,22910,70791.9
361779,148166,1,6.76,23830,161090.8
361780,148166,2,8.81,22910,201837.1
361781,148166,3,11.23,20790,233471.7
361782,148167,1,15.27,23830,363884.1
361783,148167,2,17.11,22910,391990.1
361784,148167,3,8.36,20790,173804.4
361785,148168,1,6.87,23830,163712.1
361786,148168,2,10.93,22910,250406.3
361787,148168,3,14.15,20790,294178.5
361788,148169,1,14.01,23830,333858.3
361789,148169,2,14.28,22910,327154.8
361790,148169,3,8.96,20790,186278.4
361791,148170,1,8.41,23830,200410.3
361792,148170,2,14.08,22910,322572.8
361793,148170,3,11.68,20790,242827.2
361794,148171,1,4.31,23830,102707.3
361795,148171,2,4.87,22910,111571.7
361796,148172,1,2.93,23830,69821.90000000001
361797,148172,2,1.23,22910,28179.3
361798,148173,1,3.86,23830,91983.8
361799,148173,2,3.45,22910,79039.5
361800,148174,1,5.57,23830,132733.1
361801,148174,2,17.29,22910,396113.9
361802,148174,3,4.8,20790,99792.0
361803,148175,1,1.0,23830,23830.0
361804,148175,2,2.98,22910,68271.8
361805,148176,1,1.39,23830,33123.7
361806,148176,2,4.43,22910,101491.3
361807,148177,1,8.95,23830,213278.5
361808,148177,2,12.64,22910,289582.4
361809,148177,3,5.02,20790,104365.8
361810,148178,1,1.77,23830,42179.1
361811,148178,2,5.59,22910,128066.9
361812,148178,3,2.32,20790,48232.8
361813,148179,1,15.85,23830,377705.5
361814,148179,2,7.86,22910,180072.6
361815,148179,3,13.36,20790,277754.4
361816,148180,1,4.98,23830,118673.4
361817,148180,2,9.4,22910,215354.0
361818,148180,3,3.06,20790,63617.4
361819,148181,1,3.27,23830,77924.1
361820,148181,2,3.14,22910,71937.40000000001
361821,148182,1,1.15,23830,27404.5
361822,148182,2,3.55,22910,81330.5
364891,149444,1,15.19,23830,361977.7
364892,149444,2,5.54,22910,126921.4
364893,149444,3,14.77,20790,307068.3
364894,149445,1,3.12,23830,74349.6
364895,149445,2,3.71,22910,84996.1
364896,149446,1,4.33,23830,103183.9
364897,149446,2,1.59,22910,36426.9
364898,149447,1,3.87,23830,92222.1
364899,149447,2,2.75,22910,63002.5
364900,149448,1,12.41,23830,295730.3
364901,149448,2,8.0,22910,183280.0
364902,149448,3,13.91,20790,289188.9
364903,149449,1,7.27,23830,173244.09999999998
364904,149449,2,10.62,22910,243304.2
364905,149449,3,17.45,20790,362785.5
364906,149450,1,3.51,23830,83643.29999999999
364907,149450,2,3.96,22910,90723.6
364908,149451,1,18.96,23830,451816.8000000001
364909,149451,2,19.32,22910,442621.2
364910,149451,3,12.49,20790,259667.1
364911,149452,1,2.75,23830,65532.5
364912,149452,2,2.72,22910,62315.2
364913,149453,1,1.96,23830,46706.8
364914,149453,2,4.73,22910,108364.3
364915,149454,1,11.72,23830,279287.60000000003
364916,149454,2,17.18,22910,393593.8
364917,149454,3,19.38,20790,402910.2
364918,149455,1,3.54,23830,84358.2
364919,149455,2,3.12,22910,71479.2
364920,149456,1,3.08,23830,73396.40000000001
364921,149456,2,9.88,22910,226350.8
364922,149456,3,12.28,20790,255301.2
364923,149457,1,1.79,23830,42655.7
364924,149457,2,2.34,22910,53609.4
364925,149458,1,5.28,23830,125822.4
364926,149458,2,8.52,22910,195193.2
364927,149458,3,10.18,20790,211642.2
364928,149459,1,4.39,23830,104613.7
364929,149459,2,3.1,22910,71021.0
364930,149460,1,6.83,23830,162758.9
364931,149460,2,8.0,22910,183280.0
364932,149460,3,2.98,20790,61954.2
364933,149461,1,16.86,23830,401773.8
364934,149461,2,7.45,22910,170679.5
364935,149461,3,6.75,20790,140332.5
364936,149462,1,3.06,23830,72919.8
364937,149462,2,2.65,22910,60711.5
364938,149463,1,1.19,23830,28357.7
364939,149463,2,11.04,22910,252926.4
364940,149463,3,18.58,20790,386278.2
364941,149464,1,2.27,23830,54094.1
364942,149464,2,3.35,22910,76748.5
364943,149465,1,16.59,23830,395339.7
364944,149465,2,19.19,22910,439642.9
364945,149465,3,4.8,20790,99792.0
364946,149466,1,2.99,23830,71251.70000000001
364947,149466,2,4.85,22910,111113.5
364948,149467,1,1.6,23830,38128.0
364949,149467,2,1.54,22910,35281.4
364950,149468,1,4.35,23830,103660.5
364951,149468,2,2.75,22910,63002.5
364952,149469,1,3.0,23830,71490.0
364953,149469,2,18.43,22910,422231.3
364954,149469,3,12.68,20790,263617.2
364955,149470,1,3.31,23830,78877.3
364956,149470,2,1.28,22910,29324.8
364957,149471,1,17.76,23830,423220.8000000001
364958,149471,2,7.38,22910,169075.8
364959,149471,3,11.03,20790,229313.7
364960,149472,1,2.37,23830,56477.100000000006
364961,149472,2,19.88,22910,455450.8
364962,149472,3,17.4,20790,361746.0
364963,149473,1,3.65,23830,86979.5
364964,149473,2,2.33,22910,53380.3
364965,149474,1,11.01,23830,262368.3
364966,149474,2,12.86,22910,294622.6
364967,149474,3,14.11,20790,293346.9
364968,149475,1,3.03,23830,72204.9
364969,149475,2,2.44,22910,55900.4
364970,149476,1,2.12,23830,50519.600000000006
364971,149476,2,6.79,22910,155558.9
364972,149476,3,4.85,20790,100831.5
364973,149477,1,4.2,23830,100086.0
364974,149477,2,4.81,22910,110197.1
364975,149478,1,1.24,23830,29549.2
364976,149478,2,3.71,22910,84996.1
364977,149479,1,4.8,23830,114384.0
364978,149479,2,2.63,22910,60253.3
364979,149480,1,19.43,23830,463016.9
364980,149480,2,6.1,22910,139751.0
364981,149480,3,15.29,20790,317879.1
364982,149481,1,1.46,23830,34791.8
364983,149481,2,2.23,22910,51089.3
364984,149482,1,3.59,23830,85549.7
364985,149482,2,3.65,22910,83621.5
364986,149483,1,2.58,23830,61481.4
364987,149483,2,2.11,22910,48340.1
364988,149484,1,4.35,23830,103660.5
364989,149484,2,19.21,22910,440101.1
364990,149484,3,5.96,20790,123908.4
364991,149485,1,1.98,23830,47183.4
364992,149485,2,1.89,22910,43299.9
364993,149486,1,14.23,23830,339100.9
364994,149486,2,16.16,22910,370225.6
364995,149486,3,17.52,20790,364240.8
364996,149487,1,1.12,23830,26689.6
364997,149487,2,3.44,22910,78810.4
364998,149488,1,8.65,23830,206129.5
364999,149488,2,16.43,22910,376411.3
365000,149488,3,16.31,20790,339084.9
365001,149489,1,6.47,23830,154180.1
365002,149489,2,3.37,22910,77206.7
365003,149489,3,2.72,20790,56548.8
365004,149490,1,14.3,23830,340769.0
365005,149490,2,2.75,22910,63002.5
365006,149490,3,14.62,20790,303949.8
365007,149491,1,3.99,23830,95081.7
365008,149491,2,2.96,22910,67813.6
365009,149492,1,3.55,23830,84596.5
365010,149492,2,14.04,22910,321656.4
365011,149492,3,16.81,20790,349479.9
365012,149493,1,4.43,23830,105566.9
365013,149493,2,4.43,22910,101491.3
365014,149494,1,3.28,23830,78162.4
365015,149494,2,2.2,22910,50402.00000000001
365016,149495,1,2.58,23830,61481.4
365017,149495,2,3.23,22910,73999.3
365018,149496,1,9.76,23830,232580.8
365019,149496,2,18.25,22910,418107.5
365020,149496,3,6.85,20790,142411.5
365021,149497,1,1.61,23830,38366.3
365022,149497,2,2.97,22910,68042.70000000001
365023,149498,1,12.6,23830,300258.0
365024,149498,2,19.0,22910,435290.0
365025,149498,3,16.29,20790,338669.1
365026,149499,1,1.21,23830,28834.3
365027,149499,2,7.9,22910,180989.0
365028,149499,3,3.04,20790,63201.6
365029,149500,1,18.59,23830,442999.7
365030,149500,2,2.3,22910,52692.99999999999
365031,149500,3,3.18,20790,66112.2
365032,149501,1,12.02,23830,286436.6
365033,149501,2,6.28,22910,143874.80000000002
365034,149501,3,13.68,20790,284407.2
365035,149502,1,2.15,23830,51234.5
365036,149502,2,4.13,22910,94618.3
365037,149503,1,17.5,23830,417025.0
365038,149503,2,8.54,22910,195651.4
365039,149503,3,4.28,20790,88981.20000000001
365040,149504,1,11.55,23830,275236.5
365041,149504,2,7.4,22910,169534.0
365042,149504,3,19.89,20790,413513.1
365043,149505,1,12.8,23830,305024.0
365044,149505,2,14.82,22910,339526.2
365045,149505,3,6.99,20790,145322.1
368148,150776,1,3.86,23830,91983.8
368149,150776,2,3.75,22910,85912.5
368150,150777,1,3.79,23830,90315.7
368151,150777,2,1.78,22910,40779.8
368152,150778,1,7.64,23830,182061.2
368153,150778,2,6.7,22910,153497.0
368154,150778,3,9.11,20790,189396.9
368155,150779,1,5.73,23830,136545.90000000002
368156,150779,2,12.26,22910,280876.6
368157,150779,3,11.92,20790,247816.8
368158,150780,1,16.39,23830,390573.7
368159,150780,2,4.0,22910,91640.0
368160,150780,3,9.81,20790,203949.9
368161,150781,1,2.6,23830,61958.0
368162,150781,2,2.16,22910,49485.600000000006
368163,150782,1,1.94,23830,46230.2
368164,150782,2,2.46,22910,56358.6
368165,150783,1,17.29,23830,412020.7
368166,150783,2,17.84,22910,408714.4
368167,150783,3,1.27,20790,26403.3
368168,150784,1,2.05,23830,48851.49999999999
368169,150784,2,3.34,22910,76519.4
368170,150785,1,4.34,23830,103422.2
368171,150785,2,2.91,22910,66668.1
368172,150786,1,4.17,23830,99371.1
368173,150786,2,3.03,22910,69417.29999999999
368174,150787,1,2.31,23830,55047.3
368175,150787,2,2.13,22910,48798.3
368176,150788,1,1.13,23830,26927.9
368177,150788,2,3.93,22910,90036.3
368178,150789,1,1.78,23830,42417.4
368179,150789,2,3.58,22910,82017.8
368180,150790,1,3.66,23830,87217.8
368181,150790,2,3.63,22910,83163.3
368182,150791,1,16.15,23830,384854.5
368183,150791,2,16.71,22910,382826.1
368184,150791,3,14.0,20790,291060.0
368185,150792,1,9.99,23830,238061.7
368186,150792,2,4.56,22910,104469.6
368187,150792,3,11.84,20790,246153.6
368188,150793,1,12.57,23830,299543.10000000003
368189,150793,2,2.96,22910,67813.6
368190,150793,3,8.65,20790,179833.5
368191,150794,1,2.09,23830,49804.7
368192,150794,2,3.99,22910,91410.9
368193,150795,1,17.79,23830,423935.7
368194,150795,2,16.47,22910,377327.7
368195,150795,3,9.36,20790,194594.4
368196,150796,1,14.89,23830,354828.7
368197,150796,2,16.01,22910,366789.1
368198,150796,3,12.54,20790,260706.6
368199,150797,1,13.52,23830,322181.6
368200,150797,2,8.59,22910,196796.9
368201,150797,3,8.3,20790,172557.00000000003
368202,150798,1,8.89,23830,211848.7
368203,150798,2,15.98,22910,366101.8
368204,150798,3,5.45,20790,113305.5
368205,150799,1,3.18,23830,75779.40000000001
368206,150799,2,2.92,22910,66897.2
368207,150800,1,9.63,23830,229482.9
368208,150800,2,17.67,22910,404819.7
368209,150800,3,2.93,20790,60914.7
368210,150801,1,6.44,23830,153465.2
368211,150801,2,9.98,22910,228641.8
368212,150801,3,12.61,20790,262161.9
368213,150802,1,3.39,23830,80783.7
368214,150802,2,4.22,22910,96680.2
368215,150803,1,4.8,23830,114384.0
368216,150803,2,4.3,22910,98513.0
368217,150804,1,16.23,23830,386760.9
368218,150804,2,6.52,22910,149373.19999999998
368219,150804,3,13.11,20790,272556.9
368220,150805,1,4.97,23830,118435.1
368221,150805,2,3.38,22910,77435.8
368222,150806,1,4.09,23830,97464.7
368223,150806,2,1.16,22910,26575.6
368224,150807,1,2.88,23830,68630.4
368225,150807,2,2.5,22910,57275.0
368226,150808,1,4.02,23830,95796.6
368227,150808,2,3.84,22910,87974.4
368228,150809,1,4.9,23830,116767.0
368229,150809,2,2.49,22910,57045.9
368230,150810,1,10.73,23830,255695.9
368231,150810,2,12.86,22910,294622.6
368232,150810,3,7.84,20790,162993.6
368233,150811,1,4.63,23830,110332.9
368234,150811,2,2.07,22910,47423.7
368235,150812,1,2.15,23830,51234.5
368236,150812,2,2.51,22910,57504.1
368237,150813,1,17.92,23830,427033.6
368238,150813,2,4.97,22910,113862.7
368239,150813,3,5.45,20790,113305.5
368240,150814,1,2.98,23830,71013.4
368241,150814,2,1.89,22910,43299.9
368242,150815,1,11.75,23830,280002.5
368243,150815,2,4.17,22910,95534.7
368244,150815,3,7.88,20790,163825.2
368245,150816,1,12.43,23830,296206.9
368246,150816,2,13.43,22910,307681.3
368247,150816,3,11.71,20790,243450.9
368248,150817,1,4.03,23830,96034.9
368249,150817,2,2.95,22910,67584.5
368250,150818,1,3.97,23830,94605.1
368251,150818,2,4.67,22910,106989.7
368252,150819,1,14.64,23830,348871.2
368253,150819,2,7.1,22910,162661.0
368254,150819,3,2.08,20790,43243.2
368255,150820,1,11.33,23830,269993.9
368256,150820,2,6.79,22910,155558.9
368257,150820,3,6.62,20790,137629.8
368258,150821,1,18.07,23830,430608.1
368259,150821,2,8.81,22910,201837.1
368260,150821,3,10.13,20790,210602.7
368261,150822,1,1.93,23830,45991.9
368262,150822,2,3.63,22910,83163.3
368263,150822,3,10.23,20790,212681.7
368264,150823,1,19.2,23830,457536.0
368265,150823,2,15.32,22910,350981.2
368266,150823,3,16.62,20790,345529.80000000005
368267,150824,1,3.38,23830,80545.4
368268,150824,2,2.37,22910,54296.7
368269,150825,1,4.39,23830,104613.7
368270,150825,2,2.47,22910,56587.7
368271,150826,1,15.76,23830,375560.8
368272,150826,2,12.83,22910,293935.3
368273,150826,3,1.81,20790,37629.9
368274,150827,1,13.89,23830,330998.7
368275,150827,2,3.37,22910,77206.7
368276,150827,3,9.96,20790,207068.4
368277,150828,1,4.58,23830,109141.4
368278,150828,2,2.03,22910,46507.3
368279,150829,1,14.74,23830,351254.2
368280,150829,2,16.62,22910,380764.2
368281,150829,3,8.25,20790,171517.5
368282,150830,1,18.32,23830,436565.6
368283,150830,2,10.95,22910,250864.5
368284,150830,3,4.54,20790,94386.6
368285,150831,1,1.36,23830,32408.800000000003
368286,150831,2,2.86,22910,65522.6
368287,150832,1,2.64,23830,62911.2
368288,150832,2,15.95,22910,365414.5
368289,150832,3,19.76,20790,410810.4
368290,150833,1,5.83,23830,138928.9
368291,150833,2,9.38,22910,214895.8
368292,150833,3,12.99,20790,270062.1
368293,150834,1,4.36,23830,103898.8
368294,150834,2,3.95,22910,90494.5
368295,150835,1,2.04,23830,48613.2
368296,150835,2,2.45,22910,56129.50000000001
368297,150836,1,1.55,23830,36936.5
368298,150836,2,1.99,22910,45590.9
368299,150837,1,1.18,23830,28119.4
368300,150837,2,2.55,22910,58420.49999999999
368301,150838,1,4.32,23830,102945.6
368302,150838,2,3.63,22910,83163.3
368303,150839,1,11.84,23830,282147.2
368304,150839,2,1.5,22910,34365.0
368305,150839,3,14.62,20790,303949.8
368306,150840,1,17.01,23830,405348.3000000001
368307,150840,2,8.86,22910,202982.6
368308,150840,3,1.21,20790,25155.9
368309,150841,1,13.8,23830,328854.0
368310,150841,2,4.78,22910,109509.8
368311,150841,3,1.89,20790,39293.1
368312,150842,1,3.82,23830,91030.6
368313,150842,2,10.47,22910,239867.7
368314,150842,3,11.71,20790,243450.9
368315,150843,1,4.02,23830,95796.6
368316,150843,2,4.21,22910,96451.1
368317,150844,1,3.93,23830,93651.9
368318,150844,2,1.61,22910,36885.100000000006
368319,150845,1,3.5,23830,83405.0
368320,150845,2,1.97,22910,45132.7
368321,150846,1,8.22,23830,195882.6
368322,150846,2,2.96,22910,67813.6
368323,150846,3,19.21,20790,399375.9
368324,150847,1,3.24,23830,77209.20000000001
368325,150847,2,4.99,22910,114320.9
368326,150848,1,13.32,23830,317415.60000000003
368327,150848,2,10.96,22910,251093.6
368328,150848,3,9.94,20790,206652.6
368329,150849,1,3.12,23830,74349.6
368330,150849,2,4.34,22910,99429.4
368331,150850,1,3.47,23830,82690.1
368332,150850,2,4.56,22910,104469.6
368333,150851,1,3.44,23830,81975.2
368334,150851,2,3.46,22910,79268.6
368335,150852,1,2.22,23830,52902.600000000006
368336,150852,2,15.67,22910,358999.7
368337,150852,3,11.9,20790,247401.0
368338,150853,1,17.62,23830,419884.6
368339,150853,2,12.37,22910,283396.69999999995
368340,150853,3,5.2,20790,108108.0
368341,150854,1,2.05,23830,48851.49999999999
368342,150854,2,12.01,22910,275149.1
368343,150854,3,1.07,20790,22245.300000000003
368344,150855,1,2.71,23830,64579.3
368345,150855,2,1.29,22910,29553.9
368346,150856,1,7.68,23830,183014.4
368347,150856,2,4.7,22910,107677.0
368348,150856,3,6.66,20790,138461.4
368349,150857,1,4.41,23830,105090.3
368350,150857,2,2.18,22910,49943.8
368351,150858,1,1.55,23830,36936.5
368352,150858,2,3.66,22910,83850.6
368353,150859,1,4.07,23830,96988.1
368354,150859,2,4.1,22910,93931.0
368355,150860,1,3.2,23830,76256.0
368356,150860,2,1.61,22910,36885.100000000006
368357,150861,1,3.25,23830,77447.5
368358,150861,2,1.59,22910,36426.9
368359,150862,1,5.36,23830,127728.8
368360,150862,2,14.32,22910,328071.2
368361,150862,3,19.51,20790,405612.9
368362,150863,1,11.97,23830,285245.10000000003
368363,150863,2,14.77,22910,338380.7
368364,150863,3,1.83,20790,38045.7
368365,150864,1,3.67,23830,87456.09999999999
368366,150864,2,3.6,22910,82476.0
368367,150865,1,3.29,23830,78400.7
368368,150865,2,4.91,22910,112488.1
368369,150866,1,3.38,23830,80545.4
368370,150866,2,4.13,22910,94618.3
368371,150867,1,3.84,23830,91507.2
368372,150867,2,1.87,22910,42841.7
368373,150868,1,3.08,23830,73396.40000000001
368374,150868,2,2.25,22910,51547.5
368375,150869,1,1.61,23830,38366.3
368376,150869,2,2.22,22910,50860.2
368377,150870,1,3.53,23830,84119.9
368378,150870,2,3.34,22910,76519.4
368379,150871,1,14.81,23830,352922.3
368380,150871,2,9.05,22910,207335.50000000003
368381,150871,3,4.32,20790,89812.8
368382,150872,1,16.49,23830,392956.7
368383,150872,2,9.96,22910,228183.6
368384,150872,3,15.14,20790,314760.60000000003
368385,150873,1,17.62,23830,419884.6
368386,150873,2,9.24,22910,211688.4
368387,150873,3,18.63,20790,387317.7
368388,150874,1,2.36,23830,56238.8
368389,150874,2,1.28,22910,29324.8
368390,150875,1,2.92,23830,69583.59999999999
368391,150875,2,3.5,22910,80185.0
368392,150876,1,6.38,23830,152035.4
368393,150876,2,7.07,22910,161973.7
368394,150876,3,19.98,20790,415384.2
368395,150877,1,3.18,23830,75779.40000000001
368396,150877,2,4.89,22910,112029.9
368397,150878,1,4.51,23830,107473.3
368398,150878,2,2.97,22910,68042.70000000001
368399,150879,1,14.46,23830,344581.80000000005
368400,150879,2,5.43,22910,124401.3
368401,150879,3,6.26,20790,130145.4
368402,150880,1,1.2,23830,28596.0
368403,150880,2,4.37,22910,100116.7
368404,150881,1,4.92,23830,117243.6
368405,150881,2,3.51,22910,80414.09999999999
373109,152799,1,4.7,23830,112001.0
373110,152799,2,2.46,22910,56358.6
373111,152800,1,2.61,23830,62196.3
373112,152800,2,3.98,22910,91181.8
373113,152801,1,4.72,23830,112477.6
373114,152801,2,1.96,22910,44903.6
373115,152802,1,19.14,23830,456106.2
373116,152802,2,16.94,22910,388095.4
373117,152802,3,1.51,20790,31392.9
373118,152803,1,1.07,23830,25498.1
373119,152803,2,3.77,22910,86370.7
373120,152804,1,11.97,23830,285245.10000000003
373121,152804,2,2.56,22910,58649.6
373122,152804,3,11.67,20790,242619.3
373123,152805,1,2.15,23830,51234.5
373124,152805,2,4.77,22910,109280.7
373125,152806,1,1.05,23830,25021.5
373126,152806,2,1.81,22910,41467.1
373127,152807,1,2.41,23830,57430.3
373128,152807,2,1.6,22910,36656.0
373129,152808,1,17.89,23830,426318.7
373130,152808,2,10.85,22910,248573.5
373131,152808,3,5.03,20790,104573.7
373132,152809,1,4.25,23830,101277.5
373133,152809,2,2.49,22910,57045.9
373134,152809,3,7.67,20790,159459.3
373135,152810,1,2.89,23830,68868.7
373136,152810,2,3.23,22910,73999.3
373137,152811,1,1.06,23830,25259.800000000003
373138,152811,2,3.31,22910,75832.1
373139,152812,1,3.1,23830,73873.0
373140,152812,2,3.61,22910,82705.09999999999
373141,152813,1,4.85,23830,115575.5
373142,152813,2,2.58,22910,59107.8
373143,152814,1,1.0,23830,23830.0
373144,152814,2,4.2,22910,96222.0
373145,152815,1,8.88,23830,211610.4
373146,152815,2,18.79,22910,430478.9
373147,152815,3,12.17,20790,253014.3
373148,152816,1,4.79,23830,114145.7
373149,152816,2,4.31,22910,98742.1
373150,152817,1,3.51,23830,83643.29999999999
373151,152817,2,2.73,22910,62544.3
373152,152818,1,2.71,23830,64579.3
373153,152818,2,3.6,22910,82476.0
373154,152819,1,6.31,23830,150367.3
373155,152819,2,17.52,22910,401383.2
373156,152819,3,12.88,20790,267775.2
373157,152820,1,15.03,23830,358164.9
373158,152820,2,7.97,22910,182592.7
373159,152820,3,1.53,20790,31808.7
373160,152821,1,19.32,23830,460395.6
373161,152821,2,15.5,22910,355105.0
373162,152821,3,17.19,20790,357380.10000000003
373163,152822,1,1.56,23830,37174.8
373164,152822,2,2.75,22910,63002.5
373165,152823,1,18.58,23830,442761.4
373166,152823,2,4.55,22910,104240.5
373167,152823,3,17.7,20790,367983.0
373168,152824,1,3.03,23830,72204.9
373169,152824,2,2.95,22910,67584.5
373170,152825,1,1.16,23830,27642.8
373171,152825,2,3.59,22910,82246.9
373172,152826,1,2.14,23830,50996.2
373173,152826,2,5.38,22910,123255.8
373174,152826,3,5.82,20790,120997.8
373175,152827,1,16.26,23830,387475.8000000001
373176,152827,2,10.67,22910,244449.7
373177,152827,3,15.09,20790,313721.1
373178,152828,1,3.03,23830,72204.9
373179,152828,2,5.06,22910,115924.6
373180,152828,3,4.04,20790,83991.6
373181,152829,1,2.85,23830,67915.5
373182,152829,2,3.59,22910,82246.9
373183,152830,1,1.7,23830,40511.0
373184,152830,2,1.09,22910,24971.9
373185,152831,1,4.8,23830,114384.0
373186,152831,2,3.93,22910,90036.3
373187,152832,1,11.72,23830,279287.60000000003
373188,152832,2,15.51,22910,355334.1
373189,152832,3,4.94,20790,102702.6
373190,152833,1,15.53,23830,370079.9
373191,152833,2,17.83,22910,408485.3
373192,152833,3,7.61,20790,158211.9
373193,152834,1,6.4,23830,152512.0
373194,152834,2,18.83,22910,431395.3
373195,152834,3,9.49,20790,197297.1
373196,152835,1,3.53,23830,84119.9
373197,152835,2,2.21,22910,50631.1
373198,152836,1,1.99,23830,47421.7
373199,152836,2,2.92,22910,66897.2
373200,152837,1,4.41,23830,105090.3
373201,152837,2,1.44,22910,32990.4
373202,152838,1,3.72,23830,88647.6
373203,152838,2,3.53,22910,80872.29999999999
373204,152839,1,3.71,23830,88409.3
373205,152839,2,4.63,22910,106073.3
373206,152840,1,17.87,23830,425842.1
373207,152840,2,14.39,22910,329674.9
373208,152840,3,14.14,20790,293970.60000000003
373209,152841,1,4.16,23830,99132.8
373210,152841,2,1.69,22910,38717.9
373211,152842,1,9.19,23830,218997.7
373212,152842,2,6.6,22910,151206.0
373213,152842,3,16.42,20790,341371.80000000005
373214,152843,1,7.91,23830,188495.3
373215,152843,2,14.92,22910,341817.2
373216,152843,3,7.72,20790,160498.8
373217,152844,1,3.78,23830,90077.4
373218,152844,2,2.78,22910,63689.8
373219,152845,1,2.05,23830,48851.49999999999
373220,152845,2,1.09,22910,24971.9
373221,152846,1,5.19,23830,123677.7
373222,152846,2,18.18,22910,416503.8
373223,152846,3,16.4,20790,340955.99999999994
373224,152847,1,1.46,23830,34791.8
373225,152847,2,14.96,22910,342733.60000000003
373226,152847,3,6.25,20790,129937.5
373227,152848,1,6.56,23830,156324.8
373228,152848,2,2.23,22910,51089.3
373229,152848,3,9.44,20790,196257.6
373230,152849,1,4.12,23830,98179.6
373231,152849,2,4.07,22910,93243.7
373232,152850,1,4.95,23830,117958.5
373233,152850,2,3.76,22910,86141.59999999999
373234,152851,1,13.06,23830,311219.8
373235,152851,2,9.33,22910,213750.3
373236,152851,3,13.75,20790,285862.5
373237,152852,1,1.49,23830,35506.7
373238,152852,2,1.79,22910,41008.9
373239,152853,1,18.62,23830,443714.6
373240,152853,2,19.32,22910,442621.2
373241,152853,3,1.13,20790,23492.7
373242,152854,1,1.02,23830,24306.6
373243,152854,2,2.82,22910,64606.2
373244,152855,1,5.67,23830,135116.1
373245,152855,2,15.21,22910,348461.10000000003
373246,152855,3,11.48,20790,238669.2
373247,152856,1,9.12,23830,217329.6
373248,152856,2,5.38,22910,123255.8
373249,152856,3,6.56,20790,136382.4
373250,152857,1,2.48,23830,59098.4
373251,152857,2,3.83,22910,87745.3
373252,152858,1,15.95,23830,380088.5
373253,152858,2,16.02,22910,367018.2
373254,152858,3,2.51,20790,52182.9
373255,152859,1,2.42,23830,57668.6
373256,152859,2,4.79,22910,109738.9
373257,152860,1,2.45,23830,58383.50000000001
373258,152860,2,3.69,22910,84537.9
373259,152861,1,1.53,23830,36459.9
373260,152861,2,1.33,22910,30470.300000000003
373261,152862,1,3.75,23830,89362.5
373262,152862,2,3.46,22910,79268.6
373263,152863,1,4.68,23830,111524.4
373264,152863,2,2.91,22910,66668.1
373265,152864,1,1.28,23830,30502.4
373266,152864,2,4.34,22910,99429.4
373267,152865,1,9.57,23830,228053.1
373268,152865,2,15.46,22910,354188.60000000003
373269,152865,3,10.49,20790,218087.1
373270,152866,1,15.31,23830,364837.3
373271,152866,2,15.75,22910,360832.5
373272,152866,3,1.68,20790,34927.2
373273,152867,1,13.27,23830,316224.1
373274,152867,2,11.94,22910,273545.4
373275,152867,3,9.58,20790,199168.2
373276,152868,1,5.44,23830,129635.2
373277,152868,2,16.88,22910,386720.8
373278,152868,3,12.0,20790,249480.0
373279,152869,1,1.4,23830,33362.0
373280,152869,2,2.12,22910,48569.2
373281,152870,1,3.17,23830,75541.09999999999
373282,152870,2,4.98,22910,114091.8
373283,152871,1,13.24,23830,315509.2
373284,152871,2,13.17,22910,301724.7
373285,152871,3,17.88,20790,371725.2
373286,152872,1,4.42,23830,105328.6
373287,152872,2,4.0,22910,91640.0
373288,152873,1,11.1,23830,264513.0
373289,152873,2,4.09,22910,93701.9
373290,152873,3,4.48,20790,93139.2
373291,152874,1,19.7,23830,469451.0
373292,152874,2,12.93,22910,296226.3
373293,152874,3,16.53,20790,343658.7
373294,152875,1,4.25,23830,101277.5
373295,152875,2,2.03,22910,46507.3
373296,152876,1,18.21,23830,433944.3000000001
373297,152876,2,18.06,22910,413754.6
373298,152876,3,14.22,20790,295633.8
373299,152877,1,18.11,23830,431561.3
373300,152877,2,19.98,22910,457741.8
373301,152877,3,2.85,20790,59251.5
373302,152878,1,2.73,23830,65055.9
373303,152878,2,2.57,22910,58878.7
373304,152879,1,8.77,23830,208989.1
373305,152879,2,2.96,22910,67813.6
373306,152879,3,5.37,20790,111642.3
373307,152880,1,3.13,23830,74587.9
373308,152880,2,4.64,22910,106302.4
373309,152881,1,2.86,23830,68153.8
373310,152881,2,2.78,22910,63689.8
373311,152882,1,16.77,23830,399629.1
373312,152882,2,19.14,22910,438497.4
373313,152882,3,8.74,20790,181704.6
373314,152883,1,2.07,23830,49328.1
373315,152883,2,4.73,22910,108364.3
373316,152884,1,6.19,23830,147507.7
373317,152884,2,9.82,22910,224976.2
373318,152884,3,17.04,20790,354261.6
373319,152885,1,1.01,23830,24068.3
373320,152885,2,4.85,22910,111113.5
373321,152886,1,19.86,23830,473263.8
373322,152886,2,4.06,22910,93014.6
373323,152886,3,6.57,20790,136590.30000000002
373324,152887,1,8.8,23830,209704.00000000003
373325,152887,2,9.72,22910,222685.2
373326,152887,3,6.4,20790,133056.0
373327,152888,1,1.86,23830,44323.8
373328,152888,2,4.8,22910,109968.0
373329,152889,1,4.2,23830,100086.0
373330,152889,2,3.32,22910,76061.2
373331,152890,1,1.28,23830,30502.4
373332,152890,2,3.65,22910,83621.5
373333,152891,1,8.87,23830,211372.1
373334,152891,2,16.6,22910,380306.00000000006
373335,152891,3,14.45,20790,300415.5
373336,152892,1,3.24,23830,77209.20000000001
373337,152892,2,3.92,22910,89807.2
373338,152893,1,2.57,23830,61243.1
373339,152893,2,3.7,22910,84767.0
373340,152894,1,3.07,23830,73158.09999999999
373341,152894,2,3.84,22910,87974.4
373342,152895,1,1.79,23830,42655.7
373343,152895,2,16.81,22910,385117.1
373344,152895,3,2.15,20790,44698.5
373345,152896,1,2.96,23830,70536.8
373346,152896,2,3.74,22910,85683.40000000001
373347,152897,1,3.0,23830,71490.0
373348,152897,2,1.19,22910,27262.9
373349,152898,1,5.1,23830,121533.0
373350,152898,2,9.43,22910,216041.3
373351,152898,3,14.16,20790,294386.4
373352,152899,1,4.12,23830,98179.6
373353,152899,2,1.83,22910,41925.3
373354,152900,1,4.18,23830,99609.4
373355,152900,2,1.48,22910,33906.8
373356,152901,1,3.01,23830,71728.29999999999
373357,152901,2,1.04,22910,23826.4
373358,152902,1,8.55,23830,203746.50000000003
373359,152902,2,15.41,22910,353043.1
373360,152902,3,3.36,20790,69854.4
373361,152903,1,3.48,23830,82928.4
373362,152903,2,3.0,22910,68730.0
373363,152904,1,4.1,23830,97703.0
373364,152904,2,2.75,22910,63002.5
373365,152905,1,10.58,23830,252121.4
373366,152905,2,12.81,22910,293477.10000000003
373367,152905,3,11.19,20790,232640.1
377857,154751,1,4.11,23830,97941.3
377858,154751,2,1.85,22910,42383.5
377859,154752,1,12.14,23830,289296.2
377860,154752,2,2.7,22910,61857.00000000001
377861,154752,3,2.11,20790,43866.9
377862,154753,1,1.02,23830,24306.6
377863,154753,2,4.9,22910,112259.0
377864,154754,1,13.28,23830,316462.4
377865,154754,2,3.83,22910,87745.3
377866,154754,3,19.84,20790,412473.6
377867,154755,1,3.16,23830,75302.8
377868,154755,2,15.32,22910,350981.2
377869,154755,3,11.35,20790,235966.5
377870,154756,1,12.69,23830,302402.7
377871,154756,2,5.37,22910,123026.7
377872,154756,3,3.33,20790,69230.7
377873,154757,1,16.8,23830,400344.0
377874,154757,2,7.16,22910,164035.6
377875,154757,3,10.88,20790,226195.2
377876,154758,1,19.14,23830,456106.2
377877,154758,2,17.01,22910,389699.1
377878,154758,3,2.49,20790,51767.100000000006
377879,154759,1,1.7,23830,40511.0
377880,154759,2,1.48,22910,33906.8
377881,154760,1,5.67,23830,135116.1
377882,154760,2,12.71,22910,291186.10000000003
377883,154760,3,4.3,20790,89397.0
377884,154761,1,16.73,23830,398675.9
377885,154761,2,3.9,22910,89349.0
377886,154761,3,16.94,20790,352182.60000000003
377887,154762,1,18.09,23830,431084.7
377888,154762,2,19.99,22910,457970.9
377889,154762,3,9.55,20790,198544.50000000003
377890,154763,1,1.81,23830,43132.3
377891,154763,2,4.3,22910,98513.0
377892,154764,1,4.92,23830,117243.6
377893,154764,2,1.7,22910,38947.0
377894,154765,1,10.84,23830,258317.2
377895,154765,2,9.31,22910,213292.1
377896,154765,3,10.12,20790,210394.8
377897,154766,1,3.47,23830,82690.1
377898,154766,2,3.65,22910,83621.5
377899,154767,1,11.75,23830,280002.5
377900,154767,2,6.98,22910,159911.80000000002
377901,154767,3,5.92,20790,123076.8
377902,154768,1,9.61,23830,229006.3
377903,154768,2,4.02,22910,92098.2
377904,154768,3,7.08,20790,147193.2
377905,154769,1,7.84,23830,186827.2
377906,154769,2,10.13,22910,232078.3
377907,154769,3,3.56,20790,74012.4
377908,154770,1,14.75,23830,351492.5
377909,154770,2,12.41,22910,284313.1
377910,154770,3,19.7,20790,409563.0
377911,154771,1,2.19,23830,52187.7
377912,154771,2,8.03,22910,183967.3
377913,154771,3,13.92,20790,289396.8
377914,154772,1,3.62,23830,86264.6
377915,154772,2,2.47,22910,56587.7
377916,154773,1,1.27,23830,30264.1
377917,154773,2,4.73,22910,108364.3
377918,154774,1,2.1,23830,50043.0
377919,154774,2,1.71,22910,39176.1
377920,154774,3,5.99,20790,124532.1
377921,154775,1,11.44,23830,272615.2
377922,154775,2,2.46,22910,56358.6
377923,154775,3,11.93,20790,248024.7
377924,154776,1,2.23,23830,53140.9
377925,154776,2,4.35,22910,99658.5
377926,154777,1,10.17,23830,242351.1
377927,154777,2,17.71,22910,405736.1
377928,154777,3,12.93,20790,268814.7
377929,154778,1,2.16,23830,51472.8
377930,154778,2,4.79,22910,109738.9
377931,154779,1,1.07,23830,25498.1
377932,154779,2,1.33,22910,30470.300000000003
377933,154780,1,2.45,23830,58383.50000000001
377934,154780,2,1.14,22910,26117.4
377935,154781,1,4.03,23830,96034.9
377936,154781,2,2.99,22910,68500.90000000001
377937,154782,1,1.24,23830,29549.2
377938,154782,2,14.97,22910,342962.7
377939,154782,3,13.37,20790,277962.3
377940,154783,1,2.38,23830,56715.4
377941,154783,2,3.51,22910,80414.09999999999
377942,154784,1,4.82,23830,114860.6
377943,154784,2,10.04,22910,230016.4
377944,154784,3,8.2,20790,170477.99999999997
377945,154785,1,1.25,23830,29787.5
377946,154785,2,3.85,22910,88203.5
377947,154786,1,14.4,23830,343152.0
377948,154786,2,17.88,22910,409630.8
377949,154786,3,18.01,20790,374427.9
377950,154787,1,4.2,23830,100086.0
377951,154787,2,3.26,22910,74686.59999999999
377952,154788,1,1.12,23830,26689.6
377953,154788,2,1.18,22910,27033.8
377954,154789,1,13.02,23830,310266.6
377955,154789,2,5.92,22910,135627.2
377956,154789,3,18.78,20790,390436.2
377957,154790,1,3.83,23830,91268.9
377958,154790,2,3.52,22910,80643.2
377959,154791,1,3.84,23830,91507.2
377960,154791,2,7.6,22910,174116.0
377961,154791,3,3.61,20790,75051.9
377962,154792,1,3.36,23830,80068.8
377963,154792,2,19.39,22910,444224.9
377964,154792,3,10.59,20790,220166.1
377965,154793,1,17.47,23830,416310.1
377966,154793,2,12.38,22910,283625.80000000005
377967,154793,3,19.31,20790,401454.9
377968,154794,1,3.37,23830,80307.1
377969,154794,2,2.41,22910,55213.100000000006
377970,154795,1,3.95,23830,94128.5
377971,154795,2,3.81,22910,87287.1
377972,154796,1,11.18,23830,266419.4
377973,154796,2,9.02,22910,206648.2
377974,154796,3,12.99,20790,270062.1
377975,154797,1,3.13,23830,74587.9
377976,154797,2,4.4,22910,100804.0
377977,154798,1,2.29,23830,54570.7
377978,154798,2,3.31,22910,75832.1
377979,154799,1,6.33,23830,150843.9
377980,154799,2,12.65,22910,289811.5
377981,154799,3,17.57,20790,365280.3
377982,154800,1,3.15,23830,75064.5
377983,154800,2,4.36,22910,99887.6
377984,154801,1,4.51,23830,107473.3
377985,154801,2,3.05,22910,69875.5
377986,154802,1,8.03,23830,191354.9
377987,154802,2,7.03,22910,161057.30000000002
377988,154802,3,4.75,20790,98752.5
377989,154803,1,8.34,23830,198742.2
377990,154803,2,8.08,22910,185112.8
377991,154803,3,4.65,20790,96673.5
377992,154804,1,18.18,23830,433229.4
377993,154804,2,2.64,22910,60482.4
377994,154804,3,17.15,20790,356548.49999999994
377995,154805,1,3.72,23830,88647.6
377996,154805,2,3.67,22910,84079.7
377997,154806,1,2.84,23830,67677.2
377998,154806,2,6.48,22910,148456.80000000002
377999,154806,3,12.52,20790,260290.8
378000,154807,1,17.94,23830,427510.2
378001,154807,2,6.06,22910,138834.59999999998
378002,154807,3,16.61,20790,345321.9
378003,154808,1,13.34,23830,317892.2
378004,154808,2,5.27,22910,120735.7
378005,154808,3,11.8,20790,245322.00000000003
378006,154809,1,5.65,23830,134639.5
378007,154809,2,7.56,22910,173199.59999999998
378008,154809,3,13.27,20790,275883.3
378009,154810,1,4.28,23830,101992.4
378010,154810,2,2.9,22910,66439.0
378011,154811,1,8.65,23830,206129.5
378012,154811,2,15.62,22910,357854.19999999995
378013,154811,3,11.08,20790,230353.2
378014,154812,1,2.39,23830,56953.7
378015,154812,2,4.28,22910,98054.8
378016,154813,1,8.96,23830,213516.8
378017,154813,2,11.39,22910,260944.9
378018,154813,3,18.21,20790,378585.9
378019,154814,1,16.57,23830,394863.1
378020,154814,2,7.6,22910,174116.0
378021,154814,3,7.46,20790,155093.4
378022,154815,1,1.31,23830,31217.300000000003
378023,154815,2,2.04,22910,46736.4
378024,154816,1,8.03,23830,191354.9
378025,154816,2,6.09,22910,139521.9
378026,154816,3,3.05,20790,63409.49999999999
378027,154817,1,2.97,23830,70775.1
378028,154817,2,1.57,22910,35968.700000000004
378029,154818,1,4.08,23830,97226.4
378030,154818,2,4.86,22910,111342.6
378031,154819,1,4.07,23830,96988.1
378032,154819,2,15.49,22910,354875.9
378033,154819,3,11.92,20790,247816.8
378034,154820,1,18.98,23830,452293.4
378035,154820,2,14.27,22910,326925.7
378036,154820,3,1.52,20790,31600.8
378037,154821,1,1.81,23830,43132.3
378038,154821,2,3.43,22910,78581.3
378039,154822,1,3.9,23830,92937.0
378040,154822,2,1.15,22910,26346.5
378041,154823,1,8.59,23830,204699.7
378042,154823,2,8.03,22910,183967.3
378043,154823,3,1.44,20790,29937.6
378044,154824,1,4.2,23830,100086.0
378045,154824,2,7.53,22910,172512.30000000002
378046,154824,3,6.53,20790,135758.7
378047,154825,1,2.36,23830,56238.8
378048,154825,2,4.37,22910,100116.7
378049,154826,1,19.36,23830,461348.8
378050,154826,2,8.11,22910,185800.1
378051,154826,3,6.5,20790,135135.0
378052,154827,1,2.86,23830,68153.8
378053,154827,2,2.75,22910,63002.5
378054,154828,1,1.65,23830,39319.5
378055,154828,2,3.58,22910,82017.8
378056,154829,1,4.23,23830,100800.9
378057,154829,2,2.86,22910,65522.6
378058,154830,1,1.82,23830,43370.6
378059,154830,2,9.63,22910,220623.3
378060,154830,3,19.27,20790,400623.3
378061,154831,1,4.04,23830,96273.2
378062,154831,2,2.85,22910,65293.5
378063,154832,1,5.89,23830,140358.69999999998
378064,154832,2,6.74,22910,154413.4
378065,154832,3,13.17,20790,273804.3
378066,154833,1,2.92,23830,69583.59999999999
378067,154833,2,8.03,22910,183967.3
378068,154833,3,5.98,20790,124324.2
378069,154834,1,12.41,23830,295730.3
378070,154834,2,11.84,22910,271254.4
378071,154834,3,7.97,20790,165696.3
378072,154835,1,3.57,23830,85073.09999999999
378073,154835,2,5.86,22910,134252.6
378074,154835,3,16.94,20790,352182.60000000003
378075,154836,1,3.96,23830,94366.8
378076,154836,2,4.9,22910,112259.0
378077,154837,1,7.77,23830,185159.1
378078,154837,2,18.04,22910,413296.4
378079,154837,3,19.06,20790,396257.4
378080,154838,1,3.28,23830,78162.4
378081,154838,2,1.18,22910,27033.8
378082,154839,1,4.71,23830,112239.3
378083,154839,2,4.63,22910,106073.3
378084,154840,1,5.8,23830,138214.0
378085,154840,2,14.16,22910,324405.6
378086,154840,3,9.38,20790,195010.2
378087,154841,1,11.1,23830,264513.0
378088,154841,2,19.97,22910,457512.7
378089,154841,3,4.1,20790,85238.99999999999
378090,154842,1,7.13,23830,169907.9
378091,154842,2,13.58,22910,311117.8
378092,154842,3,19.55,20790,406444.5
378093,154843,1,6.78,23830,161567.4
378094,154843,2,17.0,22910,389470.0
378095,154843,3,19.93,20790,414344.7
378096,154844,1,4.38,23830,104375.4
378097,154844,2,13.41,22910,307223.1
378098,154844,3,6.14,20790,127650.6
378099,154845,1,15.11,23830,360071.3
378100,154845,2,4.39,22910,100574.9
378101,154845,3,4.45,20790,92515.5
378102,154846,1,11.46,23830,273091.80000000005
378103,154846,2,3.44,22910,78810.4
378104,154846,3,9.13,20790,189812.7
378105,154847,1,2.03,23830,48374.9
378106,154847,2,4.88,22910,111800.8
378107,154848,1,7.46,23830,177771.8
378108,154848,2,13.77,22910,315470.7
378109,154848,3,12.29,20790,255509.1
378110,154849,1,3.92,23830,93413.6
378111,154849,2,3.06,22910,70104.6
378112,154850,1,2.82,23830,67200.59999999999
378113,154850,2,3.18,22910,72853.8
378114,154851,1,7.98,23830,190163.4
378115,154851,2,12.29,22910,281563.9
378116,154851,3,16.5,20790,343035.0
378117,154852,1,3.84,23830,91507.2
378118,154852,2,1.85,22910,42383.5
378119,154853,1,1.48,23830,35268.4
378120,154853,2,1.87,22910,42841.7
378121,154854,1,1.83,23830,43608.9
378122,154854,2,3.78,22910,86599.79999999999
382813,156769,1,4.66,23830,111047.8
382814,156769,2,2.42,22910,55442.2
382815,156770,1,14.8,23830,352684.0
382816,156770,2,11.1,22910,254301.0
382817,156770,3,4.58,20790,95218.2
382818,156771,1,4.91,23830,117005.3
382819,156771,2,3.38,22910,77435.8
382820,156772,1,13.35,23830,318130.5
382821,156772,2,12.18,22910,279043.8
382822,156772,3,5.21,20790,108315.9
382823,156773,1,4.15,23830,98894.5
382824,156773,2,3.77,22910,86370.7
382825,156774,1,1.58,23830,37651.4
382826,156774,2,1.39,22910,31844.9
382827,156775,1,18.98,23830,452293.4
382828,156775,2,19.62,22910,449494.2
382829,156775,3,4.78,20790,99376.2
382830,156776,1,3.45,23830,82213.5
382831,156776,2,3.03,22910,69417.29999999999
382832,156777,1,6.96,23830,165856.8
382833,156777,2,13.32,22910,305161.2
382834,156777,3,4.49,20790,93347.1
382835,156778,1,11.86,23830,282623.8
382836,156778,2,2.04,22910,46736.4
382837,156778,3,6.38,20790,132640.2
382838,156779,1,4.14,23830,98656.2
382839,156779,2,2.96,22910,67813.6
382840,156780,1,3.65,23830,86979.5
382841,156780,2,4.98,22910,114091.8
382842,156781,1,8.6,23830,204938.0
382843,156781,2,5.65,22910,129441.5
382844,156781,3,9.74,20790,202494.6
382845,156782,1,4.57,23830,108903.1
382846,156782,2,3.82,22910,87516.2
382847,156783,1,15.02,23830,357926.6
382848,156783,2,18.54,22910,424751.4
382849,156783,3,18.34,20790,381288.6
382850,156784,1,5.09,23830,121294.7
382851,156784,2,3.89,22910,89119.90000000001
382852,156784,3,11.29,20790,234719.1
382853,156785,1,11.1,23830,264513.0
382854,156785,2,13.71,22910,314096.10000000003
382855,156785,3,6.55,20790,136174.5
382856,156786,1,3.04,23830,72443.2
382857,156786,2,4.55,22910,104240.5
382858,156787,1,1.63,23830,38842.9
382859,156787,2,2.85,22910,65293.5
382860,156788,1,11.27,23830,268564.1
382861,156788,2,6.31,22910,144562.09999999998
382862,156788,3,16.12,20790,335134.80000000005
382863,156789,1,18.82,23830,448480.6
382864,156789,2,15.29,22910,350293.9
382865,156789,3,14.06,20790,292307.4
382866,156790,1,2.9,23830,69107.0
382867,156790,2,3.29,22910,75373.9
382868,156791,1,2.1,23830,50043.0
382869,156791,2,4.37,22910,100116.7
382870,156792,1,2.2,23830,52426.00000000001
382871,156792,2,4.75,22910,108822.5
382872,156793,1,1.23,23830,29310.9
382873,156793,2,1.73,22910,39634.3
382874,156794,1,3.37,23830,80307.1
382875,156794,2,3.58,22910,82017.8
382876,156795,1,3.37,23830,80307.1
382877,156795,2,4.92,22910,112717.2
382878,156796,1,2.78,23830,66247.4
382879,156796,2,3.0,22910,68730.0
382880,156797,1,2.18,23830,51949.4
382881,156797,2,2.78,22910,63689.8
382882,156798,1,2.37,23830,56477.100000000006
382883,156798,2,3.61,22910,82705.09999999999
382884,156799,1,4.12,23830,98179.6
382885,156799,2,3.86,22910,88432.59999999999
382886,156800,1,7.77,23830,185159.1
382887,156800,2,13.48,22910,308826.8
382888,156800,3,14.08,20790,292723.2
382889,156801,1,3.39,23830,80783.7
382890,156801,2,3.64,22910,83392.40000000001
382891,156802,1,1.88,23830,44800.4
382892,156802,2,1.39,22910,31844.9
382893,156802,3,4.07,20790,84615.3
382894,156803,1,3.41,23830,81260.3
382895,156803,2,4.54,22910,104011.4
382896,156804,1,8.3,23830,197789.00000000003
382897,156804,2,11.95,22910,273774.5
382898,156804,3,11.61,20790,241371.9
382899,156805,1,4.46,23830,106281.8
382900,156805,2,4.12,22910,94389.2
382901,156806,1,4.11,23830,97941.3
382902,156806,2,1.6,22910,36656.0
382903,156807,1,4.18,23830,99609.4
382904,156807,2,3.06,22910,70104.6
382905,156808,1,1.91,23830,45515.3
382906,156808,2,3.16,22910,72395.6
382907,156809,1,3.77,23830,89839.1
382908,156809,2,4.1,22910,93931.0
382909,156810,1,2.88,23830,68630.4
382910,156810,2,4.06,22910,93014.6
382911,156811,1,9.05,23830,215661.50000000003
382912,156811,2,9.24,22910,211688.4
382913,156811,3,16.34,20790,339708.6
382914,156812,1,3.74,23830,89124.20000000001
382915,156812,2,2.99,22910,68500.90000000001
382916,156813,1,3.21,23830,76494.3
382917,156813,2,1.85,22910,42383.5
382918,156814,1,15.57,23830,371033.1
382919,156814,2,2.15,22910,49256.5
382920,156814,3,3.11,20790,64656.9
382921,156815,1,19.65,23830,468259.5
382922,156815,2,6.58,22910,150747.8
382923,156815,3,17.96,20790,373388.4
382924,156816,1,4.82,23830,114860.6
382925,156816,2,2.09,22910,47881.9
382926,156817,1,12.01,23830,286198.3
382927,156817,2,7.24,22910,165868.4
382928,156817,3,4.85,20790,100831.5
382929,156818,1,7.19,23830,171337.7
382930,156818,2,19.51,22910,446974.1
382931,156818,3,7.23,20790,150311.7
382932,156819,1,10.43,23830,248546.9
382933,156819,2,19.05,22910,436435.5
382934,156819,3,9.77,20790,203118.3
382935,156820,1,3.82,23830,91030.6
382936,156820,2,4.27,22910,97825.7
382937,156821,1,1.79,23830,42655.7
382938,156821,2,8.15,22910,186716.5
382939,156821,3,2.88,20790,59875.2
382940,156822,1,6.3,23830,150129.0
382941,156822,2,4.93,22910,112946.3
382942,156822,3,14.41,20790,299583.9
382943,156823,1,1.13,23830,26927.9
382944,156823,2,3.54,22910,81101.4
382945,156824,1,10.64,23830,253551.2
382946,156824,2,13.43,22910,307681.3
382947,156824,3,14.9,20790,309771.0
382948,156825,1,3.78,23830,90077.4
382949,156825,2,1.07,22910,24513.7
382950,156826,1,8.22,23830,195882.6
382951,156826,2,2.36,22910,54067.6
382952,156826,3,15.53,20790,322868.7
382953,156827,1,2.32,23830,55285.6
382954,156827,2,2.25,22910,51547.5
385088,157711,1,1.33,23830,31693.9
385089,157711,2,4.8,22910,109968.0
385090,157712,1,2.01,23830,47898.3
385091,157712,2,3.96,22910,90723.6
385092,157713,1,3.04,23830,72443.2
385093,157713,2,4.88,22910,111800.8
385094,157713,3,1.7,20790,35343.0
385095,157714,1,2.14,23830,50996.2
385096,157714,2,3.01,22910,68959.09999999999
385097,157715,1,11.15,23830,265704.5
385098,157715,2,9.88,22910,226350.8
385099,157715,3,3.0,20790,62370.0
385100,157716,1,16.35,23830,389620.50000000006
385101,157716,2,18.6,22910,426126.00000000006
385102,157716,3,10.94,20790,227442.6
385103,157717,1,1.8,23830,42894.0
385104,157717,2,4.15,22910,95076.5
385105,157718,1,3.54,23830,84358.2
385106,157718,2,4.86,22910,111342.6
385107,157719,1,1.96,23830,46706.8
385108,157719,2,2.44,22910,55900.4
385109,157720,1,17.97,23830,428225.1
385110,157720,2,7.26,22910,166326.6
385111,157720,3,7.52,20790,156340.8
385112,157721,1,4.3,23830,102469.0
385113,157721,2,1.87,22910,42841.7
385114,157722,1,3.96,23830,94366.8
385115,157722,2,2.46,22910,56358.6
385116,157723,1,3.96,23830,94366.8
385117,157723,2,7.9,22910,180989.0
385118,157723,3,12.96,20790,269438.4
385119,157724,1,14.84,23830,353637.2
385120,157724,2,6.07,22910,139063.7
385121,157724,3,15.14,20790,314760.60000000003
385122,157725,1,3.4,23830,81022.0
385123,157725,2,3.27,22910,74915.7
385124,157726,1,4.49,23830,106996.7
385125,157726,2,3.4,22910,77894.0
385126,157727,1,1.63,23830,38842.9
385127,157727,2,4.07,22910,93243.7
385128,157728,1,16.41,23830,391050.3
385129,157728,2,13.25,22910,303557.5
385130,157728,3,7.27,20790,151143.3
385131,157729,1,4.4,23830,104852.0
385132,157729,2,2.18,22910,49943.8
385133,157730,1,3.07,23830,73158.09999999999
385134,157730,2,1.38,22910,31615.8
385135,157731,1,7.0,23830,166810.0
385136,157731,2,8.46,22910,193818.6
385137,157731,3,13.75,20790,285862.5
385138,157732,1,4.81,23830,114622.3
385139,157732,2,3.21,22910,73541.1
385140,157733,1,13.45,23830,320513.5
385141,157733,2,18.05,22910,413525.5
385142,157733,3,2.06,20790,42827.4
385143,157734,1,4.1,23830,97703.0
385144,157734,2,4.86,22910,111342.6
385145,157735,1,4.52,23830,107711.6
385146,157735,2,3.75,22910,85912.5
385147,157736,1,1.24,23830,29549.2
385148,157736,2,3.94,22910,90265.4
385149,157737,1,2.35,23830,56000.5
385150,157737,2,3.42,22910,78352.2
385151,157738,1,16.62,23830,396054.6
385152,157738,2,18.39,22910,421314.9
385153,157738,3,19.46,20790,404573.4
385154,157739,1,3.24,23830,77209.20000000001
385155,157739,2,4.78,22910,109509.8
385156,157740,1,1.03,23830,24544.9
385157,157740,2,4.34,22910,99429.4
385158,157741,1,4.6,23830,109618.0
385159,157741,2,6.66,22910,152580.6
385160,157741,3,13.92,20790,289396.8
385161,157742,1,4.93,23830,117481.9
385162,157742,2,4.25,22910,97367.5
385163,157743,1,13.16,23830,313602.8
385164,157743,2,17.72,22910,405965.2
385165,157743,3,18.91,20790,393138.9
385166,157744,1,4.19,23830,99847.7
385167,157744,2,1.95,22910,44674.5
385168,157745,1,17.31,23830,412497.3
385169,157745,2,3.32,22910,76061.2
385170,157745,3,14.36,20790,298544.4
385171,157746,1,10.54,23830,251168.2
385172,157746,2,15.57,22910,356708.7
385173,157746,3,10.82,20790,224947.8
385174,157747,1,14.17,23830,337671.1
385175,157747,2,10.23,22910,234369.3
385176,157747,3,11.31,20790,235134.9
385177,157748,1,1.02,23830,24306.6
385178,157748,2,4.68,22910,107218.8
385179,157749,1,4.98,23830,118673.4
385180,157749,2,4.63,22910,106073.3
385181,157750,1,4.05,23830,96511.5
385182,157750,2,6.63,22910,151893.3
385183,157750,3,6.24,20790,129729.6
385184,157751,1,11.66,23830,277857.8
385185,157751,2,13.3,22910,304703.0
385186,157751,3,5.82,20790,120997.8
385187,157752,1,3.31,23830,78877.3
385188,157752,2,1.87,22910,42841.7
385189,157753,1,3.34,23830,79592.2
385190,157753,2,10.99,22910,251780.9
385191,157753,3,5.95,20790,123700.5
385192,157754,1,6.26,23830,149175.8
385193,157754,2,12.7,22910,290957.0
385194,157754,3,1.91,20790,39708.9
385195,157755,1,4.28,23830,101992.4
385196,157755,2,1.05,22910,24055.5
385197,157756,1,1.96,23830,46706.8
385198,157756,2,1.2,22910,27492.0
385199,157757,1,3.58,23830,85311.40000000001
385200,157757,2,1.49,22910,34135.9
385201,157758,1,11.98,23830,285483.4
385202,157758,2,10.41,22910,238493.1
385203,157758,3,15.77,20790,327858.3
385204,157759,1,16.75,23830,399152.5
385205,157759,2,8.92,22910,204357.2
385206,157759,3,3.92,20790,81496.8
385207,157760,1,1.58,23830,37651.4
385208,157760,2,3.11,22910,71250.09999999999
385209,157761,1,2.49,23830,59336.7
385210,157761,2,2.86,22910,65522.6
385211,157761,3,3.42,20790,71101.8
385212,157762,1,2.63,23830,62672.9
385213,157762,2,2.91,22910,66668.1
385214,157763,1,6.1,23830,145363.0
385215,157763,2,8.2,22910,187862.0
385216,157763,3,7.2,20790,149688.0
385217,157764,1,15.95,23830,380088.5
385218,157764,2,11.22,22910,257050.2
385219,157764,3,16.7,20790,347193.0
387331,158628,1,2.9,23830,69107.0
387332,158628,2,2.68,22910,61398.8
387333,158629,1,2.58,23830,61481.4
387334,158629,2,4.23,22910,96909.3
387335,158630,1,2.49,23830,59336.7
387336,158630,2,3.31,22910,75832.1
387337,158631,1,4.76,23830,113430.8
387338,158631,2,2.66,22910,60940.600000000006
387339,158632,1,2.35,23830,56000.5
387340,158632,2,1.44,22910,32990.4
387341,158633,1,4.87,23830,116052.1
387342,158633,2,4.98,22910,114091.8
387343,158634,1,3.26,23830,77685.79999999999
387344,158634,2,2.04,22910,46736.4
387345,158635,1,1.17,23830,27881.1
387346,158635,2,3.9,22910,89349.0
387347,158636,1,10.26,23830,244495.8
387348,158636,2,18.9,22910,432999.0
387349,158636,3,14.6,20790,303534.0
387350,158637,1,4.36,23830,103898.8
387351,158637,2,1.85,22910,42383.5
387352,158638,1,1.24,23830,29549.2
387353,158638,2,2.74,22910,62773.4
387354,158638,3,9.81,20790,203949.9
387355,158639,1,8.07,23830,192308.1
387356,158639,2,12.95,22910,296684.5
387357,158639,3,6.41,20790,133263.9
387358,158640,1,7.92,23830,188733.6
387359,158640,2,15.75,22910,360832.5
387360,158640,3,10.19,20790,211850.1
387361,158641,1,9.4,23830,224002.0
387362,158641,2,15.75,22910,360832.5
387363,158641,3,11.61,20790,241371.9
387364,158642,1,2.03,23830,48374.9
387365,158642,2,1.75,22910,40092.5
387366,158643,1,4.15,23830,98894.5
387367,158643,2,4.67,22910,106989.7
387368,158644,1,1.27,23830,30264.1
387369,158644,2,4.11,22910,94160.1
387370,158645,1,1.92,23830,45753.6
387371,158645,2,1.05,22910,24055.5
387372,158646,1,2.12,23830,50519.600000000006
387373,158646,2,4.33,22910,99200.3
387374,158647,1,2.49,23830,59336.7
387375,158647,2,1.97,22910,45132.7
387376,158648,1,1.75,23830,41702.5
387377,158648,2,4.97,22910,113862.7
387378,158649,1,14.66,23830,349347.8
387379,158649,2,7.41,22910,169763.1
387380,158649,3,1.18,20790,24532.2
387381,158650,1,4.71,23830,112239.3
387382,158650,2,3.54,22910,81101.4
387383,158651,1,17.67,23830,421076.1
387384,158651,2,7.46,22910,170908.6
387385,158651,3,18.05,20790,375259.5
387386,158652,1,2.1,23830,50043.0
387387,158652,2,4.89,22910,112029.9
387388,158653,1,18.59,23830,442999.7
387389,158653,2,1.71,22910,39176.1
387390,158653,3,1.34,20790,27858.6
387391,158654,1,4.38,23830,104375.4
387392,158654,2,1.79,22910,41008.9
387393,158655,1,10.53,23830,250929.9
387394,158655,2,10.39,22910,238034.9
387395,158655,3,5.0,20790,103950.0
387396,158656,1,4.61,23830,109856.3
387397,158656,2,2.83,22910,64835.3
387398,158657,1,5.68,23830,135354.4
387399,158657,2,7.78,22910,178239.80000000002
387400,158657,3,3.76,20790,78170.4
387401,158658,1,2.84,23830,67677.2
387402,158658,2,2.38,22910,54525.8
387403,158659,1,1.0,23830,23830.0
387404,158659,2,3.46,22910,79268.6
387405,158660,1,1.7,23830,40511.0
387406,158660,2,3.0,22910,68730.0
387407,158661,1,19.69,23830,469212.7
387408,158661,2,1.7,22910,38947.0
387409,158661,3,11.19,20790,232640.1
387410,158662,1,4.53,23830,107949.9
387411,158662,2,4.47,22910,102407.7
387412,158663,1,1.38,23830,32885.399999999994
387413,158663,2,1.45,22910,33219.5
387414,158663,3,14.51,20790,301662.9
387415,158664,1,1.66,23830,39557.8
387416,158664,2,3.96,22910,90723.6
387417,158665,1,4.82,23830,114860.6
387418,158665,2,1.28,22910,29324.8
387419,158666,1,4.92,23830,117243.6
387420,158666,2,16.35,22910,374578.50000000006
387421,158666,3,12.31,20790,255924.9
387422,158667,1,4.6,23830,109618.0
387423,158667,2,11.48,22910,263006.8
387424,158667,3,7.16,20790,148856.4
387425,158668,1,2.08,23830,49566.4
387426,158668,2,2.66,22910,60940.600000000006
387427,158669,1,4.92,23830,117243.6
387428,158669,2,1.05,22910,24055.5
387429,158670,1,1.09,23830,25974.7
387430,158670,2,1.32,22910,30241.2
387431,158671,1,6.1,23830,145363.0
387432,158671,2,8.11,22910,185800.1
387433,158671,3,3.45,20790,71725.5
387434,158672,1,16.01,23830,381518.3000000001
387435,158672,2,14.54,22910,333111.4
387436,158672,3,2.56,20790,53222.4
387437,158673,1,1.3,23830,30979.0
387438,158673,2,1.35,22910,30928.500000000004
389581,159557,1,17.06,23830,406539.8
389582,159557,2,3.71,22910,84996.1
389583,159557,3,19.07,20790,396465.3
389584,159558,1,4.16,23830,99132.8
389585,159558,2,1.06,22910,24284.6
389586,159559,1,16.1,23830,383663.00000000006
389587,159559,2,19.38,22910,443995.8
389588,159559,3,2.66,20790,55301.4
389589,159560,1,3.57,23830,85073.09999999999
389590,159560,2,1.49,22910,34135.9
389591,159561,1,3.74,23830,89124.20000000001
389592,159561,2,3.19,22910,73082.9
389593,159562,1,5.0,23830,119150.0
389594,159562,2,15.33,22910,351210.3
389595,159562,3,6.43,20790,133679.69999999998
389596,159563,1,3.2,23830,76256.0
389597,159563,2,3.52,22910,80643.2
389598,159564,1,12.64,23830,301211.2
389599,159564,2,1.24,22910,28408.4
389600,159564,3,3.13,20790,65072.7
389601,159565,1,1.13,23830,26927.9
389602,159565,2,1.51,22910,34594.1
389603,159566,1,2.19,23830,52187.7
389604,159566,2,2.58,22910,59107.8
389605,159567,1,9.14,23830,217806.2
389606,159567,2,18.24,22910,417878.4
389607,159567,3,15.2,20790,316008.0
389608,159568,1,1.35,23830,32170.500000000004
389609,159568,2,2.29,22910,52463.9
389610,159569,1,4.19,23830,99847.7
389611,159569,2,4.07,22910,93243.7
389612,159570,1,16.59,23830,395339.7
389613,159570,2,14.25,22910,326467.5
389614,159570,3,2.55,20790,53014.49999999999
389615,159571,1,3.75,23830,89362.5
389616,159571,2,2.95,22910,67584.5
389617,159572,1,8.83,23830,210418.9
389618,159572,2,15.01,22910,343879.1
389619,159572,3,4.12,20790,85654.8
389620,159573,1,8.92,23830,212563.6
389621,159573,2,11.28,22910,258424.8
389622,159573,3,7.87,20790,163617.3
389623,159574,1,4.82,23830,114860.6
389624,159574,2,4.38,22910,100345.8
389625,159575,1,8.37,23830,199457.1
389626,159575,2,5.35,22910,122568.5
389627,159575,3,1.9,20790,39501.0
389628,159576,1,2.57,23830,61243.1
389629,159576,2,3.69,22910,84537.9
389630,159577,1,11.78,23830,280717.4
389631,159577,2,18.69,22910,428187.9
389632,159577,3,14.98,20790,311434.2
389633,159578,1,13.92,23830,331713.6
389634,159578,2,9.96,22910,228183.6
389635,159578,3,2.07,20790,43035.3
389636,159579,1,3.64,23830,86741.2
389637,159579,2,2.54,22910,58191.4
389638,159580,1,3.81,23830,90792.3
389639,159580,2,1.32,22910,30241.2
389640,159581,1,1.15,23830,27404.5
389641,159581,2,1.49,22910,34135.9
389642,159582,1,3.54,23830,84358.2
389643,159582,2,4.83,22910,110655.3
389644,159583,1,1.65,23830,39319.5
389645,159583,2,4.18,22910,95763.8
389646,159584,1,1.36,23830,32408.800000000003
389647,159584,2,1.12,22910,25659.2
389648,159585,1,14.05,23830,334811.5
389649,159585,2,4.88,22910,111800.8
389650,159585,3,1.11,20790,23076.9
389651,159586,1,11.37,23830,270947.1
389652,159586,2,4.9,22910,112259.0
389653,159586,3,13.42,20790,279001.8
389654,159587,1,2.96,23830,70536.8
389655,159587,2,1.3,22910,29783.0
389656,159588,1,3.87,23830,92222.1
389657,159588,2,1.71,22910,39176.1
389658,159589,1,3.84,23830,91507.2
389659,159589,2,1.41,22910,32303.1
389660,159590,1,9.16,23830,218282.8
389661,159590,2,5.46,22910,125088.6
389662,159590,3,17.81,20790,370269.9
389663,159591,1,3.7,23830,88171.0
389664,159591,2,3.36,22910,76977.59999999999
389665,159592,1,1.15,23830,27404.5
389666,159592,2,1.75,22910,40092.5
389667,159593,1,7.75,23830,184682.5
389668,159593,2,3.03,22910,69417.29999999999
389669,159593,3,13.06,20790,271517.4
389670,159594,1,2.19,23830,52187.7
389671,159594,2,1.11,22910,25430.1
389672,159595,1,2.27,23830,54094.1
389673,159595,2,2.03,22910,46507.3
389674,159596,1,4.0,23830,95320.0
389675,159596,2,2.66,22910,60940.600000000006
389676,159597,1,3.43,23830,81736.90000000001
389677,159597,2,3.43,22910,78581.3
389678,159598,1,16.72,23830,398437.6
389679,159598,2,18.88,22910,432540.8
389680,159598,3,18.54,20790,385446.6
389681,159599,1,2.71,23830,64579.3
389682,159599,2,2.85,22910,65293.5
389683,159600,1,13.49,23830,321466.7
389684,159600,2,12.6,22910,288666.0
389685,159600,3,1.5,20790,31185.0
389686,159601,1,4.31,23830,102707.3
389687,159601,2,17.94,22910,411005.4
389688,159601,3,4.41,20790,91683.9
389689,159602,1,3.13,23830,74587.9
389690,159602,2,3.61,22910,82705.09999999999
389691,159603,1,4.94,23830,117720.2
389692,159603,2,5.41,22910,123943.1
389693,159603,3,14.44,20790,300207.6
389694,159604,1,9.36,23830,223048.8
389695,159604,2,16.33,22910,374120.3
389696,159604,3,15.09,20790,313721.1
389697,159605,1,10.19,23830,242827.7
389698,159605,2,19.35,22910,443308.50000000006
389699,159605,3,19.61,20790,407691.9
389700,159606,1,1.85,23830,44085.5
389701,159606,2,3.94,22910,90265.4
389702,159607,1,4.22,23830,100562.6
389703,159607,2,2.7,22910,61857.00000000001
389704,159608,1,3.89,23830,92698.7
389705,159608,2,4.69,22910,107447.9
391854,160480,1,5.28,23830,125822.4
391855,160480,2,4.49,22910,102865.9
391856,160480,3,4.04,20790,83991.6
391857,160481,1,5.14,23830,122486.2
391858,160481,2,12.03,22910,275607.3
391859,160481,3,14.67,20790,304989.3
391860,160482,1,1.73,23830,41225.9
391861,160482,2,3.48,22910,79726.8
391862,160483,1,16.95,23830,403918.5
391863,160483,2,4.33,22910,99200.3
391864,160483,3,8.6,20790,178794.0
391865,160484,1,18.77,23830,447289.1
391866,160484,2,15.84,22910,362894.4
391867,160484,3,3.82,20790,79417.8
391868,160485,1,4.13,23830,98417.9
391869,160485,2,4.47,22910,102407.7
391870,160486,1,7.32,23830,174435.6
391871,160486,2,3.56,22910,81559.6
391872,160486,3,17.52,20790,364240.8
391873,160487,1,4.7,23830,112001.0
391874,160487,2,1.91,22910,43758.1
391875,160488,1,4.36,23830,103898.8
391876,160488,2,3.04,22910,69646.4
391877,160489,1,3.01,23830,71728.29999999999
391878,160489,2,3.6,22910,82476.0
392588,160780,1,3.7,23830,88171.0
392589,160780,2,1.78,22910,40779.8
392590,160781,1,2.16,23830,51472.8
392591,160781,2,2.59,22910,59336.9
392592,160782,1,1.84,23830,43847.2
392593,160782,2,3.19,22910,73082.9
392594,160783,1,2.38,23830,56715.4
392595,160783,2,1.87,22910,42841.7
392596,160784,1,9.59,23830,228529.7
392597,160784,2,12.46,22910,285458.60000000003
392598,160784,3,3.21,20790,66735.9
392599,160785,1,2.98,23830,71013.4
392600,160785,2,4.52,22910,103553.2
392601,160786,1,4.75,23830,113192.5
392602,160786,2,2.79,22910,63918.9
392603,160787,1,19.13,23830,455867.9
392604,160787,2,3.83,22910,87745.3
392605,160787,3,10.4,20790,216216.0
392606,160788,1,4.53,23830,107949.9
392607,160788,2,1.47,22910,33677.7
393254,161058,1,13.72,23830,326947.60000000003
393255,161058,2,15.57,22910,356708.7
393256,161058,3,5.85,20790,121621.5
393257,161059,1,2.75,23830,65532.5
393258,161059,2,4.32,22910,98971.2
393259,161060,1,4.3,23830,102469.0
393260,161060,2,2.21,22910,50631.1
393261,161061,1,11.62,23830,276904.6
393262,161061,2,17.62,22910,403674.2
393263,161061,3,8.28,20790,172141.19999999998
393264,161062,1,4.7,23830,112001.0
393265,161062,2,2.4,22910,54984.0
393266,161063,1,4.72,23830,112477.6
393267,161063,2,1.4,22910,32074.0
393268,161064,1,11.36,23830,270708.8
393269,161064,2,13.84,22910,317074.4
393270,161064,3,1.91,20790,39708.9
393271,161065,1,7.99,23830,190401.7
393272,161065,2,12.51,22910,286604.1
393273,161065,3,6.86,20790,142619.4
393274,161066,1,2.96,23830,70536.8
393275,161066,2,8.22,22910,188320.2
393276,161066,3,12.66,20790,263201.4
393277,161067,1,3.61,23830,86026.3
393278,161067,2,3.2,22910,73312.0
393279,161068,1,1.44,23830,34315.2
393280,161068,2,4.43,22910,101491.3
393281,161069,1,4.95,23830,117958.5
393282,161069,2,2.5,22910,57275.0
393283,161070,1,14.41,23830,343390.3
393284,161070,2,16.53,22910,378702.3000000001
393285,161070,3,6.86,20790,142619.4
393286,161071,1,2.71,23830,64579.3
393287,161071,2,1.04,22910,23826.4
393288,161072,1,5.47,23830,130350.1
393289,161072,2,7.14,22910,163577.4
393290,161072,3,14.58,20790,303118.2
393291,161073,1,4.19,23830,99847.7
393292,161073,2,3.21,22910,73541.1
393293,161074,1,4.27,23830,101754.1
393294,161074,2,3.92,22910,89807.2
393295,161075,1,3.41,23830,81260.3
393296,161075,2,1.23,22910,28179.3
393907,161323,1,3.97,23830,94605.1
393908,161323,2,1.37,22910,31386.7
393909,161324,1,15.57,23830,371033.1
393910,161324,2,15.52,22910,355563.2
393911,161324,3,2.93,20790,60914.7
393912,161325,1,2.28,23830,54332.4
393913,161325,2,1.5,22910,34365.0
393914,161326,1,11.74,23830,279764.2
393915,161326,2,2.5,22910,57275.0
393916,161326,3,13.78,20790,286486.2
393917,161327,1,4.71,23830,112239.3
393918,161327,2,1.31,22910,30012.1
393919,161328,1,4.41,23830,105090.3
393920,161328,2,2.45,22910,56129.50000000001
393921,161329,1,1.46,23830,34791.8
393922,161329,2,3.1,22910,71021.0
393923,161330,1,2.03,23830,48374.9
393924,161330,2,15.68,22910,359228.8
393925,161330,3,14.87,20790,309147.3
394623,161616,1,12.13,23830,289057.9
394624,161616,2,3.05,22910,69875.5
394625,161616,3,17.89,20790,371933.1
394626,161617,1,4.23,23830,100800.9
394627,161617,2,2.74,22910,62773.4
394628,161618,1,1.94,23830,46230.2
394629,161618,2,2.3,22910,52692.99999999999
394630,161619,1,13.33,23830,317653.9
394631,161619,2,18.67,22910,427729.7
394632,161619,3,16.24,20790,337629.6
394633,161620,1,1.3,23830,30979.0
394634,161620,2,3.37,22910,77206.7
394635,161621,1,4.72,23830,112477.6
394636,161621,2,3.95,22910,90494.5
394637,161622,1,1.26,23830,30025.8
394638,161622,2,2.79,22910,63918.9
394639,161623,1,1.01,23830,24068.3
394640,161623,2,4.88,22910,111800.8
394641,161624,1,16.52,23830,393671.6
394642,161624,2,1.26,22910,28866.6
394643,161624,3,12.19,20790,253430.1
394644,161625,1,18.77,23830,447289.1
394645,161625,2,13.36,22910,306077.6
394646,161625,3,6.25,20790,129937.5
394647,161626,1,2.49,23830,59336.7
394648,161626,2,3.08,22910,70562.8
394649,161627,1,1.17,23830,27881.1
394650,161627,2,1.05,22910,24055.5
395339,161909,1,13.15,23830,313364.5
395340,161909,2,7.02,22910,160828.19999999998
395341,161909,3,3.75,20790,77962.5
395342,161910,1,4.32,23830,102945.6
395343,161910,2,2.31,22910,52922.1
395344,161911,1,3.19,23830,76017.7
395345,161911,2,2.68,22910,61398.8
395346,161912,1,1.7,23830,40511.0
395347,161912,2,15.04,22910,344566.4
395348,161912,3,17.37,20790,361122.3000000001
395349,161913,1,2.24,23830,53379.2
395350,161913,2,1.8,22910,41238.0
395351,161914,1,8.57,23830,204223.1
395352,161914,2,12.7,22910,290957.0
395353,161914,3,4.12,20790,85654.8
395354,161915,1,2.83,23830,67438.90000000001
395355,161915,2,3.87,22910,88661.7
395356,161916,1,2.15,23830,51234.5
395357,161916,2,3.76,22910,86141.59999999999
395358,161917,1,12.02,23830,286436.6
395359,161917,2,11.44,22910,262090.4
395360,161917,3,14.34,20790,298128.6
395361,161918,1,4.69,23830,111762.7
395362,161918,2,1.88,22910,43070.8
395363,161919,1,11.3,23830,269279.0
395364,161919,2,15.04,22910,344566.4
395365,161919,3,8.1,20790,168399.0
395366,161920,1,8.17,23830,194691.1
395367,161920,2,18.81,22910,430937.1
395368,161920,3,15.77,20790,327858.3
395369,161921,1,4.11,23830,97941.3
395370,161921,2,1.25,22910,28637.5
395371,161922,1,12.03,23830,286674.9
395372,161922,2,4.54,22910,104011.4
395373,161922,3,17.86,20790,371309.4
395374,161923,1,12.65,23830,301449.5
395375,161923,2,12.74,22910,291873.4
395376,161923,3,14.0,20790,291060.0
395377,161924,1,3.95,23830,94128.5
395378,161924,2,3.55,22910,81330.5
395379,161925,1,4.43,23830,105566.9
395380,161925,2,3.34,22910,76519.4
395381,161926,1,9.87,23830,235202.1
395382,161926,2,10.08,22910,230932.8
395383,161926,3,12.46,20790,259043.4
395384,161927,1,18.11,23830,431561.3
395385,161927,2,6.5,22910,148915.0
395386,161927,3,8.07,20790,167775.30000000002
395387,161928,1,3.92,23830,93413.6
395388,161928,2,4.34,22910,99429.4
396059,162204,1,1.66,23830,39557.8
396060,162204,2,4.03,22910,92327.3
396061,162205,1,7.0,23830,166810.0
396062,162205,2,9.8,22910,224518.00000000003
396063,162205,3,17.83,20790,370685.7
396064,162206,1,9.86,23830,234963.8
396065,162206,2,11.88,22910,272170.80000000005
396066,162206,3,2.57,20790,53430.3
396067,162207,1,12.07,23830,287628.10000000003
396068,162207,2,8.27,22910,189465.7
396069,162207,3,19.86,20790,412889.4
396070,162208,1,1.86,23830,44323.8
396071,162208,2,15.9,22910,364269.0
396072,162208,3,11.43,20790,237629.7
396073,162209,1,4.23,23830,100800.9
396074,162209,2,3.12,22910,71479.2
396075,162210,1,2.5,23830,59575.0
396076,162210,2,1.41,22910,32303.1
396077,162211,1,3.4,23830,81022.0
396078,162211,2,1.3,22910,29783.0
396079,162212,1,14.04,23830,334573.19999999995
396080,162212,2,14.59,22910,334256.9
396081,162212,3,14.26,20790,296465.4
396082,162213,1,7.22,23830,172052.6
396083,162213,2,18.06,22910,413754.6
396084,162213,3,14.84,20790,308523.6
396085,162214,1,2.26,23830,53855.8
396086,162214,2,19.02,22910,435748.2
396087,162214,3,14.27,20790,296673.3
396088,162215,1,4.89,23830,116528.7
396089,162215,2,2.13,22910,48798.3
396090,162216,1,2.9,23830,69107.0
396091,162216,2,3.1,22910,71021.0
396092,162217,1,9.0,23830,214470.0
396093,162217,2,3.32,22910,76061.2
396094,162217,3,10.99,20790,228482.1
396802,162503,1,3.49,23830,83166.70000000001
396803,162503,2,2.79,22910,63918.9
396804,162504,1,8.43,23830,200886.9
396805,162504,2,7.96,22910,182363.6
396806,162504,3,11.16,20790,232016.4
396807,162505,1,1.23,23830,29310.9
396808,162505,2,3.38,22910,77435.8
396809,162506,1,3.63,23830,86502.9
396810,162506,2,2.88,22910,65980.8
396811,162507,1,3.38,23830,80545.4
396812,162507,2,15.85,22910,363123.5
396813,162507,3,19.68,20790,409147.2
396814,162508,1,8.04,23830,191593.2
396815,162508,2,15.97,22910,365872.7
396816,162508,3,9.31,20790,193554.9
396817,162509,1,4.29,23830,102230.7
396818,162509,2,2.17,22910,49714.7
396819,162510,1,3.43,23830,81736.90000000001
396820,162510,2,2.2,22910,50402.00000000001
396821,162511,1,15.07,23830,359118.10000000003
396822,162511,2,4.95,22910,113404.5
396823,162511,3,6.32,20790,131392.80000000002
396824,162512,1,19.78,23830,471357.4
396825,162512,2,5.74,22910,131503.4
396826,162512,3,14.98,20790,311434.2
396827,162513,1,19.94,23830,475170.2
396828,162513,2,18.71,22910,428646.1
396829,162513,3,10.15,20790,211018.5
396830,162514,1,16.59,23830,395339.7
396831,162514,2,11.81,22910,270567.10000000003
396832,162514,3,16.01,20790,332847.9
396833,162515,1,17.46,23830,416071.8000000001
396834,162515,2,12.39,22910,283854.9
396835,162515,3,18.49,20790,384407.1
396836,162516,1,1.75,23830,41702.5
396837,162516,2,11.03,22910,252697.3
396838,162516,3,17.64,20790,366735.6
396839,162517,1,2.71,23830,64579.3
396840,162517,2,17.38,22910,398175.8
396841,162517,3,6.38,20790,132640.2
396842,162518,1,9.39,23830,223763.7
396843,162518,2,1.04,22910,23826.4
396844,162518,3,15.17,20790,315384.3
396845,162519,1,5.54,23830,132018.2
396846,162519,2,2.1,22910,48111.0
396847,162519,3,2.4,20790,49896.0
396848,162520,1,11.53,23830,274759.9
396849,162520,2,10.15,22910,232536.5
396850,162520,3,10.3,20790,214137.00000000003
396851,162521,1,2.55,23830,60766.49999999999
396852,162521,2,3.86,22910,88432.59999999999
396853,162522,1,2.28,23830,54332.4
396854,162522,2,4.62,22910,105844.2
396855,162523,1,12.18,23830,290249.4
396856,162523,2,2.69,22910,61627.9
396857,162523,3,12.77,20790,265488.3
396858,162524,1,18.97,23830,452055.1
396859,162524,2,6.34,22910,145249.4
396860,162524,3,10.37,20790,215592.3
396861,162525,1,3.99,23830,95081.7
396862,162525,2,1.52,22910,34823.2
396863,162526,1,3.16,23830,75302.8
396864,162526,2,1.34,22910,30699.4
396865,162527,1,19.29,23830,459680.7
396866,162527,2,7.34,22910,168159.4
396867,162527,3,10.83,20790,225155.7
396868,162528,1,2.43,23830,57906.9
396869,162528,2,2.59,22910,59336.9
396870,162529,1,2.73,23830,65055.9
396871,162529,2,4.2,22910,96222.0
396872,162530,1,11.24,23830,267849.2
396873,162530,2,14.04,22910,321656.4
396874,162530,3,15.04,20790,312681.6
396875,162531,1,4.95,23830,117958.5
396876,162531,2,2.59,22910,59336.9
396877,162532,1,5.13,23830,122247.9
396878,162532,2,3.12,22910,71479.2
396879,162532,3,6.87,20790,142827.3
396880,162533,1,4.09,23830,97464.7
396881,162533,2,2.92,22910,66897.2
396882,162534,1,2.54,23830,60528.2
396883,162534,2,4.7,22910,107677.0
396884,162535,1,15.02,23830,357926.6
396885,162535,2,12.33,22910,282480.3
396886,162535,3,5.3,20790,110187.0
396887,162536,1,3.14,23830,74826.2
396888,162536,2,1.6,22910,36656.0
396889,162537,1,1.97,23830,46945.1
396890,162537,2,18.29,22910,419023.9
396891,162537,3,1.32,20790,27442.800000000003
396892,162538,1,12.05,23830,287151.5
396893,162538,2,17.67,22910,404819.7
396894,162538,3,3.78,20790,78586.2
396895,162539,1,1.69,23830,40272.7
396896,162539,2,4.16,22910,95305.6
396897,162540,1,3.69,23830,87932.7
396898,162540,2,2.11,22910,48340.1
396899,162541,1,11.23,23830,267610.9
396900,162541,2,4.3,22910,98513.0
396901,162541,3,16.72,20790,347608.8
396902,162542,1,2.06,23830,49089.8
396903,162542,2,4.76,22910,109051.6
396904,162543,1,14.35,23830,341960.5
396905,162543,2,4.88,22910,111800.8
396906,162543,3,7.84,20790,162993.6
396907,162544,1,3.34,23830,79592.2
396908,162544,2,4.59,22910,105156.9
396909,162545,1,1.72,23830,40987.6
396910,162545,2,4.13,22910,94618.3
396911,162546,1,18.73,23830,446335.9
396912,162546,2,7.68,22910,175948.8
396913,162546,3,10.13,20790,210602.7
396914,162547,1,1.63,23830,38842.9
396915,162547,2,1.73,22910,39634.3
396916,162548,1,1.12,23830,26689.6
396917,162548,2,3.36,22910,76977.59999999999
396918,162549,1,1.73,23830,41225.9
396919,162549,2,1.73,22910,39634.3
396920,162550,1,2.07,23830,49328.1
396921,162550,2,4.13,22910,94618.3
396922,162551,1,2.65,23830,63149.5
396923,162551,2,1.63,22910,37343.3
396924,162552,1,18.26,23830,435135.8000000001
396925,162552,2,16.4,22910,375724.0
396926,162552,3,12.49,20790,259667.1
396927,162553,1,19.81,23830,472072.3
396928,162553,2,3.48,22910,79726.8
396929,162553,3,3.72,20790,77338.8
396930,162554,1,2.86,23830,68153.8
396931,162554,2,2.75,22910,63002.5
396932,162555,1,13.57,23830,323373.10000000003
396933,162555,2,13.61,22910,311805.1
396934,162555,3,6.28,20790,130561.2
396935,162556,1,3.72,23830,88647.6
396936,162556,2,1.71,22910,39176.1
396937,162557,1,4.32,23830,102945.6
396938,162557,2,4.39,22910,100574.9
396939,162558,1,1.49,23830,35506.7
396940,162558,2,4.09,22910,93701.9
396941,162559,1,4.71,23830,112239.3
396942,162559,2,1.45,22910,33219.5
396943,162560,1,2.81,23830,66962.3
396944,162560,2,2.71,22910,62086.1
396945,162561,1,11.45,23830,272853.5
396946,162561,2,6.13,22910,140438.3
396947,162561,3,19.03,20790,395633.7
396948,162562,1,2.49,23830,59336.7
396949,162562,2,3.23,22910,73999.3
396950,162563,1,7.93,23830,188971.9
396951,162563,2,3.25,22910,74457.5
396952,162563,3,4.5,20790,93555.0
396953,162564,1,14.31,23830,341007.3
396954,162564,2,3.54,22910,81101.4
396955,162564,3,6.33,20790,131600.7
396956,162565,1,2.07,23830,49328.1
396957,162565,2,1.22,22910,27950.2
396958,162566,1,14.36,23830,342198.8
396959,162566,2,1.78,22910,40779.8
396960,162566,3,13.0,20790,270270.0
396961,162567,1,11.07,23830,263798.10000000003
396962,162567,2,3.7,22910,84767.0
396963,162567,3,19.88,20790,413305.2
396964,162568,1,1.3,23830,30979.0
396965,162568,2,3.88,22910,88890.8
396966,162569,1,2.78,23830,66247.4
396967,162569,2,3.56,22910,81559.6
396968,162570,1,4.06,23830,96749.8
396969,162570,2,1.3,22910,29783.0
396970,162571,1,12.87,23830,306692.1
396971,162571,2,5.62,22910,128754.2
396972,162571,3,10.15,20790,211018.5
396973,162572,1,4.48,23830,106758.4
396974,162572,2,1.92,22910,43987.2
396975,162573,1,3.35,23830,79830.5
396976,162573,2,4.74,22910,108593.4
396977,162574,1,1.89,23830,45038.7
396978,162574,2,9.32,22910,213521.2
396979,162574,3,17.83,20790,370685.7
396980,162575,1,2.13,23830,50757.9
396981,162575,2,2.66,22910,60940.600000000006
396982,162576,1,4.96,23830,118196.8
396983,162576,2,4.13,22910,94618.3
396984,162577,1,18.41,23830,438710.3
396985,162577,2,18.74,22910,429333.4
396986,162577,3,6.38,20790,132640.2
396987,162578,1,2.98,23830,71013.4
396988,162578,2,2.94,22910,67355.4
396989,162579,1,1.02,23830,24306.6
396990,162579,2,4.65,22910,106531.5
396991,162580,1,2.57,23830,61243.1
396992,162580,2,1.52,22910,34823.2
396993,162581,1,18.13,23830,432037.9
396994,162581,2,18.33,22910,419940.3
396995,162581,3,19.32,20790,401662.8
396996,162582,1,2.04,23830,48613.2
396997,162582,2,1.43,22910,32761.3
396998,162583,1,3.25,23830,77447.5
396999,162583,2,10.84,22910,248344.4
397000,162583,3,3.52,20790,73180.8
397001,162584,1,4.88,23830,116290.4
397002,162584,2,1.93,22910,44216.3
397003,162585,1,19.86,23830,473263.8
397004,162585,2,8.18,22910,187403.8
397005,162585,3,16.88,20790,350935.19999999995
397006,162586,1,11.65,23830,277619.5
397007,162586,2,15.64,22910,358312.4
397008,162586,3,15.88,20790,330145.2
397009,162587,1,16.56,23830,394624.8
397010,162587,2,11.6,22910,265756.0
397011,162587,3,8.95,20790,186070.5
397012,162588,1,4.12,23830,98179.6
397013,162588,2,2.13,22910,48798.3
397014,162589,1,2.01,23830,47898.3
397015,162589,2,6.1,22910,139751.0
397016,162589,3,1.69,20790,35135.1
397017,162590,1,1.04,23830,24783.2
397018,162590,2,6.44,22910,147540.40000000002
397019,162590,3,17.97,20790,373596.3
397020,162591,1,2.13,23830,50757.9
397021,162591,2,2.63,22910,60253.3
397022,162592,1,2.31,23830,55047.3
397023,162592,2,2.84,22910,65064.4
397024,162593,1,3.04,23830,72443.2
397025,162593,2,1.63,22910,37343.3
397026,162594,1,4.47,23830,106520.1
397027,162594,2,2.48,22910,56816.8
397028,162595,1,1.08,23830,25736.4
397029,162595,2,3.99,22910,91410.9
397030,162596,1,16.26,23830,387475.8000000001
397031,162596,2,16.78,22910,384429.8000000001
397032,162596,3,12.31,20790,255924.9
397033,162597,1,4.99,23830,118911.7
397034,162597,2,4.19,22910,95992.9
397035,162598,1,3.01,23830,71728.29999999999
397036,162598,2,1.77,22910,40550.7
397037,162599,1,3.89,23830,92698.7
397038,162599,2,16.78,22910,384429.8000000001
397039,162599,3,19.66,20790,408731.4
397040,162600,1,6.96,23830,165856.8
397041,162600,2,17.09,22910,391531.9
397042,162600,3,3.43,20790,71309.7
397043,162601,1,7.49,23830,178486.7
397044,162601,2,17.35,22910,397488.50000000006
397045,162601,3,5.22,20790,108523.8
397046,162602,1,3.05,23830,72681.5
397047,162602,2,1.49,22910,34135.9
397048,162603,1,1.43,23830,34076.9
397049,162603,2,1.55,22910,35510.5
397050,162604,1,4.96,23830,118196.8
397051,162604,2,1.26,22910,28866.6
397052,162605,1,9.22,23830,219712.6
397053,162605,2,9.72,22910,222685.2
397054,162605,3,3.44,20790,71517.6
397055,162606,1,3.57,23830,85073.09999999999
397056,162606,2,4.68,22910,107218.8
397057,162607,1,19.71,23830,469689.3000000001
397058,162607,2,12.08,22910,276752.8
397059,162607,3,9.73,20790,202286.7
401667,164491,1,10.57,23830,251883.1
401668,164491,2,6.82,22910,156246.2
401669,164491,3,17.75,20790,369022.5
401670,164492,1,4.68,23830,111524.4
401671,164492,2,4.0,22910,91640.0
401672,164493,1,3.84,23830,91507.2
401673,164493,2,2.18,22910,49943.8
401674,164494,1,1.72,23830,40987.6
401675,164494,2,4.97,22910,113862.7
401676,164495,1,3.63,23830,86502.9
401677,164495,2,2.05,22910,46965.49999999999
401678,164496,1,7.3,23830,173959.0
401679,164496,2,1.15,22910,26346.5
401680,164496,3,18.66,20790,387941.4
401681,164497,1,2.15,23830,51234.5
401682,164497,2,2.06,22910,47194.6
401683,164498,1,2.68,23830,63864.4
401684,164498,2,4.21,22910,96451.1
401685,164499,1,3.16,23830,75302.8
401686,164499,2,3.7,22910,84767.0
401687,164500,1,4.56,23830,108664.8
401688,164500,2,1.6,22910,36656.0
401689,164501,1,19.61,23830,467306.3
401690,164501,2,18.54,22910,424751.4
401691,164501,3,17.77,20790,369438.3
401692,164502,1,10.22,23830,243542.6
401693,164502,2,1.77,22910,40550.7
401694,164502,3,3.66,20790,76091.40000000001
401695,164503,1,1.99,23830,47421.7
401696,164503,2,1.1,22910,25201.000000000004
401697,164504,1,1.78,23830,42417.4
401698,164504,2,2.24,22910,51318.4
401699,164505,1,2.48,23830,59098.4
401700,164505,2,1.71,22910,39176.1
401701,164506,1,3.43,23830,81736.90000000001
401702,164506,2,3.76,22910,86141.59999999999
401703,164507,1,1.33,23830,31693.9
401704,164507,2,3.41,22910,78123.1
401705,164508,1,1.46,23830,34791.8
401706,164508,2,4.86,22910,111342.6
401707,164509,1,4.48,23830,106758.4
401708,164509,2,2.11,22910,48340.1
401709,164510,1,10.63,23830,253312.9
401710,164510,2,1.67,22910,38259.7
401711,164510,3,17.72,20790,368398.8
401712,164511,1,2.55,23830,60766.49999999999
401713,164511,2,1.37,22910,31386.7
401714,164511,3,13.04,20790,271101.6
401715,164512,1,6.32,23830,150605.6
401716,164512,2,10.47,22910,239867.7
401717,164512,3,7.5,20790,155925.0
401718,164513,1,12.22,23830,291202.60000000003
401719,164513,2,16.03,22910,367247.3000000001
401720,164513,3,13.99,20790,290852.1
401721,164514,1,1.02,23830,24306.6
401722,164514,2,2.39,22910,54754.9
401723,164515,1,3.66,23830,87217.8
401724,164515,2,3.75,22910,85912.5
401725,164516,1,1.93,23830,45991.9
401726,164516,2,3.31,22910,75832.1
401727,164517,1,2.25,23830,53617.5
401728,164517,2,16.29,22910,373203.9
401729,164517,3,10.93,20790,227234.7
401730,164518,1,1.9,23830,45277.0
401731,164518,2,2.22,22910,50860.2
401732,164519,1,2.44,23830,58145.2
401733,164519,2,4.14,22910,94847.4
401734,164520,1,18.23,23830,434420.9
401735,164520,2,11.5,22910,263465.0
401736,164520,3,9.25,20790,192307.5
401737,164521,1,1.89,23830,45038.7
401738,164521,2,4.17,22910,95534.7
401739,164522,1,19.87,23830,473502.1
401740,164522,2,1.12,22910,25659.2
401741,164522,3,9.98,20790,207484.2
401742,164523,1,11.86,23830,282623.8
401743,164523,2,5.54,22910,126921.4
401744,164523,3,6.9,20790,143451.0
401745,164524,1,4.32,23830,102945.6
401746,164524,2,3.07,22910,70333.7
401747,164525,1,14.03,23830,334334.9
401748,164525,2,8.75,22910,200462.5
401749,164525,3,14.5,20790,301455.0
401750,164526,1,1.12,23830,26689.6
401751,164526,2,1.48,22910,33906.8
401752,164527,1,9.73,23830,231865.9
401753,164527,2,3.77,22910,86370.7
401754,164527,3,3.63,20790,75467.7
401755,164528,1,3.91,23830,93175.3
401756,164528,2,1.59,22910,36426.9
401757,164529,1,3.66,23830,87217.8
401758,164529,2,11.45,22910,262319.5
401759,164529,3,6.65,20790,138253.5
401760,164530,1,3.36,23830,80068.8
401761,164530,2,2.53,22910,57962.3
401762,164531,1,3.1,23830,73873.0
401763,164531,2,10.96,22910,251093.6
401764,164531,3,7.77,20790,161538.3
401765,164532,1,4.54,23830,108188.2
401766,164532,2,3.14,22910,71937.40000000001
401767,164533,1,1.43,23830,34076.9
401768,164533,2,4.24,22910,97138.4
401769,164533,3,1.68,20790,34927.2
401770,164534,1,3.08,23830,73396.40000000001
401771,164534,2,7.46,22910,170908.6
401772,164534,3,2.53,20790,52598.7
401773,164535,1,18.36,23830,437518.8
401774,164535,2,4.77,22910,109280.7
401775,164535,3,5.88,20790,122245.2
401776,164536,1,2.74,23830,65294.2
401777,164536,2,2.6,22910,59566.0
401778,164537,1,17.82,23830,424650.6
401779,164537,2,19.48,22910,446286.8
401780,164537,3,12.41,20790,258003.9
401781,164538,1,1.79,23830,42655.7
401782,164538,2,3.07,22910,70333.7
401783,164539,1,2.47,23830,58860.100000000006
401784,164539,2,1.11,22910,25430.1
401785,164540,1,4.79,23830,114145.7
401786,164540,2,2.04,22910,46736.4
401787,164541,1,1.66,23830,39557.8
401788,164541,2,3.77,22910,86370.7
401789,164542,1,1.11,23830,26451.300000000003
401790,164542,2,4.52,22910,103553.2
401791,164543,1,11.53,23830,274759.9
401792,164543,2,13.33,22910,305390.3
401793,164543,3,3.07,20790,63825.3
401794,164544,1,10.61,23830,252836.3
401795,164544,2,8.96,22910,205273.6
401796,164544,3,18.72,20790,389188.8
401797,164545,1,3.58,23830,85311.40000000001
401798,164545,2,3.4,22910,77894.0
401799,164546,1,2.68,23830,63864.4
401800,164546,2,3.72,22910,85225.20000000001
401801,164547,1,1.03,23830,24544.9
401802,164547,2,3.67,22910,84079.7
401803,164547,3,5.44,20790,113097.6
401804,164548,1,3.76,23830,89600.79999999999
401805,164548,2,1.98,22910,45361.8
401806,164549,1,1.55,23830,36936.5
401807,164549,2,1.67,22910,38259.7
401808,164550,1,2.04,23830,48613.2
401809,164550,2,3.83,22910,87745.3
401810,164550,3,18.36,20790,381704.4
401811,164551,1,6.59,23830,157039.69999999998
401812,164551,2,1.07,22910,24513.7
401813,164551,3,12.79,20790,265904.1
401814,164552,1,7.02,23830,167286.59999999998
401815,164552,2,4.79,22910,109738.9
401816,164552,3,1.24,20790,25779.6
401817,164553,1,16.78,23830,399867.4
401818,164553,2,11.21,22910,256821.1
401819,164553,3,12.79,20790,265904.1
401820,164554,1,13.87,23830,330522.1
401821,164554,2,12.63,22910,289353.30000000005
401822,164554,3,2.68,20790,55717.2
401823,164555,1,4.82,23830,114860.6
401824,164555,2,1.64,22910,37572.4
401825,164556,1,4.63,23830,110332.9
401826,164556,2,3.36,22910,76977.59999999999
401827,164557,1,2.67,23830,63626.1
401828,164557,2,3.33,22910,76290.3
401829,164558,1,4.55,23830,108426.5
401830,164558,2,3.98,22910,91181.8
401831,164559,1,19.81,23830,472072.3
401832,164559,2,2.89,22910,66209.90000000001
401833,164559,3,3.98,20790,82744.2
401834,164560,1,4.92,23830,117243.6
401835,164560,2,3.92,22910,89807.2
401836,164561,1,4.68,23830,111524.4
401837,164561,2,1.87,22910,42841.7
401838,164562,1,2.09,23830,49804.7
401839,164562,2,1.97,22910,45132.7
401840,164563,1,4.57,23830,108903.1
401841,164563,2,4.16,22910,95305.6
401842,164564,1,1.26,23830,30025.8
401843,164564,2,3.18,22910,72853.8
401844,164565,1,15.24,23830,363169.2
401845,164565,2,7.82,22910,179156.2
401846,164565,3,3.23,20790,67151.7
401847,164566,1,2.65,23830,63149.5
401848,164566,2,2.49,22910,57045.9
401849,164567,1,18.06,23830,430369.8
401850,164567,2,12.79,22910,293018.9
401851,164567,3,5.02,20790,104365.8
401852,164568,1,3.55,23830,84596.5
401853,164568,2,4.86,22910,111342.6
401854,164569,1,16.78,23830,399867.4
401855,164569,2,2.63,22910,60253.3
401856,164569,3,12.95,20790,269230.5
401857,164570,1,3.16,23830,75302.8
401858,164570,2,2.26,22910,51776.6
401859,164571,1,1.31,23830,31217.300000000003
401860,164571,2,2.76,22910,63231.6
401861,164572,1,18.79,23830,447765.7
401862,164572,2,6.63,22910,151893.3
401863,164572,3,19.86,20790,412889.4
401864,164573,1,1.71,23830,40749.3
401865,164573,2,2.48,22910,56816.8
401866,164574,1,4.84,23830,115337.2
401867,164574,2,1.16,22910,26575.6
401868,164575,1,1.8,23830,42894.0
401869,164575,2,2.25,22910,51547.5
401870,164576,1,17.5,23830,417025.0
401871,164576,2,8.7,22910,199317.0
401872,164576,3,6.1,20790,126819.0
401873,164577,1,13.06,23830,311219.8
401874,164577,2,17.76,22910,406881.6
401875,164577,3,1.75,20790,36382.5
401876,164578,1,19.74,23830,470404.2
401877,164578,2,4.67,22910,106989.7
401878,164578,3,3.0,20790,62370.0
401879,164579,1,1.68,23830,40034.4
401880,164579,2,1.72,22910,39405.2
401881,164579,3,17.57,20790,365280.3
401882,164580,1,5.23,23830,124630.9
401883,164580,2,2.48,22910,56816.8
401884,164580,3,3.09,20790,64241.1
401885,164581,1,1.62,23830,38604.600000000006
401886,164581,2,1.63,22910,37343.3
401887,164582,1,2.47,23830,58860.100000000006
401888,164582,2,4.22,22910,96680.2
401889,164583,1,1.55,23830,36936.5
401890,164583,2,3.46,22910,79268.6
401891,164584,1,5.83,23830,138928.9
401892,164584,2,19.38,22910,443995.8
401893,164584,3,10.61,20790,220581.9
401894,164585,1,8.19,23830,195167.7
401895,164585,2,18.94,22910,433915.4
401896,164585,3,15.64,20790,325155.60000000003
401897,164586,1,2.09,23830,49804.7
401898,164586,2,2.88,22910,65980.8
401899,164587,1,3.89,23830,92698.7
401900,164587,2,4.87,22910,111571.7
401901,164588,1,4.83,23830,115098.9
401902,164588,2,3.86,22910,88432.59999999999
401903,164589,1,11.7,23830,278811.0
401904,164589,2,16.37,22910,375036.7
401905,164589,3,14.66,20790,304781.4
401906,164590,1,16.25,23830,387237.5
401907,164590,2,5.85,22910,134023.5
401908,164590,3,16.19,20790,336590.10000000003
406691,166552,1,3.0,23830,71490.0
406692,166552,2,19.03,22910,435977.3000000001
406693,166552,3,17.2,20790,357588.0
406694,166553,1,4.03,23830,96034.9
406695,166553,2,3.46,22910,79268.6
406696,166554,1,10.42,23830,248308.6
406697,166554,2,14.23,22910,326009.3
406698,166554,3,4.17,20790,86694.3
406699,166555,1,1.54,23830,36698.2
406700,166555,2,1.48,22910,33906.8
406701,166556,1,10.31,23830,245687.3
406702,166556,2,2.11,22910,48340.1
406703,166556,3,2.49,20790,51767.100000000006
406704,166557,1,4.89,23830,116528.7
406705,166557,2,1.94,22910,44445.4
406706,166558,1,6.29,23830,149890.7
406707,166558,2,4.69,22910,107447.9
406708,166558,3,14.39,20790,299168.10000000003
406709,166559,1,2.66,23830,63387.8
406710,166559,2,4.63,22910,106073.3
406711,166560,1,1.52,23830,36221.6
406712,166560,2,12.63,22910,289353.30000000005
406713,166560,3,17.93,20790,372764.7
406714,166561,1,17.94,23830,427510.2
406715,166561,2,3.55,22910,81330.5
406716,166561,3,18.17,20790,377754.3000000001
406717,166562,1,3.6,23830,85788.0
406718,166562,2,2.05,22910,46965.49999999999
406719,166563,1,3.78,23830,90077.4
406720,166563,2,19.9,22910,455909.0
406721,166563,3,14.51,20790,301662.9
406722,166564,1,4.62,23830,110094.6
406723,166564,2,12.14,22910,278127.4
406724,166564,3,2.95,20790,61330.50000000001
406725,166565,1,15.34,23830,365552.2
406726,166565,2,18.02,22910,412838.2
406727,166565,3,15.76,20790,327650.4
406728,166566,1,1.39,23830,33123.7
406729,166566,2,3.41,22910,78123.1
406730,166567,1,3.55,23830,84596.5
406731,166567,2,2.38,22910,54525.8
406732,166568,1,3.94,23830,93890.2
406733,166568,2,3.61,22910,82705.09999999999
406734,166569,1,8.29,23830,197550.7
406735,166569,2,16.16,22910,370225.6
406736,166569,3,4.26,20790,88565.4
406737,166570,1,2.32,23830,55285.6
406738,166570,2,4.25,22910,97367.5
406739,166571,1,5.11,23830,121771.3
406740,166571,2,17.06,22910,390844.6
406741,166571,3,11.64,20790,241995.6
406742,166572,1,5.37,23830,127967.1
406743,166572,2,6.79,22910,155558.9
406744,166572,3,8.56,20790,177962.40000000002
406745,166573,1,4.17,23830,99371.1
406746,166573,2,2.99,22910,68500.90000000001
406747,166574,1,2.45,23830,58383.50000000001
406748,166574,2,7.08,22910,162202.8
406749,166574,3,9.06,20790,188357.4
406750,166575,1,9.39,23830,223763.7
406751,166575,2,5.99,22910,137230.9
406752,166575,3,18.45,20790,383575.5
406753,166576,1,1.36,23830,32408.800000000003
406754,166576,2,3.46,22910,79268.6
406755,166577,1,4.27,23830,101754.1
406756,166577,2,9.96,22910,228183.6
406757,166577,3,15.63,20790,324947.7
406758,166578,1,3.54,23830,84358.2
406759,166578,2,4.41,22910,101033.1
406760,166579,1,1.94,23830,46230.2
406761,166579,2,2.89,22910,66209.90000000001
406762,166580,1,12.17,23830,290011.1
406763,166580,2,19.11,22910,437810.1
406764,166580,3,18.09,20790,376091.1
406765,166581,1,3.25,23830,77447.5
406766,166581,2,2.33,22910,53380.3
406767,166582,1,1.12,23830,26689.6
406768,166582,2,2.76,22910,63231.6
406769,166583,1,2.0,23830,47660.0
406770,166583,2,4.87,22910,111571.7
406771,166584,1,17.8,23830,424174.0
406772,166584,2,14.22,22910,325780.2
406773,166584,3,2.47,20790,51351.3
406774,166585,1,1.58,23830,37651.4
406775,166585,2,1.5,22910,34365.0
406776,166586,1,1.33,23830,31693.9
406777,166586,2,2.93,22910,67126.3
406778,166587,1,1.66,23830,39557.8
406779,166587,2,2.45,22910,56129.50000000001
406780,166588,1,17.44,23830,415595.2
406781,166588,2,3.23,22910,73999.3
406782,166588,3,5.12,20790,106444.8
406783,166589,1,19.66,23830,468497.8
406784,166589,2,17.0,22910,389470.0
406785,166589,3,3.05,20790,63409.49999999999
406786,166590,1,19.66,23830,468497.8
406787,166590,2,11.0,22910,252010.0
406788,166590,3,12.3,20790,255717.00000000003
406789,166591,1,14.34,23830,341722.2
406790,166591,2,10.94,22910,250635.4
406791,166591,3,5.58,20790,116008.2
406792,166592,1,2.67,23830,63626.1
406793,166592,2,1.72,22910,39405.2
406794,166593,1,3.95,23830,94128.5
406795,166593,2,4.02,22910,92098.2
406796,166594,1,4.74,23830,112954.2
406797,166594,2,1.29,22910,29553.9
406798,166594,3,8.63,20790,179417.7
406799,166595,1,3.57,23830,85073.09999999999
406800,166595,2,3.02,22910,69188.2
406801,166595,3,3.94,20790,81912.6
406802,166596,1,3.82,23830,91030.6
406803,166596,2,3.38,22910,77435.8
406804,166597,1,14.92,23830,355543.6
406805,166597,2,16.08,22910,368392.8
406806,166597,3,19.53,20790,406028.7
406807,166598,1,4.13,23830,98417.9
406808,166598,2,15.76,22910,361061.6
406809,166598,3,6.22,20790,129313.8
406810,166599,1,8.35,23830,198980.5
406811,166599,2,5.67,22910,129899.7
406812,166599,3,18.12,20790,376714.8000000001
406813,166600,1,1.98,23830,47183.4
406814,166600,2,1.16,22910,26575.6
406815,166601,1,17.42,23830,415118.6
406816,166601,2,18.6,22910,426126.00000000006
406817,166601,3,6.72,20790,139708.8
406818,166602,1,1.14,23830,27166.2
406819,166602,2,3.66,22910,83850.6
406820,166603,1,18.56,23830,442284.8
406821,166603,2,18.96,22910,434373.6
406822,166603,3,11.62,20790,241579.8
406823,166604,1,1.62,23830,38604.600000000006
406824,166604,2,2.81,22910,64377.1
406825,166605,1,4.08,23830,97226.4
406826,166605,2,4.24,22910,97138.4
406827,166606,1,2.68,23830,63864.4
406828,166606,2,3.19,22910,73082.9
406829,166607,1,1.72,23830,40987.6
406830,166607,2,1.74,22910,39863.4
406831,166608,1,11.91,23830,283815.3
406832,166608,2,10.74,22910,246053.4
406833,166608,3,8.68,20790,180457.2
406834,166609,1,16.57,23830,394863.1
406835,166609,2,11.83,22910,271025.3
406836,166609,3,12.66,20790,263201.4
406837,166610,1,3.77,23830,89839.1
406838,166610,2,1.68,22910,38488.8
406839,166611,1,2.71,23830,64579.3
406840,166611,2,4.71,22910,107906.1
406841,166612,1,1.03,23830,24544.9
406842,166612,2,1.32,22910,30241.2
406843,166613,1,4.05,23830,96511.5
406844,166613,2,1.85,22910,42383.5
406845,166614,1,1.24,23830,29549.2
406846,166614,2,2.57,22910,58878.7
406847,166615,1,1.8,23830,42894.0
406848,166615,2,1.85,22910,42383.5
406849,166615,3,8.08,20790,167983.2
406850,166616,1,3.69,23830,87932.7
406851,166616,2,3.79,22910,86828.9
406852,166617,1,2.43,23830,57906.9
406853,166617,2,4.21,22910,96451.1
406854,166618,1,3.87,23830,92222.1
406855,166618,2,16.23,22910,371829.3
406856,166618,3,17.02,20790,353845.8
406857,166619,1,19.11,23830,455391.3
406858,166619,2,19.44,22910,445370.4
406859,166619,3,13.68,20790,284407.2
406860,166620,1,4.55,23830,108426.5
406861,166620,2,4.36,22910,99887.6
406862,166621,1,4.17,23830,99371.1
406863,166621,2,4.55,22910,104240.5
406864,166622,1,2.45,23830,58383.50000000001
406865,166622,2,3.9,22910,89349.0
406866,166623,1,1.66,23830,39557.8
406867,166623,2,4.77,22910,109280.7
406868,166623,3,3.65,20790,75883.5
406869,166624,1,4.06,23830,96749.8
406870,166624,2,3.8,22910,87058.0
406871,166625,1,4.8,23830,114384.0
406872,166625,2,2.78,22910,63689.8
406873,166626,1,4.96,23830,118196.8
406874,166626,2,1.06,22910,24284.6
406875,166627,1,1.21,23830,28834.3
406876,166627,2,1.57,22910,35968.700000000004
406877,166628,1,2.91,23830,69345.3
406878,166628,2,1.47,22910,33677.7
406879,166629,1,12.23,23830,291440.9
406880,166629,2,4.59,22910,105156.9
406881,166629,3,8.84,20790,183783.6
406882,166630,1,1.05,23830,25021.5
406883,166630,2,1.09,22910,24971.9
406884,166631,1,12.35,23830,294300.5
406885,166631,2,5.75,22910,131732.5
406886,166631,3,17.74,20790,368814.6
406887,166632,1,1.45,23830,34553.5
406888,166632,2,3.62,22910,82934.2
406889,166633,1,10.21,23830,243304.3
406890,166633,2,16.99,22910,389240.9
406891,166633,3,15.84,20790,329313.6
406892,166634,1,3.01,23830,71728.29999999999
406893,166634,2,3.81,22910,87287.1
406894,166635,1,1.77,23830,42179.1
406895,166635,2,1.54,22910,35281.4
406896,166636,1,4.69,23830,111762.7
406897,166636,2,4.04,22910,92556.4
411682,168590,1,1.37,23830,32647.1
411683,168590,2,18.45,22910,422689.5
411684,168590,3,10.02,20790,208315.8
411685,168591,1,7.74,23830,184444.2
411686,168591,2,2.85,22910,65293.5
411687,168591,3,4.84,20790,100623.6
411688,168592,1,1.43,23830,34076.9
411689,168592,2,3.56,22910,81559.6
411690,168593,1,4.51,23830,107473.3
411691,168593,2,3.96,22910,90723.6
411692,168594,1,4.78,23830,113907.4
411693,168594,2,5.07,22910,116153.7
411694,168594,3,5.65,20790,117463.5
411695,168595,1,4.29,23830,102230.7
411696,168595,2,15.1,22910,345941.0
411697,168595,3,18.94,20790,393762.6
411698,168596,1,11.86,23830,282623.8
411699,168596,2,2.55,22910,58420.49999999999
411700,168596,3,6.49,20790,134927.1
411701,168597,1,4.21,23830,100324.3
411702,168597,2,2.27,22910,52005.7
411703,168598,1,1.86,23830,44323.8
411704,168598,2,18.61,22910,426355.1
411705,168598,3,4.03,20790,83783.70000000001
411706,168599,1,1.44,23830,34315.2
411707,168599,2,3.82,22910,87516.2
411708,168600,1,3.14,23830,74826.2
411709,168600,2,4.45,22910,101949.5
411710,168601,1,2.52,23830,60051.6
411711,168601,2,3.24,22910,74228.40000000001
411712,168602,1,7.76,23830,184920.8
411713,168602,2,10.29,22910,235743.9
411714,168602,3,5.23,20790,108731.7
411715,168603,1,2.82,23830,67200.59999999999
411716,168603,2,3.04,22910,69646.4
411717,168604,1,3.53,23830,84119.9
411718,168604,2,4.4,22910,100804.0
411719,168605,1,3.31,23830,78877.3
411720,168605,2,3.74,22910,85683.40000000001
411721,168606,1,8.69,23830,207082.7
411722,168606,2,4.74,22910,108593.4
411723,168606,3,15.97,20790,332016.3
411724,168607,1,2.88,23830,68630.4
411725,168607,2,1.32,22910,30241.2
411726,168608,1,3.64,23830,86741.2
411727,168608,2,4.14,22910,94847.4
411728,168609,1,14.44,23830,344105.2
411729,168609,2,13.83,22910,316845.3
411730,168609,3,9.77,20790,203118.3
411731,168610,1,4.98,23830,118673.4
411732,168610,2,2.91,22910,66668.1
411733,168611,1,19.27,23830,459204.1
411734,168611,2,5.46,22910,125088.6
411735,168611,3,9.37,20790,194802.3
411736,168612,1,3.66,23830,87217.8
411737,168612,2,1.23,22910,28179.3
411738,168613,1,2.83,23830,67438.90000000001
411739,168613,2,1.53,22910,35052.3
411740,168614,1,1.87,23830,44562.100000000006
411741,168614,2,4.77,22910,109280.7
411742,168615,1,16.04,23830,382233.2
411743,168615,2,9.72,22910,222685.2
411744,168615,3,18.45,20790,383575.5
411745,168616,1,1.2,23830,28596.0
411746,168616,2,2.28,22910,52234.8
411747,168617,1,4.07,23830,96988.1
411748,168617,2,1.61,22910,36885.100000000006
411749,168618,1,3.04,23830,72443.2
411750,168618,2,3.67,22910,84079.7
411751,168619,1,1.87,23830,44562.100000000006
411752,168619,2,2.06,22910,47194.6
411753,168620,1,1.66,23830,39557.8
411754,168620,2,1.15,22910,26346.5
411755,168621,1,13.2,23830,314556.0
411756,168621,2,10.28,22910,235514.8
411757,168621,3,3.96,20790,82328.4
411758,168622,1,4.33,23830,103183.9
411759,168622,2,1.26,22910,28866.6
411760,168623,1,1.86,23830,44323.8
411761,168623,2,1.76,22910,40321.6
411762,168624,1,4.38,23830,104375.4
411763,168624,2,3.61,22910,82705.09999999999
411764,168625,1,18.42,23830,438948.6
411765,168625,2,3.46,22910,79268.6
411766,168625,3,6.74,20790,140124.6
411767,168626,1,2.15,23830,51234.5
411768,168626,2,2.67,22910,61169.7
411769,168627,1,13.35,23830,318130.5
411770,168627,2,6.06,22910,138834.59999999998
411771,168627,3,16.22,20790,337213.8
411772,168628,1,10.8,23830,257364.00000000003
411773,168628,2,9.9,22910,226809.0
411774,168628,3,13.68,20790,284407.2
411775,168629,1,4.77,23830,113669.1
411776,168629,2,1.57,22910,35968.700000000004
411777,168630,1,11.7,23830,278811.0
411778,168630,2,4.25,22910,97367.5
411779,168630,3,1.32,20790,27442.800000000003
411780,168631,1,4.39,23830,104613.7
411781,168631,2,17.32,22910,396801.2
411782,168631,3,8.66,20790,180041.4
411783,168632,1,2.62,23830,62434.600000000006
411784,168632,2,3.07,22910,70333.7
411785,168633,1,2.43,23830,57906.9
411786,168633,2,17.86,22910,409172.6
411787,168633,3,5.3,20790,110187.0
411788,168634,1,9.38,23830,223525.4
411789,168634,2,5.85,22910,134023.5
411790,168634,3,19.14,20790,397920.6
411791,168635,1,3.33,23830,79353.90000000001
411792,168635,2,16.89,22910,386949.9
411793,168635,3,15.55,20790,323284.5
411794,168636,1,16.46,23830,392241.8000000001
411795,168636,2,2.16,22910,49485.600000000006
411796,168636,3,10.38,20790,215800.2
411797,168637,1,1.94,23830,46230.2
411798,168637,2,3.13,22910,71708.3
411799,168638,1,18.14,23830,432276.2
411800,168638,2,6.62,22910,151664.2
411801,168638,3,4.4,20790,91476.0
411802,168639,1,4.36,23830,103898.8
411803,168639,2,1.58,22910,36197.8
411804,168639,3,4.52,20790,93970.8
411805,168640,1,1.02,23830,24306.6
411806,168640,2,2.87,22910,65751.7
411807,168641,1,3.22,23830,76732.6
411808,168641,2,7.76,22910,177781.6
411809,168641,3,12.25,20790,254677.5
411810,168642,1,4.83,23830,115098.9
411811,168642,2,1.71,22910,39176.1
411812,168643,1,14.64,23830,348871.2
411813,168643,2,6.8,22910,155788.0
411814,168643,3,3.48,20790,72349.2
411815,168644,1,3.66,23830,87217.8
411816,168644,2,1.09,22910,24971.9
411817,168645,1,1.56,23830,37174.8
411818,168645,2,3.63,22910,83163.3
411819,168646,1,19.31,23830,460157.3
411820,168646,2,3.4,22910,77894.0
411821,168646,3,9.44,20790,196257.6
411822,168647,1,4.18,23830,99609.4
411823,168647,2,3.98,22910,91181.8
411824,168648,1,15.04,23830,358403.19999999995
411825,168648,2,4.9,22910,112259.0
411826,168648,3,19.92,20790,414136.8000000001
411827,168649,1,19.28,23830,459442.4
411828,168649,2,10.14,22910,232307.4
411829,168649,3,9.81,20790,203949.9
411830,168650,1,2.9,23830,69107.0
411831,168650,2,1.79,22910,41008.9
411832,168651,1,4.98,23830,118673.4
411833,168651,2,1.25,22910,28637.5
411834,168652,1,5.84,23830,139167.19999999998
411835,168652,2,2.91,22910,66668.1
411836,168652,3,5.27,20790,109563.3
411837,168653,1,3.37,23830,80307.1
411838,168653,2,2.14,22910,49027.4
411839,168653,3,2.64,20790,54885.600000000006
411840,168654,1,3.56,23830,84834.8
411841,168654,2,1.02,22910,23368.2
411842,168654,3,16.52,20790,343450.8
411843,168655,1,4.76,23830,113430.8
411844,168655,2,2.19,22910,50172.9
411845,168656,1,5.03,23830,119864.9
411846,168656,2,9.26,22910,212146.6
411847,168656,3,13.25,20790,275467.5
411848,168657,1,19.97,23830,475885.1
411849,168657,2,1.22,22910,27950.2
411850,168657,3,15.97,20790,332016.3
411851,168658,1,1.84,23830,43847.2
411852,168658,2,3.73,22910,85454.3
411853,168659,1,3.35,23830,79830.5
411854,168659,2,9.14,22910,209397.4
411855,168659,3,7.16,20790,148856.4
411856,168660,1,2.49,23830,59336.7
411857,168660,2,2.42,22910,55442.2
411858,168661,1,4.55,23830,108426.5
411859,168661,2,1.52,22910,34823.2
411860,168662,1,13.17,23830,313841.1
411861,168662,2,18.39,22910,421314.9
411862,168662,3,13.14,20790,273180.60000000003
411863,168663,1,1.09,23830,25974.7
411864,168663,2,12.11,22910,277440.1
411865,168663,3,16.05,20790,333679.5
411866,168664,1,17.8,23830,424174.0
411867,168664,2,3.95,22910,90494.5
411868,168664,3,11.11,20790,230976.9
411869,168665,1,17.98,23830,428463.4
411870,168665,2,20.0,22910,458200.0
411871,168665,3,19.95,20790,414760.5
411872,168666,1,8.02,23830,191116.6
411873,168666,2,8.81,22910,201837.1
411874,168666,3,9.5,20790,197505.0
411875,168667,1,3.8,23830,90554.0
411876,168667,2,4.4,22910,100804.0
411877,168668,1,17.48,23830,416548.4
411878,168668,2,9.33,22910,213750.3
411879,168668,3,18.81,20790,391059.9
411880,168669,1,1.04,23830,24783.2
411881,168669,2,3.38,22910,77435.8
411882,168670,1,2.07,23830,49328.1
411883,168670,2,4.46,22910,102178.6
414913,169911,1,2.87,23830,68392.1
414914,169911,2,2.84,22910,65064.4
414915,169912,1,19.18,23830,457059.4
414916,169912,2,17.51,22910,401154.1
414917,169912,3,9.48,20790,197089.2
414918,169913,1,14.41,23830,343390.3
414919,169913,2,15.21,22910,348461.10000000003
414920,169913,3,9.31,20790,193554.9
414921,169914,1,2.15,23830,51234.5
414922,169914,2,3.11,22910,71250.09999999999
414923,169915,1,19.69,23830,469212.7
414924,169915,2,4.56,22910,104469.6
414925,169915,3,3.61,20790,75051.9
414926,169916,1,2.27,23830,54094.1
414927,169916,2,2.74,22910,62773.4
414928,169917,1,19.45,23830,463493.5
414929,169917,2,16.23,22910,371829.3
414930,169917,3,12.15,20790,252598.5
414931,169918,1,3.21,23830,76494.3
414932,169918,2,4.27,22910,97825.7
414933,169919,1,7.97,23830,189925.1
414934,169919,2,1.9,22910,43529.0
414935,169919,3,1.27,20790,26403.3
414936,169920,1,10.7,23830,254981.0
414937,169920,2,18.53,22910,424522.3000000001
414938,169920,3,1.12,20790,23284.800000000003
414939,169921,1,12.38,23830,295015.4
414940,169921,2,6.54,22910,149831.4
414941,169921,3,10.3,20790,214137.00000000003
414942,169922,1,4.16,23830,99132.8
414943,169922,2,2.18,22910,49943.8
414944,169923,1,2.82,23830,67200.59999999999
414945,169923,2,3.57,22910,81788.7
414946,169924,1,8.74,23830,208274.2
414947,169924,2,12.32,22910,282251.2
414948,169924,3,8.3,20790,172557.00000000003
414949,169925,1,4.4,23830,104852.0
414950,169925,2,4.19,22910,95992.9
414951,169926,1,16.83,23830,401058.9
414952,169926,2,8.0,22910,183280.0
414953,169926,3,9.72,20790,202078.8
414954,169927,1,17.6,23830,419408.00000000006
414955,169927,2,17.72,22910,405965.2
414956,169927,3,14.68,20790,305197.2
414957,169928,1,3.95,23830,94128.5
414958,169928,2,4.7,22910,107677.0
414959,169929,1,17.05,23830,406301.5
414960,169929,2,10.38,22910,237805.8
414961,169929,3,6.36,20790,132224.4
414962,169930,1,14.3,23830,340769.0
414963,169930,2,18.16,22910,416045.6
414964,169930,3,18.38,20790,382120.2
414965,169931,1,1.43,23830,34076.9
414966,169931,2,2.53,22910,57962.3
414967,169932,1,1.11,23830,26451.300000000003
414968,169932,2,2.96,22910,67813.6
414969,169933,1,2.07,23830,49328.1
414970,169933,2,1.02,22910,23368.2
414971,169934,1,2.5,23830,59575.0
414972,169934,2,1.53,22910,35052.3
414973,169935,1,14.67,23830,349586.1
414974,169935,2,17.01,22910,389699.1
414975,169935,3,15.31,20790,318294.9
414976,169936,1,12.67,23830,301926.1
414977,169936,2,2.51,22910,57504.1
414978,169936,3,6.79,20790,141164.1
414979,169937,1,14.95,23830,356258.5
414980,169937,2,8.16,22910,186945.6
414981,169937,3,18.13,20790,376922.7
414982,169938,1,4.1,23830,97703.0
414983,169938,2,1.82,22910,41696.2
414984,169939,1,2.5,23830,59575.0
414985,169939,2,3.57,22910,81788.7
414986,169940,1,4.67,23830,111286.1
414987,169940,2,2.05,22910,46965.49999999999
414988,169941,1,1.2,23830,28596.0
414989,169941,2,2.4,22910,54984.0
414990,169942,1,1.32,23830,31455.6
414991,169942,2,2.07,22910,47423.7
414992,169943,1,2.66,23830,63387.8
414993,169943,2,1.25,22910,28637.5
414994,169944,1,19.42,23830,462778.6
414995,169944,2,16.43,22910,376411.3
414996,169944,3,2.8,20790,58211.99999999999
414997,169945,1,13.41,23830,319560.3
414998,169945,2,13.74,22910,314783.4
414999,169945,3,5.01,20790,104157.9
415000,169946,1,4.14,23830,98656.2
415001,169946,2,4.92,22910,112717.2
415002,169947,1,4.91,23830,117005.3
415003,169947,2,2.8,22910,64147.99999999999
415004,169948,1,2.92,23830,69583.59999999999
415005,169948,2,2.45,22910,56129.50000000001
415006,169949,1,4.81,23830,114622.3
415007,169949,2,2.57,22910,58878.7
415008,169950,1,4.9,23830,116767.0
415009,169950,2,4.18,22910,95763.8
415010,169951,1,1.77,23830,42179.1
415011,169951,2,4.03,22910,92327.3
415012,169952,1,1.11,23830,26451.300000000003
415013,169952,2,4.13,22910,94618.3
415014,169953,1,3.03,23830,72204.9
415015,169953,2,3.8,22910,87058.0
415016,169954,1,13.26,23830,315985.8
415017,169954,2,4.65,22910,106531.5
415018,169954,3,12.05,20790,250519.50000000003
415019,169955,1,1.13,23830,26927.9
415020,169955,2,3.17,22910,72624.7
415021,169956,1,3.39,23830,80783.7
415022,169956,2,19.69,22910,451097.9
415023,169956,3,2.64,20790,54885.600000000006
415024,169957,1,2.13,23830,50757.9
415025,169957,2,1.71,22910,39176.1
415026,169958,1,3.64,23830,86741.2
415027,169958,2,2.63,22910,60253.3
415028,169959,1,2.09,23830,49804.7
415029,169959,2,2.93,22910,67126.3
415030,169960,1,2.54,23830,60528.2
415031,169960,2,2.94,22910,67355.4
415032,169961,1,1.42,23830,33838.6
415033,169961,2,1.56,22910,35739.6
415034,169962,1,4.11,23830,97941.3
415035,169962,2,1.88,22910,43070.8
415036,169963,1,4.78,23830,113907.4
415037,169963,2,5.22,22910,119590.2
415038,169963,3,8.98,20790,186694.2
415039,169964,1,4.71,23830,112239.3
415040,169964,2,3.49,22910,79955.90000000001
415041,169965,1,1.47,23830,35030.1
415042,169965,2,4.94,22910,113175.4
415043,169966,1,17.47,23830,416310.1
415044,169966,2,6.12,22910,140209.2
415045,169966,3,17.92,20790,372556.8000000001
415046,169967,1,4.93,23830,117481.9
415047,169967,2,4.46,22910,102178.6
415048,169968,1,4.49,23830,106996.7
415049,169968,2,2.82,22910,64606.2
415050,169969,1,4.42,23830,105328.6
415051,169969,2,3.84,22910,87974.4
415052,169969,3,18.17,20790,377754.3000000001
415053,169970,1,2.37,23830,56477.100000000006
415054,169970,2,1.88,22910,43070.8
415055,169971,1,3.31,23830,78877.3
415056,169971,2,3.67,22910,84079.7
415057,169972,1,3.82,23830,91030.6
415058,169972,2,17.42,22910,399092.2
415059,169972,3,5.5,20790,114345.0
418153,171235,1,3.86,23830,91983.8
418154,171235,2,3.93,22910,90036.3
418155,171236,1,2.9,23830,69107.0
418156,171236,2,2.95,22910,67584.5
418157,171237,1,8.29,23830,197550.7
418158,171237,2,16.08,22910,368392.8
418159,171237,3,5.23,20790,108731.7
418160,171238,1,4.23,23830,100800.9
418161,171238,2,3.53,22910,80872.29999999999
418162,171239,1,9.69,23830,230912.7
418163,171239,2,2.0,22910,45820.0
418164,171239,3,9.72,20790,202078.8
418165,171240,1,1.58,23830,37651.4
418166,171240,2,4.3,22910,98513.0
418167,171241,1,2.9,23830,69107.0
418168,171241,2,3.05,22910,69875.5
418169,171242,1,1.79,23830,42655.7
418170,171242,2,4.51,22910,103324.1
418171,171243,1,5.21,23830,124154.3
418172,171243,2,2.17,22910,49714.7
418173,171243,3,12.16,20790,252806.4
418174,171244,1,4.28,23830,101992.4
418175,171244,2,1.1,22910,25201.000000000004
418176,171245,1,1.29,23830,30740.7
418177,171245,2,4.65,22910,106531.5
418178,171246,1,2.04,23830,48613.2
418179,171246,2,3.62,22910,82934.2
418180,171247,1,4.35,23830,103660.5
418181,171247,2,1.81,22910,41467.1
418182,171248,1,3.88,23830,92460.4
418183,171248,2,3.67,22910,84079.7
418184,171249,1,2.96,23830,70536.8
418185,171249,2,4.45,22910,101949.5
418186,171250,1,3.95,23830,94128.5
418187,171250,2,2.48,22910,56816.8
418188,171251,1,2.74,23830,65294.2
418189,171251,2,3.24,22910,74228.40000000001
418190,171252,1,18.73,23830,446335.9
418191,171252,2,12.27,22910,281105.7
418192,171252,3,7.21,20790,149895.9
418193,171253,1,3.45,23830,82213.5
418194,171253,2,1.2,22910,27492.0
418195,171254,1,16.01,23830,381518.3000000001
418196,171254,2,13.69,22910,313637.9
418197,171254,3,14.85,20790,308731.5
418198,171255,1,4.39,23830,104613.7
418199,171255,2,4.52,22910,103553.2
418200,171256,1,1.49,23830,35506.7
418201,171256,2,17.07,22910,391073.7
418202,171256,3,16.03,20790,333263.7
418203,171257,1,2.33,23830,55523.9
418204,171257,2,3.91,22910,89578.1
418205,171258,1,3.67,23830,87456.09999999999
418206,171258,2,5.57,22910,127608.7
418207,171258,3,11.48,20790,238669.2
418208,171259,1,1.4,23830,33362.0
418209,171259,2,3.06,22910,70104.6
418210,171260,1,3.04,23830,72443.2
418211,171260,2,3.18,22910,72853.8
418212,171261,1,3.48,23830,82928.4
418213,171261,2,8.4,22910,192444.0
418214,171261,3,14.4,20790,299376.0
418215,171262,1,2.16,23830,51472.8
418216,171262,2,4.48,22910,102636.8
418217,171263,1,1.98,23830,47183.4
418218,171263,2,2.76,22910,63231.6
418219,171264,1,11.22,23830,267372.60000000003
418220,171264,2,11.37,22910,260486.7
418221,171264,3,8.41,20790,174843.9
418222,171265,1,9.4,23830,224002.0
418223,171265,2,19.9,22910,455909.0
418224,171265,3,5.29,20790,109979.1
418225,171266,1,4.2,23830,100086.0
418226,171266,2,4.35,22910,99658.5
418227,171267,1,7.62,23830,181584.6
418228,171267,2,15.8,22910,361978.0
418229,171267,3,6.33,20790,131600.7
418230,171268,1,1.43,23830,34076.9
418231,171268,2,3.89,22910,89119.90000000001
418232,171269,1,2.43,23830,57906.9
418233,171269,2,4.57,22910,104698.7
418234,171270,1,1.5,23830,35745.0
418235,171270,2,2.72,22910,62315.2
418236,171271,1,1.83,23830,43608.9
418237,171271,2,1.32,22910,30241.2
418238,171272,1,3.2,23830,76256.0
418239,171272,2,2.06,22910,47194.6
418240,171273,1,2.99,23830,71251.70000000001
418241,171273,2,4.44,22910,101720.4
418242,171274,1,8.43,23830,200886.9
418243,171274,2,12.72,22910,291415.2
418244,171274,3,2.03,20790,42203.7
418245,171275,1,4.37,23830,104137.1
418246,171275,2,1.55,22910,35510.5
418247,171276,1,4.08,23830,97226.4
418248,171276,2,3.94,22910,90265.4
418249,171277,1,3.58,23830,85311.40000000001
418250,171277,2,2.72,22910,62315.2
418251,171278,1,19.21,23830,457774.3000000001
418252,171278,2,2.85,22910,65293.5
418253,171278,3,6.95,20790,144490.5
418254,171279,1,3.88,23830,92460.4
418255,171279,2,1.41,22910,32303.1
418256,171280,1,19.27,23830,459204.1
418257,171280,2,15.28,22910,350064.8
418258,171280,3,8.71,20790,181080.9
418259,171281,1,6.26,23830,149175.8
418260,171281,2,16.91,22910,387408.1
418261,171281,3,2.65,20790,55093.5
418262,171282,1,17.52,23830,417501.6
418263,171282,2,6.85,22910,156933.5
418264,171282,3,14.5,20790,301455.0
418265,171283,1,9.8,23830,233534.00000000003
418266,171283,2,19.87,22910,455221.7
418267,171283,3,2.79,20790,58004.1
418268,171284,1,3.3,23830,78639.0
418269,171284,2,4.79,22910,109738.9
418270,171285,1,2.95,23830,70298.5
418271,171285,2,2.05,22910,46965.49999999999
418272,171286,1,1.36,23830,32408.800000000003
418273,171286,2,2.93,22910,67126.3
418274,171287,1,5.13,23830,122247.9
418275,171287,2,11.53,22910,264152.3
418276,171287,3,10.54,20790,219126.6
418277,171288,1,2.5,23830,59575.0
418278,171288,2,2.9,22910,66439.0
418279,171289,1,4.13,23830,98417.9
418280,171289,2,1.49,22910,34135.9
418281,171290,1,2.78,23830,66247.4
418282,171290,2,1.96,22910,44903.6
418283,171291,1,1.61,23830,38366.3
418284,171291,2,4.18,22910,95763.8
418285,171292,1,5.45,23830,129873.5
418286,171292,2,4.69,22910,107447.9
418287,171292,3,14.17,20790,294594.3
418288,171293,1,2.08,23830,49566.4
418289,171293,2,4.43,22910,101491.3
418290,171294,1,4.51,23830,107473.3
418291,171294,2,2.09,22910,47881.9
418292,171295,1,12.01,23830,286198.3
418293,171295,2,6.73,22910,154184.30000000002
418294,171295,3,13.16,20790,273596.4
418295,171296,1,2.07,23830,49328.1
418296,171296,2,2.87,22910,65751.7
418297,171297,1,17.25,23830,411067.5
418298,171297,2,8.67,22910,198629.7
418299,171297,3,19.07,20790,396465.3
418300,171298,1,1.52,23830,36221.6
418301,171298,2,3.95,22910,90494.5
418302,171299,1,2.83,23830,67438.90000000001
418303,171299,2,1.65,22910,37801.5
418304,171300,1,10.9,23830,259747.0
418305,171300,2,8.79,22910,201378.9
418306,171300,3,17.79,20790,369854.1
418307,171301,1,2.64,23830,62911.2
418308,171301,2,4.98,22910,114091.8
418309,171302,1,1.04,23830,24783.2
418310,171302,2,2.56,22910,58649.6
418311,171303,1,16.63,23830,396292.9
418312,171303,2,7.45,22910,170679.5
418313,171303,3,10.54,20790,219126.6
418314,171304,1,6.34,23830,151082.19999999998
418315,171304,2,16.68,22910,382138.8
418316,171304,3,1.52,20790,31600.8
418317,171305,1,1.19,23830,28357.7
418318,171305,2,4.66,22910,106760.6
418319,171306,1,6.74,23830,160614.2
418320,171306,2,10.41,22910,238493.1
418321,171306,3,16.88,20790,350935.19999999995
418322,171307,1,4.71,23830,112239.3
418323,171307,2,4.23,22910,96909.3
418324,171308,1,1.59,23830,37889.7
418325,171308,2,3.79,22910,86828.9
418326,171309,1,17.13,23830,408207.9
418327,171309,2,1.49,22910,34135.9
418328,171309,3,16.64,20790,345945.60000000003
421319,172530,1,3.14,23830,74826.2
421320,172530,2,2.39,22910,54754.9
421321,172531,1,1.5,23830,35745.0
421322,172531,2,2.49,22910,57045.9
421323,172532,1,3.1,23830,73873.0
421324,172532,2,1.21,22910,27721.1
421325,172533,1,2.06,23830,49089.8
421326,172533,2,10.95,22910,250864.5
421327,172533,3,15.72,20790,326818.8
421328,172534,1,3.68,23830,87694.40000000001
421329,172534,2,1.72,22910,39405.2
421330,172535,1,4.76,23830,113430.8
421331,172535,2,2.86,22910,65522.6
421332,172536,1,8.91,23830,212325.3
421333,172536,2,13.94,22910,319365.4
421334,172536,3,4.4,20790,91476.0
421335,172537,1,2.33,23830,55523.9
421336,172537,2,2.78,22910,63689.8
421337,172538,1,5.83,23830,138928.9
421338,172538,2,18.93,22910,433686.3
421339,172538,3,11.05,20790,229729.50000000003
421340,172539,1,2.59,23830,61719.7
421341,172539,2,2.28,22910,52234.8
421342,172540,1,4.13,23830,98417.9
421343,172540,2,1.42,22910,32532.2
421344,172541,1,18.3,23830,436089.0
421345,172541,2,13.0,22910,297830.0
421346,172541,3,18.21,20790,378585.9
421347,172542,1,3.57,23830,85073.09999999999
421348,172542,2,1.59,22910,36426.9
421349,172543,1,3.77,23830,89839.1
421350,172543,2,3.68,22910,84308.8
421351,172544,1,3.29,23830,78400.7
421352,172544,2,1.08,22910,24742.800000000003
421353,172545,1,1.63,23830,38842.9
421354,172545,2,2.7,22910,61857.00000000001
421355,172546,1,18.76,23830,447050.8000000001
421356,172546,2,1.15,22910,26346.5
421357,172546,3,1.33,20790,27650.7
421358,172547,1,2.95,23830,70298.5
421359,172547,2,3.48,22910,79726.8
421360,172548,1,3.14,23830,74826.2
421361,172548,2,2.19,22910,50172.9
421362,172549,1,1.6,23830,38128.0
421363,172549,2,2.81,22910,64377.1
421364,172550,1,3.16,23830,75302.8
421365,172550,2,4.72,22910,108135.2
421366,172551,1,3.33,23830,79353.90000000001
421367,172551,2,1.39,22910,31844.9
421368,172552,1,1.25,23830,29787.5
421369,172552,2,6.49,22910,148685.9
421370,172552,3,4.31,20790,89604.9
421371,172553,1,3.83,23830,91268.9
421372,172553,2,2.71,22910,62086.1
421373,172554,1,4.5,23830,107235.0
421374,172554,2,4.34,22910,99429.4
421375,172555,1,15.91,23830,379135.3
421376,172555,2,15.82,22910,362436.2
421377,172555,3,11.91,20790,247608.9
421378,172556,1,3.53,23830,84119.9
421379,172556,2,4.49,22910,102865.9
421380,172557,1,2.73,23830,65055.9
421381,172557,2,4.12,22910,94389.2
421382,172558,1,1.66,23830,39557.8
421383,172558,2,14.73,22910,337464.3
421384,172558,3,3.62,20790,75259.8
421385,172559,1,9.95,23830,237108.5
421386,172559,2,6.99,22910,160140.9
421387,172559,3,15.44,20790,320997.6
421388,172560,1,9.62,23830,229244.6
421389,172560,2,1.95,22910,44674.5
421390,172560,3,14.14,20790,293970.60000000003
421391,172561,1,6.37,23830,151797.1
421392,172561,2,17.36,22910,397717.6
421393,172561,3,10.75,20790,223492.5
421394,172562,1,13.52,23830,322181.6
421395,172562,2,15.91,22910,364498.1
421396,172562,3,4.45,20790,92515.5
421397,172563,1,19.68,23830,468974.4
421398,172563,2,14.76,22910,338151.6
421399,172563,3,13.3,20790,276507.0
421400,172564,1,7.31,23830,174197.3
421401,172564,2,7.95,22910,182134.5
421402,172564,3,18.9,20790,392931.0
421403,172565,1,2.8,23830,66724.0
421404,172565,2,1.93,22910,44216.3
421405,172566,1,13.5,23830,321705.0
421406,172566,2,13.87,22910,317761.69999999995
421407,172566,3,11.71,20790,243450.9
421408,172567,1,18.06,23830,430369.8
421409,172567,2,14.3,22910,327613.0
421410,172567,3,18.66,20790,387941.4
421411,172568,1,16.06,23830,382709.8
421412,172568,2,3.82,22910,87516.2
421413,172568,3,4.19,20790,87110.1
421414,172569,1,2.01,23830,47898.3
421415,172569,2,4.33,22910,99200.3
421416,172570,1,3.63,23830,86502.9
421417,172570,2,2.62,22910,60024.2
421418,172571,1,3.49,23830,83166.70000000001
421419,172571,2,7.77,22910,178010.69999999998
421420,172571,3,19.69,20790,409355.1
421421,172572,1,16.03,23830,381994.9
421422,172572,2,3.16,22910,72395.6
421423,172572,3,9.1,20790,189189.0
421424,172573,1,2.29,23830,54570.7
421425,172573,2,1.05,22910,24055.5
421426,172574,1,4.35,23830,103660.5
421427,172574,2,7.39,22910,169304.9
421428,172574,3,19.61,20790,407691.9
421429,172575,1,2.03,23830,48374.9
421430,172575,2,4.79,22910,109738.9
421431,172576,1,8.06,23830,192069.8
421432,172576,2,1.43,22910,32761.3
421433,172576,3,8.33,20790,173180.7
421434,172577,1,1.25,23830,29787.5
421435,172577,2,4.93,22910,112946.3
421436,172578,1,2.01,23830,47898.3
421437,172578,2,11.34,22910,259799.4
421438,172578,3,10.05,20790,208939.50000000003
421439,172579,1,4.74,23830,112954.2
421440,172579,2,2.44,22910,55900.4
421441,172580,1,2.71,23830,64579.3
421442,172580,2,2.71,22910,62086.1
421443,172581,1,3.69,23830,87932.7
421444,172581,2,2.83,22910,64835.3
421445,172582,1,2.28,23830,54332.4
421446,172582,2,1.49,22910,34135.9
421447,172583,1,2.9,23830,69107.0
421448,172583,2,1.68,22910,38488.8
421449,172584,1,5.67,23830,135116.1
421450,172584,2,9.88,22910,226350.8
421451,172584,3,14.2,20790,295218.0
421452,172585,1,6.09,23830,145124.69999999998
421453,172585,2,12.91,22910,295768.1
421454,172585,3,19.65,20790,408523.5
421455,172586,1,17.54,23830,417978.2
421456,172586,2,16.79,22910,384658.9
421457,172586,3,5.11,20790,106236.9
421458,172587,1,2.16,23830,51472.8
421459,172587,2,2.59,22910,59336.9
421460,172588,1,14.65,23830,349109.5
421461,172588,2,1.03,22910,23597.3
421462,172588,3,5.74,20790,119334.6
421463,172589,1,2.69,23830,64102.7
421464,172589,2,4.64,22910,106302.4
421465,172590,1,2.58,23830,61481.4
421466,172590,2,1.21,22910,27721.1
421467,172591,1,8.85,23830,210895.5
421468,172591,2,13.34,22910,305619.4
421469,172591,3,3.57,20790,74220.3
421470,172592,1,3.03,23830,72204.9
421471,172592,2,2.82,22910,64606.2
421472,172593,1,3.54,23830,84358.2
421473,172593,2,2.55,22910,58420.49999999999
424490,173821,1,3.69,23830,87932.7
424491,173821,2,1.23,22910,28179.3
424492,173822,1,4.98,23830,118673.4
424493,173822,2,3.89,22910,89119.90000000001
424494,173823,1,4.76,23830,113430.8
424495,173823,2,1.04,22910,23826.4
424496,173824,1,2.3,23830,54808.99999999999
424497,173824,2,4.04,22910,92556.4
424498,173825,1,1.42,23830,33838.6
424499,173825,2,1.28,22910,29324.8
424500,173826,1,5.83,23830,138928.9
424501,173826,2,9.26,22910,212146.6
424502,173826,3,10.84,20790,225363.6
424503,173827,1,4.74,23830,112954.2
424504,173827,2,2.66,22910,60940.600000000006
424505,173828,1,9.23,23830,219950.9
424506,173828,2,3.42,22910,78352.2
424507,173828,3,10.66,20790,221621.4
424508,173829,1,4.11,23830,97941.3
424509,173829,2,4.58,22910,104927.8
424510,173830,1,4.49,23830,106996.7
424511,173830,2,3.83,22910,87745.3
424512,173830,3,16.41,20790,341163.9
424513,173831,1,2.14,23830,50996.2
424514,173831,2,8.01,22910,183509.1
424515,173831,3,1.53,20790,31808.7
424516,173832,1,1.67,23830,39796.1
424517,173832,2,5.06,22910,115924.6
424518,173832,3,16.17,20790,336174.30000000005
424519,173833,1,2.92,23830,69583.59999999999
424520,173833,2,4.72,22910,108135.2
424521,173834,1,1.5,23830,35745.0
424522,173834,2,4.05,22910,92785.5
424523,173835,1,4.22,23830,100562.6
424524,173835,2,12.26,22910,280876.6
424525,173835,3,10.35,20790,215176.5
424526,173836,1,15.7,23830,374131.0
424527,173836,2,10.69,22910,244907.9
424528,173836,3,18.95,20790,393970.5
424529,173837,1,2.02,23830,48136.6
424530,173837,2,1.18,22910,27033.8
424531,173838,1,4.21,23830,100324.3
424532,173838,2,15.14,22910,346857.4
424533,173838,3,6.26,20790,130145.4
424534,173839,1,17.97,23830,428225.1
424535,173839,2,4.2,22910,96222.0
424536,173839,3,4.12,20790,85654.8
424537,173840,1,15.76,23830,375560.8
424538,173840,2,16.33,22910,374120.3
424539,173840,3,7.01,20790,145737.9
424540,173841,1,1.89,23830,45038.7
424541,173841,2,18.03,22910,413067.3000000001
424542,173841,3,1.74,20790,36174.6
424543,173842,1,3.44,23830,81975.2
424544,173842,2,1.32,22910,30241.2
424545,173843,1,3.79,23830,90315.7
424546,173843,2,2.94,22910,67355.4
424547,173844,1,1.23,23830,29310.9
424548,173844,2,4.16,22910,95305.6
424549,173845,1,4.89,23830,116528.7
424550,173845,2,1.48,22910,33906.8
424551,173846,1,1.14,23830,27166.2
424552,173846,2,1.75,22910,40092.5
424553,173847,1,2.63,23830,62672.9
424554,173847,2,4.8,22910,109968.0
424555,173848,1,2.39,23830,56953.7
424556,173848,2,1.87,22910,42841.7
424557,173849,1,2.63,23830,62672.9
424558,173849,2,2.33,22910,53380.3
424559,173850,1,3.2,23830,76256.0
424560,173850,2,2.34,22910,53609.4
424561,173851,1,4.29,23830,102230.7
424562,173851,2,2.03,22910,46507.3
424563,173852,1,1.74,23830,41464.2
424564,173852,2,1.57,22910,35968.700000000004
424565,173853,1,10.41,23830,248070.3
424566,173853,2,4.94,22910,113175.4
424567,173853,3,18.32,20790,380872.8
424568,173854,1,6.02,23830,143456.59999999998
424569,173854,2,2.06,22910,47194.6
424570,173854,3,10.66,20790,221621.4
424571,173855,1,16.83,23830,401058.9
424572,173855,2,3.83,22910,87745.3
424573,173855,3,3.32,20790,69022.8
424574,173856,1,3.3,23830,78639.0
424575,173856,2,1.19,22910,27262.9
424576,173857,1,13.65,23830,325279.5
424577,173857,2,14.49,22910,331965.9
424578,173857,3,17.13,20790,356132.69999999995
424579,173858,1,2.93,23830,69821.90000000001
424580,173858,2,4.39,22910,100574.9
424581,173859,1,16.34,23830,389382.2
424582,173859,2,17.79,22910,407568.9
424583,173859,3,1.85,20790,38461.5
424584,173860,1,6.74,23830,160614.2
424585,173860,2,15.23,22910,348919.3
424586,173860,3,19.69,20790,409355.1
424587,173861,1,14.1,23830,336003.0
424588,173861,2,15.59,22910,357166.9
424589,173861,3,1.39,20790,28898.1
424590,173862,1,3.72,23830,88647.6
424591,173862,2,2.3,22910,52692.99999999999
424592,173863,1,2.34,23830,55762.2
424593,173863,2,1.37,22910,31386.7
424594,173864,1,2.69,23830,64102.7
424595,173864,2,9.43,22910,216041.3
424596,173864,3,9.27,20790,192723.3
424597,173865,1,1.86,23830,44323.8
424598,173865,2,2.2,22910,50402.00000000001
424599,173866,1,9.26,23830,220665.8
424600,173866,2,11.38,22910,260715.8
424601,173866,3,6.3,20790,130977.0
424602,173867,1,3.6,23830,85788.0
424603,173867,2,3.62,22910,82934.2
424604,173868,1,11.22,23830,267372.60000000003
424605,173868,2,19.41,22910,444683.1
424606,173868,3,4.17,20790,86694.3
424607,173869,1,13.21,23830,314794.30000000005
424608,173869,2,18.93,22910,433686.3
424609,173869,3,11.01,20790,228897.9
424610,173870,1,14.13,23830,336717.9
424611,173870,2,15.93,22910,364956.3
424612,173870,3,7.68,20790,159667.19999999998
424613,173871,1,10.2,23830,243066.0
424614,173871,2,2.12,22910,48569.2
424615,173871,3,12.27,20790,255093.3
424616,173872,1,1.95,23830,46468.5
424617,173872,2,1.69,22910,38717.9
424618,173873,1,4.8,23830,114384.0
424619,173873,2,4.16,22910,95305.6
424620,173874,1,3.08,23830,73396.40000000001
424621,173874,2,4.52,22910,103553.2
424622,173875,1,4.77,23830,113669.1
424623,173875,2,1.04,22910,23826.4
424624,173876,1,2.61,23830,62196.3
424625,173876,2,3.31,22910,75832.1
424626,173877,1,19.25,23830,458727.5
424627,173877,2,14.87,22910,340671.69999999995
424628,173877,3,3.87,20790,80457.3
424629,173878,1,3.32,23830,79115.59999999999
424630,173878,2,10.3,22910,235973.00000000003
424631,173878,3,16.57,20790,344490.3
424632,173879,1,5.22,23830,124392.6
424633,173879,2,14.25,22910,326467.5
424634,173879,3,14.92,20790,310186.8
424635,173880,1,4.39,23830,104613.7
424636,173880,2,4.22,22910,96680.2
424637,173881,1,1.82,23830,43370.6
424638,173881,2,3.44,22910,78810.4
424639,173882,1,3.02,23830,71966.6
424640,173882,2,1.18,22910,27033.8
424641,173883,1,1.52,23830,36221.6
424642,173883,2,2.62,22910,60024.2
424643,173884,1,7.64,23830,182061.2
424644,173884,2,14.9,22910,341359.0
424645,173884,3,17.43,20790,362369.7
424646,173885,1,2.06,23830,49089.8
424647,173885,2,3.33,22910,76290.3
424648,173886,1,11.35,23830,270470.5
424649,173886,2,6.83,22910,156475.3
424650,173886,3,2.77,20790,57588.3
427753,175162,1,2.73,23830,65055.9
427754,175162,2,13.19,22910,302182.9
427755,175162,3,11.95,20790,248440.5
427756,175163,1,4.11,23830,97941.3
427757,175163,2,2.13,22910,48798.3
427758,175164,1,12.14,23830,289296.2
427759,175164,2,13.3,22910,304703.0
427760,175164,3,16.95,20790,352390.5
427761,175165,1,3.7,23830,88171.0
427762,175165,2,8.62,22910,197484.2
427763,175165,3,16.51,20790,343242.9
427764,175166,1,4.84,23830,115337.2
427765,175166,2,2.96,22910,67813.6
427766,175167,1,4.53,23830,107949.9
427767,175167,2,4.58,22910,104927.8
427768,175168,1,3.84,23830,91507.2
427769,175168,2,1.94,22910,44445.4
427770,175169,1,14.96,23830,356496.80000000005
427771,175169,2,15.49,22910,354875.9
427772,175169,3,3.52,20790,73180.8
427773,175170,1,7.92,23830,188733.6
427774,175170,2,12.31,22910,282022.10000000003
427775,175170,3,17.14,20790,356340.60000000003
427776,175171,1,10.49,23830,249976.7
427777,175171,2,1.69,22910,38717.9
427778,175171,3,4.6,20790,95634.0
427779,175172,1,4.06,23830,96749.8
427780,175172,2,4.95,22910,113404.5
427781,175173,1,1.72,23830,40987.6
427782,175173,2,4.4,22910,100804.0
427783,175173,3,12.35,20790,256756.5
427784,175174,1,8.09,23830,192784.7
427785,175174,2,15.8,22910,361978.0
427786,175174,3,12.79,20790,265904.1
427787,175175,1,2.32,23830,55285.6
427788,175175,2,2.41,22910,55213.100000000006
427789,175176,1,17.05,23830,406301.5
427790,175176,2,6.37,22910,145936.7
427791,175176,3,10.83,20790,225155.7
427792,175177,1,2.51,23830,59813.3
427793,175177,2,2.7,22910,61857.00000000001
427794,175178,1,2.37,23830,56477.100000000006
427795,175178,2,1.35,22910,30928.500000000004
427796,175179,1,18.01,23830,429178.3000000001
427797,175179,2,1.89,22910,43299.9
427798,175179,3,17.33,20790,360290.7
427799,175180,1,1.99,23830,47421.7
427800,175180,2,2.51,22910,57504.1
427801,175180,3,9.99,20790,207692.1
427802,175181,1,2.54,23830,60528.2
427803,175181,2,3.19,22910,73082.9
427804,175181,3,3.3,20790,68607.0
427805,175182,1,2.58,23830,61481.4
427806,175182,2,3.97,22910,90952.7
427807,175183,1,4.36,23830,103898.8
427808,175183,2,9.16,22910,209855.6
427809,175183,3,7.93,20790,164864.69999999998
427810,175184,1,2.73,23830,65055.9
427811,175184,2,3.7,22910,84767.0
427812,175185,1,3.93,23830,93651.9
427813,175185,2,2.69,22910,61627.9
427814,175186,1,2.62,23830,62434.600000000006
427815,175186,2,2.91,22910,66668.1
427816,175187,1,2.23,23830,53140.9
427817,175187,2,3.87,22910,88661.7
427818,175188,1,4.67,23830,111286.1
427819,175188,2,3.36,22910,76977.59999999999
427820,175189,1,15.74,23830,375084.2
427821,175189,2,6.47,22910,148227.69999999998
427822,175189,3,3.5,20790,72765.0
427823,175190,1,3.49,23830,83166.70000000001
427824,175190,2,4.25,22910,97367.5
427825,175191,1,2.28,23830,54332.4
427826,175191,2,1.14,22910,26117.4
427827,175192,1,9.18,23830,218759.4
427828,175192,2,15.43,22910,353501.3
427829,175192,3,12.9,20790,268191.0
427830,175193,1,3.23,23830,76970.9
427831,175193,2,2.39,22910,54754.9
427832,175194,1,1.13,23830,26927.9
427833,175194,2,15.14,22910,346857.4
427834,175194,3,8.92,20790,185446.8
427835,175195,1,13.61,23830,324326.3
427836,175195,2,19.28,22910,441704.8000000001
427837,175195,3,5.38,20790,111850.2
427838,175196,1,4.73,23830,112715.9
427839,175196,2,2.25,22910,51547.5
427840,175197,1,2.87,23830,68392.1
427841,175197,2,2.65,22910,60711.5
427842,175198,1,2.38,23830,56715.4
427843,175198,2,3.17,22910,72624.7
427844,175199,1,4.13,23830,98417.9
427845,175199,2,15.7,22910,359687.0
427846,175199,3,6.19,20790,128690.1
427847,175200,1,4.57,23830,108903.1
427848,175200,2,3.5,22910,80185.0
427849,175201,1,1.05,23830,25021.5
427850,175201,2,4.54,22910,104011.4
427851,175202,1,5.32,23830,126775.6
427852,175202,2,9.03,22910,206877.3
427853,175202,3,11.7,20790,243243.0
427854,175203,1,7.0,23830,166810.0
427855,175203,2,12.03,22910,275607.3
427856,175203,3,8.83,20790,183575.7
427857,175204,1,4.11,23830,97941.3
427858,175204,2,14.1,22910,323031.0
427859,175204,3,17.93,20790,372764.7
427860,175205,1,8.24,23830,196359.2
427861,175205,2,3.77,22910,86370.7
427862,175205,3,8.33,20790,173180.7
427863,175206,1,3.97,23830,94605.1
427864,175206,2,1.5,22910,34365.0
427865,175207,1,1.63,23830,38842.9
427866,175207,2,3.49,22910,79955.90000000001
427867,175207,3,11.19,20790,232640.1
427868,175208,1,4.07,23830,96988.1
427869,175208,2,3.25,22910,74457.5
427870,175209,1,9.35,23830,222810.5
427871,175209,2,2.22,22910,50860.2
427872,175209,3,4.79,20790,99584.1
427873,175210,1,16.78,23830,399867.4
427874,175210,2,17.6,22910,403216.00000000006
427875,175210,3,1.81,20790,37629.9
427876,175211,1,4.11,23830,97941.3
427877,175211,2,3.45,22910,79039.5
427878,175212,1,1.53,23830,36459.9
427879,175212,2,2.37,22910,54296.7
427880,175213,1,1.36,23830,32408.800000000003
427881,175213,2,4.1,22910,93931.0
427882,175214,1,15.97,23830,380565.1
427883,175214,2,5.89,22910,134939.9
427884,175214,3,17.61,20790,366111.9
427885,175215,1,3.63,23830,86502.9
427886,175215,2,2.34,22910,53609.4
427887,175215,3,7.22,20790,150103.8
427888,175216,1,2.26,23830,53855.8
427889,175216,2,1.5,22910,34365.0
427890,175217,1,4.15,23830,98894.5
427891,175217,2,4.15,22910,95076.5
427892,175218,1,7.39,23830,176103.69999999998
427893,175218,2,1.22,22910,27950.2
427894,175218,3,2.48,20790,51559.2
427895,175219,1,19.34,23830,460872.2
427896,175219,2,7.56,22910,173199.59999999998
427897,175219,3,14.81,20790,307899.9
427898,175220,1,2.15,23830,51234.5
427899,175220,2,3.0,22910,68730.0
427900,175220,3,11.27,20790,234303.3
427901,175221,1,19.31,23830,460157.3
427902,175221,2,12.09,22910,276981.9
427903,175221,3,16.02,20790,333055.8
427904,175222,1,6.28,23830,149652.4
427905,175222,2,4.72,22910,108135.2
427906,175222,3,18.01,20790,374427.9
427907,175223,1,1.93,23830,45991.9
427908,175223,2,3.64,22910,83392.40000000001
427909,175224,1,1.62,23830,38604.600000000006
427910,175224,2,17.49,22910,400695.9
427911,175224,3,2.56,20790,53222.4
430938,176458,1,5.92,23830,141073.6
430939,176458,2,13.31,22910,304932.10000000003
430940,176458,3,16.7,20790,347193.0
430941,176459,1,14.93,23830,355781.9
430942,176459,2,10.28,22910,235514.8
430943,176459,3,18.35,20790,381496.50000000006
430944,176460,1,1.49,23830,35506.7
430945,176460,2,2.49,22910,57045.9
430946,176461,1,15.25,23830,363407.5
430947,176461,2,18.04,22910,413296.4
430948,176461,3,15.93,20790,331184.7
430949,176462,1,2.04,23830,48613.2
430950,176462,2,2.93,22910,67126.3
430951,176463,1,4.47,23830,106520.1
430952,176463,2,2.44,22910,55900.4
430953,176464,1,3.06,23830,72919.8
430954,176464,2,4.23,22910,96909.3
430955,176465,1,18.08,23830,430846.4
430956,176465,2,2.99,22910,68500.90000000001
430957,176465,3,10.0,20790,207900.0
430958,176466,1,3.27,23830,77924.1
430959,176466,2,1.08,22910,24742.800000000003
430960,176467,1,2.92,23830,69583.59999999999
430961,176467,2,1.23,22910,28179.3
430962,176467,3,5.43,20790,112889.7
430963,176468,1,2.72,23830,64817.600000000006
430964,176468,2,2.87,22910,65751.7
430965,176469,1,4.5,23830,107235.0
430966,176469,2,3.09,22910,70791.9
430967,176470,1,17.32,23830,412735.6
430968,176470,2,9.39,22910,215124.9
430969,176470,3,16.13,20790,335342.69999999995
430970,176471,1,4.75,23830,113192.5
430971,176471,2,3.46,22910,79268.6
430972,176472,1,8.83,23830,210418.9
430973,176472,2,12.7,22910,290957.0
430974,176472,3,5.74,20790,119334.6
430975,176473,1,15.86,23830,377943.8
430976,176473,2,16.67,22910,381909.7
430977,176473,3,10.7,20790,222453.0
430978,176474,1,11.18,23830,266419.4
430979,176474,2,17.11,22910,391990.1
430980,176474,3,7.64,20790,158835.6
430981,176475,1,9.79,23830,233295.7
430982,176475,2,1.57,22910,35968.700000000004
430983,176475,3,4.37,20790,90852.3
430984,176476,1,16.76,23830,399390.8000000001
430985,176476,2,2.26,22910,51776.6
430986,176476,3,11.41,20790,237213.9
430987,176477,1,6.1,23830,145363.0
430988,176477,2,9.52,22910,218103.2
430989,176477,3,15.75,20790,327442.5
430990,176478,1,2.66,23830,63387.8
430991,176478,2,2.19,22910,50172.9
430992,176479,1,6.78,23830,161567.4
430993,176479,2,11.25,22910,257737.5
430994,176479,3,7.04,20790,146361.6
430995,176480,1,2.85,23830,67915.5
430996,176480,2,3.84,22910,87974.4
430997,176481,1,7.79,23830,185635.7
430998,176481,2,8.36,22910,191527.6
430999,176481,3,1.68,20790,34927.2
431000,176482,1,2.3,23830,54808.99999999999
431001,176482,2,3.1,22910,71021.0
431002,176483,1,11.86,23830,282623.8
431003,176483,2,5.89,22910,134939.9
431004,176483,3,7.98,20790,165904.2
431005,176484,1,1.16,23830,27642.8
431006,176484,2,1.04,22910,23826.4
431007,176485,1,2.57,23830,61243.1
431008,176485,2,3.79,22910,86828.9
431009,176486,1,3.96,23830,94366.8
431010,176486,2,3.23,22910,73999.3
431011,176487,1,2.99,23830,71251.70000000001
431012,176487,2,3.24,22910,74228.40000000001
431013,176488,1,3.69,23830,87932.7
431014,176488,2,2.99,22910,68500.90000000001
431015,176489,1,1.14,23830,27166.2
431016,176489,2,4.82,22910,110426.2
431017,176490,1,1.61,23830,38366.3
431018,176490,2,3.95,22910,90494.5
431019,176491,1,4.47,23830,106520.1
431020,176491,2,2.92,22910,66897.2
431021,176492,1,18.69,23830,445382.7
431022,176492,2,10.33,22910,236660.3
431023,176492,3,8.06,20790,167567.40000000002
431024,176493,1,1.89,23830,45038.7
431025,176493,2,1.67,22910,38259.7
431026,176494,1,8.22,23830,195882.6
431027,176494,2,1.86,22910,42612.600000000006
431028,176494,3,1.7,20790,35343.0
431029,176495,1,1.1,23830,26213.000000000004
431030,176495,2,4.71,22910,107906.1
431031,176496,1,1.4,23830,33362.0
431032,176496,2,3.36,22910,76977.59999999999
431033,176497,1,3.24,23830,77209.20000000001
431034,176497,2,1.82,22910,41696.2
431035,176498,1,1.62,23830,38604.600000000006
431036,176498,2,2.59,22910,59336.9
431037,176499,1,2.55,23830,60766.49999999999
431038,176499,2,1.16,22910,26575.6
431039,176500,1,18.64,23830,444191.2
431040,176500,2,4.89,22910,112029.9
431041,176500,3,5.6,20790,116424.0
431042,176501,1,18.21,23830,433944.3000000001
431043,176501,2,12.09,22910,276981.9
431044,176501,3,5.71,20790,118710.9
431045,176502,1,3.66,23830,87217.8
431046,176502,2,1.4,22910,32074.0
431047,176503,1,10.65,23830,253789.5
431048,176503,2,15.64,22910,358312.4
431049,176503,3,5.06,20790,105197.4
431050,176504,1,3.23,23830,76970.9
431051,176504,2,10.08,22910,230932.8
431052,176504,3,5.21,20790,108315.9
431053,176505,1,3.27,23830,77924.1
431054,176505,2,4.47,22910,102407.7
431055,176506,1,2.61,23830,62196.3
431056,176506,2,1.89,22910,43299.9
431057,176507,1,19.87,23830,473502.1
431058,176507,2,13.12,22910,300579.19999999995
431059,176507,3,7.6,20790,158004.0
431060,176508,1,7.15,23830,170384.5
431061,176508,2,9.61,22910,220165.1
431062,176508,3,12.92,20790,268606.8
431063,176509,1,14.73,23830,351015.9
431064,176509,2,16.98,22910,389011.8
431065,176509,3,11.41,20790,237213.9
431066,176510,1,13.67,23830,325756.1
431067,176510,2,18.13,22910,415358.3
431068,176510,3,5.25,20790,109147.5
431069,176511,1,1.09,23830,25974.7
431070,176511,2,2.9,22910,66439.0
431071,176512,1,1.41,23830,33600.3
431072,176512,2,13.45,22910,308139.5
431073,176512,3,18.56,20790,385862.4
431074,176513,1,3.03,23830,72204.9
431075,176513,2,2.1,22910,48111.0
431076,176514,1,2.62,23830,62434.600000000006
431077,176514,2,1.4,22910,32074.0
431078,176515,1,3.38,23830,80545.4
431079,176515,2,18.46,22910,422918.6
431080,176515,3,8.43,20790,175259.69999999998
431081,176516,1,1.22,23830,29072.6
431082,176516,2,3.72,22910,85225.20000000001
431083,176517,1,3.9,23830,92937.0
431084,176517,2,3.15,22910,72166.5
431085,176518,1,4.22,23830,100562.6
431086,176518,2,3.63,22910,83163.3
431087,176519,1,4.23,23830,100800.9
431088,176519,2,1.61,22910,36885.100000000006
431089,176520,1,1.63,23830,38842.9
431090,176520,2,1.45,22910,33219.5
434208,177799,1,2.18,23830,51949.4
434209,177799,2,16.56,22910,379389.6
434210,177799,3,14.84,20790,308523.6
434211,177800,1,1.15,23830,27404.5
434212,177800,2,2.47,22910,56587.7
434213,177801,1,7.07,23830,168478.1
434214,177801,2,11.25,22910,257737.5
434215,177801,3,8.13,20790,169022.7
434216,177802,1,3.99,23830,95081.7
434217,177802,2,3.46,22910,79268.6
434218,177803,1,4.42,23830,105328.6
434219,177803,2,3.77,22910,86370.7
434220,177804,1,10.54,23830,251168.2
434221,177804,2,12.25,22910,280647.5
434222,177804,3,11.5,20790,239085.0
434223,177805,1,4.78,23830,113907.4
434224,177805,2,3.46,22910,79268.6
434225,177806,1,12.61,23830,300496.3
434226,177806,2,13.02,22910,298288.2
434227,177806,3,13.6,20790,282744.0
434228,177807,1,17.64,23830,420361.2
434229,177807,2,1.49,22910,34135.9
434230,177807,3,8.23,20790,171101.7
434231,177808,1,4.86,23830,115813.8
434232,177808,2,4.21,22910,96451.1
434233,177809,1,1.59,23830,37889.7
434234,177809,2,3.3,22910,75603.0
434235,177810,1,2.85,23830,67915.5
434236,177810,2,2.49,22910,57045.9
434237,177811,1,1.1,23830,26213.000000000004
434238,177811,2,1.97,22910,45132.7
434239,177812,1,1.61,23830,38366.3
434240,177812,2,2.84,22910,65064.4
434241,177813,1,1.21,23830,28834.3
434242,177813,2,2.42,22910,55442.2
434243,177814,1,1.34,23830,31932.2
434244,177814,2,4.7,22910,107677.0
434245,177815,1,4.77,23830,113669.1
434246,177815,2,1.4,22910,32074.0
434247,177816,1,3.78,23830,90077.4
434248,177816,2,3.96,22910,90723.6
434249,177817,1,4.51,23830,107473.3
434250,177817,2,1.41,22910,32303.1
434251,177818,1,6.92,23830,164903.6
434252,177818,2,15.39,22910,352584.9
434253,177818,3,10.23,20790,212681.7
434254,177819,1,2.17,23830,51711.1
434255,177819,2,2.36,22910,54067.6
434256,177820,1,2.05,23830,48851.49999999999
434257,177820,2,2.18,22910,49943.8
434258,177821,1,4.94,23830,117720.2
434259,177821,2,4.18,22910,95763.8
434260,177822,1,2.86,23830,68153.8
434261,177822,2,2.08,22910,47652.8
434262,177823,1,9.74,23830,232104.2
434263,177823,2,18.69,22910,428187.9
434264,177823,3,14.74,20790,306444.6
434265,177824,1,16.83,23830,401058.9
434266,177824,2,3.12,22910,71479.2
434267,177824,3,12.0,20790,249480.0
434268,177825,1,4.43,23830,105566.9
434269,177825,2,1.78,22910,40779.8
434270,177826,1,2.7,23830,64341.00000000001
434271,177826,2,4.83,22910,110655.3
434272,177827,1,2.75,23830,65532.5
434273,177827,2,16.68,22910,382138.8
434274,177827,3,8.43,20790,175259.69999999998
434275,177828,1,3.43,23830,81736.90000000001
434276,177828,2,3.35,22910,76748.5
434277,177829,1,3.84,23830,91507.2
434278,177829,2,3.78,22910,86599.79999999999
434279,177830,1,4.29,23830,102230.7
434280,177830,2,3.54,22910,81101.4
434281,177831,1,17.36,23830,413688.8
434282,177831,2,19.96,22910,457283.6
434283,177831,3,11.14,20790,231600.6
434284,177832,1,18.17,23830,432991.1
434285,177832,2,3.71,22910,84996.1
434286,177832,3,11.64,20790,241995.6
434287,177833,1,3.61,23830,86026.3
434288,177833,2,2.38,22910,54525.8
434289,177834,1,4.69,23830,111762.7
434290,177834,2,3.35,22910,76748.5
434291,177835,1,19.75,23830,470642.5
434292,177835,2,14.33,22910,328300.3
434293,177835,3,8.16,20790,169646.4
434294,177836,1,18.2,23830,433706.0
434295,177836,2,19.59,22910,448806.9
434296,177836,3,5.52,20790,114760.8
434297,177837,1,4.63,23830,110332.9
434298,177837,2,2.76,22910,63231.6
434299,177838,1,4.63,23830,110332.9
434300,177838,2,3.63,22910,83163.3
434301,177839,1,3.68,23830,87694.40000000001
434302,177839,2,4.57,22910,104698.7
434303,177840,1,1.43,23830,34076.9
434304,177840,2,2.75,22910,63002.5
434305,177841,1,3.42,23830,81498.59999999999
434306,177841,2,2.74,22910,62773.4
434307,177842,1,4.44,23830,105805.2
434308,177842,2,2.92,22910,66897.2
434309,177843,1,3.61,23830,86026.3
434310,177843,2,16.91,22910,387408.1
434311,177843,3,15.21,20790,316215.9
434312,177844,1,1.68,23830,40034.4
434313,177844,2,2.54,22910,58191.4
434314,177845,1,3.33,23830,79353.90000000001
434315,177845,2,2.64,22910,60482.4
434316,177846,1,4.91,23830,117005.3
434317,177846,2,4.14,22910,94847.4
434318,177847,1,1.03,23830,24544.9
434319,177847,2,1.12,22910,25659.2
434320,177848,1,3.85,23830,91745.5
434321,177848,2,2.28,22910,52234.8
434322,177849,1,3.01,23830,71728.29999999999
434323,177849,2,2.5,22910,57275.0
434324,177850,1,2.7,23830,64341.00000000001
434325,177850,2,12.95,22910,296684.5
434326,177850,3,17.13,20790,356132.69999999995
434327,177851,1,4.64,23830,110571.2
434328,177851,2,3.29,22910,75373.9
434329,177852,1,9.3,23830,221619.00000000003
434330,177852,2,2.25,22910,51547.5
434331,177852,3,14.97,20790,311226.3
434332,177853,1,11.08,23830,264036.4
434333,177853,2,5.9,22910,135169.0
434334,177853,3,15.5,20790,322245.0
434335,177854,1,4.89,23830,116528.7
434336,177854,2,3.43,22910,78581.3
434337,177855,1,1.83,23830,43608.9
434338,177855,2,2.68,22910,61398.8
434339,177856,1,5.92,23830,141073.6
434340,177856,2,7.31,22910,167472.09999999998
434341,177856,3,18.55,20790,385654.5
434342,177857,1,4.5,23830,107235.0
434343,177857,2,1.15,22910,26346.5
434344,177858,1,2.12,23830,50519.600000000006
434345,177858,2,1.39,22910,31844.9
434346,177859,1,14.08,23830,335526.4
434347,177859,2,12.77,22910,292560.7
434348,177859,3,19.23,20790,399791.7
434349,177860,1,3.98,23830,94843.4
434350,177860,2,1.68,22910,38488.8
434351,177861,1,12.04,23830,286913.19999999995
434352,177861,2,7.79,22910,178468.9
434353,177861,3,6.08,20790,126403.2
434354,177862,1,2.24,23830,53379.2
434355,177862,2,3.0,22910,68730.0
434356,177863,1,2.49,23830,59336.7
434357,177863,2,4.11,22910,94160.1
434358,177864,1,4.7,23830,112001.0
434359,177864,2,2.78,22910,63689.8
434360,177865,1,8.25,23830,196597.5
434361,177865,2,3.97,22910,90952.7
434362,177865,3,14.17,20790,294594.3
434363,177866,1,3.0,23830,71490.0
434364,177866,2,2.65,22910,60711.5
434365,177867,1,2.35,23830,56000.5
434366,177867,2,4.22,22910,96680.2
434367,177868,1,2.41,23830,57430.3
434368,177868,2,2.38,22910,54525.8
434369,177869,1,2.01,23830,47898.3
434370,177869,2,3.15,22910,72166.5
434371,177870,1,4.76,23830,113430.8
434372,177870,2,4.53,22910,103782.3
434373,177871,1,1.5,23830,35745.0
434374,177871,2,3.31,22910,75832.1
434375,177871,3,14.86,20790,308939.4
434376,177872,1,5.22,23830,124392.6
434377,177872,2,6.26,22910,143416.6
434378,177872,3,1.78,20790,37006.2
434379,177873,1,16.41,23830,391050.3
434380,177873,2,12.14,22910,278127.4
434381,177873,3,19.18,20790,398752.2
434382,177874,1,1.63,23830,38842.9
434383,177874,2,1.34,22910,30699.4
434384,177875,1,3.09,23830,73634.7
434385,177875,2,6.75,22910,154642.5
434386,177875,3,10.15,20790,211018.5
434387,177876,1,1.88,23830,44800.4
434388,177876,2,2.8,22910,64147.99999999999
434389,177877,1,11.97,23830,285245.10000000003
434390,177877,2,19.71,22910,451556.1
434391,177877,3,8.79,20790,182744.1
434392,177878,1,4.92,23830,117243.6
434393,177878,2,17.49,22910,400695.9
434394,177878,3,11.85,20790,246361.5
434395,177879,1,1.55,23830,36936.5
434396,177879,2,1.02,22910,23368.2
434397,177880,1,3.21,23830,76494.3
434398,177880,2,4.28,22910,98054.8
434399,177881,1,4.96,23830,118196.8
434400,177881,2,4.16,22910,95305.6
434401,177882,1,14.02,23830,334096.6
434402,177882,2,11.82,22910,270796.2
434403,177882,3,14.39,20790,299168.10000000003
434404,177883,1,2.09,23830,49804.7
434405,177883,2,3.28,22910,75144.79999999999
434406,177884,1,2.09,23830,49804.7
434407,177884,2,4.59,22910,105156.9
434408,177885,1,2.62,23830,62434.600000000006
434409,177885,2,2.03,22910,46507.3
434410,177886,1,18.94,23830,451340.2
434411,177886,2,18.84,22910,431624.4
434412,177886,3,10.5,20790,218295.0
434413,177887,1,2.71,23830,64579.3
434414,177887,2,3.13,22910,71708.3
434415,177888,1,2.66,23830,63387.8
434416,177888,2,2.28,22910,52234.8
434417,177889,1,2.56,23830,61004.8
434418,177889,2,4.8,22910,109968.0
434419,177890,1,3.06,23830,72919.8
434420,177890,2,2.01,22910,46049.1
434421,177891,1,3.13,23830,74587.9
434422,177891,2,2.97,22910,68042.70000000001
434423,177892,1,3.33,23830,79353.90000000001
434424,177892,2,1.5,22910,34365.0
434425,177893,1,4.28,23830,101992.4
434426,177893,2,3.96,22910,90723.6
434427,177894,1,2.6,23830,61958.0
434428,177894,2,3.7,22910,84767.0
434429,177895,1,1.69,23830,40272.7
434430,177895,2,1.22,22910,27950.2
434431,177896,1,3.91,23830,93175.3
434432,177896,2,3.18,22910,72853.8
434433,177897,1,1.86,23830,44323.8
434434,177897,2,10.02,22910,229558.2
434435,177897,3,8.52,20790,177130.8
434436,177898,1,10.64,23830,253551.2
434437,177898,2,16.46,22910,377098.6
434438,177898,3,7.56,20790,157172.4
434439,177899,1,3.61,23830,86026.3
434440,177899,2,4.26,22910,97596.6
434441,177900,1,7.25,23830,172767.5
434442,177900,2,2.97,22910,68042.70000000001
434443,177900,3,3.14,20790,65280.600000000006
434444,177901,1,3.48,23830,82928.4
434445,177901,2,1.54,22910,35281.4
434446,177902,1,18.9,23830,450387.0
434447,177902,2,18.7,22910,428417.0
434448,177902,3,1.07,20790,22245.300000000003
439183,179839,1,2.07,23830,49328.1
439184,179839,2,2.55,22910,58420.49999999999
439185,179840,1,1.83,23830,43608.9
439186,179840,2,1.18,22910,27033.8
439187,179841,1,4.9,23830,116767.0
439188,179841,2,3.43,22910,78581.3
439189,179842,1,6.32,23830,150605.6
439190,179842,2,4.88,22910,111800.8
439191,179842,3,18.27,20790,379833.3
439192,179843,1,2.24,23830,53379.2
439193,179843,2,10.87,22910,249031.7
439194,179843,3,2.16,20790,44906.4
439195,179844,1,2.9,23830,69107.0
439196,179844,2,1.89,22910,43299.9
439197,179845,1,10.94,23830,260700.2
439198,179845,2,1.15,22910,26346.5
439199,179845,3,6.86,20790,142619.4
439200,179846,1,4.72,23830,112477.6
439201,179846,2,4.94,22910,113175.4
439202,179847,1,4.49,23830,106996.7
439203,179847,2,4.47,22910,102407.7
439204,179848,1,10.97,23830,261415.1
439205,179848,2,3.62,22910,82934.2
439206,179848,3,8.83,20790,183575.7
439207,179849,1,18.9,23830,450387.0
439208,179849,2,6.36,22910,145707.6
439209,179849,3,4.59,20790,95426.1
439210,179850,1,3.27,23830,77924.1
439211,179850,2,3.44,22910,78810.4
439212,179851,1,4.46,23830,106281.8
439213,179851,2,2.33,22910,53380.3
439214,179852,1,10.56,23830,251644.8
439215,179852,2,6.06,22910,138834.59999999998
439216,179852,3,6.56,20790,136382.4
439217,179853,1,1.83,23830,43608.9
439218,179853,2,3.65,22910,83621.5
439219,179854,1,4.4,23830,104852.0
439220,179854,2,7.52,22910,172283.19999999998
439221,179854,3,7.09,20790,147401.1
439222,179855,1,1.97,23830,46945.1
439223,179855,2,4.49,22910,102865.9
439224,179856,1,3.03,23830,72204.9
439225,179856,2,2.34,22910,53609.4
439226,179857,1,9.09,23830,216614.7
439227,179857,2,19.18,22910,439413.8
439228,179857,3,2.74,20790,56964.600000000006
439229,179858,1,1.89,23830,45038.7
439230,179858,2,4.92,22910,112717.2
439231,179859,1,4.2,23830,100086.0
439232,179859,2,1.43,22910,32761.3
439233,179860,1,19.58,23830,466591.4
439234,179860,2,12.4,22910,284084.0
439235,179860,3,14.26,20790,296465.4
439236,179861,1,4.36,23830,103898.8
439237,179861,2,4.2,22910,96222.0
439238,179862,1,4.22,23830,100562.6
439239,179862,2,4.88,22910,111800.8
439240,179863,1,13.57,23830,323373.10000000003
439241,179863,2,10.75,22910,246282.5
439242,179863,3,4.24,20790,88149.6
439243,179864,1,3.77,23830,89839.1
439244,179864,2,1.82,22910,41696.2
439245,179865,1,17.5,23830,417025.0
439246,179865,2,5.18,22910,118673.8
439247,179865,3,18.4,20790,382536.0
439248,179866,1,2.6,23830,61958.0
439249,179866,2,3.48,22910,79726.8
439250,179867,1,10.71,23830,255219.3
439251,179867,2,7.47,22910,171137.69999999998
439252,179867,3,16.11,20790,334926.9
439253,179868,1,13.96,23830,332666.80000000005
439254,179868,2,12.8,22910,293248.0
439255,179868,3,4.16,20790,86486.40000000001
439256,179869,1,7.65,23830,182299.5
439257,179869,2,16.92,22910,387637.2
439258,179869,3,6.13,20790,127442.7
439259,179870,1,13.02,23830,310266.6
439260,179870,2,1.96,22910,44903.6
439261,179870,3,9.29,20790,193139.1
439262,179871,1,4.4,23830,104852.0
439263,179871,2,3.06,22910,70104.6
439264,179872,1,3.64,23830,86741.2
439265,179872,2,9.96,22910,228183.6
439266,179872,3,17.02,20790,353845.8
439267,179873,1,3.46,23830,82451.8
439268,179873,2,3.79,22910,86828.9
439269,179874,1,17.02,23830,405586.6
439270,179874,2,9.35,22910,214208.5
439271,179874,3,12.04,20790,250311.6
439272,179875,1,4.26,23830,101515.8
439273,179875,2,1.78,22910,40779.8
439274,179876,1,2.48,23830,59098.4
439275,179876,2,3.89,22910,89119.90000000001
439276,179877,1,18.05,23830,430131.5
439277,179877,2,8.0,22910,183280.0
439278,179877,3,2.62,20790,54469.8
439279,179878,1,16.56,23830,394624.8
439280,179878,2,1.82,22910,41696.2
439281,179878,3,10.97,20790,228066.3
439282,179879,1,3.88,23830,92460.4
439283,179879,2,3.51,22910,80414.09999999999
439284,179880,1,3.23,23830,76970.9
439285,179880,2,3.7,22910,84767.0
439286,179881,1,13.74,23830,327424.2
439287,179881,2,7.82,22910,179156.2
439288,179881,3,11.25,20790,233887.5
439289,179882,1,3.77,23830,89839.1
439290,179882,2,5.32,22910,121881.2
439291,179882,3,5.73,20790,119126.7
439292,179883,1,3.88,23830,92460.4
439293,179883,2,3.65,22910,83621.5
439294,179884,1,3.06,23830,72919.8
439295,179884,2,3.43,22910,78581.3
439296,179885,1,4.65,23830,110809.5
439297,179885,2,2.33,22910,53380.3
439298,179886,1,5.74,23830,136784.2
439299,179886,2,10.95,22910,250864.5
439300,179886,3,14.85,20790,308731.5
439301,179887,1,12.28,23830,292632.4
439302,179887,2,1.97,22910,45132.7
439303,179887,3,18.46,20790,383783.4
439304,179888,1,13.92,23830,331713.6
439305,179888,2,18.02,22910,412838.2
439306,179888,3,10.51,20790,218502.9
439307,179889,1,2.97,23830,70775.1
439308,179889,2,2.07,22910,47423.7
439309,179890,1,13.19,23830,314317.7
439310,179890,2,12.55,22910,287520.5
439311,179890,3,19.25,20790,400207.5
439312,179891,1,19.93,23830,474931.9
439313,179891,2,17.8,22910,407798.0
439314,179891,3,12.9,20790,268191.0
439315,179892,1,1.0,23830,23830.0
439316,179892,2,3.82,22910,87516.2
439317,179893,1,15.55,23830,370556.5
439318,179893,2,1.15,22910,26346.5
439319,179893,3,2.73,20790,56756.7
439320,179894,1,3.65,23830,86979.5
439321,179894,2,1.54,22910,35281.4
439322,179895,1,3.54,23830,84358.2
439323,179895,2,1.45,22910,33219.5
439324,179896,1,1.79,23830,42655.7
439325,179896,2,3.28,22910,75144.79999999999
439326,179897,1,1.12,23830,26689.6
439327,179897,2,1.83,22910,41925.3
439328,179897,3,9.82,20790,204157.8
439329,179898,1,3.07,23830,73158.09999999999
439330,179898,2,1.5,22910,34365.0
439331,179899,1,15.53,23830,370079.9
439332,179899,2,5.42,22910,124172.2
439333,179899,3,10.78,20790,224116.2
439334,179900,1,8.97,23830,213755.1
439335,179900,2,5.95,22910,136314.5
439336,179900,3,5.06,20790,105197.4
439337,179901,1,14.23,23830,339100.9
439338,179901,2,5.39,22910,123484.9
439339,179901,3,12.46,20790,259043.4
439340,179902,1,4.16,23830,99132.8
439341,179902,2,2.43,22910,55671.3
439342,179903,1,4.19,23830,99847.7
439343,179903,2,2.72,22910,62315.2
439344,179904,1,7.92,23830,188733.6
439345,179904,2,4.17,22910,95534.7
439346,179904,3,10.11,20790,210186.9
439347,179905,1,3.67,23830,87456.09999999999
439348,179905,2,11.3,22910,258883.00000000003
439349,179905,3,8.55,20790,177754.50000000003
439350,179906,1,4.51,23830,107473.3
439351,179906,2,9.67,22910,221539.7
439352,179906,3,19.03,20790,395633.7
439353,179907,1,6.32,23830,150605.6
439354,179907,2,18.44,22910,422460.4
439355,179907,3,17.19,20790,357380.10000000003
439356,179908,1,3.24,23830,77209.20000000001
439357,179908,2,4.52,22910,103553.2
439358,179908,3,14.58,20790,303118.2
439359,179909,1,4.87,23830,116052.1
439360,179909,2,2.96,22910,67813.6
439361,179910,1,2.15,23830,51234.5
439362,179910,2,2.31,22910,52922.1
439363,179911,1,1.97,23830,46945.1
439364,179911,2,1.55,22910,35510.5
439365,179912,1,3.23,23830,76970.9
439366,179912,2,1.06,22910,24284.6
439367,179913,1,17.02,23830,405586.6
439368,179913,2,6.23,22910,142729.30000000002
439369,179913,3,8.33,20790,173180.7
439370,179914,1,3.21,23830,76494.3
439371,179914,2,10.27,22910,235285.7
439372,179914,3,12.85,20790,267151.5
439373,179915,1,3.27,23830,77924.1
439374,179915,2,1.81,22910,41467.1
439375,179916,1,2.83,23830,67438.90000000001
439376,179916,2,3.28,22910,75144.79999999999
439377,179916,3,15.01,20790,312057.9
439378,179917,1,2.16,23830,51472.8
439379,179917,2,2.03,22910,46507.3
439380,179918,1,3.25,23830,77447.5
439381,179918,2,4.99,22910,114320.9
439382,179919,1,2.37,23830,56477.100000000006
439383,179919,2,2.03,22910,46507.3
439384,179919,3,3.74,20790,77754.6
439385,179920,1,1.48,23830,35268.4
439386,179920,2,2.11,22910,48340.1
439387,179921,1,18.12,23830,431799.6
439388,179921,2,6.58,22910,150747.8
439389,179921,3,11.0,20790,228690.0
439390,179922,1,2.16,23830,51472.8
439391,179922,2,4.52,22910,103553.2
439392,179923,1,14.72,23830,350777.60000000003
439393,179923,2,18.46,22910,422918.6
439394,179923,3,18.81,20790,391059.9
439395,179924,1,1.43,23830,34076.9
439396,179924,2,4.44,22910,101720.4
439397,179925,1,17.78,23830,423697.4
439398,179925,2,17.61,22910,403445.1
439399,179925,3,3.25,20790,67567.5
439400,179926,1,1.46,23830,34791.8
439401,179926,2,5.57,22910,127608.7
439402,179926,3,5.36,20790,111434.4
439403,179927,1,5.1,23830,121533.0
439404,179927,2,18.86,22910,432082.6
439405,179927,3,13.04,20790,271101.6
439406,179928,1,1.84,23830,43847.2
439407,179928,2,7.45,22910,170679.5
439408,179928,3,8.86,20790,184199.4
439409,179929,1,17.9,23830,426557.0
439410,179929,2,14.64,22910,335402.4
439411,179929,3,17.95,20790,373180.5
439412,179930,1,3.89,23830,92698.7
439413,179930,2,5.0,22910,114550.0
439414,179931,1,1.61,23830,38366.3
439415,179931,2,2.23,22910,51089.3
439416,179932,1,17.94,23830,427510.2
439417,179932,2,8.26,22910,189236.6
439418,179932,3,9.87,20790,205197.3
439419,179933,1,4.22,23830,100562.6
439420,179933,2,5.69,22910,130357.9
439421,179933,3,6.98,20790,145114.2
439422,179934,1,17.55,23830,418216.5
439423,179934,2,9.58,22910,219477.8
439424,179934,3,14.53,20790,302078.7
439425,179935,1,3.14,23830,74826.2
439426,179935,2,2.01,22910,46049.1
439427,179936,1,4.6,23830,109618.0
439428,179936,2,4.08,22910,93472.8
439429,179937,1,4.68,23830,111524.4
439430,179937,2,4.35,22910,99658.5
439431,179938,1,18.92,23830,450863.6
439432,179938,2,15.02,22910,344108.2
439433,179938,3,10.28,20790,213721.2
439434,179939,1,4.99,23830,118911.7
439435,179939,2,1.3,22910,29783.0
439436,179940,1,3.25,23830,77447.5
439437,179940,2,3.03,22910,69417.29999999999
439438,179941,1,7.43,23830,177056.9
439439,179941,2,10.5,22910,240555.0
439440,179941,3,5.84,20790,121413.6
439441,179942,1,4.96,23830,118196.8
439442,179942,2,1.71,22910,39176.1
439443,179942,3,12.97,20790,269646.3
439444,179943,1,1.51,23830,35983.3
439445,179943,2,4.55,22910,104240.5
439446,179944,1,2.54,23830,60528.2
439447,179944,2,1.14,22910,26117.4
439448,179945,1,2.63,23830,62672.9
439449,179945,2,1.1,22910,25201.000000000004
439450,179946,1,9.9,23830,235917.0
439451,179946,2,9.07,22910,207793.7
439452,179946,3,18.06,20790,375467.4
439453,179947,1,19.57,23830,466353.1
439454,179947,2,4.57,22910,104698.7
439455,179947,3,13.32,20790,276922.8
439456,179948,1,4.18,23830,99609.4
439457,179948,2,4.69,22910,107447.9
439458,179949,1,2.46,23830,58621.8
439459,179949,2,2.1,22910,48111.0
439460,179950,1,1.83,23830,43608.9
439461,179950,2,4.62,22910,105844.2
439462,179951,1,13.16,23830,313602.8
439463,179951,2,5.09,22910,116611.9
439464,179951,3,12.05,20790,250519.50000000003
439465,179952,1,1.37,23830,32647.1
439466,179952,2,3.94,22910,90265.4
439467,179953,1,14.54,23830,346488.19999999995
439468,179953,2,10.66,22910,244220.6
439469,179953,3,15.08,20790,313513.2
439470,179954,1,1.75,23830,41702.5
439471,179954,2,4.57,22910,104698.7
439472,179955,1,9.85,23830,234725.5
439473,179955,2,12.5,22910,286375.0
439474,179955,3,5.29,20790,109979.1
439475,179956,1,12.32,23830,293585.60000000003
439476,179956,2,1.22,22910,27950.2
439477,179956,3,7.29,20790,151559.1
444132,181864,1,12.41,23830,295730.3
444133,181864,2,4.98,22910,114091.8
444134,181864,3,1.22,20790,25363.8
444135,181865,1,1.76,23830,41940.8
444136,181865,2,1.99,22910,45590.9
444137,181866,1,1.84,23830,43847.2
444138,181866,2,1.35,22910,30928.500000000004
444139,181867,1,1.97,23830,46945.1
444140,181867,2,2.22,22910,50860.2
444141,181868,1,2.66,23830,63387.8
444142,181868,2,1.12,22910,25659.2
444143,181868,3,5.9,20790,122661.0
444144,181869,1,4.29,23830,102230.7
444145,181869,2,4.77,22910,109280.7
444146,181870,1,1.43,23830,34076.9
444147,181870,2,1.15,22910,26346.5
444148,181871,1,17.64,23830,420361.2
444149,181871,2,1.95,22910,44674.5
444150,181871,3,17.24,20790,358419.6
444151,181872,1,1.85,23830,44085.5
444152,181872,2,4.2,22910,96222.0
444153,181873,1,19.95,23830,475408.5
444154,181873,2,1.68,22910,38488.8
444155,181873,3,7.15,20790,148648.5
444156,181874,1,4.69,23830,111762.7
444157,181874,2,3.09,22910,70791.9
444158,181875,1,9.71,23830,231389.3
444159,181875,2,9.37,22910,214666.7
444160,181875,3,19.53,20790,406028.7
444161,181876,1,1.38,23830,32885.399999999994
444162,181876,2,2.98,22910,68271.8
444163,181877,1,15.66,23830,373177.8
444164,181877,2,4.63,22910,106073.3
444165,181877,3,8.33,20790,173180.7
444166,181878,1,1.24,23830,29549.2
444167,181878,2,14.92,22910,341817.2
444168,181878,3,1.14,20790,23700.6
444169,181879,1,3.93,23830,93651.9
444170,181879,2,4.78,22910,109509.8
444171,181880,1,4.17,23830,99371.1
444172,181880,2,1.11,22910,25430.1
444173,181881,1,4.68,23830,111524.4
444174,181881,2,2.73,22910,62544.3
444175,181882,1,3.64,23830,86741.2
444176,181882,2,2.05,22910,46965.49999999999
444177,181883,1,2.26,23830,53855.8
444178,181883,2,3.67,22910,84079.7
444179,181883,3,8.5,20790,176715.0
444180,181884,1,10.79,23830,257125.7
444181,181884,2,10.87,22910,249031.7
444182,181884,3,19.7,20790,409563.0
444183,181885,1,7.6,23830,181108.0
444184,181885,2,15.11,22910,346170.1
444185,181885,3,13.86,20790,288149.4
444186,181886,1,4.74,23830,112954.2
444187,181886,2,2.6,22910,59566.0
444188,181887,1,6.79,23830,161805.7
444189,181887,2,14.27,22910,326925.7
444190,181887,3,2.01,20790,41787.9
444191,181888,1,2.36,23830,56238.8
444192,181888,2,2.38,22910,54525.8
444193,181889,1,18.8,23830,448004.0
444194,181889,2,2.12,22910,48569.2
444195,181889,3,7.68,20790,159667.19999999998
444196,181890,1,13.57,23830,323373.10000000003
444197,181890,2,6.19,22910,141812.90000000002
444198,181890,3,13.55,20790,281704.5
444199,181891,1,10.54,23830,251168.2
444200,181891,2,19.06,22910,436664.6
444201,181891,3,18.59,20790,386486.1
444202,181892,1,1.43,23830,34076.9
444203,181892,2,4.37,22910,100116.7
444204,181893,1,7.25,23830,172767.5
444205,181893,2,13.61,22910,311805.1
444206,181893,3,9.52,20790,197920.8
444207,181894,1,1.31,23830,31217.300000000003
444208,181894,2,2.64,22910,60482.4
444209,181895,1,14.04,23830,334573.19999999995
444210,181895,2,5.58,22910,127837.8
444211,181895,3,9.57,20790,198960.3
444212,181896,1,8.45,23830,201363.5
444213,181896,2,7.64,22910,175032.4
444214,181896,3,5.41,20790,112473.9
444215,181897,1,14.45,23830,344343.5
444216,181897,2,6.27,22910,143645.69999999998
444217,181897,3,1.83,20790,38045.7
444218,181898,1,4.14,23830,98656.2
444219,181898,2,3.12,22910,71479.2
444220,181899,1,10.54,23830,251168.2
444221,181899,2,12.22,22910,279960.2
444222,181899,3,17.55,20790,364864.5
444223,181900,1,2.4,23830,57192.0
444224,181900,2,4.49,22910,102865.9
444225,181901,1,4.27,23830,101754.1
444226,181901,2,1.22,22910,27950.2
444227,181902,1,1.29,23830,30740.7
444228,181902,2,1.66,22910,38030.6
444229,181903,1,15.62,23830,372224.6
444230,181903,2,1.05,22910,24055.5
444231,181903,3,13.61,20790,282951.9
444232,181904,1,12.85,23830,306215.5
444233,181904,2,19.06,22910,436664.6
444234,181904,3,16.35,20790,339916.50000000006
444235,181905,1,3.13,23830,74587.9
444236,181905,2,3.83,22910,87745.3
444237,181906,1,12.21,23830,290964.30000000005
444238,181906,2,12.94,22910,296455.4
444239,181906,3,1.61,20790,33471.9
444240,181907,1,13.44,23830,320275.2
444241,181907,2,13.71,22910,314096.10000000003
444242,181907,3,1.46,20790,30353.4
444243,181908,1,4.06,23830,96749.8
444244,181908,2,3.96,22910,90723.6
444245,181909,1,2.8,23830,66724.0
444246,181909,2,1.27,22910,29095.7
444247,181910,1,4.71,23830,112239.3
444248,181910,2,1.51,22910,34594.1
444249,181911,1,3.43,23830,81736.90000000001
444250,181911,2,4.44,22910,101720.4
444251,181912,1,11.49,23830,273806.7
444252,181912,2,15.4,22910,352814.0
444253,181912,3,6.32,20790,131392.80000000002
444254,181913,1,6.14,23830,146316.19999999998
444255,181913,2,9.88,22910,226350.8
444256,181913,3,12.98,20790,269854.2
444257,181914,1,4.68,23830,111524.4
444258,181914,2,4.07,22910,93243.7
444259,181914,3,3.82,20790,79417.8
444260,181915,1,15.21,23830,362454.3000000001
444261,181915,2,7.14,22910,163577.4
444262,181915,3,10.64,20790,221205.6
444263,181916,1,15.43,23830,367696.9
444264,181916,2,8.77,22910,200920.7
444265,181916,3,11.75,20790,244282.5
444266,181917,1,7.16,23830,170622.80000000002
444267,181917,2,11.82,22910,270796.2
444268,181917,3,7.9,20790,164241.0
444269,181918,1,18.46,23830,439901.8000000001
444270,181918,2,5.63,22910,128983.3
444271,181918,3,4.63,20790,96257.7
444272,181919,1,4.56,23830,108664.8
444273,181919,2,3.53,22910,80872.29999999999
444274,181920,1,1.5,23830,35745.0
444275,181920,2,4.08,22910,93472.8
444276,181921,1,6.54,23830,155848.2
444277,181921,2,17.01,22910,389699.1
444278,181921,3,4.58,20790,95218.2
444279,181922,1,3.11,23830,74111.3
444280,181922,2,14.9,22910,341359.0
444281,181922,3,14.61,20790,303741.9
444282,181923,1,8.51,23830,202793.3
444283,181923,2,10.68,22910,244678.8
444284,181923,3,18.07,20790,375675.3
444285,181924,1,2.77,23830,66009.1
444286,181924,2,1.34,22910,30699.4
444287,181925,1,2.27,23830,54094.1
444288,181925,2,4.62,22910,105844.2
444289,181926,1,4.63,23830,110332.9
444290,181926,2,2.97,22910,68042.70000000001
444291,181927,1,1.6,23830,38128.0
444292,181927,2,2.02,22910,46278.2
444293,181928,1,14.87,23830,354352.1
444294,181928,2,2.88,22910,65980.8
444295,181928,3,15.67,20790,325779.3
444296,181929,1,16.75,23830,399152.5
444297,181929,2,2.91,22910,66668.1
444298,181929,3,4.75,20790,98752.5
444299,181930,1,1.79,23830,42655.7
444300,181930,2,3.66,22910,83850.6
444301,181931,1,1.37,23830,32647.1
444302,181931,2,3.72,22910,85225.20000000001
444303,181932,1,2.77,23830,66009.1
444304,181932,2,3.76,22910,86141.59999999999
444305,181932,3,19.35,20790,402286.50000000006
444306,181933,1,3.41,23830,81260.3
444307,181933,2,10.61,22910,243075.1
444308,181933,3,16.63,20790,345737.69999999995
444309,181934,1,11.34,23830,270232.2
444310,181934,2,10.87,22910,249031.7
444311,181934,3,4.56,20790,94802.4
444312,181935,1,17.14,23830,408446.2
444313,181935,2,14.41,22910,330133.1
444314,181935,3,7.68,20790,159667.19999999998
444315,181936,1,1.61,23830,38366.3
444316,181936,2,1.97,22910,45132.7
444317,181937,1,13.25,23830,315747.5
444318,181937,2,14.95,22910,342504.5
444319,181937,3,18.33,20790,381080.7
444320,181938,1,4.67,23830,111286.1
444321,181938,2,1.4,22910,32074.0
444322,181939,1,2.71,23830,64579.3
444323,181939,2,2.01,22910,46049.1
444324,181940,1,6.47,23830,154180.1
444325,181940,2,9.63,22910,220623.3
444326,181940,3,11.7,20790,243243.0
444327,181941,1,19.72,23830,469927.6
444328,181941,2,10.94,22910,250635.4
444329,181941,3,4.83,20790,100415.7
444330,181942,1,17.99,23830,428701.7
444331,181942,2,10.67,22910,244449.7
444332,181942,3,7.35,20790,152806.5
444333,181943,1,8.49,23830,202316.7
444334,181943,2,9.75,22910,223372.5
444335,181943,3,6.35,20790,132016.5
444336,181944,1,15.16,23830,361262.8
444337,181944,2,13.95,22910,319594.5
444338,181944,3,11.71,20790,243450.9
444339,181945,1,3.5,23830,83405.0
444340,181945,2,2.99,22910,68500.90000000001
444341,181946,1,2.22,23830,52902.600000000006
444342,181946,2,1.26,22910,28866.6
444343,181947,1,11.15,23830,265704.5
444344,181947,2,3.0,22910,68730.0
444345,181947,3,8.76,20790,182120.4
444346,181948,1,1.86,23830,44323.8
444347,181948,2,4.1,22910,93931.0
444348,181949,1,1.42,23830,33838.6
444349,181949,2,4.52,22910,103553.2
444350,181950,1,12.66,23830,301687.8
444351,181950,2,11.6,22910,265756.0
444352,181950,3,12.82,20790,266527.8
444353,181951,1,7.27,23830,173244.09999999998
444354,181951,2,8.61,22910,197255.1
444355,181951,3,7.36,20790,153014.4
444356,181952,1,3.41,23830,81260.3
444357,181952,2,1.49,22910,34135.9
444358,181953,1,7.08,23830,168716.4
444359,181953,2,1.78,22910,40779.8
444360,181953,3,3.95,20790,82120.5
444361,181954,1,4.54,23830,108188.2
444362,181954,2,2.2,22910,50402.00000000001
444363,181955,1,1.4,23830,33362.0
444364,181955,2,16.7,22910,382597.0
444365,181955,3,8.69,20790,180665.1
444366,181956,1,13.66,23830,325517.8
444367,181956,2,9.32,22910,213521.2
444368,181956,3,18.38,20790,382120.2
444369,181957,1,3.14,23830,74826.2
444370,181957,2,1.51,22910,34594.1
444371,181958,1,2.8,23830,66724.0
444372,181958,2,4.8,22910,109968.0
444373,181959,1,13.24,23830,315509.2
444374,181959,2,6.73,22910,154184.30000000002
444375,181959,3,12.18,20790,253222.2
444376,181960,1,3.1,23830,73873.0
444377,181960,2,17.66,22910,404590.6
444378,181960,3,18.8,20790,390852.0
444379,181961,1,1.95,23830,46468.5
444380,181961,2,1.76,22910,40321.6
444381,181962,1,8.49,23830,202316.7
444382,181962,2,13.64,22910,312492.4
444383,181962,3,5.82,20790,120997.8
448969,183843,1,15.94,23830,379850.2
448970,183843,2,7.37,22910,168846.7
448971,183843,3,15.71,20790,326610.9
448972,183844,1,13.55,23830,322896.5
448973,183844,2,7.71,22910,176636.1
448974,183844,3,12.49,20790,259667.1
448975,183845,1,12.64,23830,301211.2
448976,183845,2,10.62,22910,243304.2
448977,183845,3,14.85,20790,308731.5
448978,183846,1,2.48,23830,59098.4
448979,183846,2,1.39,22910,31844.9
448980,183847,1,4.59,23830,109379.7
448981,183847,2,2.35,22910,53838.5
448982,183848,1,6.69,23830,159422.7
448983,183848,2,16.4,22910,375724.0
448984,183848,3,10.1,20790,209979.0
448985,183849,1,4.16,23830,99132.8
448986,183849,2,1.66,22910,38030.6
448987,183850,1,19.94,23830,475170.2
448988,183850,2,7.01,22910,160599.1
448989,183850,3,16.18,20790,336382.2
448990,183851,1,10.85,23830,258555.5
448991,183851,2,8.24,22910,188778.4
448992,183851,3,14.47,20790,300831.3
448993,183852,1,11.56,23830,275474.8
448994,183852,2,11.65,22910,266901.5
448995,183852,3,19.92,20790,414136.8000000001
448996,183853,1,18.21,23830,433944.3000000001
448997,183853,2,4.39,22910,100574.9
448998,183853,3,10.62,20790,220789.8
448999,183854,1,2.29,23830,54570.7
449000,183854,2,2.46,22910,56358.6
449001,183855,1,3.98,23830,94843.4
449002,183855,2,2.58,22910,59107.8
449003,183856,1,16.98,23830,404633.4
449004,183856,2,9.8,22910,224518.00000000003
449005,183856,3,18.38,20790,382120.2
449006,183857,1,4.42,23830,105328.6
449007,183857,2,4.33,22910,99200.3
449008,183858,1,3.97,23830,94605.1
449009,183858,2,4.84,22910,110884.4
449010,183859,1,1.63,23830,38842.9
449011,183859,2,3.67,22910,84079.7
449012,183860,1,1.89,23830,45038.7
449013,183860,2,1.66,22910,38030.6
449014,183861,1,14.78,23830,352207.4
449015,183861,2,13.14,22910,301037.4
449016,183861,3,11.44,20790,237837.6
449017,183862,1,5.88,23830,140120.4
449018,183862,2,9.25,22910,211917.5
449019,183862,3,14.57,20790,302910.3
449020,183863,1,2.51,23830,59813.3
449021,183863,2,1.22,22910,27950.2
449022,183864,1,10.15,23830,241874.5
449023,183864,2,17.88,22910,409630.8
449024,183864,3,12.58,20790,261538.2
449025,183865,1,3.74,23830,89124.20000000001
449026,183865,2,1.42,22910,32532.2
449027,183866,1,3.12,23830,74349.6
449028,183866,2,3.91,22910,89578.1
449029,183867,1,3.64,23830,86741.2
449030,183867,2,1.78,22910,40779.8
449031,183868,1,8.54,23830,203508.2
449032,183868,2,11.73,22910,268734.3
449033,183868,3,8.22,20790,170893.80000000002
449034,183869,1,2.34,23830,55762.2
449035,183869,2,5.53,22910,126692.3
449036,183869,3,18.66,20790,387941.4
449037,183870,1,4.75,23830,113192.5
449038,183870,2,4.64,22910,106302.4
449039,183871,1,11.07,23830,263798.10000000003
449040,183871,2,7.5,22910,171825.0
449041,183871,3,18.06,20790,375467.4
449042,183872,1,17.7,23830,421791.0
449043,183872,2,10.82,22910,247886.2
449044,183872,3,3.55,20790,73804.5
449045,183873,1,13.24,23830,315509.2
449046,183873,2,19.62,22910,449494.2
449047,183873,3,2.3,20790,47816.99999999999
449048,183874,1,1.91,23830,45515.3
449049,183874,2,3.71,22910,84996.1
449050,183875,1,14.92,23830,355543.6
449051,183875,2,4.3,22910,98513.0
449052,183875,3,17.13,20790,356132.69999999995
449053,183876,1,3.04,23830,72443.2
449054,183876,2,1.9,22910,43529.0
449055,183877,1,14.55,23830,346726.5
449056,183877,2,16.37,22910,375036.7
449057,183877,3,9.71,20790,201870.9
449058,183878,1,10.23,23830,243780.9
449059,183878,2,6.52,22910,149373.19999999998
449060,183878,3,14.13,20790,293762.7
449061,183879,1,3.85,23830,91745.5
449062,183879,2,1.87,22910,42841.7
449063,183880,1,3.31,23830,78877.3
449064,183880,2,2.85,22910,65293.5
449065,183881,1,2.79,23830,66485.7
449066,183881,2,1.25,22910,28637.5
449067,183882,1,3.61,23830,86026.3
449068,183882,2,18.13,22910,415358.3
449069,183882,3,15.99,20790,332432.1
449070,183883,1,2.5,23830,59575.0
449071,183883,2,2.21,22910,50631.1
449072,183884,1,3.41,23830,81260.3
449073,183884,2,4.27,22910,97825.7
449074,183885,1,1.49,23830,35506.7
449075,183885,2,4.44,22910,101720.4
449076,183886,1,2.75,23830,65532.5
449077,183886,2,2.72,22910,62315.2
449078,183887,1,1.99,23830,47421.7
449079,183887,2,14.71,22910,337006.10000000003
449080,183887,3,9.22,20790,191683.8
449081,183888,1,2.65,23830,63149.5
449082,183888,2,2.35,22910,53838.5
449083,183889,1,16.96,23830,404156.8000000001
449084,183889,2,5.46,22910,125088.6
449085,183889,3,5.6,20790,116424.0
449086,183890,1,9.11,23830,217091.3
449087,183890,2,4.14,22910,94847.4
449088,183890,3,17.88,20790,371725.2
449089,183891,1,4.62,23830,110094.6
449090,183891,2,3.27,22910,74915.7
449091,183892,1,2.67,23830,63626.1
449092,183892,2,4.78,22910,109509.8
449093,183893,1,16.6,23830,395578.00000000006
449094,183893,2,9.02,22910,206648.2
449095,183893,3,3.06,20790,63617.4
449096,183894,1,4.45,23830,106043.5
449097,183894,2,4.24,22910,97138.4
449098,183895,1,15.75,23830,375322.5
449099,183895,2,2.05,22910,46965.49999999999
449100,183895,3,11.17,20790,232224.3
449101,183896,1,16.07,23830,382948.1
449102,183896,2,1.8,22910,41238.0
449103,183896,3,15.07,20790,313305.3
449104,183897,1,15.57,23830,371033.1
449105,183897,2,5.61,22910,128525.1
449106,183897,3,6.18,20790,128482.2
449107,183898,1,2.0,23830,47660.0
449108,183898,2,2.7,22910,61857.00000000001
449109,183899,1,3.97,23830,94605.1
449110,183899,2,3.8,22910,87058.0
449111,183899,3,2.65,20790,55093.5
449112,183900,1,2.1,23830,50043.0
449113,183900,2,3.64,22910,83392.40000000001
449114,183901,1,2.01,23830,47898.3
449115,183901,2,1.04,22910,23826.4
449116,183902,1,18.03,23830,429654.9
449117,183902,2,3.88,22910,88890.8
449118,183902,3,17.94,20790,372972.6
449119,183903,1,4.85,23830,115575.5
449120,183903,2,1.19,22910,27262.9
451329,184815,1,1.32,23830,31455.6
451330,184815,2,3.26,22910,74686.59999999999
451331,184816,1,8.57,23830,204223.1
451332,184816,2,9.64,22910,220852.4
451333,184816,3,8.47,20790,176091.30000000002
451334,184817,1,4.91,23830,117005.3
451335,184817,2,1.59,22910,36426.9
451336,184818,1,6.63,23830,157992.9
451337,184818,2,2.84,22910,65064.4
451338,184818,3,4.38,20790,91060.2
451339,184819,1,3.47,23830,82690.1
451340,184819,2,3.87,22910,88661.7
451341,184820,1,4.92,23830,117243.6
451342,184820,2,2.33,22910,53380.3
451343,184821,1,3.58,23830,85311.40000000001
451344,184821,2,1.32,22910,30241.2
451345,184822,1,4.77,23830,113669.1
451346,184822,2,15.99,22910,366330.9
451347,184822,3,7.23,20790,150311.7
451348,184823,1,5.87,23830,139882.1
451349,184823,2,1.26,22910,28866.6
451350,184823,3,8.11,20790,168606.9
451351,184824,1,1.12,23830,26689.6
451352,184824,2,2.11,22910,48340.1
451353,184825,1,14.53,23830,346249.9
451354,184825,2,9.12,22910,208939.2
451355,184825,3,13.97,20790,290436.3
451356,184826,1,9.56,23830,227814.8
451357,184826,2,19.58,22910,448577.8
451358,184826,3,9.09,20790,188981.1
451359,184827,1,2.66,23830,63387.8
451360,184827,2,3.24,22910,74228.40000000001
451361,184828,1,17.02,23830,405586.6
451362,184828,2,2.17,22910,49714.7
451363,184828,3,19.79,20790,411434.1
451364,184829,1,1.47,23830,35030.1
451365,184829,2,16.7,22910,382597.0
451366,184829,3,14.23,20790,295841.7
451367,184830,1,1.01,23830,24068.3
451368,184830,2,4.02,22910,92098.2
451369,184831,1,4.75,23830,113192.5
451370,184831,2,1.74,22910,39863.4
451371,184832,1,2.48,23830,59098.4
451372,184832,2,3.63,22910,83163.3
451373,184833,1,16.61,23830,395816.3
451374,184833,2,8.44,22910,193360.4
451375,184833,3,4.48,20790,93139.2
451376,184834,1,8.99,23830,214231.7
451377,184834,2,7.99,22910,183050.9
451378,184834,3,16.48,20790,342619.2
451379,184835,1,15.24,23830,363169.2
451380,184835,2,2.84,22910,65064.4
451381,184835,3,12.39,20790,257588.1
451382,184836,1,1.7,23830,40511.0
451383,184836,2,3.57,22910,81788.7
451384,184837,1,3.42,23830,81498.59999999999
451385,184837,2,3.67,22910,84079.7
451386,184838,1,2.8,23830,66724.0
451387,184838,2,3.95,22910,90494.5
451388,184838,3,3.39,20790,70478.1
451389,184839,1,19.53,23830,465399.9
451390,184839,2,11.33,22910,259570.3
451391,184839,3,3.74,20790,77754.6
451392,184840,1,3.58,23830,85311.40000000001
451393,184840,2,2.9,22910,66439.0
451394,184841,1,4.66,23830,111047.8
451395,184841,2,4.71,22910,107906.1
451396,184841,3,6.42,20790,133471.8
451397,184842,1,12.15,23830,289534.5
451398,184842,2,19.54,22910,447661.4
451399,184842,3,1.93,20790,40124.7
451400,184843,1,2.41,23830,57430.3
451401,184843,2,3.39,22910,77664.90000000001
451402,184844,1,1.07,23830,25498.1
451403,184844,2,3.32,22910,76061.2
451404,184845,1,12.98,23830,309313.4
451405,184845,2,19.8,22910,453618.0
451406,184845,3,6.03,20790,125363.7
451407,184846,1,18.74,23830,446574.2
451408,184846,2,18.99,22910,435060.9
451409,184846,3,10.04,20790,208731.6
451410,184847,1,2.43,23830,57906.9
451411,184847,2,3.17,22910,72624.7
451412,184848,1,16.41,23830,391050.3
451413,184848,2,8.8,22910,201608.00000000003
451414,184848,3,6.55,20790,136174.5
451415,184849,1,9.41,23830,224240.3
451416,184849,2,7.56,22910,173199.59999999998
451417,184849,3,5.72,20790,118918.8
451418,184850,1,7.75,23830,184682.5
451419,184850,2,6.7,22910,153497.0
451420,184850,3,18.73,20790,389396.7
451421,184851,1,11.47,23830,273330.10000000003
451422,184851,2,17.15,22910,392906.5
451423,184851,3,10.72,20790,222868.8
451424,184852,1,14.8,23830,352684.0
451425,184852,2,12.44,22910,285000.4
451426,184852,3,11.12,20790,231184.8
451427,184853,1,1.12,23830,26689.6
451428,184853,2,1.96,22910,44903.6
451429,184854,1,19.87,23830,473502.1
451430,184854,2,15.45,22910,353959.5
451431,184854,3,14.38,20790,298960.2
451432,184855,1,6.16,23830,146792.80000000002
451433,184855,2,16.39,22910,375494.9
451434,184855,3,12.51,20790,260082.9
451435,184856,1,3.37,23830,80307.1
451436,184856,2,9.24,22910,211688.4
451437,184856,3,8.53,20790,177338.69999999998
451438,184857,1,3.55,23830,84596.5
451439,184857,2,4.42,22910,101262.2
451440,184857,3,14.17,20790,294594.3
451441,184858,1,2.12,23830,50519.600000000006
451442,184858,2,1.14,22910,26117.4
451443,184859,1,1.85,23830,44085.5
451444,184859,2,4.56,22910,104469.6
451445,184860,1,13.89,23830,330998.7
451446,184860,2,16.91,22910,387408.1
451447,184860,3,2.74,20790,56964.600000000006
451448,184861,1,2.87,23830,68392.1
451449,184861,2,4.94,22910,113175.4
451450,184862,1,13.24,23830,315509.2
451451,184862,2,8.07,22910,184883.7
451452,184862,3,14.36,20790,298544.4
451453,184863,1,15.38,23830,366505.4
451454,184863,2,2.3,22910,52692.99999999999
451455,184863,3,2.5,20790,51975.0
451456,184864,1,2.25,23830,53617.5
451457,184864,2,1.22,22910,27950.2
451458,184865,1,1.25,23830,29787.5
451459,184865,2,1.24,22910,28408.4
451460,184866,1,3.7,23830,88171.0
451461,184866,2,19.38,22910,443995.8
451462,184866,3,5.17,20790,107484.3
451463,184867,1,2.99,23830,71251.70000000001
451464,184867,2,3.76,22910,86141.59999999999
451465,184867,3,4.01,20790,83367.9
451466,184868,1,2.38,23830,56715.4
451467,184868,2,1.11,22910,25430.1
453476,185691,1,3.92,23830,93413.6
453477,185691,2,16.67,22910,381909.7
453478,185691,3,13.26,20790,275675.4
453479,185692,1,13.7,23830,326471.0
453480,185692,2,2.89,22910,66209.90000000001
453481,185692,3,18.93,20790,393554.7
453482,185693,1,10.45,23830,249023.5
453483,185693,2,14.9,22910,341359.0
453484,185693,3,17.67,20790,367359.3000000001
453485,185694,1,11.46,23830,273091.80000000005
453486,185694,2,2.64,22910,60482.4
453487,185694,3,2.61,20790,54261.9
453488,185695,1,1.55,23830,36936.5
453489,185695,2,2.54,22910,58191.4
453490,185696,1,3.8,23830,90554.0
453491,185696,2,3.44,22910,78810.4
453492,185697,1,3.59,23830,85549.7
453493,185697,2,1.84,22910,42154.4
453494,185698,1,2.33,23830,55523.9
453495,185698,2,2.74,22910,62773.4
453496,185699,1,10.31,23830,245687.3
453497,185699,2,8.74,22910,200233.4
453498,185699,3,4.19,20790,87110.1
453499,185700,1,3.25,23830,77447.5
453500,185700,2,5.37,22910,123026.7
453501,185700,3,15.42,20790,320581.8
453502,185701,1,5.0,23830,119150.0
453503,185701,2,18.69,22910,428187.9
453504,185701,3,5.81,20790,120789.9
453505,185702,1,1.72,23830,40987.6
453506,185702,2,12.89,22910,295309.9
453507,185702,3,4.54,20790,94386.6
453508,185703,1,14.85,23830,353875.5
453509,185703,2,2.82,22910,64606.2
453510,185703,3,12.64,20790,262785.60000000003
453511,185704,1,3.74,23830,89124.20000000001
453512,185704,2,2.98,22910,68271.8
453513,185705,1,9.87,23830,235202.1
453514,185705,2,14.65,22910,335631.5
453515,185705,3,13.5,20790,280665.0
453516,185706,1,8.25,23830,196597.5
453517,185706,2,17.55,22910,402070.5
453518,185706,3,16.47,20790,342411.3
453519,185707,1,11.49,23830,273806.7
453520,185707,2,14.62,22910,334944.19999999995
453521,185707,3,3.79,20790,78794.1
453522,185708,1,2.8,23830,66724.0
453523,185708,2,3.75,22910,85912.5
453524,185709,1,4.59,23830,109379.7
453525,185709,2,17.39,22910,398404.9
453526,185709,3,7.6,20790,158004.0
453527,185710,1,12.3,23830,293109.0
453528,185710,2,16.23,22910,371829.3
453529,185710,3,10.63,20790,220997.7
453530,185711,1,4.31,23830,102707.3
453531,185711,2,1.8,22910,41238.0
453532,185712,1,12.72,23830,303117.60000000003
453533,185712,2,17.92,22910,410547.2
453534,185712,3,1.08,20790,22453.2
453535,185713,1,4.25,23830,101277.5
453536,185713,2,3.42,22910,78352.2
453537,185714,1,1.18,23830,28119.4
453538,185714,2,1.97,22910,45132.7
453539,185715,1,1.23,23830,29310.9
453540,185715,2,4.33,22910,99200.3
453541,185716,1,4.97,23830,118435.1
453542,185716,2,3.19,22910,73082.9
453543,185717,1,1.25,23830,29787.5
453544,185717,2,2.26,22910,51776.6
453545,185718,1,3.15,23830,75064.5
453546,185718,2,2.25,22910,51547.5
453547,185719,1,4.32,23830,102945.6
453548,185719,2,17.56,22910,402299.6
453549,185719,3,19.5,20790,405405.0
453550,185720,1,15.51,23830,369603.3
453551,185720,2,7.59,22910,173886.9
453552,185720,3,13.97,20790,290436.3
453553,185721,1,2.23,23830,53140.9
453554,185721,2,18.98,22910,434831.8
453555,185721,3,8.55,20790,177754.50000000003
453556,185722,1,2.63,23830,62672.9
453557,185722,2,2.01,22910,46049.1
453558,185723,1,1.28,23830,30502.4
453559,185723,2,2.75,22910,63002.5
453560,185724,1,3.15,23830,75064.5
453561,185724,2,2.99,22910,68500.90000000001
453562,185725,1,3.82,23830,91030.6
453563,185725,2,1.81,22910,41467.1
453564,185726,1,3.54,23830,84358.2
453565,185726,2,3.86,22910,88432.59999999999
453566,185727,1,8.84,23830,210657.2
453567,185727,2,2.25,22910,51547.5
453568,185727,3,16.67,20790,346569.30000000005
453569,185728,1,18.9,23830,450387.0
453570,185728,2,6.53,22910,149602.30000000002
453571,185728,3,5.3,20790,110187.0
453572,185729,1,16.31,23830,388667.3
453573,185729,2,14.02,22910,321198.2
453574,185729,3,1.09,20790,22661.1
453575,185730,1,3.19,23830,76017.7
453576,185730,2,17.78,22910,407339.8000000001
453577,185730,3,10.29,20790,213929.1
453578,185731,1,1.77,23830,42179.1
453579,185731,2,4.84,22910,110884.4
453580,185732,1,3.13,23830,74587.9
453581,185732,2,3.1,22910,71021.0
453582,185733,1,4.21,23830,100324.3
453583,185733,2,4.75,22910,108822.5
453584,185734,1,10.44,23830,248785.2
453585,185734,2,13.78,22910,315699.8
453586,185734,3,11.74,20790,244074.6
453587,185735,1,2.17,23830,51711.1
453588,185735,2,3.41,22910,78123.1
453589,185736,1,3.17,23830,75541.09999999999
453590,185736,2,4.7,22910,107677.0
453591,185737,1,4.67,23830,111286.1
453592,185737,2,1.05,22910,24055.5
453593,185738,1,1.03,23830,24544.9
453594,185738,2,2.85,22910,65293.5
453595,185739,1,3.29,23830,78400.7
453596,185739,2,19.88,22910,455450.8
453597,185739,3,9.92,20790,206236.8
455763,186624,1,18.55,23830,442046.5
455764,186624,2,11.02,22910,252468.2
455765,186624,3,12.11,20790,251766.9
455766,186625,1,3.27,23830,77924.1
455767,186625,2,1.15,22910,26346.5
455768,186626,1,2.66,23830,63387.8
455769,186626,2,3.4,22910,77894.0
455770,186627,1,11.13,23830,265227.9
455771,186627,2,19.81,22910,453847.1
455772,186627,3,19.09,20790,396881.1
455773,186628,1,2.63,23830,62672.9
455774,186628,2,1.36,22910,31157.6
455775,186629,1,2.7,23830,64341.00000000001
455776,186629,2,1.58,22910,36197.8
455777,186630,1,19.44,23830,463255.2
455778,186630,2,10.61,22910,243075.1
455779,186630,3,7.39,20790,153638.1
455780,186631,1,9.76,23830,232580.8
455781,186631,2,12.14,22910,278127.4
455782,186631,3,1.42,20790,29521.8
455783,186632,1,5.57,23830,132733.1
455784,186632,2,15.91,22910,364498.1
455785,186632,3,3.92,20790,81496.8
455786,186633,1,9.51,23830,226623.3
455787,186633,2,6.46,22910,147998.6
455788,186633,3,19.89,20790,413513.1
455789,186634,1,4.85,23830,115575.5
455790,186634,2,4.36,22910,99887.6
455791,186635,1,3.73,23830,88885.9
455792,186635,2,4.08,22910,93472.8
455793,186636,1,2.06,23830,49089.8
455794,186636,2,3.55,22910,81330.5
455795,186637,1,3.73,23830,88885.9
455796,186637,2,2.31,22910,52922.1
455797,186638,1,4.15,23830,98894.5
455798,186638,2,19.16,22910,438955.6
455799,186638,3,4.8,20790,99792.0
455800,186639,1,4.11,23830,97941.3
455801,186639,2,2.11,22910,48340.1
455802,186640,1,4.54,23830,108188.2
455803,186640,2,3.15,22910,72166.5
455804,186641,1,18.19,23830,433467.7
455805,186641,2,3.12,22910,71479.2
455806,186641,3,5.83,20790,121205.7
455807,186642,1,4.06,23830,96749.8
455808,186642,2,1.25,22910,28637.5
455809,186643,1,17.09,23830,407254.7
455810,186643,2,7.49,22910,171595.9
455811,186643,3,10.4,20790,216216.0
455812,186644,1,3.41,23830,81260.3
455813,186644,2,4.12,22910,94389.2
455814,186645,1,2.11,23830,50281.3
455815,186645,2,2.88,22910,65980.8
455816,186646,1,3.64,23830,86741.2
455817,186646,2,16.85,22910,386033.50000000006
455818,186646,3,16.41,20790,341163.9
455819,186647,1,4.42,23830,105328.6
455820,186647,2,3.39,22910,77664.90000000001
455821,186648,1,12.96,23830,308836.80000000005
455822,186648,2,16.75,22910,383742.5
455823,186648,3,16.65,20790,346153.49999999994
455824,186649,1,1.46,23830,34791.8
455825,186649,2,2.31,22910,52922.1
455826,186650,1,2.76,23830,65770.79999999999
455827,186650,2,2.37,22910,54296.7
455828,186651,1,2.32,23830,55285.6
455829,186651,2,4.3,22910,98513.0
455830,186652,1,1.3,23830,30979.0
455831,186652,2,2.2,22910,50402.00000000001
455832,186653,1,4.72,23830,112477.6
455833,186653,2,1.4,22910,32074.0
455834,186653,3,13.1,20790,272349.0
455835,186654,1,2.56,23830,61004.8
455836,186654,2,3.81,22910,87287.1
455837,186655,1,12.05,23830,287151.5
455838,186655,2,10.04,22910,230016.4
455839,186655,3,6.02,20790,125155.8
455840,186656,1,11.48,23830,273568.4
455841,186656,2,19.05,22910,436435.5
455842,186656,3,10.7,20790,222453.0
455843,186657,1,15.0,23830,357450.0
455844,186657,2,6.59,22910,150976.9
455845,186657,3,1.78,20790,37006.2
455846,186658,1,9.61,23830,229006.3
455847,186658,2,12.46,22910,285458.60000000003
455848,186658,3,7.15,20790,148648.5
455849,186659,1,3.59,23830,85549.7
455850,186659,2,7.54,22910,172741.4
455851,186659,3,5.75,20790,119542.5
455852,186660,1,1.16,23830,27642.8
455853,186660,2,5.67,22910,129899.7
455854,186660,3,17.79,20790,369854.1
455855,186661,1,14.31,23830,341007.3
455856,186661,2,10.8,22910,247428.00000000003
455857,186661,3,13.97,20790,290436.3
455858,186662,1,1.08,23830,25736.4
455859,186662,2,4.84,22910,110884.4
455860,186663,1,3.57,23830,85073.09999999999
455861,186663,2,2.2,22910,50402.00000000001
455862,186664,1,4.08,23830,97226.4
455863,186664,2,1.34,22910,30699.4
455864,186665,1,3.68,23830,87694.40000000001
455865,186665,2,2.52,22910,57733.2
455866,186666,1,1.55,23830,36936.5
455867,186666,2,2.55,22910,58420.49999999999
455868,186667,1,14.77,23830,351969.1
455869,186667,2,2.57,22910,58878.7
455870,186667,3,1.27,20790,26403.3
455871,186668,1,11.01,23830,262368.3
455872,186668,2,6.15,22910,140896.5
455873,186668,3,1.35,20790,28066.500000000004
455874,186669,1,3.91,23830,93175.3
455875,186669,2,2.28,22910,52234.8
455876,186670,1,6.04,23830,143933.2
455877,186670,2,7.85,22910,179843.5
455878,186670,3,10.41,20790,216423.9
455879,186671,1,4.02,23830,95796.6
455880,186671,2,2.3,22910,52692.99999999999
455881,186671,3,15.99,20790,332432.1
455882,186672,1,2.3,23830,54808.99999999999
455883,186672,2,3.97,22910,90952.7
455884,186673,1,2.36,23830,56238.8
455885,186673,2,3.64,22910,83392.40000000001
455886,186674,1,1.03,23830,24544.9
455887,186674,2,1.86,22910,42612.600000000006
455888,186675,1,10.21,23830,243304.3
455889,186675,2,10.0,22910,229100.0
455890,186675,3,7.93,20790,164864.69999999998
458135,187584,1,3.07,23830,73158.09999999999
458136,187584,2,13.3,22910,304703.0
458137,187584,3,18.19,20790,378170.1
458138,187585,1,5.35,23830,127490.5
458139,187585,2,1.87,22910,42841.7
458140,187585,3,6.38,20790,132640.2
458141,187586,1,18.96,23830,451816.8000000001
458142,187586,2,17.49,22910,400695.9
458143,187586,3,2.98,20790,61954.2
458144,187587,1,4.48,23830,106758.4
458145,187587,2,7.94,22910,181905.4
458146,187587,3,9.49,20790,197297.1
458147,187588,1,7.78,23830,185397.4
458148,187588,2,18.35,22910,420398.50000000006
458149,187588,3,8.63,20790,179417.7
458150,187589,1,8.63,23830,205652.9
458151,187589,2,4.05,22910,92785.5
458152,187589,3,19.8,20790,411642.0
458153,187590,1,1.69,23830,40272.7
458154,187590,2,3.49,22910,79955.90000000001
458155,187591,1,2.68,23830,63864.4
458156,187591,2,4.57,22910,104698.7
458157,187592,1,14.73,23830,351015.9
458158,187592,2,4.41,22910,101033.1
458159,187592,3,1.14,20790,23700.6
458160,187593,1,9.5,23830,226385.0
458161,187593,2,6.44,22910,147540.40000000002
458162,187593,3,10.54,20790,219126.6
458163,187594,1,4.86,23830,115813.8
458164,187594,2,3.71,22910,84996.1
